target,country_id,country,year,item,raw_n,sum_weight,sum_weight_sq,kish_n_eff
pooled_equal_year,8,Albania,2008,A008,1508,1507.1659304958862,2290.0808030148332,991.907857162548
pooled_equal_year,8,Albania,2008,A165,1373,1365.0831225170464,2119.233101486864,879.3048438482216
pooled_equal_year,8,Albania,2008,E018,1317,1295.4433092180248,1733.7053142102477,967.9692123238387
pooled_equal_year,8,Albania,2008,E025,1315,1296.21172020606,1737.3753327202016,967.0707255690834
pooled_equal_year,8,Albania,2008,F063,1465,1461.1156421522223,2238.938837263867,953.5137290087127
pooled_equal_year,8,Albania,2008,F118,1414,1389.5748012860836,1828.449745072256,1056.0411264094946
pooled_equal_year,8,Albania,2008,F120,1471,1444.536701063659,1892.0448554962431,1102.8735786354205
pooled_equal_year,8,Albania,2008,G006,1460,1463.7153559759413,2245.5195593676867,954.1055362363757
pooled_equal_year,8,Albania,2008,Y002,1511,1511.6599800572835,2296.4345809423976,995.071191781581
pooled_equal_year,8,Albania,2018,A008,1430,1450.0977042616496,1745.312040992807,1204.8179938693113
pooled_equal_year,8,Albania,2018,A165,1430,1447.4004153484275,1739.2244492131465,1204.5414628908873
pooled_equal_year,8,Albania,2018,E018,1414,1436.7048505970115,1732.8363154122658,1191.1804994910317
pooled_equal_year,8,Albania,2018,E025,1345,1367.3460720153837,1646.0407549060978,1135.8377823169733
pooled_equal_year,8,Albania,2018,F063,1415,1436.5861343852116,1731.2972649880844,1192.0423853508769
pooled_equal_year,8,Albania,2018,F118,1391,1412.731187236319,1704.96726775445,1170.58517493931
pooled_equal_year,8,Albania,2018,F120,1426,1447.5677889465253,1743.753873872787,1201.6905223795377
pooled_equal_year,8,Albania,2018,G006,1423,1446.4599586635877,1743.335988199532,1200.1395176714504
pooled_equal_year,8,Albania,2018,Y002,1432,1451.679527806133,1746.573968647498,1206.5755526422577
pooled_equal_year,12,Algeria,2014,A008,1134,1134.0,1134.0,1134.0
pooled_equal_year,12,Algeria,2014,A165,1149,1149.0,1149.0,1149.0
pooled_equal_year,12,Algeria,2014,E018,1076,1076.0,1076.0,1076.0
pooled_equal_year,12,Algeria,2014,E025,838,838.0,838.0,838.0
pooled_equal_year,12,Algeria,2014,F063,1175,1175.0,1175.0,1175.0
pooled_equal_year,12,Algeria,2014,F118,1052,1052.0,1052.0,1052.0
pooled_equal_year,12,Algeria,2014,F120,1116,1116.0,1116.0,1116.0
pooled_equal_year,12,Algeria,2014,G006,1168,1168.0,1168.0,1168.0
pooled_equal_year,12,Algeria,2014,Y002,1090,1090.0,1090.0,1090.0
pooled_equal_year,20,Andorra,2005,A008,997,997.440425,1205.9902341608552,824.9547742950316
pooled_equal_year,20,Andorra,2005,A165,994,994.975527,1203.971808105403,822.2587046176578
pooled_equal_year,20,Andorra,2005,E018,996,996.510462,1205.12031541348,824.0115847144616
pooled_equal_year,20,Andorra,2005,E025,998,995.508505,1192.7231766737011,830.9029311320726
pooled_equal_year,20,Andorra,2005,F063,995,995.712496,1204.487847456326,823.1244315036554
pooled_equal_year,20,Andorra,2005,F118,996,996.557461,1205.1874087275169,824.0434358033561
pooled_equal_year,20,Andorra,2005,F120,997,997.052441,1205.1139309613432,824.912520354847
pooled_equal_year,20,Andorra,2005,G006,951,945.281601,1121.7601711999212,796.567152347106
pooled_equal_year,20,Andorra,2005,Y002,992,992.994611,1201.9886971218452,820.3390762626174
pooled_equal_year,20,Andorra,2018,A008,1004,1004.0,1004.0,1004.0
pooled_equal_year,20,Andorra,2018,A165,1001,1001.0,1001.0,1001.0
pooled_equal_year,20,Andorra,2018,E018,999,999.0,999.0,999.0
pooled_equal_year,20,Andorra,2018,E025,1000,1000.0,1000.0,1000.0
pooled_equal_year,20,Andorra,2018,F063,996,996.0,996.0,996.0
pooled_equal_year,20,Andorra,2018,F118,999,999.0,999.0,999.0
pooled_equal_year,20,Andorra,2018,F120,999,999.0,999.0,999.0
pooled_equal_year,20,Andorra,2018,G006,477,477.0,477.0,477.0
pooled_equal_year,20,Andorra,2018,Y002,996,996.0,996.0,996.0
pooled_equal_year,31,Azerbaijan,2011,A008,1002,1002.000152,1306.002547936364,768.7613674218836
pooled_equal_year,31,Azerbaijan,2011,A165,973,970.066682,1260.931010313032,746.2972675189218
pooled_equal_year,31,Azerbaijan,2011,E018,988,985.722403,1282.758859365217,757.4678971672994
pooled_equal_year,31,Azerbaijan,2011,E025,1002,1002.000152,1306.002547936364,768.7613674218836
pooled_equal_year,31,Azerbaijan,2011,F063,1002,1002.000152,1306.002547936364,768.7613674218836
pooled_equal_year,31,Azerbaijan,2011,F118,1002,1002.000152,1306.002547936364,768.7613674218836
pooled_equal_year,31,Azerbaijan,2011,F120,1002,1002.000152,1306.002547936364,768.7613674218836
pooled_equal_year,31,Azerbaijan,2011,G006,1002,1002.000152,1306.002547936364,768.7613674218836
pooled_equal_year,31,Azerbaijan,2011,Y002,1000,1000.612088,1304.851897965924,767.3089583672174
pooled_equal_year,31,Azerbaijan,2018,A008,1712,1721.3038011427034,2014.1198461476683,1471.0578327775886
pooled_equal_year,31,Azerbaijan,2018,A165,1693,1693.1021479416577,1954.2823675420905,1466.8273791826634
pooled_equal_year,31,Azerbaijan,2018,E018,1627,1632.048939343903,1902.5998002035217,1399.9705771695312
pooled_equal_year,31,Azerbaijan,2018,E025,1600,1610.2538305819428,1880.6507178082284,1378.7341659729834
pooled_equal_year,31,Azerbaijan,2018,F063,1743,1760.24445219074,2068.590136582938,1497.8610197699977
pooled_equal_year,31,Azerbaijan,2018,F118,1689,1693.8284583839477,1962.269376018753,1462.1105957696616
pooled_equal_year,31,Azerbaijan,2018,F120,1669,1669.8516989762618,1945.8889606128664,1432.9721546370702
pooled_equal_year,31,Azerbaijan,2018,G006,1766,1783.802342797075,2094.6917067009867,1519.054468965132
pooled_equal_year,31,Azerbaijan,2018,Y002,1756,1760.852124384161,2045.5720107884565,1515.7619421831553
pooled_equal_year,32,Argentina,2006,A008,992,990.372096,1116.790776339588,878.2637798552032
pooled_equal_year,32,Argentina,2006,A165,983,988.812342,1120.6042039578178,872.520238848158
pooled_equal_year,32,Argentina,2006,E018,992,996.27346,1127.129728658066,880.6091986253358
pooled_equal_year,32,Argentina,2006,E025,915,912.156303,1028.458098413655,809.0063390876019
pooled_equal_year,32,Argentina,2006,F063,993,994.537529,1123.7475809327348,880.1842276434066
pooled_equal_year,32,Argentina,2006,F118,849,857.3834109999999,978.3025710872564,751.4099780408626
pooled_equal_year,32,Argentina,2006,F120,920,926.598924,1051.757068567068,816.3344859927677
pooled_equal_year,32,Argentina,2006,G006,954,968.3359,1104.061210670774,849.2956786871666
pooled_equal_year,32,Argentina,2006,Y002,948,946.171153,1065.101169491135,840.5209537015729
pooled_equal_year,32,Argentina,2013,A008,1019,1020.034839,1229.6227788378148,846.1709482620055
pooled_equal_year,32,Argentina,2013,A165,996,996.312299,1201.159396403775,826.4000599009474
pooled_equal_year,32,Argentina,2013,E018,967,969.475414,1169.4100187272718,803.7237267501722
pooled_equal_year,32,Argentina,2013,E025,968,959.826221,1150.4685368288388,800.7749408415178
pooled_equal_year,32,Argentina,2013,F063,1014,1011.860081,1216.8152924690269,841.4266568295848
pooled_equal_year,32,Argentina,2013,F118,921,932.228391,1132.853798053969,767.1332121402722
pooled_equal_year,32,Argentina,2013,F120,946,949.230566,1148.1575629262718,784.7691784847302
pooled_equal_year,32,Argentina,2013,G006,989,1000.167943,1212.410677471301,825.0800927382384
pooled_equal_year,32,Argentina,2013,Y002,981,980.255012,1181.16780966277,813.5168268981718
pooled_equal_year,32,Argentina,2017,A008,983,984.944925,1329.821196034055,729.5089807384993
pooled_equal_year,32,Argentina,2017,A165,952,956.952711,1295.143046325873,707.0713105306161
pooled_equal_year,32,Argentina,2017,E018,944,949.652655,1289.739033991917,699.2423594075707
pooled_equal_year,32,Argentina,2017,E025,954,939.141529,1247.130546847007,707.2129006239925
pooled_equal_year,32,Argentina,2017,F063,995,997.776973,1345.977636904539,739.6548505357158
pooled_equal_year,32,Argentina,2017,F118,897,888.959178,1195.350150988992,661.1020373374371
pooled_equal_year,32,Argentina,2017,F120,952,950.324479,1285.119201043543,702.7492972272707
pooled_equal_year,32,Argentina,2017,G006,982,988.840676,1335.2736448591,732.2887606422549
pooled_equal_year,32,Argentina,2017,Y002,961,951.608577,1276.612077824177,709.3453834177841
pooled_equal_year,36,Australia,2005,A008,1413,1412.9416190000002,1502.9340564296613,1328.3377338889754
pooled_equal_year,36,Australia,2005,A165,1403,1403.8024850000002,1493.8953699775852,1319.1428640158003
pooled_equal_year,36,Australia,2005,E018,1382,1382.488214,1471.6006919282358,1298.7719238868874
pooled_equal_year,36,Australia,2005,E025,1410,1410.560523,1500.680802476457,1325.8522303761183
pooled_equal_year,36,Australia,2005,F063,1396,1395.535199,1484.453421292261,1311.943146018416
pooled_equal_year,36,Australia,2005,F118,1381,1379.176504,1467.0894165207762,1296.5316277017291
pooled_equal_year,36,Australia,2005,F120,1386,1384.8727239999998,1473.3111202870862,1301.743016305658
pooled_equal_year,36,Australia,2005,G006,1409,1408.462702,1497.8997685986983,1324.365771670408
pooled_equal_year,36,Australia,2005,Y002,1379,1378.704852,1466.5878782451682,1296.0880811334391
pooled_equal_year,36,Australia,2012,A008,1464,1466.8085999999998,2170.610614020282,991.2083978291354
pooled_equal_year,36,Australia,2012,A165,1466,1466.623322,2171.147491774592,990.7129648185274
pooled_equal_year,36,Australia,2012,E018,1438,1436.402162,2122.90215082175,971.9012108964204
pooled_equal_year,36,Australia,2012,E025,1448,1454.326908,2160.0125477303377,979.1918836560814
pooled_equal_year,36,Australia,2012,F063,1463,1463.2828559999998,2166.5863681424657,988.2812650110424
pooled_equal_year,36,Australia,2012,F118,1446,1448.800945,2151.1090306905808,975.7869769897404
pooled_equal_year,36,Australia,2012,F120,1460,1462.052902,2165.9833873288917,986.8952369402635
pooled_equal_year,36,Australia,2012,G006,1469,1470.091848,2174.81004105005,993.7281881007827
pooled_equal_year,36,Australia,2012,Y002,1443,1446.014968,2142.2264564776697,976.068277635818
pooled_equal_year,36,Australia,2018,A008,1805,1808.371022,3239.498652486536,1009.4789669689222
pooled_equal_year,36,Australia,2018,A165,1792,1798.304702,3226.546332355674,1002.279052622271
pooled_equal_year,36,Australia,2018,E018,1772,1779.0154080000002,3202.204666882302,988.3490129888484
pooled_equal_year,36,Australia,2018,E025,1798,1798.448023,3217.907541353021,1005.129964073687
pooled_equal_year,36,Australia,2018,F063,1798,1801.447398,3230.53196081073,1004.5443806556724
pooled_equal_year,36,Australia,2018,F118,1759,1750.837158,3111.4119518024117,985.221758262432
pooled_equal_year,36,Australia,2018,F120,1773,1768.229987,3146.434988110153,993.7078944078156
pooled_equal_year,36,Australia,2018,G006,1720,1687.535083,2945.1023960026487,966.9526805659004
pooled_equal_year,36,Australia,2018,Y002,1779,1784.1783220000002,3203.0625329876657,993.8277045517158
pooled_equal_year,40,Austria,2008,A008,1497,1496.9720808405136,1552.5509280436092,1443.3828677296908
pooled_equal_year,40,Austria,2008,A165,1452,1452.200634519738,1506.4723465416912,1399.8840985968056
pooled_equal_year,40,Austria,2008,E018,1436,1439.565858508127,1496.93076229454,1384.3992742895337
pooled_equal_year,40,Austria,2008,E025,1457,1458.9724310803576,1515.2029938327782,1404.8286357117947
pooled_equal_year,40,Austria,2008,F063,1484,1482.3894836749248,1535.7273215303892,1430.9041393625594
pooled_equal_year,40,Austria,2008,F118,1430,1429.319011720473,1480.6042459016962,1379.81019770845
pooled_equal_year,40,Austria,2008,F120,1456,1456.6444926501078,1511.6027184753164,1403.6844152463982
pooled_equal_year,40,Austria,2008,G006,1416,1421.2323554683376,1479.6768053347237,1365.0963514111104
pooled_equal_year,40,Austria,2008,Y002,1484,1482.384863769861,1535.521662101611,1431.0868668087703
pooled_equal_year,40,Austria,2018,A008,1639,1646.6458207303865,2129.872815521743,1273.0536955863447
pooled_equal_year,40,Austria,2018,A165,1595,1605.8606783714426,2083.1747266956,1237.9127325676368
pooled_equal_year,40,Austria,2018,E018,1595,1598.2169139219764,2063.0996011740745,1238.0872462447664
pooled_equal_year,40,Austria,2018,E025,1627,1634.5251097997009,2114.6031042933446,1263.439143327343
pooled_equal_year,40,Austria,2018,F063,1623,1629.9827069873584,2109.887697751833,1259.2346160929828
pooled_equal_year,40,Austria,2018,F118,1576,1582.714098334804,2050.655182129355,1221.5529645830711
pooled_equal_year,40,Austria,2018,F120,1581,1590.674912248397,2063.2029896408276,1226.3682677664806
pooled_equal_year,40,Austria,2018,G006,1491,1476.9109851398866,1887.2775483804155,1155.7738605531251
pooled_equal_year,40,Austria,2018,Y002,1614,1621.5577449803643,2097.876954111507,1253.3859601024258
pooled_equal_year,50,Bangladesh,2018,A008,1200,1200.0,1200.0,1200.0
pooled_equal_year,50,Bangladesh,2018,A165,1199,1199.0,1199.0,1199.0
pooled_equal_year,50,Bangladesh,2018,E018,1123,1123.0,1123.0,1123.0
pooled_equal_year,50,Bangladesh,2018,E025,1075,1075.0,1075.0,1075.0
pooled_equal_year,50,Bangladesh,2018,F063,1200,1200.0,1200.0,1200.0
pooled_equal_year,50,Bangladesh,2018,F118,1200,1200.0,1200.0,1200.0
pooled_equal_year,50,Bangladesh,2018,F120,1200,1200.0,1200.0,1200.0
pooled_equal_year,50,Bangladesh,2018,G006,1199,1199.0,1199.0,1199.0
pooled_equal_year,50,Bangladesh,2018,Y002,1200,1200.0,1200.0,1200.0
pooled_equal_year,51,Armenia,2008,A008,1467,1468.544177758189,1509.9921129011582,1428.2339514237217
pooled_equal_year,51,Armenia,2008,A165,1452,1452.3200486556864,1492.267191838878,1413.442267753744
pooled_equal_year,51,Armenia,2008,E018,1378,1377.5039377994192,1414.463273965137,1341.5103336926056
pooled_equal_year,51,Armenia,2008,E025,1423,1419.6089523188252,1454.764001818023,1385.3034409603476
pooled_equal_year,51,Armenia,2008,F063,1440,1438.9187007883029,1476.5515969128764,1402.2449549390626
pooled_equal_year,51,Armenia,2008,F118,1457,1456.908620266974,1496.5184467007484,1418.3471860889538
pooled_equal_year,51,Armenia,2008,F120,1440,1438.4158709728545,1475.594193639885,1402.1742744614917
pooled_equal_year,51,Armenia,2008,G006,1432,1432.3973837124367,1471.817472363083,1394.033094043936
pooled_equal_year,51,Armenia,2008,Y002,1460,1458.7333826173206,1497.0179724648644,1421.4278790912197
pooled_equal_year,51,Armenia,2011,A008,1092,1090.205911,1276.425052154515,931.1544977694956
pooled_equal_year,51,Armenia,2011,A165,1085,1086.9846229999998,1277.3209684577469,925.0107058565336
pooled_equal_year,51,Armenia,2011,E018,1037,1044.577667,1234.229816208675,884.0675278344435
pooled_equal_year,51,Armenia,2011,E025,1089,1088.865375,1277.229895643187,928.2806555955474
pooled_equal_year,51,Armenia,2011,F063,1068,1061.614478,1229.21429804357,916.8664094560218
pooled_equal_year,51,Armenia,2011,F118,1093,1092.316755,1279.713581400259,932.361671076572
pooled_equal_year,51,Armenia,2011,F120,1035,1029.191514,1194.903565918242,886.460801274475
pooled_equal_year,51,Armenia,2011,G006,1068,1063.185107,1242.1149205092831,910.0305882189534
pooled_equal_year,51,Armenia,2011,Y002,1045,1044.217523,1225.7638474952032,889.5597937305967
pooled_equal_year,51,Armenia,2018,A008,1485,1484.1385107099593,2672.40751587691,824.2257611858288
pooled_equal_year,51,Armenia,2018,A165,1483,1493.3826587543406,2691.0415783190692,828.7466769135723
pooled_equal_year,51,Armenia,2018,E018,1427,1426.8175458861722,2579.751864643896,789.1488856544186
pooled_equal_year,51,Armenia,2018,E025,1475,1473.9504790478768,2658.8702824336924,817.0876289222074
pooled_equal_year,51,Armenia,2018,F063,1494,1495.70897330059,2695.7121725850966,829.8902811521449
pooled_equal_year,51,Armenia,2018,F118,1486,1483.9838891545542,2679.545126836278,821.8589644991011
pooled_equal_year,51,Armenia,2018,F120,1470,1469.9678932785146,2663.6710989482517,811.2133694444734
pooled_equal_year,51,Armenia,2018,G006,1486,1484.9922619845124,2669.5894061110994,826.0453885177374
pooled_equal_year,51,Armenia,2018,Y002,1439,1431.398547021456,2579.9985082725725,794.1484438248647
pooled_equal_year,51,Armenia,2021,A008,1213,1213.9307990000002,1446.537697935955,1018.7276742690348
pooled_equal_year,51,Armenia,2021,A165,1221,1221.270098,1454.970063600918,1025.1074503743407
pooled_equal_year,51,Armenia,2021,E018,1170,1163.998531,1375.054513870895,985.3373568121458
pooled_equal_year,51,Armenia,2021,E025,1164,1161.7100329999998,1377.684095806399,979.5933660560388
pooled_equal_year,51,Armenia,2021,F063,1211,1211.8708390000002,1445.324281794255,1016.1255497592388
pooled_equal_year,51,Armenia,2021,F118,1212,1214.291954,1449.462149491322,1017.2773052863814
pooled_equal_year,51,Armenia,2021,F120,1194,1189.078361,1406.678555533911,1005.1389089825084
pooled_equal_year,51,Armenia,2021,G006,1205,1208.3889880000002,1444.34139972631,1010.9825465062212
pooled_equal_year,51,Armenia,2021,Y002,1156,1151.675757,1365.578156089113,971.2787535061958
pooled_equal_year,56,Belgium,2009,A008,1508,1505.0073323094755,1638.9751915415427,1381.9898446265609
pooled_equal_year,56,Belgium,2009,A165,1498,1495.5482495879778,1630.4696925048156,1371.7915623500976
pooled_equal_year,56,Belgium,2009,E018,1506,1504.660344141323,1641.103661085664,1379.5610874048905
pooled_equal_year,56,Belgium,2009,E025,1503,1500.4445175706935,1634.5393563415437,1377.3505921245785
pooled_equal_year,56,Belgium,2009,F063,1506,1504.457725711506,1640.7502549977448,1379.486635189429
pooled_equal_year,56,Belgium,2009,F118,1490,1491.1770008334192,1629.1862360243558,1364.8586015805922
pooled_equal_year,56,Belgium,2009,F120,1506,1503.8291318287677,1639.369951561078,1379.494637914625
pooled_equal_year,56,Belgium,2009,G006,1410,1402.4467356397267,1519.828919474638,1294.1304255392197
pooled_equal_year,56,Belgium,2009,Y002,1497,1497.206107778501,1634.7090168139462,1371.2692021104683
pooled_equal_year,68,Bolivia,2017,A008,2061,2061.0,2061.0,2061.0
pooled_equal_year,68,Bolivia,2017,A165,2047,2047.0,2047.0,2047.0
pooled_equal_year,68,Bolivia,2017,E018,2050,2050.0,2050.0,2050.0
pooled_equal_year,68,Bolivia,2017,E025,1997,1997.0,1997.0,1997.0
pooled_equal_year,68,Bolivia,2017,F063,2065,2065.0,2065.0,2065.0
pooled_equal_year,68,Bolivia,2017,F118,1880,1880.0,1880.0,1880.0
pooled_equal_year,68,Bolivia,2017,F120,2036,2036.0,2036.0,2036.0
pooled_equal_year,68,Bolivia,2017,G006,2059,2059.0,2059.0,2059.0
pooled_equal_year,68,Bolivia,2017,Y002,2000,2000.0,2000.0,2000.0
pooled_equal_year,70,Bosnia Herzegovina,2008,A008,1503,1503.1851316902885,1605.15640432712,1407.6918199643962
pooled_equal_year,70,Bosnia Herzegovina,2008,A165,1463,1460.3961941068917,1556.7106463149369,1370.0407643582191
pooled_equal_year,70,Bosnia Herzegovina,2008,E018,1385,1387.770253531981,1483.324368915261,1298.3716285849289
pooled_equal_year,70,Bosnia Herzegovina,2008,E025,1413,1408.961622111895,1499.4003270707308,1323.9778708481876
pooled_equal_year,70,Bosnia Herzegovina,2008,F063,1439,1438.5861871760255,1534.8189317108895,1348.3872104878933
pooled_equal_year,70,Bosnia Herzegovina,2008,F118,1482,1483.4157453245048,1585.3406829298729,1388.0437795930804
pooled_equal_year,70,Bosnia Herzegovina,2008,F120,1471,1472.2175390281664,1572.9987067228851,1377.8933656834754
pooled_equal_year,70,Bosnia Herzegovina,2008,G006,1420,1417.4216010955456,1509.918761969042,1330.590787965487
pooled_equal_year,70,Bosnia Herzegovina,2008,Y002,1472,1471.0405834552505,1570.0737981953523,1378.2539398209349
pooled_equal_year,70,Bosnia Herzegovina,2019,A008,1722,1732.845992240987,2117.1421224348283,1418.305932797898
pooled_equal_year,70,Bosnia Herzegovina,2019,A165,1706,1717.948437426827,2100.7361907177,1404.9107387677136
pooled_equal_year,70,Bosnia Herzegovina,2019,E018,1661,1670.1357428364772,2040.3200186617785,1367.1156357763205
pooled_equal_year,70,Bosnia Herzegovina,2019,E025,1670,1680.5059917346327,2055.885898873837,1373.6659168696926
pooled_equal_year,70,Bosnia Herzegovina,2019,F063,1689,1695.3190735569844,2064.783929954901,1391.9649022204896
pooled_equal_year,70,Bosnia Herzegovina,2019,F118,1695,1710.1974303541551,2095.440213870691,1395.7808156155022
pooled_equal_year,70,Bosnia Herzegovina,2019,F120,1649,1665.8209709414227,2048.507180223252,1354.6252285656142
pooled_equal_year,70,Bosnia Herzegovina,2019,G006,1669,1684.461229316816,2063.75013936243,1374.8804077358418
pooled_equal_year,70,Bosnia Herzegovina,2019,Y002,1709,1718.4982018441497,2098.145319785169,1407.5460083212731
pooled_equal_year,76,Brazil,2006,A008,1496,1496.413008,1519.2199422411838,1473.94845752763
pooled_equal_year,76,Brazil,2006,A165,1478,1477.293444,1498.6649056119118,1456.2267465616662
pooled_equal_year,76,Brazil,2006,E018,1492,1492.329636,1514.989892021688,1470.0083176871856
pooled_equal_year,76,Brazil,2006,E025,1494,1494.371322,1517.1049171314362,1471.978386464195
pooled_equal_year,76,Brazil,2006,F063,1498,1497.958434,1520.321760256572,1475.9240633463348
pooled_equal_year,76,Brazil,2006,F118,1445,1446.21099,1469.08632854646,1423.6918463914733
pooled_equal_year,76,Brazil,2006,F120,1480,1479.33513,1500.77993072166,1458.1967562691184
pooled_equal_year,76,Brazil,2006,G006,1490,1490.53608,1513.38147045912,1468.0355542530604
pooled_equal_year,76,Brazil,2006,Y002,1431,1428.941628,1448.201910212064,1409.9374968593252
pooled_equal_year,76,Brazil,2014,A008,1485,1484.7315390000003,1549.001613343382,1423.1281129160664
pooled_equal_year,76,Brazil,2014,A165,1475,1475.0594400000002,1539.2575729666787,1413.5388318016192
pooled_equal_year,76,Brazil,2014,E018,1459,1461.2197650000005,1527.112834107344,1398.1699020129977
pooled_equal_year,76,Brazil,2014,E025,1445,1443.8909280000005,1505.4916021742151,1384.8107880175655
pooled_equal_year,76,Brazil,2014,F063,1482,1482.2173080000002,1546.894494169595,1420.2443388449356
pooled_equal_year,76,Brazil,2014,F118,1403,1403.9568210000002,1466.017464484016,1344.5233791441765
pooled_equal_year,76,Brazil,2014,F120,1468,1468.3320150000002,1532.527421696234,1406.8256631177635
pooled_equal_year,76,Brazil,2014,G006,1473,1473.3832860000002,1537.8528268508207,1411.6164236012048
pooled_equal_year,76,Brazil,2014,Y002,1375,1377.047121,1439.096859402236,1317.6727897537392
pooled_equal_year,76,Brazil,2018,A008,1745,1744.153416,1764.186647935352,1724.3476715486083
pooled_equal_year,76,Brazil,2018,A165,1730,1729.350364,1749.4556480685078,1709.476136059106
pooled_equal_year,76,Brazil,2018,E018,1690,1690.174361,1710.709489520551,1669.8857334230272
pooled_equal_year,76,Brazil,2018,E025,1659,1659.5829049999998,1680.166774495443,1639.2512102825829
pooled_equal_year,76,Brazil,2018,F063,1745,1744.7287299999998,1765.3309157097478,1724.36698082951
pooled_equal_year,76,Brazil,2018,F118,1506,1505.9544339999998,1524.375576547792,1487.7558996453502
pooled_equal_year,76,Brazil,2018,F120,1677,1678.11708,1699.4383565069538,1657.063301769842
pooled_equal_year,76,Brazil,2018,G006,1724,1723.991832,1744.565869757604,1703.6604282621192
pooled_equal_year,76,Brazil,2018,Y002,1561,1562.234986,1582.3032432627,1542.42125324218
pooled_equal_year,100,Bulgaria,2006,A008,973,973.420239,997.914047721285,949.527631020447
pooled_equal_year,100,Bulgaria,2006,A165,883,883.421155,906.0516746884388,861.3558794755265
pooled_equal_year,100,Bulgaria,2006,E018,854,858.4483170000001,884.1129205150048,833.5287222483541
pooled_equal_year,100,Bulgaria,2006,E025,854,855.8388,878.6611467792419,833.6092409119188
pooled_equal_year,100,Bulgaria,2006,F063,956,958.341186,984.108233718752,933.248800605362
pooled_equal_year,100,Bulgaria,2006,F118,888,893.5166320000001,920.2177304699218,867.590294367534
pooled_equal_year,100,Bulgaria,2006,F120,931,932.63346,956.964554059898,908.9209908783404
pooled_equal_year,100,Bulgaria,2006,G006,908,901.98787,917.00554529067,887.2161371382434
pooled_equal_year,100,Bulgaria,2006,Y002,949,950.39521,975.406342056414,926.0254073052798
pooled_equal_year,100,Bulgaria,2008,A008,1480,1480.321557257938,1568.6668038607004,1396.9517984885983
pooled_equal_year,100,Bulgaria,2008,A165,1445,1443.0967848824173,1527.2213957188246,1363.606047149291
pooled_equal_year,100,Bulgaria,2008,E018,1194,1193.2839477182447,1263.5290437556614,1126.944083255592
pooled_equal_year,100,Bulgaria,2008,E025,1324,1323.4444192996834,1401.8830729453691,1249.394592728442
pooled_equal_year,100,Bulgaria,2008,F063,1360,1354.5334058718358,1430.008063238949,1283.0422392633557
pooled_equal_year,100,Bulgaria,2008,F118,1313,1310.1698162239625,1384.4953376877895,1239.834400750738
pooled_equal_year,100,Bulgaria,2008,F120,1395,1390.859005643573,1468.2278009177105,1317.567187033704
pooled_equal_year,100,Bulgaria,2008,G006,1428,1428.9796161353925,1513.0360408159718,1349.5929298744422
pooled_equal_year,100,Bulgaria,2008,Y002,1474,1474.1772468698505,1562.1590656052697,1391.1506216217176
pooled_equal_year,100,Bulgaria,2017,A008,1539,1545.516578554632,2231.8227770143044,1070.255899880489
pooled_equal_year,100,Bulgaria,2017,A165,1518,1525.2216299918707,2198.5268663727993,1058.118077234628
pooled_equal_year,100,Bulgaria,2017,E018,1283,1294.5860349008235,1886.1489702114256,888.5581299404856
pooled_equal_year,100,Bulgaria,2017,E025,1342,1348.6653558938556,1942.297848043484,936.4672076533026
pooled_equal_year,100,Bulgaria,2017,F063,1470,1481.7640974354986,2153.3887952814302,1019.6137572833836
pooled_equal_year,100,Bulgaria,2017,F118,1443,1458.596364166559,2114.5739552431723,1006.1144223802974
pooled_equal_year,100,Bulgaria,2017,F120,1424,1417.3844481218712,2030.8699046095296,989.2207616144684
pooled_equal_year,100,Bulgaria,2017,G006,1498,1507.0658020084736,2185.525308848838,1039.2226172753667
pooled_equal_year,100,Bulgaria,2017,Y002,1499,1504.4850229878043,2170.801784928516,1042.69086201675
pooled_equal_year,104,Myanmar,2020,A008,1200,1200.0,1200.0,1200.0
pooled_equal_year,104,Myanmar,2020,A165,1200,1200.0,1200.0,1200.0
pooled_equal_year,104,Myanmar,2020,E018,1200,1200.0,1200.0,1200.0
pooled_equal_year,104,Myanmar,2020,E025,1153,1153.0,1153.0,1153.0
pooled_equal_year,104,Myanmar,2020,F063,1200,1200.0,1200.0,1200.0
pooled_equal_year,104,Myanmar,2020,F118,1199,1199.0,1199.0,1199.0
pooled_equal_year,104,Myanmar,2020,F120,1199,1199.0,1199.0,1199.0
pooled_equal_year,104,Myanmar,2020,G006,1200,1200.0,1200.0,1200.0
pooled_equal_year,104,Myanmar,2020,Y002,1200,1200.0,1200.0,1200.0
pooled_equal_year,112,Belarus,2008,A008,1386,1384.5988753202569,1490.6264886256172,1286.11295999827
pooled_equal_year,112,Belarus,2008,A165,1367,1365.286183013623,1466.099745011249,1271.404873966202
pooled_equal_year,112,Belarus,2008,E018,1303,1301.2048441171637,1398.558301677906,1210.6281478023848
pooled_equal_year,112,Belarus,2008,E025,1391,1394.4745915984624,1505.6563454248671,1291.502800438158
pooled_equal_year,112,Belarus,2008,F063,1427,1425.127728776337,1532.232632060455,1325.5095870109808
pooled_equal_year,112,Belarus,2008,F118,1421,1422.2765347695702,1531.9843760274662,1320.4250467629242
pooled_equal_year,112,Belarus,2008,F120,1443,1447.1099742806537,1563.4370862180922,1339.4381495248942
pooled_equal_year,112,Belarus,2008,G006,1371,1369.8442053115027,1472.6751021360196,1274.1935706686422
pooled_equal_year,112,Belarus,2008,Y002,1464,1462.8381587025958,1572.1701934630264,1361.1093044849322
pooled_equal_year,112,Belarus,2011,A008,1451,1449.997477,1465.5563045104489,1434.6038271171556
pooled_equal_year,112,Belarus,2011,A165,1419,1420.5752710000002,1438.611954115353,1402.7647238741845
pooled_equal_year,112,Belarus,2011,E018,1521,1520.472339,1537.480608015423,1503.6522227413614
pooled_equal_year,112,Belarus,2011,F063,1525,1524.260746,1540.953232282414,1507.749082271088
pooled_equal_year,112,Belarus,2011,F118,1519,1518.782063,1536.0381851815828,1501.7197991193489
pooled_equal_year,112,Belarus,2011,F120,1528,1527.857428,1545.2613648997217,1510.6495077913637
pooled_equal_year,112,Belarus,2011,G006,1437,1433.359838,1446.052541914286,1420.7785440988264
pooled_equal_year,112,Belarus,2011,Y002,1497,1495.869561,1511.844889295443,1480.063040441352
pooled_equal_year,112,Belarus,2018,A008,1506,1507.4009709699028,1544.638805907348,1471.0608581054269
pooled_equal_year,112,Belarus,2018,A165,1468,1468.6821454333513,1504.5561047729284,1433.66354865195
pooled_equal_year,112,Belarus,2018,E018,1395,1398.8365027069767,1435.8241898328752,1362.8016404524035
pooled_equal_year,112,Belarus,2018,E025,1481,1483.8072021502253,1522.2807379210044,1446.3060316717554
pooled_equal_year,112,Belarus,2018,F063,1498,1499.0750851359803,1535.721950827672,1463.3027219962005
pooled_equal_year,112,Belarus,2018,F118,1476,1479.767081476809,1517.9582752160425,1442.5367621588568
pooled_equal_year,112,Belarus,2018,F120,1492,1493.57601053295,1530.0923148623665,1457.9311833483612
pooled_equal_year,112,Belarus,2018,G006,1418,1420.5012955221334,1456.2644580697315,1385.616410122837
pooled_equal_year,112,Belarus,2018,Y002,1508,1509.2602796232727,1546.373002962468,1473.0382561546862
pooled_equal_year,124,Canada,2006,A008,2157,2154.941062,3623.94613975826,1281.4128029517174
pooled_equal_year,124,Canada,2006,A165,2107,2113.20205,3568.257623024732,1251.4855640772917
pooled_equal_year,124,Canada,2006,E018,2106,2083.7340839999997,3479.569200450906,1247.84060402094
pooled_equal_year,124,Canada,2006,E025,2118,2111.602657,3567.736270366303,1249.7744909243706
pooled_equal_year,124,Canada,2006,F063,2139,2136.247945,3604.443085877861,1266.0916468335
pooled_equal_year,124,Canada,2006,F118,1994,2010.7510079999995,3421.2730251037583,1181.758832606
pooled_equal_year,124,Canada,2006,F120,2071,2064.486366,3485.890848201646,1222.672809046412
pooled_equal_year,124,Canada,2006,G006,2111,2094.181135,3510.948909975379,1249.1194656035716
pooled_equal_year,124,Canada,2006,Y002,2138,2142.634717,3615.358489771289,1269.8280249337304
pooled_equal_year,124,Canada,2020,A008,4018,4018.000095,5878.11651797866,2746.51322648018
pooled_equal_year,124,Canada,2020,A165,4018,4018.000095,5878.11651797866,2746.51322648018
pooled_equal_year,124,Canada,2020,E018,4018,4018.000095,5878.11651797866,2746.51322648018
pooled_equal_year,124,Canada,2020,E025,4018,4018.000095,5878.11651797866,2746.51322648018
pooled_equal_year,124,Canada,2020,F063,4018,4018.000095,5878.11651797866,2746.51322648018
pooled_equal_year,124,Canada,2020,F118,4018,4018.000095,5878.11651797866,2746.51322648018
pooled_equal_year,124,Canada,2020,F120,4018,4018.000095,5878.11651797866,2746.51322648018
pooled_equal_year,124,Canada,2020,G006,3927,3937.689971,5760.505566268703,2691.6738694790315
pooled_equal_year,124,Canada,2020,Y002,4018,4018.000095,5878.11651797866,2746.51322648018
pooled_equal_year,152,Chile,2006,A008,998,998.83412,1366.074018196704,730.318845089489
pooled_equal_year,152,Chile,2006,A165,984,985.036192,1346.756087419538,720.4692138492608
pooled_equal_year,152,Chile,2006,E018,972,963.641401,1294.201292827085,717.5118390530855
pooled_equal_year,152,Chile,2006,E025,986,987.177871,1353.627886380055,719.9320867998716
pooled_equal_year,152,Chile,2006,F063,968,967.148874,1324.65727137154,706.1275129007413
pooled_equal_year,152,Chile,2006,F118,937,926.407988,1248.464513244402,687.4298397155953
pooled_equal_year,152,Chile,2006,F120,965,962.956505,1310.2896714715948,707.6948332198749
pooled_equal_year,152,Chile,2006,G006,990,991.229261,1357.934590829473,723.5513805288955
pooled_equal_year,152,Chile,2006,Y002,978,971.702192,1314.313023677776,718.4020343156024
pooled_equal_year,152,Chile,2012,A008,997,997.0,997.0,997.0
pooled_equal_year,152,Chile,2012,A165,971,971.0,971.0,971.0
pooled_equal_year,152,Chile,2012,E018,920,920.0,920.0,920.0
pooled_equal_year,152,Chile,2012,E025,975,975.0,975.0,975.0
pooled_equal_year,152,Chile,2012,F063,965,965.0,965.0,965.0
pooled_equal_year,152,Chile,2012,F118,926,926.0,926.0,926.0
pooled_equal_year,152,Chile,2012,F120,954,954.0,954.0,954.0
pooled_equal_year,152,Chile,2012,G006,991,991.0,991.0,991.0
pooled_equal_year,152,Chile,2012,Y002,975,975.0,975.0,975.0
pooled_equal_year,152,Chile,2018,A008,982,986.51393,2296.8827009798297,423.7089398030131
pooled_equal_year,152,Chile,2018,A165,974,978.076666,2282.2935550314605,419.1546536442322
pooled_equal_year,152,Chile,2018,E018,959,964.52582,2271.3048246431545,409.5927800412407
pooled_equal_year,152,Chile,2018,E025,945,955.270175,2264.9239386599734,402.90143596805694
pooled_equal_year,152,Chile,2018,F063,982,985.711231,2295.6413955798653,423.2484362716017
pooled_equal_year,152,Chile,2018,F118,933,929.841009,2175.4318499873893,397.440306862819
pooled_equal_year,152,Chile,2018,F120,964,969.147498,2276.707047094568,412.5462140938532
pooled_equal_year,152,Chile,2018,G006,970,963.290655,2199.775697269281,421.82886517121955
pooled_equal_year,152,Chile,2018,Y002,894,876.839913,1756.4440818527164,437.72998011918384
pooled_equal_year,156,China,2007,A008,1978,1977.128269,3257.9496915136388,1199.845474060345
pooled_equal_year,156,China,2007,A165,1849,1864.921997,3100.280639029261,1121.8126549935348
pooled_equal_year,156,China,2007,E018,1422,1504.90047,2542.905762674676,890.6053294810815
pooled_equal_year,156,China,2007,E025,1935,1940.86155,3206.2823762586204,1174.8633196381195
pooled_equal_year,156,China,2007,F063,1715,1730.424888,2869.9959646349175,1043.3360638507784
pooled_equal_year,156,China,2007,F118,1579,1653.073252,2806.301619878076,973.7553358917208
pooled_equal_year,156,China,2007,F120,1730,1759.7242789999998,2925.950516580101,1058.3328462169145
pooled_equal_year,156,China,2007,G006,1948,1955.299218,3225.073616079656,1185.4597714761069
pooled_equal_year,156,China,2007,Y002,1478,1594.033328,2697.5827773490178,941.9330046553024
pooled_equal_year,156,China,2013,A008,2272,2273.8892720000003,2672.1769648041018,1934.966317507998
pooled_equal_year,156,China,2013,A165,2196,2198.374815,2583.1976290311886,1870.8796310868456
pooled_equal_year,156,China,2013,E018,2019,2032.417583,2401.7243999220873,1719.8980998076065
pooled_equal_year,156,China,2013,E025,2187,2197.320764,2593.083143329854,1861.960559315305
pooled_equal_year,156,China,2013,F063,1926,1925.628985,2262.959895891263,1638.5827228333278
pooled_equal_year,156,China,2013,F118,1854,1871.318568,2216.195381879532,1580.110314990235
pooled_equal_year,156,China,2013,F120,1863,1882.835422,2231.9013613912057,1588.3628585307094
pooled_equal_year,156,China,2013,G006,2017,2019.995038,2375.4130189469697,1717.7559948515693
pooled_equal_year,156,China,2013,Y002,2071,2091.884126,2479.7608331424,1764.677923017866
pooled_equal_year,156,China,2018,A008,3035,3035.102481,4140.876373302462,2224.612917585283
pooled_equal_year,156,China,2018,A165,3009,3012.744591,4112.420227807497,2207.126088239987
pooled_equal_year,156,China,2018,E018,3004,3001.91788,4093.3937312120006,2201.4767085685407
pooled_equal_year,156,China,2018,E025,3013,3011.307675,4111.0276298896315,2205.7681752329536
pooled_equal_year,156,China,2018,F063,3025,3024.286318,4123.913885651888,2217.8706895564073
pooled_equal_year,156,China,2018,F118,3025,3026.543374,4130.235486677375,2217.7826964709375
pooled_equal_year,156,China,2018,F120,3019,3017.426743,4113.310090119519,2213.5127062854217
pooled_equal_year,156,China,2018,G006,3001,3001.121781,4095.64212946273,2199.101303212281
pooled_equal_year,156,China,2018,Y002,2962,2969.7720959999997,4058.98995651419,2172.842602881025
pooled_equal_year,158,Taiwan ROC,2006,A008,1227,1227.0,1569.051603975456,959.5152869322394
pooled_equal_year,158,Taiwan ROC,2006,A165,1225,1224.801457,1566.4523356803068,957.6662978499222
pooled_equal_year,158,Taiwan ROC,2006,E018,1210,1211.374318,1553.0182062386118,944.8876596650172
pooled_equal_year,158,Taiwan ROC,2006,E025,1227,1227.0,1569.051603975456,959.5152869322394
pooled_equal_year,158,Taiwan ROC,2006,F063,1227,1227.0,1569.051603975456,959.5152869322394
pooled_equal_year,158,Taiwan ROC,2006,F118,1221,1221.155438,1563.093500031108,954.018811879964
pooled_equal_year,158,Taiwan ROC,2006,F120,1225,1225.275326,1567.428247458518,957.8107495119252
pooled_equal_year,158,Taiwan ROC,2006,G006,1225,1225.669439,1568.163575277983,957.9775970961914
pooled_equal_year,158,Taiwan ROC,2006,Y002,1221,1222.920963,1566.036620155029,954.9812964123392
pooled_equal_year,158,Taiwan ROC,2012,A008,1226,1225.778197,1428.318961572319,1051.958441121972
pooled_equal_year,158,Taiwan ROC,2012,A165,1211,1213.085044,1416.229235301078,1039.0798941978046
pooled_equal_year,158,Taiwan ROC,2012,E018,1166,1166.503995,1361.140615087711,999.6994838503704
pooled_equal_year,158,Taiwan ROC,2012,E025,1207,1209.871572,1413.719500567974,1035.417011752092
pooled_equal_year,158,Taiwan ROC,2012,F063,1215,1217.790273,1422.261909176639,1042.714523566159
pooled_equal_year,158,Taiwan ROC,2012,F118,1152,1157.684167,1356.228724767031,988.2054597779628
pooled_equal_year,158,Taiwan ROC,2012,F120,1165,1168.229346,1368.009942047694,997.624185985636
pooled_equal_year,158,Taiwan ROC,2012,G006,1166,1164.757713,1354.8017331093188,1001.3720065735416
pooled_equal_year,158,Taiwan ROC,2012,Y002,1171,1173.988557,1373.867732376317,1003.1890985481164
pooled_equal_year,158,Taiwan ROC,2019,A008,1223,1223.000007,1805.5719797158192,828.3962278576203
pooled_equal_year,158,Taiwan ROC,2019,A165,1223,1223.000007,1805.5719797158192,828.3962278576203
pooled_equal_year,158,Taiwan ROC,2019,E018,1183,1182.744252,1750.091099603832,799.3206559108293
pooled_equal_year,158,Taiwan ROC,2019,E025,1223,1223.000007,1805.5719797158192,828.3962278576203
pooled_equal_year,158,Taiwan ROC,2019,F063,1223,1223.000007,1805.5719797158192,828.3962278576203
pooled_equal_year,158,Taiwan ROC,2019,F118,1223,1223.000007,1805.5719797158192,828.3962278576203
pooled_equal_year,158,Taiwan ROC,2019,F120,1223,1223.000007,1805.5719797158192,828.3962278576203
pooled_equal_year,158,Taiwan ROC,2019,G006,1221,1222.147444,1805.183387028522,827.4197433948207
pooled_equal_year,158,Taiwan ROC,2019,Y002,1212,1214.367805,1796.549526880833,820.8452612942273
pooled_equal_year,170,Colombia,2005,A008,3017,3017.0,3017.0,3017.0
pooled_equal_year,170,Colombia,2005,A165,2993,2993.0,2993.0,2993.0
pooled_equal_year,170,Colombia,2005,E018,3003,3003.0,3003.0,3003.0
pooled_equal_year,170,Colombia,2005,E025,3012,3012.0,3012.0,3012.0
pooled_equal_year,170,Colombia,2005,F063,3020,3020.0,3020.0,3020.0
pooled_equal_year,170,Colombia,2005,F118,3002,3002.0,3002.0,3002.0
pooled_equal_year,170,Colombia,2005,F120,3011,3011.0,3011.0,3011.0
pooled_equal_year,170,Colombia,2005,G006,3016,3016.0,3016.0,3016.0
pooled_equal_year,170,Colombia,2005,Y002,2901,2901.0,2901.0,2901.0
pooled_equal_year,170,Colombia,2012,A008,1511,1511.0,1511.0,1511.0
pooled_equal_year,170,Colombia,2012,A165,1501,1501.0,1501.0,1501.0
pooled_equal_year,170,Colombia,2012,E018,1498,1498.0,1498.0,1498.0
pooled_equal_year,170,Colombia,2012,E025,1488,1488.0,1488.0,1488.0
pooled_equal_year,170,Colombia,2012,F063,1495,1495.0,1495.0,1495.0
pooled_equal_year,170,Colombia,2012,F118,1473,1473.0,1473.0,1473.0
pooled_equal_year,170,Colombia,2012,F120,1502,1502.0,1502.0,1502.0
pooled_equal_year,170,Colombia,2012,G006,1510,1510.0,1510.0,1510.0
pooled_equal_year,170,Colombia,2012,Y002,1501,1501.0,1501.0,1501.0
pooled_equal_year,170,Colombia,2018,A008,1520,1520.0,1520.0,1520.0
pooled_equal_year,170,Colombia,2018,A165,1520,1520.0,1520.0,1520.0
pooled_equal_year,170,Colombia,2018,E018,1520,1520.0,1520.0,1520.0
pooled_equal_year,170,Colombia,2018,E025,1520,1520.0,1520.0,1520.0
pooled_equal_year,170,Colombia,2018,F063,1520,1520.0,1520.0,1520.0
pooled_equal_year,170,Colombia,2018,F118,1520,1520.0,1520.0,1520.0
pooled_equal_year,170,Colombia,2018,F120,1520,1520.0,1520.0,1520.0
pooled_equal_year,170,Colombia,2018,G006,1499,1499.0,1499.0,1499.0
pooled_equal_year,170,Colombia,2018,Y002,1520,1520.0,1520.0,1520.0
pooled_equal_year,191,Croatia,2008,A008,1476,1477.2779211503969,1562.5290954634957,1396.6780283672629
pooled_equal_year,191,Croatia,2008,A165,1443,1442.6060433762234,1523.6202791031424,1365.8995124497949
pooled_equal_year,191,Croatia,2008,E018,1366,1364.215935012675,1440.1629008582186,1292.2740311067955
pooled_equal_year,191,Croatia,2008,E025,1417,1418.2222573102492,1499.8229440102664,1341.0612093665975
pooled_equal_year,191,Croatia,2008,F063,1461,1457.5900930693645,1536.4753216710778,1382.7549648524569
pooled_equal_year,191,Croatia,2008,F118,1467,1467.5505318462392,1552.0547041014822,1387.6473283002
pooled_equal_year,191,Croatia,2008,F120,1470,1470.0495530032713,1554.354972575623,1390.316707839385
pooled_equal_year,191,Croatia,2008,G006,1430,1429.6573227088738,1509.752648027897,1353.8112107602262
pooled_equal_year,191,Croatia,2008,Y002,1446,1444.8899025634112,1524.7780900279408,1369.187322524714
pooled_equal_year,191,Croatia,2017,A008,1472,1479.4655200223044,2273.4619911909053,962.7687788122208
pooled_equal_year,191,Croatia,2017,A165,1449,1451.5541723843594,2202.887326266781,956.476298284932
pooled_equal_year,191,Croatia,2017,E018,1367,1373.9749740026366,2101.2280493006547,898.4304344375466
pooled_equal_year,191,Croatia,2017,E025,1447,1443.4094692894694,2194.94065752447,949.1969128606296
pooled_equal_year,191,Croatia,2017,F063,1460,1465.7520998513996,2240.709599750008,958.816447458646
pooled_equal_year,191,Croatia,2017,F118,1418,1423.352590805469,2170.5234683605513,933.3843320675434
pooled_equal_year,191,Croatia,2017,F120,1443,1436.5583421526096,2158.434357237297,956.1096280220916
pooled_equal_year,191,Croatia,2017,G006,1426,1432.9296702034958,2184.7340417043088,939.834048700835
pooled_equal_year,191,Croatia,2017,Y002,1441,1441.9487651685272,2193.5429185196344,947.8803554818292
pooled_equal_year,196,Cyprus,2006,A008,1049,1048.574431,1257.590425610189,874.2976369381049
pooled_equal_year,196,Cyprus,2006,A165,1037,1031.462203,1233.1880633498567,862.73481542432
pooled_equal_year,196,Cyprus,2006,E018,1043,1040.018317,1245.389244480023,868.5140846443715
pooled_equal_year,196,Cyprus,2006,E025,1049,1048.574431,1257.590425610189,874.2976369381049
pooled_equal_year,196,Cyprus,2006,F063,1049,1048.574431,1257.590425610189,874.2976369381049
pooled_equal_year,196,Cyprus,2006,F118,1047,1045.722393,1253.5233652334668,872.369317996699
pooled_equal_year,196,Cyprus,2006,F120,1045,1042.870355,1249.4563048567447,870.4414657081758
pooled_equal_year,196,Cyprus,2006,G006,1031,1032.747118,1240.2497025432615,859.9611897105877
pooled_equal_year,196,Cyprus,2006,Y002,1036,1030.036184,1231.154533161496,861.7720292389234
pooled_equal_year,196,Cyprus,2008,A008,999,999.000000000016,1125.826778015756,886.46052793218
pooled_equal_year,196,Cyprus,2008,A165,967,966.6313944821152,1087.7397688801386,859.0071628624995
pooled_equal_year,196,Cyprus,2008,E018,898,899.8861610831159,1013.723286573065,798.8324956472635
pooled_equal_year,196,Cyprus,2008,E025,947,950.21096716149,1074.6661148920423,840.168745996683
pooled_equal_year,196,Cyprus,2008,F063,986,986.6120619807976,1112.517347146038,874.9556699885098
pooled_equal_year,196,Cyprus,2008,F118,950,948.2977647120448,1067.8809607048242,842.1057062056094
pooled_equal_year,196,Cyprus,2008,F120,979,980.0111874224096,1106.324490524129,868.119557778274
pooled_equal_year,196,Cyprus,2008,G006,946,930.504932183894,1032.1212215655194,838.893155888462
pooled_equal_year,196,Cyprus,2008,Y002,951,948.8366644040648,1066.6586586147075,844.0291638251539
pooled_equal_year,196,Cyprus,2011,A008,998,996.429488,1362.695680984648,728.6085502513071
pooled_equal_year,196,Cyprus,2011,A165,989,984.190515,1341.054463882319,722.2905526236443
pooled_equal_year,196,Cyprus,2011,E018,990,983.14133,1333.722221393532,724.713781663064
pooled_equal_year,196,Cyprus,2011,E025,996,996.86593,1367.6818913913442,726.5883160767964
pooled_equal_year,196,Cyprus,2011,F063,990,986.354258,1348.4755614285125,721.4774595129417
pooled_equal_year,196,Cyprus,2011,F118,974,970.974694,1332.838202894354,707.3565676171745
pooled_equal_year,196,Cyprus,2011,F120,981,977.229533,1335.6547167321612,714.9883485635154
pooled_equal_year,196,Cyprus,2011,G006,961,960.618891,1312.040460474353,703.3233208467109
pooled_equal_year,196,Cyprus,2011,Y002,997,994.878382,1360.288005630716,727.6275251078256
pooled_equal_year,196,Cyprus,2019,A008,995,997.398965,1228.8482462347552,809.5423486432899
pooled_equal_year,196,Cyprus,2019,A165,960,976.3129620000002,1213.61919393504,785.4086393266402
pooled_equal_year,196,Cyprus,2019,E018,917,915.560621,1125.2158550525332,744.9692847482762
pooled_equal_year,196,Cyprus,2019,E025,968,970.8787580000002,1196.5923965178322,787.7415613526136
pooled_equal_year,196,Cyprus,2019,F063,955,966.9948250000002,1198.8319133207951,779.991741283053
pooled_equal_year,196,Cyprus,2019,F118,920,929.59586,1150.97693702108,750.7956372833152
pooled_equal_year,196,Cyprus,2019,F120,936,944.6362740000002,1168.740986186664,763.5033773121095
pooled_equal_year,196,Cyprus,2019,G006,942,958.312962,1191.4755701237582,770.7784835586881
pooled_equal_year,196,Cyprus,2019,Y002,966,976.5554460000002,1209.485369872134,788.4845595222699
pooled_equal_year,197,Northern Cyprus,2008,A008,490,489.52883589703583,597.9947842630381,400.7367413246501
pooled_equal_year,197,Northern Cyprus,2008,A165,486,486.68608021268386,595.8491897864562,397.5223004963309
pooled_equal_year,197,Northern Cyprus,2008,E018,446,436.953021947736,520.2163429830252,367.016426847414
pooled_equal_year,197,Northern Cyprus,2008,E025,484,483.0743308020395,581.3784316438405,401.39227115807074
pooled_equal_year,197,Northern Cyprus,2008,F063,478,477.74398724439385,584.7560994872518,390.3154110719069
pooled_equal_year,197,Northern Cyprus,2008,F118,477,479.6371251942968,589.9594695912353,389.9450449096873
pooled_equal_year,197,Northern Cyprus,2008,F120,479,478.83816339867184,586.2885596828905,391.0804380201934
pooled_equal_year,197,Northern Cyprus,2008,G006,343,365.8796390483768,476.8927016790393,280.7086579409784
pooled_equal_year,197,Northern Cyprus,2008,Y002,481,485.5025962199524,598.0719152530867,394.1211164155189
pooled_equal_year,203,Czechia,2008,A008,1759,1758.9400532761588,1826.9879349892824,1693.4266788342452
pooled_equal_year,203,Czechia,2008,A165,1725,1726.0220267879554,1793.776289913338,1660.826968061403
pooled_equal_year,203,Czechia,2008,E018,1553,1558.9806491538943,1624.8226884777182,1495.806700430394
pooled_equal_year,203,Czechia,2008,E025,1637,1638.4458111093627,1702.5092078100206,1576.7930438361398
pooled_equal_year,203,Czechia,2008,F063,1653,1653.9122042919098,1718.901186082297,1591.3803548767569
pooled_equal_year,203,Czechia,2008,F118,1667,1668.6248072916096,1734.933462111968,1604.850450068309
pooled_equal_year,203,Czechia,2008,F120,1709,1705.0624635397558,1767.3789446150106,1644.943215732123
pooled_equal_year,203,Czechia,2008,G006,1694,1695.0150046577528,1760.885508061745,1631.608558796872
pooled_equal_year,203,Czechia,2008,Y002,1662,1662.342851529413,1726.78520481822,1600.3054394491671
pooled_equal_year,203,Czechia,2017,A008,1792,1810.690365800015,2344.9652656185017,1398.1442065992549
pooled_equal_year,203,Czechia,2017,A165,1721,1726.4000295973376,2222.1238199872673,1341.2650705534338
pooled_equal_year,203,Czechia,2017,E018,1522,1542.667180006427,1986.522496890548,1197.9839302067085
pooled_equal_year,203,Czechia,2017,E025,1694,1708.844295611079,2215.035834270225,1318.3302867895172
pooled_equal_year,203,Czechia,2017,F063,1653,1665.1096561181798,2140.721679480712,1295.1661084548682
pooled_equal_year,203,Czechia,2017,F118,1658,1688.2902023628951,2209.427432275496,1290.073512149249
pooled_equal_year,203,Czechia,2017,F120,1665,1688.6517920004594,2203.428560807302,1294.1399259985997
pooled_equal_year,203,Czechia,2017,G006,1627,1635.3483072883605,2117.500842006748,1262.9813566526943
pooled_equal_year,203,Czechia,2017,Y002,1654,1655.807393374917,2132.2077260589745,1285.84944630259
pooled_equal_year,203,Czechia,2022,A008,1192,1193.034144,1310.82423959876,1085.8286151204302
pooled_equal_year,203,Czechia,2022,A165,1191,1190.855928,1307.776509600616,1084.3885257472843
pooled_equal_year,203,Czechia,2022,E018,1178,1180.387623,1298.7238881398112,1072.8338434794357
pooled_equal_year,203,Czechia,2022,E025,1185,1184.7879,1300.408304974778,1079.4474032628052
pooled_equal_year,203,Czechia,2022,F063,1191,1192.05469,1310.2904909032618,1084.4880534631825
pooled_equal_year,203,Czechia,2022,F118,1177,1177.699435,1294.583068728463,1071.3688388969929
pooled_equal_year,203,Czechia,2022,F120,1192,1192.500842,1309.775331503844,1085.7268601462702
pooled_equal_year,203,Czechia,2022,G006,1185,1183.967885,1298.6368146474729,1079.4241599348927
pooled_equal_year,203,Czechia,2022,Y002,1185,1183.561529,1297.7685640060631,1079.405012404256
pooled_equal_year,208,Denmark,2008,A008,1501,1501.856525907128,1568.2762514170563,1438.249812411395
pooled_equal_year,208,Denmark,2008,A165,1486,1483.1117027185792,1544.1628402883834,1424.4743270275874
pooled_equal_year,208,Denmark,2008,E018,1448,1443.4158647757654,1500.4402270334049,1388.5587184007072
pooled_equal_year,208,Denmark,2008,E025,1486,1484.9413576815043,1548.360912427751,1424.1194143138002
pooled_equal_year,208,Denmark,2008,F063,1497,1495.3690201864697,1557.9478422852858,1435.3038310020463
pooled_equal_year,208,Denmark,2008,F118,1478,1475.7994132810682,1537.098246444665,1416.94515186551
pooled_equal_year,208,Denmark,2008,F120,1481,1482.582799230349,1549.137165513041,1418.8877560404735
pooled_equal_year,208,Denmark,2008,G006,1437,1434.4570056427742,1494.8394839171203,1376.5136144555563
pooled_equal_year,208,Denmark,2008,Y002,1455,1450.7489802463515,1508.350767730026,1395.3469237485324
pooled_equal_year,208,Denmark,2017,A008,3351,3361.006032199787,6383.340373109756,1769.6630428905262
pooled_equal_year,208,Denmark,2017,A165,3344,3359.2713611702893,6388.525069285397,1766.4020968209436
pooled_equal_year,208,Denmark,2017,E018,3316,3328.99420881997,6325.560554108637,1751.971599601348
pooled_equal_year,208,Denmark,2017,E025,3305,3313.6523245227027,6289.17558846791,1745.9031908647337
pooled_equal_year,208,Denmark,2017,F063,3315,3331.946985489278,6334.720355200097,1752.5431418606652
pooled_equal_year,208,Denmark,2017,F118,3346,3350.880816335075,6347.9400135571195,1768.8261422291691
pooled_equal_year,208,Denmark,2017,F120,3355,3363.28329718679,6384.084556956665,1771.855375068527
pooled_equal_year,208,Denmark,2017,G006,3199,3169.8704125172917,5968.299574159088,1683.5747447493509
pooled_equal_year,208,Denmark,2017,Y002,3109,3150.0843064115315,6027.5846231753785,1646.269900441927
pooled_equal_year,218,Ecuador,2013,A008,1202,1202.0,1202.0,1202.0
pooled_equal_year,218,Ecuador,2013,A165,1200,1200.0,1200.0,1200.0
pooled_equal_year,218,Ecuador,2013,E018,1198,1198.0,1198.0,1198.0
pooled_equal_year,218,Ecuador,2013,E025,1201,1201.0,1201.0,1201.0
pooled_equal_year,218,Ecuador,2013,F063,1201,1201.0,1201.0,1201.0
pooled_equal_year,218,Ecuador,2013,F118,1197,1197.0,1197.0,1197.0
pooled_equal_year,218,Ecuador,2013,F120,1202,1202.0,1202.0,1202.0
pooled_equal_year,218,Ecuador,2013,G006,1199,1199.0,1199.0,1199.0
pooled_equal_year,218,Ecuador,2013,Y002,1201,1201.0,1201.0,1201.0
pooled_equal_year,218,Ecuador,2018,A008,1180,1180.0,1180.0,1180.0
pooled_equal_year,218,Ecuador,2018,A165,1177,1177.0,1177.0,1177.0
pooled_equal_year,218,Ecuador,2018,E018,1192,1192.0,1192.0,1192.0
pooled_equal_year,218,Ecuador,2018,E025,1178,1178.0,1178.0,1178.0
pooled_equal_year,218,Ecuador,2018,F063,1200,1200.0,1200.0,1200.0
pooled_equal_year,218,Ecuador,2018,F118,1151,1151.0,1151.0,1151.0
pooled_equal_year,218,Ecuador,2018,F120,1187,1187.0,1187.0,1187.0
pooled_equal_year,218,Ecuador,2018,G006,1192,1192.0,1192.0,1192.0
pooled_equal_year,218,Ecuador,2018,Y002,1186,1186.0,1186.0,1186.0
pooled_equal_year,231,Ethiopia,2007,A008,1494,1494.0,1494.0,1494.0
pooled_equal_year,231,Ethiopia,2007,A165,1314,1314.0,1314.0,1314.0
pooled_equal_year,231,Ethiopia,2007,E018,1459,1459.0,1459.0,1459.0
pooled_equal_year,231,Ethiopia,2007,E025,1088,1088.0,1088.0,1088.0
pooled_equal_year,231,Ethiopia,2007,F063,1474,1474.0,1474.0,1474.0
pooled_equal_year,231,Ethiopia,2007,F118,1488,1488.0,1488.0,1488.0
pooled_equal_year,231,Ethiopia,2007,F120,1457,1457.0,1457.0,1457.0
pooled_equal_year,231,Ethiopia,2007,G006,1496,1496.0,1496.0,1496.0
pooled_equal_year,231,Ethiopia,2007,Y002,1377,1377.0,1377.0,1377.0
pooled_equal_year,231,Ethiopia,2020,A008,1230,1230.0,1230.0,1230.0
pooled_equal_year,231,Ethiopia,2020,A165,1226,1226.0,1226.0,1226.0
pooled_equal_year,231,Ethiopia,2020,E018,1210,1210.0,1210.0,1210.0
pooled_equal_year,231,Ethiopia,2020,E025,1189,1189.0,1189.0,1189.0
pooled_equal_year,231,Ethiopia,2020,F063,1230,1230.0,1230.0,1230.0
pooled_equal_year,231,Ethiopia,2020,F118,1055,1055.0,1055.0,1055.0
pooled_equal_year,231,Ethiopia,2020,F120,1225,1225.0,1225.0,1225.0
pooled_equal_year,231,Ethiopia,2020,G006,1229,1229.0,1229.0,1229.0
pooled_equal_year,231,Ethiopia,2020,Y002,1194,1194.0,1194.0,1194.0
pooled_equal_year,233,Estonia,2008,A008,1502,1501.5115870109903,1634.743966245289,1379.13770748243
pooled_equal_year,233,Estonia,2008,A165,1490,1490.1317028730557,1621.8711301300098,1369.093049784638
pooled_equal_year,233,Estonia,2008,E018,1370,1378.5563250509126,1511.5050260099026,1257.3015032273051
pooled_equal_year,233,Estonia,2008,E025,1471,1471.7653814824723,1603.3337563558985,1350.99340954026
pooled_equal_year,233,Estonia,2008,F063,1453,1446.9731925080175,1567.5507420441372,1335.670587037298
pooled_equal_year,233,Estonia,2008,F118,1453,1455.393482762176,1587.6693303669526,1334.138128861537
pooled_equal_year,233,Estonia,2008,F120,1450,1445.9006822789854,1569.568880960598,1331.9764480392485
pooled_equal_year,233,Estonia,2008,G006,1218,1219.455961099978,1330.9791993874578,1117.277296103989
pooled_equal_year,233,Estonia,2008,Y002,1498,1501.3669794103864,1638.3310576086608,1375.8530648585756
pooled_equal_year,233,Estonia,2011,A008,1509,1509.821222,1535.102192250244,1484.9565937105845
pooled_equal_year,233,Estonia,2011,A165,1491,1490.366665,1513.921084277229,1467.1787183700242
pooled_equal_year,233,Estonia,2011,E018,1402,1403.5462470000002,1427.784582914977,1379.7193855714113
pooled_equal_year,233,Estonia,2011,E025,1489,1489.839608,1514.675847973986,1465.4106094941278
pooled_equal_year,233,Estonia,2011,F063,1468,1467.142393,1490.264563600781,1444.3789739835688
pooled_equal_year,233,Estonia,2011,F118,1368,1367.53386,1389.154710440822,1346.249517199595
pooled_equal_year,233,Estonia,2011,F120,1432,1431.819917,1454.9173585089752,1409.0891573517783
pooled_equal_year,233,Estonia,2011,G006,1497,1496.543303,1520.500268311421,1472.9638030523763
pooled_equal_year,233,Estonia,2011,Y002,1491,1492.608981,1518.234495611161,1467.4159865304805
pooled_equal_year,233,Estonia,2018,A008,1295,1297.5147286468214,1443.3530408256545,1166.4121136242463
pooled_equal_year,233,Estonia,2018,A165,1283,1285.2582320979886,1430.1106268766443,1155.077580804616
pooled_equal_year,233,Estonia,2018,E018,1059,1071.887359175641,1204.3280641167412,954.011240785266
pooled_equal_year,233,Estonia,2018,E025,1207,1213.1784063652726,1352.544161902979,1088.1728575872985
pooled_equal_year,233,Estonia,2018,F063,1248,1248.117762874981,1385.9937083883533,1123.957446975333
pooled_equal_year,233,Estonia,2018,F118,1200,1209.8527126743552,1353.8427843365223,1081.1769308079834
pooled_equal_year,233,Estonia,2018,F120,1241,1240.0704612456354,1374.7668987010964,1118.5712649227148
pooled_equal_year,233,Estonia,2018,G006,1110,1117.3262709081196,1246.3950125330527,1001.6230674128584
pooled_equal_year,233,Estonia,2018,Y002,1266,1264.7584632951102,1403.8808418807914,1139.4228931378475
pooled_equal_year,246,Finland,2005,A008,1013,1012.9792,1059.4097163400002,968.5835836749316
pooled_equal_year,246,Finland,2005,A165,1000,999.2109,1044.19048487,956.1688572589436
pooled_equal_year,246,Finland,2005,E018,986,984.6582,1027.88925496,943.245360479004
pooled_equal_year,246,Finland,2005,E025,987,983.7449,1026.04209551,943.1913490790866
pooled_equal_year,246,Finland,2005,F063,998,997.7122,1042.8724487,954.5075577264506
pooled_equal_year,246,Finland,2005,F118,984,983.9693,1028.98127685,940.926336683606
pooled_equal_year,246,Finland,2005,F120,999,1000.1365,1047.42276901,954.984986222598
pooled_equal_year,246,Finland,2005,G006,1002,1001.5538,1047.34407908,957.765489232139
pooled_equal_year,246,Finland,2005,Y002,990,990.2602,1036.36591344,946.2056316085236
pooled_equal_year,246,Finland,2009,A008,1121,1121.1133514632702,1520.061820916378,826.871071645941
pooled_equal_year,246,Finland,2009,A165,1073,1072.3761316816915,1463.8001415187732,785.6199321086349
pooled_equal_year,246,Finland,2009,E018,912,907.744264962821,1214.7659037828123,678.3197058848425
pooled_equal_year,246,Finland,2009,E025,1036,1033.545229014874,1396.7820076761504,764.7691154016343
pooled_equal_year,246,Finland,2009,F063,1081,1078.413007155429,1443.1282216832724,805.8706056247142
pooled_equal_year,246,Finland,2009,F118,1058,1063.03093772574,1465.022712278358,771.342836593073
pooled_equal_year,246,Finland,2009,F120,1071,1074.4771949543128,1475.0617641357555,782.6799328320433
pooled_equal_year,246,Finland,2009,G006,1096,1098.189501385997,1493.9434947853,807.2729558809353
pooled_equal_year,246,Finland,2009,Y002,955,964.1866697994376,1357.303236063714,684.9286950166013
pooled_equal_year,246,Finland,2017,A008,1195,1216.8483456110234,1567.5787589125052,944.5904314520834
pooled_equal_year,246,Finland,2017,A165,1177,1195.4564758655667,1540.0706077703494,927.9549771798684
pooled_equal_year,246,Finland,2017,E018,1136,1145.799575539868,1465.745964836916,895.6918175472616
pooled_equal_year,246,Finland,2017,E025,1168,1185.1347925515547,1525.83146758183,920.510886265944
pooled_equal_year,246,Finland,2017,F063,1174,1193.7217776201696,1539.961649338077,925.3293307512914
pooled_equal_year,246,Finland,2017,F118,1163,1177.4755309010125,1512.9767223110416,916.3714189553748
pooled_equal_year,246,Finland,2017,F120,1166,1181.0426680810342,1510.246944376016,923.5984810446206
pooled_equal_year,246,Finland,2017,G006,1178,1195.5657689502111,1539.2314562898785,928.6306500848434
pooled_equal_year,246,Finland,2017,Y002,1149,1160.899979878261,1493.47942895488,902.381872259496
pooled_equal_year,250,France,2006,A008,998,997.727947,1047.791523786861,950.0564125839682
pooled_equal_year,250,France,2006,A165,996,996.014924,1045.900319110508,948.5088690616492
pooled_equal_year,250,France,2006,E018,991,990.158843,1039.4521676652869,943.2031264826812
pooled_equal_year,250,France,2006,E025,996,995.972923,1046.065151628539,948.2794277247968
pooled_equal_year,250,France,2006,F063,994,993.977895,1043.852900962109,946.4859031746796
pooled_equal_year,250,France,2006,F118,995,994.946908,1044.836715368272,947.43928422332
pooled_equal_year,250,France,2006,F120,998,998.511958,1049.160610459134,950.3083897065816
pooled_equal_year,250,France,2006,G006,960,961.202436,1010.610838155576,914.2095929413584
pooled_equal_year,250,France,2006,Y002,986,986.258787,1036.3470030526269,938.591410087106
pooled_equal_year,250,France,2008,A008,1500,1500.0166581159797,1548.0333418283342,1453.4893492461651
pooled_equal_year,250,France,2008,A165,1490,1490.3798155544785,1538.6297872574069,1443.6429172293138
pooled_equal_year,250,France,2008,E018,1488,1489.3230937396982,1538.361060238613,1441.848298735761
pooled_equal_year,250,France,2008,E025,1498,1498.227146093398,1546.4320234737415,1451.5248955133156
pooled_equal_year,250,France,2008,F063,1494,1494.3955835495772,1542.679329537479,1447.623052551069
pooled_equal_year,250,France,2008,F118,1465,1466.6335121342458,1515.343539735503,1419.489246174952
pooled_equal_year,250,France,2008,F120,1485,1485.720744371553,1534.3246236873238,1438.6565242961228
pooled_equal_year,250,France,2008,G006,1447,1446.2405793316998,1492.2642071150967,1401.6363880691583
pooled_equal_year,250,France,2008,Y002,1488,1488.386495092584,1536.501373320121,1441.7783135377929
pooled_equal_year,250,France,2018,A008,1866,1876.4841722989024,2718.3526676563915,1295.3407005589409
pooled_equal_year,250,France,2018,A165,1844,1852.739050512413,2678.1686976965075,1281.7123851257215
pooled_equal_year,250,France,2018,E018,1808,1815.932587683695,2632.902234961147,1252.462442100613
pooled_equal_year,250,France,2018,E025,1858,1866.7887037177693,2704.1799758501575,1288.7086271810235
pooled_equal_year,250,France,2018,F063,1843,1857.4867003080424,2699.248705645732,1278.228580643467
pooled_equal_year,250,France,2018,F118,1724,1733.6358545917994,2529.604597670323,1188.127693590608
pooled_equal_year,250,France,2018,F120,1804,1815.400024306413,2640.265579323117,1248.23702360148
pooled_equal_year,250,France,2018,G006,1760,1738.783703175474,2467.728599184855,1225.162591796886
pooled_equal_year,250,France,2018,Y002,1824,1832.3440196786903,2657.299752383753,1263.494870475339
pooled_equal_year,268,Georgia,2008,A008,1487,1485.2463823039693,1593.4174895109786,1384.4186038299597
pooled_equal_year,268,Georgia,2008,A165,1440,1441.2901239373148,1549.0197925917705,1341.052729793426
pooled_equal_year,268,Georgia,2008,E018,1237,1240.4689170475665,1336.203577253977,1151.593335293611
pooled_equal_year,268,Georgia,2008,E025,1207,1209.7717702356144,1302.0348074339518,1124.0465521373965
pooled_equal_year,268,Georgia,2008,F063,1468,1466.2383239301512,1572.7774150673306,1366.9161331830694
pooled_equal_year,268,Georgia,2008,F118,1449,1446.8265203266176,1551.8351542685396,1348.9235465265074
pooled_equal_year,268,Georgia,2008,F120,1408,1393.5628703435482,1480.9346636001642,1311.3458151348073
pooled_equal_year,268,Georgia,2008,G006,1459,1458.5146415332651,1566.2039490893994,1358.2298530173632
pooled_equal_year,268,Georgia,2008,Y002,1457,1455.3793314585096,1562.5015516302944,1355.6012128286138
pooled_equal_year,268,Georgia,2009,A008,1480,1480.0,1480.0,1480.0
pooled_equal_year,268,Georgia,2009,A165,1455,1455.0,1455.0,1455.0
pooled_equal_year,268,Georgia,2009,E018,1316,1316.0,1316.0,1316.0
pooled_equal_year,268,Georgia,2009,E025,1343,1343.0,1343.0,1343.0
pooled_equal_year,268,Georgia,2009,F063,1465,1465.0,1465.0,1465.0
pooled_equal_year,268,Georgia,2009,F118,1478,1478.0,1478.0,1478.0
pooled_equal_year,268,Georgia,2009,F120,1386,1386.0,1386.0,1386.0
pooled_equal_year,268,Georgia,2009,G006,1489,1489.0,1489.0,1489.0
pooled_equal_year,268,Georgia,2009,Y002,1460,1460.0,1460.0,1460.0
pooled_equal_year,268,Georgia,2014,A008,1201,1201.0,1201.0,1201.0
pooled_equal_year,268,Georgia,2014,A165,1193,1193.0,1193.0,1193.0
pooled_equal_year,268,Georgia,2014,E018,1172,1172.0,1172.0,1172.0
pooled_equal_year,268,Georgia,2014,E025,1174,1174.0,1174.0,1174.0
pooled_equal_year,268,Georgia,2014,F063,1201,1201.0,1201.0,1201.0
pooled_equal_year,268,Georgia,2014,F118,1188,1188.0,1188.0,1188.0
pooled_equal_year,268,Georgia,2014,F120,1174,1174.0,1174.0,1174.0
pooled_equal_year,268,Georgia,2014,G006,1198,1198.0,1198.0,1198.0
pooled_equal_year,268,Georgia,2014,Y002,1192,1192.0,1192.0,1192.0
pooled_equal_year,268,Georgia,2018,A008,2192,2208.5896785647965,3099.1373997164005,1573.9438879700272
pooled_equal_year,268,Georgia,2018,A165,2173,2188.8559188730324,3070.1461081036477,1560.5414416400015
pooled_equal_year,268,Georgia,2018,E018,2093,2102.5319184870727,2940.277410172979,1503.4773429752197
pooled_equal_year,268,Georgia,2018,E025,2066,2077.0000764121887,2903.9060951579904,1485.560888008513
pooled_equal_year,268,Georgia,2018,F063,2186,2203.730680229401,3091.6209679951744,1570.83580466644
pooled_equal_year,268,Georgia,2018,F118,2159,2179.2564912036205,3061.3949687865156,1551.3055005560425
pooled_equal_year,268,Georgia,2018,F120,2157,2164.597435032358,3022.9203393990356,1549.9852889541078
pooled_equal_year,268,Georgia,2018,G006,2177,2195.443640436516,3083.2057479561513,1563.2991024125747
pooled_equal_year,268,Georgia,2018,Y002,2134,2140.9157888370564,2992.6995644648127,1531.5671741047186
pooled_equal_year,275,Palestine,2013,A008,996,996.0,996.0,996.0
pooled_equal_year,275,Palestine,2013,A165,892,892.0,892.0,892.0
pooled_equal_year,275,Palestine,2013,E018,963,963.0,963.0,963.0
pooled_equal_year,275,Palestine,2013,E025,967,967.0,967.0,967.0
pooled_equal_year,275,Palestine,2013,F063,997,997.0,997.0,997.0
pooled_equal_year,275,Palestine,2013,F118,947,947.0,947.0,947.0
pooled_equal_year,275,Palestine,2013,F120,989,989.0,989.0,989.0
pooled_equal_year,275,Palestine,2013,G006,991,991.0,991.0,991.0
pooled_equal_year,275,Palestine,2013,Y002,963,963.0,963.0,963.0
pooled_equal_year,276,Germany,2006,A008,1999,1998.454907,2742.646006629163,1456.1930360896145
pooled_equal_year,276,Germany,2006,A165,1898,1893.242194,2606.992906341438,1374.9043951838391
pooled_equal_year,276,Germany,2006,E018,1974,1979.298834,2727.648426695724,1436.2642325644483
pooled_equal_year,276,Germany,2006,E025,2001,2001.72599,2749.04795534288,1457.5616737619666
pooled_equal_year,276,Germany,2006,F063,2017,2007.018534,2680.026328114076,1503.0163523259428
pooled_equal_year,276,Germany,2006,F118,1957,1960.37062,2628.6248046380997,1462.001332779892
pooled_equal_year,276,Germany,2006,F120,1960,1960.946903,2633.242606735281,1460.2956622947654
pooled_equal_year,276,Germany,2006,G006,1913,1893.951506,2509.07318375956,1429.632395857374
pooled_equal_year,276,Germany,2006,Y002,2002,2004.237949,2753.5897587017053,1458.811990245669
pooled_equal_year,276,Germany,2008,A008,1998,1995.3816259338585,2940.1612853149213,1354.1936808027808
pooled_equal_year,276,Germany,2008,A165,1922,1888.5100470317343,2754.6796669657533,1294.6950748971212
pooled_equal_year,276,Germany,2008,E018,1915,1922.6550020881753,2838.0565106852773,1302.511857370345
pooled_equal_year,276,Germany,2008,E025,1974,1966.673562344532,2907.8371074721954,1330.1312136384572
pooled_equal_year,276,Germany,2008,F063,1988,1973.383860093279,2910.6938582266157,1337.909120284219
pooled_equal_year,276,Germany,2008,F118,1975,1982.5486012260253,2936.6566428446695,1338.4264605125536
pooled_equal_year,276,Germany,2008,F120,2022,2012.4313098053824,2963.0822566877514,1366.77939586197
pooled_equal_year,276,Germany,2008,G006,1810,1780.663181259698,2609.8251857007217,1214.9324722845677
pooled_equal_year,276,Germany,2008,Y002,1964,1972.6033759018696,2915.8746037374294,1334.4757945461522
pooled_equal_year,276,Germany,2013,A008,2028,2023.102163,4497.313605449105,910.0860471407028
pooled_equal_year,276,Germany,2013,A165,2017,2013.380198,4488.040572782918,903.222632674402
pooled_equal_year,276,Germany,2013,E018,2024,2021.826483,4508.681196615531,906.647010311722
pooled_equal_year,276,Germany,2013,E025,2030,2021.166854,4510.500693447086,905.6900174393426
pooled_equal_year,276,Germany,2013,F063,2009,2004.94599,4492.280253409464,894.8258336656986
pooled_equal_year,276,Germany,2013,F118,1978,1988.54906,4468.08350176361,885.0164421649819
pooled_equal_year,276,Germany,2013,F120,2003,2003.314405,4480.213710590099,895.7761536674348
pooled_equal_year,276,Germany,2013,G006,1866,1812.73943,3928.4926799779378,836.4593009996848
pooled_equal_year,276,Germany,2013,Y002,2028,2001.961799,4393.144376665869,912.2966834286092
pooled_equal_year,276,Germany,2017,A008,2133,2140.245267851161,2406.555828972908,1903.404754384717
pooled_equal_year,276,Germany,2017,A165,2065,2079.3846240109597,2348.794615127633,1840.8763315128103
pooled_equal_year,276,Germany,2017,E018,2021,2022.2110467882064,2264.83652663446,1805.5773428508744
pooled_equal_year,276,Germany,2017,E025,2097,2092.898367763504,2336.9976763071427,1874.2952216831663
pooled_equal_year,276,Germany,2017,F063,2101,2108.9945799661086,2375.0085019390062,1872.7756699376444
pooled_equal_year,276,Germany,2017,F118,2102,2105.0981573663876,2359.085794738194,1878.455739944443
pooled_equal_year,276,Germany,2017,F120,2075,2076.9559048358024,2330.980661638176,1850.614164941495
pooled_equal_year,276,Germany,2017,G006,1840,1831.5440574768668,2037.301291560636,1646.56727425384
pooled_equal_year,276,Germany,2017,Y002,1987,1974.7731208662549,2195.253641828127,1776.4365832680255
pooled_equal_year,276,Germany,2018,A008,1521,1521.0,1521.0,1521.0
pooled_equal_year,276,Germany,2018,A165,1482,1482.0,1482.0,1482.0
pooled_equal_year,276,Germany,2018,E018,1471,1471.0,1471.0,1471.0
pooled_equal_year,276,Germany,2018,E025,1512,1512.0,1512.0,1512.0
pooled_equal_year,276,Germany,2018,F063,1508,1508.0,1508.0,1508.0
pooled_equal_year,276,Germany,2018,F118,1486,1486.0,1486.0,1486.0
pooled_equal_year,276,Germany,2018,F120,1480,1480.0,1480.0,1480.0
pooled_equal_year,276,Germany,2018,G006,1336,1336.0,1336.0,1336.0
pooled_equal_year,276,Germany,2018,Y002,1486,1486.0,1486.0,1486.0
pooled_equal_year,288,Ghana,2007,A008,1533,1533.0,1533.0,1533.0
pooled_equal_year,288,Ghana,2007,A165,1527,1527.0,1527.0,1527.0
pooled_equal_year,288,Ghana,2007,E018,1524,1524.0,1524.0,1524.0
pooled_equal_year,288,Ghana,2007,E025,1413,1413.0,1413.0,1413.0
pooled_equal_year,288,Ghana,2007,F063,1521,1521.0,1521.0,1521.0
pooled_equal_year,288,Ghana,2007,F118,1492,1492.0,1492.0,1492.0
pooled_equal_year,288,Ghana,2007,F120,1502,1502.0,1502.0,1502.0
pooled_equal_year,288,Ghana,2007,G006,1533,1533.0,1533.0,1533.0
pooled_equal_year,288,Ghana,2007,Y002,1526,1526.0,1526.0,1526.0
pooled_equal_year,288,Ghana,2012,A008,1552,1551.9552,2170.7582284799964,1109.5500692831922
pooled_equal_year,288,Ghana,2012,A165,1552,1551.9552,2170.7582284799964,1109.5500692831922
pooled_equal_year,288,Ghana,2012,E018,1552,1551.9552,2170.7582284799964,1109.5500692831922
pooled_equal_year,288,Ghana,2012,E025,1552,1551.9552,2170.7582284799964,1109.5500692831922
pooled_equal_year,288,Ghana,2012,F063,1552,1551.9552,2170.7582284799964,1109.5500692831922
pooled_equal_year,288,Ghana,2012,F118,1552,1551.9552,2170.7582284799964,1109.5500692831922
pooled_equal_year,288,Ghana,2012,F120,1552,1551.9552,2170.7582284799964,1109.5500692831922
pooled_equal_year,288,Ghana,2012,G006,1550,1549.6751999999997,2167.322328,1108.046179596706
pooled_equal_year,288,Ghana,2012,Y002,1552,1551.9552,2170.7582284799964,1109.5500692831922
pooled_equal_year,300,Greece,2008,A008,1495,1495.2351046109345,1573.8005429030525,1420.5917186537622
pooled_equal_year,300,Greece,2008,A165,1427,1429.6233609979065,1507.654638117442,1355.6307277792769
pooled_equal_year,300,Greece,2008,E018,1428,1429.9690321176913,1506.401010964477,1357.415069382097
pooled_equal_year,300,Greece,2008,E025,1463,1461.4112396488083,1536.4568409419728,1390.0311121414222
pooled_equal_year,300,Greece,2008,F063,1394,1390.762623981296,1459.253498098803,1325.4864071138772
pooled_equal_year,300,Greece,2008,F118,1460,1463.4543238408846,1543.566538114555,1387.49999114689
pooled_equal_year,300,Greece,2008,F120,1464,1465.0127195664604,1542.703640504437,1391.234331818732
pooled_equal_year,300,Greece,2008,G006,1389,1373.9213452317076,1429.6934722863857,1320.3248804546429
pooled_equal_year,300,Greece,2008,Y002,1465,1463.3897114149863,1538.4344889027966,1392.0056153983846
pooled_equal_year,300,Greece,2017,A008,1196,1196.8957810000002,1425.1355520000152,1005.2092999610924
pooled_equal_year,300,Greece,2017,A165,1188,1189.023922,1417.411451713714,997.436478574334
pooled_equal_year,300,Greece,2017,E018,1123,1119.89736,1305.909221773838,960.3807646226816
pooled_equal_year,300,Greece,2017,E025,1187,1185.025228,1404.3823943880898,999.9305008436248
pooled_equal_year,300,Greece,2017,F063,1185,1187.043462,1415.41660270904,995.517629212522
pooled_equal_year,300,Greece,2017,F118,1157,1153.208851,1361.809121123689,976.5617173480148
pooled_equal_year,300,Greece,2017,F120,1179,1174.752792,1386.1931729642242,995.5640737724312
pooled_equal_year,300,Greece,2017,G006,1139,1119.90684,1256.363934671334,998.2707205033572
pooled_equal_year,300,Greece,2017,Y002,1180,1181.704648,1410.3725844679798,990.1113297884776
pooled_equal_year,320,Guatemala,2020,A008,1229,1229.0,1229.0,1229.0
pooled_equal_year,320,Guatemala,2020,A165,1229,1229.0,1229.0,1229.0
pooled_equal_year,320,Guatemala,2020,E018,1229,1229.0,1229.0,1229.0
pooled_equal_year,320,Guatemala,2020,E025,1199,1199.0,1199.0,1199.0
pooled_equal_year,320,Guatemala,2020,F063,1211,1211.0,1211.0,1211.0
pooled_equal_year,320,Guatemala,2020,F118,1205,1205.0,1205.0,1205.0
pooled_equal_year,320,Guatemala,2020,F120,1205,1205.0,1205.0,1205.0
pooled_equal_year,320,Guatemala,2020,G006,1209,1209.0,1209.0,1209.0
pooled_equal_year,320,Guatemala,2020,Y002,1001,1001.0,1001.0,1001.0
pooled_equal_year,332,Haiti,2016,A008,1975,1975.0,1975.0,1975.0
pooled_equal_year,332,Haiti,2016,A165,1967,1967.0,1967.0,1967.0
pooled_equal_year,332,Haiti,2016,E018,1975,1975.0,1975.0,1975.0
pooled_equal_year,332,Haiti,2016,E025,1741,1741.0,1741.0,1741.0
pooled_equal_year,332,Haiti,2016,F063,1935,1935.0,1935.0,1935.0
pooled_equal_year,332,Haiti,2016,F118,1931,1931.0,1931.0,1931.0
pooled_equal_year,332,Haiti,2016,F120,1935,1935.0,1935.0,1935.0
pooled_equal_year,332,Haiti,2016,G006,1935,1935.0,1935.0,1935.0
pooled_equal_year,332,Haiti,2016,Y002,1981,1981.0,1981.0,1981.0
pooled_equal_year,344,Hong Kong SAR,2005,A008,1245,1245.0,1245.0,1245.0
pooled_equal_year,344,Hong Kong SAR,2005,A165,1230,1230.0,1230.0,1230.0
pooled_equal_year,344,Hong Kong SAR,2005,E018,1221,1221.0,1221.0,1221.0
pooled_equal_year,344,Hong Kong SAR,2005,F063,1064,1064.0,1064.0,1064.0
pooled_equal_year,344,Hong Kong SAR,2005,F118,1237,1237.0,1237.0,1237.0
pooled_equal_year,344,Hong Kong SAR,2005,F120,1227,1227.0,1227.0,1227.0
pooled_equal_year,344,Hong Kong SAR,2005,G006,1197,1197.0,1197.0,1197.0
pooled_equal_year,344,Hong Kong SAR,2014,A008,998,998.0,998.0,998.0
pooled_equal_year,344,Hong Kong SAR,2014,A165,993,993.0,993.0,993.0
pooled_equal_year,344,Hong Kong SAR,2014,E018,997,997.0,997.0,997.0
pooled_equal_year,344,Hong Kong SAR,2014,E025,998,998.0,998.0,998.0
pooled_equal_year,344,Hong Kong SAR,2014,F063,995,995.0,995.0,995.0
pooled_equal_year,344,Hong Kong SAR,2014,F118,996,996.0,996.0,996.0
pooled_equal_year,344,Hong Kong SAR,2014,F120,999,999.0,999.0,999.0
pooled_equal_year,344,Hong Kong SAR,2014,G006,978,978.0,978.0,978.0
pooled_equal_year,344,Hong Kong SAR,2014,Y002,929,929.0,929.0,929.0
pooled_equal_year,344,Hong Kong SAR,2018,A008,2071,2068.5644190000003,2437.090893521921,1755.7649437396008
pooled_equal_year,344,Hong Kong SAR,2018,A165,2066,2064.026639,2432.727404262719,1751.2056464019518
pooled_equal_year,344,Hong Kong SAR,2018,E018,2052,2042.424552,2396.7027200036637,1740.515423876193
pooled_equal_year,344,Hong Kong SAR,2018,E025,2068,2068.301026,2440.294349560886,1753.013580071775
pooled_equal_year,344,Hong Kong SAR,2018,F063,2058,2053.3824000000004,2416.9678270431305,1744.491272681935
pooled_equal_year,344,Hong Kong SAR,2018,F118,2052,2046.731875,2407.9435559783674,1739.704968474207
pooled_equal_year,344,Hong Kong SAR,2018,F120,2062,2059.770495,2425.291524409238,1749.3379453037044
pooled_equal_year,344,Hong Kong SAR,2018,G006,2049,2045.764166,2409.91458943867,1736.638734514032
pooled_equal_year,344,Hong Kong SAR,2018,Y002,2058,2054.675231,2420.217707416381,1744.3432018318808
pooled_equal_year,348,Hungary,2008,A008,1508,1507.2667752587076,1533.6100529370503,1481.3760039247966
pooled_equal_year,348,Hungary,2008,A165,1507,1506.8473392056003,1534.0458343527976,1480.1310709395732
pooled_equal_year,348,Hungary,2008,E018,1466,1464.8448174116024,1490.1225901906496,1439.9958454579876
pooled_equal_year,348,Hungary,2008,E025,1496,1496.7654852074118,1524.7925291512734,1469.2536032788494
pooled_equal_year,348,Hungary,2008,F063,1495,1495.220537033499,1522.6595466432614,1468.2759907133309
pooled_equal_year,348,Hungary,2008,F118,1471,1470.6317057811668,1496.736300508574,1444.982401585332
pooled_equal_year,348,Hungary,2008,F120,1498,1498.3792656134924,1525.9849733731066,1471.2729566777243
pooled_equal_year,348,Hungary,2008,G006,1494,1493.6703409919558,1520.3393965996834,1467.4691010105275
pooled_equal_year,348,Hungary,2008,Y002,1495,1495.013480097386,1522.1240385427338,1468.3857879366562
pooled_equal_year,348,Hungary,2009,A008,1002,1002.567192,1103.22357118343,911.0945421484678
pooled_equal_year,348,Hungary,2009,A165,988,988.63745,1088.369359577944,898.044399119732
pooled_equal_year,348,Hungary,2009,E018,991,990.981629,1090.597342733811,900.4648650195616
pooled_equal_year,348,Hungary,2009,E025,989,987.877591,1083.9403286095148,900.3282828786862
pooled_equal_year,348,Hungary,2009,F063,981,980.842251,1071.673216728029,897.7097741455433
pooled_equal_year,348,Hungary,2009,F118,956,952.219111,1035.302133988163,875.803502752171
pooled_equal_year,348,Hungary,2009,F120,980,977.218177,1065.2576651732488,896.4548171581507
pooled_equal_year,348,Hungary,2009,G006,987,988.443742,1089.739853742044,896.5635493131524
pooled_equal_year,348,Hungary,2009,Y002,986,984.506095,1080.512636202563,897.0300009619173
pooled_equal_year,348,Hungary,2018,A008,1508,1512.5257502593508,1702.0887899563677,1344.0745034554027
pooled_equal_year,348,Hungary,2018,A165,1497,1503.6069161083433,1694.5609885725926,1334.1707813498338
pooled_equal_year,348,Hungary,2018,E018,1437,1444.1981337613986,1628.062778922165,1281.0981717429345
pooled_equal_year,348,Hungary,2018,E025,1483,1485.631195559319,1670.7143081988206,1321.05174319029
pooled_equal_year,348,Hungary,2018,F063,1476,1483.8870549984294,1675.1541433464604,1314.4586131000028
pooled_equal_year,348,Hungary,2018,F118,1461,1461.584934503427,1637.291566820325,1304.7343332476923
pooled_equal_year,348,Hungary,2018,F120,1483,1486.6920516853058,1671.4890838772678,1322.3258697072986
pooled_equal_year,348,Hungary,2018,G006,1472,1476.490292269405,1662.7040703916389,1311.1314406371205
pooled_equal_year,348,Hungary,2018,Y002,1468,1473.5459283016587,1660.2833775965855,1307.811444789389
pooled_equal_year,352,Iceland,2009,A008,803,802.9094861658364,845.5135209840618,762.4521985464968
pooled_equal_year,352,Iceland,2009,A165,780,776.2775715901385,812.4019231299665,741.7595293622645
pooled_equal_year,352,Iceland,2009,E018,768,764.4424123565642,799.583783994186,730.8454892499077
pooled_equal_year,352,Iceland,2009,E025,799,797.078554697034,836.6524977092133,759.3764724273005
pooled_equal_year,352,Iceland,2009,F063,796,794.9484581885213,834.9945485049436,756.8229664586436
pooled_equal_year,352,Iceland,2009,F118,785,784.1428326570389,824.16416503489,746.0649323200976
pooled_equal_year,352,Iceland,2009,F120,794,793.8455928683893,834.9221464921194,754.7899261796773
pooled_equal_year,352,Iceland,2009,G006,786,784.1779513986123,823.4070724374992,746.8178013571787
pooled_equal_year,352,Iceland,2009,Y002,779,778.0817831774584,817.9699806320996,740.1387283733469
pooled_equal_year,352,Iceland,2017,A008,1619,1628.1297735454036,2272.49269148298,1166.4752848006513
pooled_equal_year,352,Iceland,2017,A165,1598,1607.6425224726909,2244.3650649926835,1151.5570797172347
pooled_equal_year,352,Iceland,2017,E018,1541,1556.35766314711,2181.060245371802,1110.5833416462165
pooled_equal_year,352,Iceland,2017,E025,1614,1624.5828004543896,2270.0434981030735,1162.6514107494818
pooled_equal_year,352,Iceland,2017,F063,1604,1613.7155268642991,2253.522889976148,1155.5586203388798
pooled_equal_year,352,Iceland,2017,F118,1580,1592.7088833203843,2226.135005299394,1139.5183045812178
pooled_equal_year,352,Iceland,2017,F120,1591,1599.399631170847,2234.0024663149925,1145.0655130247087
pooled_equal_year,352,Iceland,2017,G006,1566,1577.829866880613,2199.9662096452985,1131.6296940860216
pooled_equal_year,352,Iceland,2017,Y002,1597,1608.2999067571131,2250.4963241570267,1149.3591712680611
pooled_equal_year,356,India,2006,A008,1995,1995.0,1995.0,1995.0
pooled_equal_year,356,India,2006,A165,1778,1778.0,1778.0,1778.0
pooled_equal_year,356,India,2006,E018,1985,1985.0,1985.0,1985.0
pooled_equal_year,356,India,2006,E025,1564,1564.0,1564.0,1564.0
pooled_equal_year,356,India,2006,F063,1949,1949.0,1949.0,1949.0
pooled_equal_year,356,India,2006,F118,1502,1502.0,1502.0,1502.0
pooled_equal_year,356,India,2006,F120,1663,1663.0,1663.0,1663.0
pooled_equal_year,356,India,2006,G006,1890,1890.0,1890.0,1890.0
pooled_equal_year,356,India,2006,Y002,1503,1503.0,1503.0,1503.0
pooled_equal_year,356,India,2012,A008,4064,4064.0,4064.0,4064.0
pooled_equal_year,356,India,2012,A165,3856,3856.0,3856.0,3856.0
pooled_equal_year,356,India,2012,E018,3395,3395.0,3395.0,3395.0
pooled_equal_year,356,India,2012,E025,3125,3125.0,3125.0,3125.0
pooled_equal_year,356,India,2012,F063,4050,4050.0,4050.0,4050.0
pooled_equal_year,356,India,2012,F118,3608,3608.0,3608.0,3608.0
pooled_equal_year,356,India,2012,F120,3854,3854.0,3854.0,3854.0
pooled_equal_year,356,India,2012,G006,3997,3997.0,3997.0,3997.0
pooled_equal_year,356,India,2012,Y002,3951,3951.0,3951.0,3951.0
pooled_equal_year,360,Indonesia,2006,A008,1988,1988.0,1988.0,1988.0
pooled_equal_year,360,Indonesia,2006,A165,1775,1775.0,1775.0,1775.0
pooled_equal_year,360,Indonesia,2006,E018,1767,1767.0,1767.0,1767.0
pooled_equal_year,360,Indonesia,2006,E025,1758,1758.0,1758.0,1758.0
pooled_equal_year,360,Indonesia,2006,F063,1974,1974.0,1974.0,1974.0
pooled_equal_year,360,Indonesia,2006,F118,1975,1975.0,1975.0,1975.0
pooled_equal_year,360,Indonesia,2006,F120,1981,1981.0,1981.0,1981.0
pooled_equal_year,360,Indonesia,2006,G006,1993,1993.0,1993.0,1993.0
pooled_equal_year,360,Indonesia,2006,Y002,1850,1850.0,1850.0,1850.0
pooled_equal_year,360,Indonesia,2018,A008,3199,3198.377834,5513.3298899836445,1855.4341882583915
pooled_equal_year,360,Indonesia,2018,A165,3199,3199.491032,5515.702188392713,1855.9274076455224
pooled_equal_year,360,Indonesia,2018,E018,3166,3171.456422,5474.10924341146,1837.4013724243512
pooled_equal_year,360,Indonesia,2018,E025,3183,3178.1459680000003,5472.800834735503,1845.60193197727
pooled_equal_year,360,Indonesia,2018,F063,3200,3199.9999660000003,5515.961202209066,1856.430712075898
pooled_equal_year,360,Indonesia,2018,F118,3189,3185.1129739999997,5487.823529882008,1848.62807666872
pooled_equal_year,360,Indonesia,2018,F120,3193,3192.8278360000004,5507.940012458048,1850.809843113572
pooled_equal_year,360,Indonesia,2018,G006,3196,3195.475001,5508.298389012825,1853.759502641239
pooled_equal_year,360,Indonesia,2018,Y002,3159,3150.8708530000004,5427.402306878257,1829.2336869339888
pooled_equal_year,364,Iran,2007,A008,2634,2634.0,2634.0,2634.0
pooled_equal_year,364,Iran,2007,A165,2647,2647.0,2647.0,2647.0
pooled_equal_year,364,Iran,2007,E018,2623,2623.0,2623.0,2623.0
pooled_equal_year,364,Iran,2007,F063,2655,2655.0,2655.0,2655.0
pooled_equal_year,364,Iran,2007,F118,2633,2633.0,2633.0,2633.0
pooled_equal_year,364,Iran,2007,F120,2652,2652.0,2652.0,2652.0
pooled_equal_year,364,Iran,2007,G006,2658,2658.0,2658.0,2658.0
pooled_equal_year,364,Iran,2007,Y002,2585,2585.0,2585.0,2585.0
pooled_equal_year,364,Iran,2020,A008,1497,1497.0,1497.0,1497.0
pooled_equal_year,364,Iran,2020,A165,1496,1496.0,1496.0,1496.0
pooled_equal_year,364,Iran,2020,E018,1487,1487.0,1487.0,1487.0
pooled_equal_year,364,Iran,2020,E025,1475,1475.0,1475.0,1475.0
pooled_equal_year,364,Iran,2020,F063,1498,1498.0,1498.0,1498.0
pooled_equal_year,364,Iran,2020,F118,1490,1490.0,1490.0,1490.0
pooled_equal_year,364,Iran,2020,F120,1494,1494.0,1494.0,1494.0
pooled_equal_year,364,Iran,2020,G006,1480,1480.0,1480.0,1480.0
pooled_equal_year,364,Iran,2020,Y002,1485,1485.0,1485.0,1485.0
pooled_equal_year,368,Iraq,2006,A008,2638,2638.0,2638.0,2638.0
pooled_equal_year,368,Iraq,2006,A165,2555,2555.0,2555.0,2555.0
pooled_equal_year,368,Iraq,2006,E018,2289,2289.0,2289.0,2289.0
pooled_equal_year,368,Iraq,2006,E025,2211,2211.0,2211.0,2211.0
pooled_equal_year,368,Iraq,2006,F063,2609,2609.0,2609.0,2609.0
pooled_equal_year,368,Iraq,2006,F120,2609,2609.0,2609.0,2609.0
pooled_equal_year,368,Iraq,2006,G006,2655,2655.0,2655.0,2655.0
pooled_equal_year,368,Iraq,2006,Y002,2492,2492.0,2492.0,2492.0
pooled_equal_year,368,Iraq,2013,A008,1189,1189.0,1189.0,1189.0
pooled_equal_year,368,Iraq,2013,A165,1126,1126.0,1126.0,1126.0
pooled_equal_year,368,Iraq,2013,E018,1174,1174.0,1174.0,1174.0
pooled_equal_year,368,Iraq,2013,E025,1152,1152.0,1152.0,1152.0
pooled_equal_year,368,Iraq,2013,F063,1200,1200.0,1200.0,1200.0
pooled_equal_year,368,Iraq,2013,F118,1152,1152.0,1152.0,1152.0
pooled_equal_year,368,Iraq,2013,F120,1159,1159.0,1159.0,1159.0
pooled_equal_year,368,Iraq,2013,G006,1176,1176.0,1176.0,1176.0
pooled_equal_year,368,Iraq,2013,Y002,1165,1165.0,1165.0,1165.0
pooled_equal_year,368,Iraq,2018,A008,1179,1179.0,1179.0,1179.0
pooled_equal_year,368,Iraq,2018,A165,1174,1174.0,1174.0,1174.0
pooled_equal_year,368,Iraq,2018,E018,1162,1162.0,1162.0,1162.0
pooled_equal_year,368,Iraq,2018,E025,1166,1166.0,1166.0,1166.0
pooled_equal_year,368,Iraq,2018,F118,835,835.0,835.0,835.0
pooled_equal_year,368,Iraq,2018,F120,1200,1200.0,1200.0,1200.0
pooled_equal_year,368,Iraq,2018,G006,1193,1193.0,1193.0,1193.0
pooled_equal_year,368,Iraq,2018,Y002,1200,1200.0,1200.0,1200.0
pooled_equal_year,372,Ireland,2008,A008,979,978.8814773554366,1083.3636828805547,884.4757876337346
pooled_equal_year,372,Ireland,2008,A165,954,952.0962321302748,1051.649587476329,861.9669955008368
pooled_equal_year,372,Ireland,2008,E018,851,846.5174420855834,930.4637969042456,770.1447193746797
pooled_equal_year,372,Ireland,2008,E025,938,932.7179824434932,1025.4565957927662,848.3663163733462
pooled_equal_year,372,Ireland,2008,F063,940,937.7650681391718,1035.2900050577375,849.4270385359526
pooled_equal_year,372,Ireland,2008,F118,907,913.8816497537284,1018.5036791031848,820.0065320254816
pooled_equal_year,372,Ireland,2008,F120,923,920.9780007290904,1016.5828464831244,834.364342032042
pooled_equal_year,372,Ireland,2008,G006,910,904.6793837523646,995.75199258751,821.9363792180717
pooled_equal_year,372,Ireland,2008,Y002,936,937.4427294502804,1038.782705943918,845.9891235873506
pooled_equal_year,380,Italy,2005,A008,1006,1006.0,1006.0,1006.0
pooled_equal_year,380,Italy,2005,A165,953,953.0,953.0,953.0
pooled_equal_year,380,Italy,2005,E018,949,949.0,949.0,949.0
pooled_equal_year,380,Italy,2005,E025,976,976.0,976.0,976.0
pooled_equal_year,380,Italy,2005,F063,994,994.0,994.0,994.0
pooled_equal_year,380,Italy,2005,F118,931,931.0,931.0,931.0
pooled_equal_year,380,Italy,2005,F120,971,971.0,971.0,971.0
pooled_equal_year,380,Italy,2005,G006,998,998.0,998.0,998.0
pooled_equal_year,380,Italy,2005,Y002,977,977.0,977.0,977.0
pooled_equal_year,380,Italy,2009,A008,1506,1505.998211446583,1560.2844364443158,1453.6007409321155
pooled_equal_year,380,Italy,2009,A165,1456,1455.9878735085842,1507.9183334572892,1405.8458212014923
pooled_equal_year,380,Italy,2009,E018,1385,1382.723804779051,1429.9812276265989,1337.0281255201926
pooled_equal_year,380,Italy,2009,E025,1452,1445.816360955362,1489.936044988022,1403.00314005962
pooled_equal_year,380,Italy,2009,F063,1479,1478.4289213042302,1531.6856322632686,1427.0239462382704
pooled_equal_year,380,Italy,2009,F120,1426,1423.9500733550403,1474.0322394151026,1375.569514146035
pooled_equal_year,380,Italy,2009,G006,1442,1439.420674818765,1488.323463949312,1392.1247156836284
pooled_equal_year,380,Italy,2009,Y002,1396,1393.4200215004803,1440.3630511135675,1348.006917295818
pooled_equal_year,380,Italy,2018,A008,2258,2263.305930576282,2601.8049651400443,1968.8461679548088
pooled_equal_year,380,Italy,2018,A165,2230,2232.2558575497183,2562.337698132525,1944.6953526838788
pooled_equal_year,380,Italy,2018,E018,2140,2145.8400531172815,2468.2825488290273,1865.5196244639212
pooled_equal_year,380,Italy,2018,E025,2134,2123.747324190841,2427.8445987754667,1857.7394530451504
pooled_equal_year,380,Italy,2018,F063,2217,2216.9065100807925,2541.248087679458,1933.960914035133
pooled_equal_year,380,Italy,2018,F118,2150,2147.9975803195093,2463.647565081271,1872.7896272396672
pooled_equal_year,380,Italy,2018,F120,2193,2198.7627308586225,2532.0212159680013,1909.366918461857
pooled_equal_year,380,Italy,2018,G006,2237,2238.8060673082964,2569.2432073652717,1950.8673186904896
pooled_equal_year,380,Italy,2018,Y002,2166,2170.3025473132975,2495.9946793512777,1887.1086488448757
pooled_equal_year,392,Japan,2005,A008,1066,1066.0,1066.0,1066.0
pooled_equal_year,392,Japan,2005,A165,1026,1026.0,1026.0,1026.0
pooled_equal_year,392,Japan,2005,E018,1070,1070.0,1070.0,1070.0
pooled_equal_year,392,Japan,2005,E025,1005,1005.0,1005.0,1005.0
pooled_equal_year,392,Japan,2005,F063,1011,1011.0,1011.0,1011.0
pooled_equal_year,392,Japan,2005,F118,976,976.0,976.0,976.0
pooled_equal_year,392,Japan,2005,F120,1025,1025.0,1025.0,1025.0
pooled_equal_year,392,Japan,2005,G006,1030,1030.0,1030.0,1030.0
pooled_equal_year,392,Japan,2005,Y002,922,922.0,922.0,922.0
pooled_equal_year,392,Japan,2010,A008,2366,2366.0,2366.0,2366.0
pooled_equal_year,392,Japan,2010,A165,2265,2265.0,2265.0,2265.0
pooled_equal_year,392,Japan,2010,E018,2383,2383.0,2383.0,2383.0
pooled_equal_year,392,Japan,2010,E025,2026,2026.0,2026.0,2026.0
pooled_equal_year,392,Japan,2010,F063,2148,2148.0,2148.0,2148.0
pooled_equal_year,392,Japan,2010,F118,2000,2000.0,2000.0,2000.0
pooled_equal_year,392,Japan,2010,F120,2090,2090.0,2090.0,2090.0
pooled_equal_year,392,Japan,2010,G006,2232,2232.0,2232.0,2232.0
pooled_equal_year,392,Japan,2010,Y002,1931,1931.0,1931.0,1931.0
pooled_equal_year,392,Japan,2019,A008,1324,1324.0,1324.0,1324.0
pooled_equal_year,392,Japan,2019,A165,1281,1281.0,1281.0,1281.0
pooled_equal_year,392,Japan,2019,E018,1342,1342.0,1342.0,1342.0
pooled_equal_year,392,Japan,2019,E025,1211,1211.0,1211.0,1211.0
pooled_equal_year,392,Japan,2019,F063,1246,1246.0,1246.0,1246.0
pooled_equal_year,392,Japan,2019,F118,1218,1218.0,1218.0,1218.0
pooled_equal_year,392,Japan,2019,F120,1242,1242.0,1242.0,1242.0
pooled_equal_year,392,Japan,2019,G006,1283,1283.0,1283.0,1283.0
pooled_equal_year,392,Japan,2019,Y002,1137,1137.0,1137.0,1137.0
pooled_equal_year,398,Kazakhstan,2011,A008,1500,1500.125948,1573.8971488497536,1429.8125271448237
pooled_equal_year,398,Kazakhstan,2011,A165,1500,1500.125948,1573.8971488497536,1429.8125271448237
pooled_equal_year,398,Kazakhstan,2011,E018,1500,1500.125948,1573.8971488497536,1429.8125271448237
pooled_equal_year,398,Kazakhstan,2011,E025,1500,1500.125948,1573.8971488497536,1429.8125271448237
pooled_equal_year,398,Kazakhstan,2011,F063,1500,1500.125948,1573.8971488497536,1429.8125271448237
pooled_equal_year,398,Kazakhstan,2011,F118,1500,1500.125948,1573.8971488497536,1429.8125271448237
pooled_equal_year,398,Kazakhstan,2011,F120,1500,1500.125948,1573.8971488497536,1429.8125271448237
pooled_equal_year,398,Kazakhstan,2011,G006,1494,1493.892344,1567.0022140519018,1424.193479402382
pooled_equal_year,398,Kazakhstan,2011,Y002,1500,1500.125948,1573.8971488497536,1429.8125271448237
pooled_equal_year,398,Kazakhstan,2018,A008,1211,1211.0,1211.0,1211.0
pooled_equal_year,398,Kazakhstan,2018,A165,1218,1218.0,1218.0,1218.0
pooled_equal_year,398,Kazakhstan,2018,E018,1156,1156.0,1156.0,1156.0
pooled_equal_year,398,Kazakhstan,2018,E025,1174,1174.0,1174.0,1174.0
pooled_equal_year,398,Kazakhstan,2018,F063,1234,1234.0,1234.0,1234.0
pooled_equal_year,398,Kazakhstan,2018,F118,1151,1151.0,1151.0,1151.0
pooled_equal_year,398,Kazakhstan,2018,F120,1133,1133.0,1133.0,1133.0
pooled_equal_year,398,Kazakhstan,2018,G006,1250,1250.0,1250.0,1250.0
pooled_equal_year,398,Kazakhstan,2018,Y002,1180,1180.0,1180.0,1180.0
pooled_equal_year,400,Jordan,2007,A008,1199,1199.760721,1633.613077357155,881.1301816848394
pooled_equal_year,400,Jordan,2007,A165,1191,1192.344076,1625.2002875960095,874.7748855467186
pooled_equal_year,400,Jordan,2007,E018,1171,1171.747162,1600.82142378166,857.6793084212994
pooled_equal_year,400,Jordan,2007,E025,1182,1180.78292,1611.2971975458138,865.295555833724
pooled_equal_year,400,Jordan,2007,F063,1190,1189.761766,1621.1820468792978,873.1487389465459
pooled_equal_year,400,Jordan,2007,F118,1196,1196.915085,1631.081763025923,878.3163132440643
pooled_equal_year,400,Jordan,2007,F120,1190,1191.4638329999998,1626.194868537793,872.9495417873778
pooled_equal_year,400,Jordan,2007,G006,1191,1190.229318,1620.8598033266517,874.0088603093383
pooled_equal_year,400,Jordan,2007,Y002,1177,1175.137229,1583.747403087775,871.9493426094432
pooled_equal_year,400,Jordan,2014,A008,1200,1200.0,1200.0,1200.0
pooled_equal_year,400,Jordan,2014,A165,1200,1200.0,1200.0,1200.0
pooled_equal_year,400,Jordan,2014,E018,1186,1186.0,1186.0,1186.0
pooled_equal_year,400,Jordan,2014,E025,1194,1194.0,1194.0,1194.0
pooled_equal_year,400,Jordan,2014,F063,1200,1200.0,1200.0,1200.0
pooled_equal_year,400,Jordan,2014,F118,1179,1179.0,1179.0,1179.0
pooled_equal_year,400,Jordan,2014,F120,1196,1196.0,1196.0,1196.0
pooled_equal_year,400,Jordan,2014,G006,1194,1194.0,1194.0,1194.0
pooled_equal_year,400,Jordan,2014,Y002,1192,1192.0,1192.0,1192.0
pooled_equal_year,400,Jordan,2018,A008,1199,1199.0,1199.0,1199.0
pooled_equal_year,400,Jordan,2018,A165,1196,1196.0,1196.0,1196.0
pooled_equal_year,400,Jordan,2018,E018,1193,1193.0,1193.0,1193.0
pooled_equal_year,400,Jordan,2018,E025,1143,1143.0,1143.0,1143.0
pooled_equal_year,400,Jordan,2018,F063,1197,1197.0,1197.0,1197.0
pooled_equal_year,400,Jordan,2018,F118,1195,1195.0,1195.0,1195.0
pooled_equal_year,400,Jordan,2018,F120,1196,1196.0,1196.0,1196.0
pooled_equal_year,400,Jordan,2018,G006,1195,1195.0,1195.0,1195.0
pooled_equal_year,400,Jordan,2018,Y002,1188,1188.0,1188.0,1188.0
pooled_equal_year,404,Kenya,2021,A008,1253,1253.0,1253.0,1253.0
pooled_equal_year,404,Kenya,2021,A165,1252,1252.0,1252.0,1252.0
pooled_equal_year,404,Kenya,2021,E018,1250,1250.0,1250.0,1250.0
pooled_equal_year,404,Kenya,2021,E025,1189,1189.0,1189.0,1189.0
pooled_equal_year,404,Kenya,2021,F063,1259,1259.0,1259.0,1259.0
pooled_equal_year,404,Kenya,2021,F118,1215,1215.0,1215.0,1215.0
pooled_equal_year,404,Kenya,2021,F120,1224,1224.0,1224.0,1224.0
pooled_equal_year,404,Kenya,2021,G006,1250,1250.0,1250.0,1250.0
pooled_equal_year,404,Kenya,2021,Y002,1237,1237.0,1237.0,1237.0
pooled_equal_year,410,South Korea,2005,A008,1200,1199.9999690000002,2325.5213651398835,619.21595182308
pooled_equal_year,410,South Korea,2005,A165,1184,1189.54241,2316.4985487712784,610.8405057879968
pooled_equal_year,410,South Korea,2005,E018,1199,1198.149395,2322.0967410104067,618.2179869535556
pooled_equal_year,410,South Korea,2005,E025,1197,1197.655128,2323.2996883240785,617.3881969826247
pooled_equal_year,410,South Korea,2005,F063,1199,1199.6159940000002,2325.373928339258,618.8589781293256
pooled_equal_year,410,South Korea,2005,F118,1200,1199.9999690000002,2325.5213651398835,619.21595182308
pooled_equal_year,410,South Korea,2005,F120,1200,1199.9999690000002,2325.5213651398835,619.21595182308
pooled_equal_year,410,South Korea,2005,G006,1200,1199.9999690000002,2325.5213651398835,619.21595182308
pooled_equal_year,410,South Korea,2005,Y002,1194,1195.324888,2319.537379346058,615.9855842784614
pooled_equal_year,410,South Korea,2010,A008,1199,1199.068531,2161.8600561739013,665.0593954629426
pooled_equal_year,410,South Korea,2010,A165,1193,1193.944897,2153.3918968766848,661.980951604729
pooled_equal_year,410,South Korea,2010,E018,1190,1182.416065,2104.476071497841,664.3495593537416
pooled_equal_year,410,South Korea,2010,E025,1187,1187.973356,2142.9253982678383,658.5766801339254
pooled_equal_year,410,South Korea,2010,F063,1191,1190.977613,2147.262356503657,660.5749271257073
pooled_equal_year,410,South Korea,2010,F118,1192,1191.990642,2151.638770370516,660.3532666270467
pooled_equal_year,410,South Korea,2010,F120,1197,1195.6620240000002,2154.8667258828523,663.4320621615541
pooled_equal_year,410,South Korea,2010,G006,1173,1174.486755,2126.393432072879,648.7130353510009
pooled_equal_year,410,South Korea,2010,Y002,1179,1173.1524800000002,2089.5033697030203,658.6669164002169
pooled_equal_year,410,South Korea,2018,A008,1245,1245.0,1245.0,1245.0
pooled_equal_year,410,South Korea,2018,A165,1245,1245.0,1245.0,1245.0
pooled_equal_year,410,South Korea,2018,E018,1245,1245.0,1245.0,1245.0
pooled_equal_year,410,South Korea,2018,E025,1245,1245.0,1245.0,1245.0
pooled_equal_year,410,South Korea,2018,F063,1245,1245.0,1245.0,1245.0
pooled_equal_year,410,South Korea,2018,F118,1245,1245.0,1245.0,1245.0
pooled_equal_year,410,South Korea,2018,F120,1245,1245.0,1245.0,1245.0
pooled_equal_year,410,South Korea,2018,G006,1245,1245.0,1245.0,1245.0
pooled_equal_year,410,South Korea,2018,Y002,1245,1245.0,1245.0,1245.0
pooled_equal_year,417,Kyrgyzstan,2011,A008,1498,1498.0,1498.0,1498.0
pooled_equal_year,417,Kyrgyzstan,2011,A165,1430,1430.0,1430.0,1430.0
pooled_equal_year,417,Kyrgyzstan,2011,E018,1487,1487.0,1487.0,1487.0
pooled_equal_year,417,Kyrgyzstan,2011,E025,1500,1500.0,1500.0,1500.0
pooled_equal_year,417,Kyrgyzstan,2011,F063,1496,1496.0,1496.0,1496.0
pooled_equal_year,417,Kyrgyzstan,2011,F118,1494,1494.0,1494.0,1494.0
pooled_equal_year,417,Kyrgyzstan,2011,F120,1494,1494.0,1494.0,1494.0
pooled_equal_year,417,Kyrgyzstan,2011,G006,1472,1472.0,1472.0,1472.0
pooled_equal_year,417,Kyrgyzstan,2011,Y002,1454,1454.0,1454.0,1454.0
pooled_equal_year,417,Kyrgyzstan,2020,A008,1199,1197.67605,1507.8209345630642,951.3251128584913
pooled_equal_year,417,Kyrgyzstan,2020,A165,1190,1190.282449,1500.054394905685,944.4806223087104
pooled_equal_year,417,Kyrgyzstan,2020,E018,1166,1166.176506,1469.846731239556,925.2445266857692
pooled_equal_year,417,Kyrgyzstan,2020,E025,1160,1157.039679,1458.3237747220192,917.9997213140198
pooled_equal_year,417,Kyrgyzstan,2020,F063,1197,1197.256949,1509.9340364842533,949.3290218600472
pooled_equal_year,417,Kyrgyzstan,2020,F118,1136,1134.137027,1425.406237292253,902.3861144706592
pooled_equal_year,417,Kyrgyzstan,2020,F120,1150,1146.3888860000002,1448.588280183314,907.2332669832264
pooled_equal_year,417,Kyrgyzstan,2020,G006,1194,1195.2189600000002,1508.5477156053362,946.9692920984254
pooled_equal_year,417,Kyrgyzstan,2020,Y002,1135,1131.027364,1428.806721960948,895.3085665506494
pooled_equal_year,422,Lebanon,2013,A008,1194,1194.0,1194.0,1194.0
pooled_equal_year,422,Lebanon,2013,A165,1082,1082.0,1082.0,1082.0
pooled_equal_year,422,Lebanon,2013,E018,1168,1168.0,1168.0,1168.0
pooled_equal_year,422,Lebanon,2013,E025,1109,1109.0,1109.0,1109.0
pooled_equal_year,422,Lebanon,2013,F063,1184,1184.0,1184.0,1184.0
pooled_equal_year,422,Lebanon,2013,F118,1200,1200.0,1200.0,1200.0
pooled_equal_year,422,Lebanon,2013,F120,1200,1200.0,1200.0,1200.0
pooled_equal_year,422,Lebanon,2013,G006,1181,1181.0,1181.0,1181.0
pooled_equal_year,422,Lebanon,2013,Y002,1090,1090.0,1090.0,1090.0
pooled_equal_year,422,Lebanon,2018,A008,1200,1200.0,1200.0,1200.0
pooled_equal_year,422,Lebanon,2018,A165,1200,1200.0,1200.0,1200.0
pooled_equal_year,422,Lebanon,2018,E018,1184,1184.0,1184.0,1184.0
pooled_equal_year,422,Lebanon,2018,E025,1185,1185.0,1185.0,1185.0
pooled_equal_year,422,Lebanon,2018,F063,1200,1200.0,1200.0,1200.0
pooled_equal_year,422,Lebanon,2018,F118,1192,1192.0,1192.0,1192.0
pooled_equal_year,422,Lebanon,2018,F120,1200,1200.0,1200.0,1200.0
pooled_equal_year,422,Lebanon,2018,G006,1200,1200.0,1200.0,1200.0
pooled_equal_year,422,Lebanon,2018,Y002,1200,1200.0,1200.0,1200.0
pooled_equal_year,428,Latvia,2008,A008,1490,1489.7899201442876,1565.4729867160945,1417.765764722221
pooled_equal_year,428,Latvia,2008,A165,1466,1466.906850880233,1542.5143708068936,1395.0052912853844
pooled_equal_year,428,Latvia,2008,E018,1203,1206.5655389762824,1273.6463895257548,1143.0177259696056
pooled_equal_year,428,Latvia,2008,E025,1387,1386.2943908000416,1455.2582768789405,1320.5986651973046
pooled_equal_year,428,Latvia,2008,F063,1455,1452.6585658457875,1523.5534735549431,1385.0625826747792
pooled_equal_year,428,Latvia,2008,F118,1415,1413.6372272575245,1482.7830410505944,1347.7158525312234
pooled_equal_year,428,Latvia,2008,F120,1423,1420.1234164383368,1489.3951441293898,1354.0735149202894
pooled_equal_year,428,Latvia,2008,G006,1181,1188.9430506526514,1260.8472087902312,1121.139474981709
pooled_equal_year,428,Latvia,2008,Y002,1468,1470.3191782854087,1547.4743498768548,1397.010868843102
pooled_equal_year,428,Latvia,2021,A008,1309,1305.9633522397978,1426.5665110678033,1195.556088104712
pooled_equal_year,428,Latvia,2021,A165,1289,1287.672948676855,1409.562032670899,1176.3239817209774
pooled_equal_year,428,Latvia,2021,E018,1149,1151.0303564990008,1262.1931055623322,1049.6578342439611
pooled_equal_year,428,Latvia,2021,E025,1295,1293.0152238132878,1413.012511385288,1183.2084681075062
pooled_equal_year,428,Latvia,2021,F063,1286,1283.9479084480554,1404.0705574723452,1174.1021295794856
pooled_equal_year,428,Latvia,2021,F118,1227,1227.1390254038042,1344.250636969272,1120.230220655957
pooled_equal_year,428,Latvia,2021,F120,1212,1201.083128636364,1304.2314019279925,1106.0925843085656
pooled_equal_year,428,Latvia,2021,G006,1223,1218.6596595594456,1331.5754602788882,1115.3189662465652
pooled_equal_year,428,Latvia,2021,Y002,1276,1273.414070850013,1393.3296374774068,1163.8189213965509
pooled_equal_year,434,Libya,2014,A008,2111,2111.659147,4958.276864619756,899.3254057527766
pooled_equal_year,434,Libya,2014,A165,2008,2005.823387,4596.117590388597,875.375222829315
pooled_equal_year,434,Libya,2014,E018,2056,2071.990738,4915.679657786945,873.3574840575701
pooled_equal_year,434,Libya,2014,E025,1933,1931.474936,4708.786426830302,792.2626108373823
pooled_equal_year,434,Libya,2014,F063,2121,2108.826476,4722.745092951725,941.6449582501396
pooled_equal_year,434,Libya,2014,F118,1950,1947.598544,4347.627984169736,872.4619729199975
pooled_equal_year,434,Libya,2014,F120,2052,2050.515576,4654.47301699305,903.3491250390656
pooled_equal_year,434,Libya,2014,G006,2077,2067.6224549999997,4663.579666492342,916.6912376637206
pooled_equal_year,434,Libya,2014,Y002,2017,2032.52906,4830.154853750686,855.2881853335545
pooled_equal_year,434,Libya,2022,A008,1191,1191.0,1191.0,1191.0
pooled_equal_year,434,Libya,2022,A165,1176,1176.0,1176.0,1176.0
pooled_equal_year,434,Libya,2022,E018,1162,1162.0,1162.0,1162.0
pooled_equal_year,434,Libya,2022,E025,1129,1129.0,1129.0,1129.0
pooled_equal_year,434,Libya,2022,F063,1190,1190.0,1190.0,1190.0
pooled_equal_year,434,Libya,2022,F118,1118,1118.0,1118.0,1118.0
pooled_equal_year,434,Libya,2022,F120,1126,1126.0,1126.0,1126.0
pooled_equal_year,434,Libya,2022,G006,1193,1193.0,1193.0,1193.0
pooled_equal_year,434,Libya,2022,Y002,1174,1174.0,1174.0,1174.0
pooled_equal_year,440,Lithuania,2008,A008,1423,1426.644877987299,1512.9773310265828,1345.2386669312464
pooled_equal_year,440,Lithuania,2008,A165,1399,1398.6752762441588,1477.8165638213177,1323.772230105555
pooled_equal_year,440,Lithuania,2008,E018,1202,1199.7191267094197,1265.264363508763,1137.569368508057
pooled_equal_year,440,Lithuania,2008,E025,1053,1051.0266906769016,1108.97096662279,996.1100315180588
pooled_equal_year,440,Lithuania,2008,F063,1373,1364.9005577689045,1432.9925195692194,1300.0441433971334
pooled_equal_year,440,Lithuania,2008,F118,1356,1349.210367997257,1419.2405680701995,1282.635698320352
pooled_equal_year,440,Lithuania,2008,F120,1319,1321.4686647891651,1396.965323729729,1250.0520967530556
pooled_equal_year,440,Lithuania,2008,G006,1307,1309.0248554255822,1384.8192869846634,1237.3788321890577
pooled_equal_year,440,Lithuania,2008,Y002,1460,1459.6304900389962,1542.94946107963,1380.8107272423008
pooled_equal_year,440,Lithuania,2018,A008,1285,1287.607884061703,1387.9770852070817,1194.496710909675
pooled_equal_year,440,Lithuania,2018,A165,1400,1399.4103681172344,1506.8625889732111,1299.6204117911304
pooled_equal_year,440,Lithuania,2018,E018,1228,1220.9472979998875,1307.168170511497,1140.4135581957355
pooled_equal_year,440,Lithuania,2018,E025,1285,1283.0151797282845,1378.6465272940998,1194.0174067997648
pooled_equal_year,440,Lithuania,2018,F063,1349,1353.9461923189042,1465.8304295830726,1250.60188047554
pooled_equal_year,440,Lithuania,2018,F118,1324,1331.076849809491,1442.7418541144762,1228.054467988128
pooled_equal_year,440,Lithuania,2018,F120,1318,1322.9584563650817,1430.0623613359203,1223.8760522533282
pooled_equal_year,440,Lithuania,2018,G006,1333,1331.348660197305,1431.927176810762,1237.834775199189
pooled_equal_year,440,Lithuania,2018,Y002,1392,1391.0772170678465,1497.4242732077987,1292.2829277368671
pooled_equal_year,442,Luxembourg,2008,A008,1605,1603.731813615333,2007.5788669171716,1281.1231341319149
pooled_equal_year,442,Luxembourg,2008,A165,1528,1532.309938766135,1921.1067225431143,1222.1984967775688
pooled_equal_year,442,Luxembourg,2008,E018,1521,1507.8290565327752,1870.8153489386057,1215.2714403451955
pooled_equal_year,442,Luxembourg,2008,E025,1586,1590.862828868631,1997.15327395594,1267.225992756596
pooled_equal_year,442,Luxembourg,2008,F063,1583,1584.7572275367083,1988.3639898626593,1263.0763195441425
pooled_equal_year,442,Luxembourg,2008,F118,1536,1526.7814099469108,1903.005487942256,1224.936811023117
pooled_equal_year,442,Luxembourg,2008,F120,1564,1561.706463993899,1960.2674280482192,1244.1807912447412
pooled_equal_year,442,Luxembourg,2008,G006,739,783.0421215650701,1040.3951392579402,589.348163028191
pooled_equal_year,442,Luxembourg,2008,Y002,1563,1559.3920603861047,1954.07046080799,1244.4298436350823
pooled_equal_year,446,Macau SAR,2019,A008,1023,1023.0,1023.0,1023.0
pooled_equal_year,446,Macau SAR,2019,A165,968,968.0,968.0,968.0
pooled_equal_year,446,Macau SAR,2019,E018,1016,1016.0,1016.0,1016.0
pooled_equal_year,446,Macau SAR,2019,E025,1021,1021.0,1021.0,1021.0
pooled_equal_year,446,Macau SAR,2019,F063,1022,1022.0,1022.0,1022.0
pooled_equal_year,446,Macau SAR,2019,F118,1021,1021.0,1021.0,1021.0
pooled_equal_year,446,Macau SAR,2019,F120,1022,1022.0,1022.0,1022.0
pooled_equal_year,446,Macau SAR,2019,G006,1003,1003.0,1003.0,1003.0
pooled_equal_year,446,Macau SAR,2019,Y002,979,979.0,979.0,979.0
pooled_equal_year,458,Malaysia,2006,A008,1201,1201.0,1201.0,1201.0
pooled_equal_year,458,Malaysia,2006,A165,1201,1201.0,1201.0,1201.0
pooled_equal_year,458,Malaysia,2006,E018,1200,1200.0,1200.0,1200.0
pooled_equal_year,458,Malaysia,2006,E025,1201,1201.0,1201.0,1201.0
pooled_equal_year,458,Malaysia,2006,F063,1198,1198.0,1198.0,1198.0
pooled_equal_year,458,Malaysia,2006,F118,1201,1201.0,1201.0,1201.0
pooled_equal_year,458,Malaysia,2006,F120,1199,1199.0,1199.0,1199.0
pooled_equal_year,458,Malaysia,2006,G006,1199,1199.0,1199.0,1199.0
pooled_equal_year,458,Malaysia,2006,Y002,1187,1187.0,1187.0,1187.0
pooled_equal_year,458,Malaysia,2012,A008,1300,1300.0,1300.0,1300.0
pooled_equal_year,458,Malaysia,2012,A165,1300,1300.0,1300.0,1300.0
pooled_equal_year,458,Malaysia,2012,E018,1300,1300.0,1300.0,1300.0
pooled_equal_year,458,Malaysia,2012,E025,1300,1300.0,1300.0,1300.0
pooled_equal_year,458,Malaysia,2012,F063,1300,1300.0,1300.0,1300.0
pooled_equal_year,458,Malaysia,2012,F118,1300,1300.0,1300.0,1300.0
pooled_equal_year,458,Malaysia,2012,F120,1300,1300.0,1300.0,1300.0
pooled_equal_year,458,Malaysia,2012,G006,1293,1293.0,1293.0,1293.0
pooled_equal_year,458,Malaysia,2012,Y002,1289,1289.0,1289.0,1289.0
pooled_equal_year,458,Malaysia,2018,A008,1313,1313.0,1313.0,1313.0
pooled_equal_year,458,Malaysia,2018,A165,1313,1313.0,1313.0,1313.0
pooled_equal_year,458,Malaysia,2018,E018,1313,1313.0,1313.0,1313.0
pooled_equal_year,458,Malaysia,2018,E025,1313,1313.0,1313.0,1313.0
pooled_equal_year,458,Malaysia,2018,F063,1313,1313.0,1313.0,1313.0
pooled_equal_year,458,Malaysia,2018,F118,1313,1313.0,1313.0,1313.0
pooled_equal_year,458,Malaysia,2018,F120,1313,1313.0,1313.0,1313.0
pooled_equal_year,458,Malaysia,2018,G006,1312,1312.0,1312.0,1312.0
pooled_equal_year,458,Malaysia,2018,Y002,1313,1313.0,1313.0,1313.0
pooled_equal_year,462,Maldives,2021,A008,1035,1035.0,1035.0,1035.0
pooled_equal_year,462,Maldives,2021,A165,1027,1027.0,1027.0,1027.0
pooled_equal_year,462,Maldives,2021,E018,1035,1035.0,1035.0,1035.0
pooled_equal_year,462,Maldives,2021,E025,1034,1034.0,1034.0,1034.0
pooled_equal_year,462,Maldives,2021,F063,1039,1039.0,1039.0,1039.0
pooled_equal_year,462,Maldives,2021,F118,1038,1038.0,1038.0,1038.0
pooled_equal_year,462,Maldives,2021,F120,1037,1037.0,1037.0,1037.0
pooled_equal_year,462,Maldives,2021,G006,1033,1033.0,1033.0,1033.0
pooled_equal_year,462,Maldives,2021,Y002,999,999.0,999.0,999.0
pooled_equal_year,466,Mali,2007,A008,1516,1516.0,1516.0,1516.0
pooled_equal_year,466,Mali,2007,A165,1303,1303.0,1303.0,1303.0
pooled_equal_year,466,Mali,2007,E018,1408,1408.0,1408.0,1408.0
pooled_equal_year,466,Mali,2007,E025,1178,1178.0,1178.0,1178.0
pooled_equal_year,466,Mali,2007,F063,1466,1466.0,1466.0,1466.0
pooled_equal_year,466,Mali,2007,F118,1320,1320.0,1320.0,1320.0
pooled_equal_year,466,Mali,2007,F120,1333,1333.0,1333.0,1333.0
pooled_equal_year,466,Mali,2007,G006,1500,1500.0,1500.0,1500.0
pooled_equal_year,466,Mali,2007,Y002,1459,1459.0,1459.0,1459.0
pooled_equal_year,470,Malta,2008,A008,1496,1495.5732464544071,1720.913016311708,1299.7399138185351
pooled_equal_year,470,Malta,2008,A165,1422,1413.599813763551,1618.114733705761,1234.93371134195
pooled_equal_year,470,Malta,2008,E018,1302,1314.6915246452702,1528.814748699031,1130.5580394517556
pooled_equal_year,470,Malta,2008,E025,1354,1352.84349744753,1557.8848631051496,1174.7886971173018
pooled_equal_year,470,Malta,2008,F063,1488,1485.2548583171647,1706.9124111607216,1292.3814835083692
pooled_equal_year,470,Malta,2008,F118,1295,1298.3834985366802,1495.3784022254065,1127.33988050353
pooled_equal_year,470,Malta,2008,F120,1484,1482.6037671646031,1705.0861876074102,1289.15121498643
pooled_equal_year,470,Malta,2008,G006,1459,1454.30876622323,1668.5428378953384,1267.5814725749349
pooled_equal_year,470,Malta,2008,Y002,1443,1444.1135761039,1664.512106535904,1252.898078961861
pooled_equal_year,484,Mexico,2005,A008,1554,1554.0,1554.0,1554.0
pooled_equal_year,484,Mexico,2005,A165,1548,1548.0,1548.0,1548.0
pooled_equal_year,484,Mexico,2005,E018,1518,1518.0,1518.0,1518.0
pooled_equal_year,484,Mexico,2005,E025,1486,1486.0,1486.0,1486.0
pooled_equal_year,484,Mexico,2005,F063,1549,1549.0,1549.0,1549.0
pooled_equal_year,484,Mexico,2005,F118,1448,1448.0,1448.0,1448.0
pooled_equal_year,484,Mexico,2005,F120,1484,1484.0,1484.0,1484.0
pooled_equal_year,484,Mexico,2005,G006,1559,1559.0,1559.0,1559.0
pooled_equal_year,484,Mexico,2005,Y002,1506,1506.0,1506.0,1506.0
pooled_equal_year,484,Mexico,2012,A008,2000,2000.0,2000.0,2000.0
pooled_equal_year,484,Mexico,2012,A165,1996,1996.0,1996.0,1996.0
pooled_equal_year,484,Mexico,2012,E018,1987,1987.0,1987.0,1987.0
pooled_equal_year,484,Mexico,2012,E025,1987,1987.0,1987.0,1987.0
pooled_equal_year,484,Mexico,2012,F063,1999,1999.0,1999.0,1999.0
pooled_equal_year,484,Mexico,2012,F118,1959,1959.0,1959.0,1959.0
pooled_equal_year,484,Mexico,2012,F120,1992,1992.0,1992.0,1992.0
pooled_equal_year,484,Mexico,2012,G006,1998,1998.0,1998.0,1998.0
pooled_equal_year,484,Mexico,2012,Y002,1972,1972.0,1972.0,1972.0
pooled_equal_year,484,Mexico,2018,A008,1741,1741.144054,1809.851688524843,1675.044776321152
pooled_equal_year,484,Mexico,2018,A165,1738,1738.338664,1807.171837484104,1672.1272698473451
pooled_equal_year,484,Mexico,2018,E018,1727,1727.767046,1796.7552425853578,1661.427719530781
pooled_equal_year,484,Mexico,2018,E025,1733,1733.409267,1802.213377955261,1667.2319291795134
pooled_equal_year,484,Mexico,2018,F063,1739,1739.195933,1807.915159381709,1673.0887385214448
pooled_equal_year,484,Mexico,2018,F118,1689,1690.402921,1758.7047913692268,1624.75365356836
pooled_equal_year,484,Mexico,2018,F120,1712,1711.753041,1779.3883970589186,1646.688535350569
pooled_equal_year,484,Mexico,2018,G006,1739,1739.1045149999998,1807.7542212837568,1673.0617904161663
pooled_equal_year,484,Mexico,2018,Y002,1734,1733.963985,1802.3687301773189,1668.1553840435772
pooled_equal_year,496,Mongolia,2020,A008,1638,1637.9997089999997,1820.7947132848851,1473.5560396282242
pooled_equal_year,496,Mongolia,2020,A165,1633,1633.594215,1816.4855267853932,1469.1171605446814
pooled_equal_year,496,Mongolia,2020,E018,1632,1632.938567,1816.171514610875,1468.1919312930772
pooled_equal_year,496,Mongolia,2020,E025,1638,1637.9997089999997,1820.7947132848851,1473.5560396282242
pooled_equal_year,496,Mongolia,2020,F063,1636,1635.147128,1816.722964060604,1471.7192346325494
pooled_equal_year,496,Mongolia,2020,F118,1638,1637.9997089999997,1820.7947132848851,1473.5560396282242
pooled_equal_year,496,Mongolia,2020,F120,1638,1637.9997089999997,1820.7947132848851,1473.5560396282242
pooled_equal_year,496,Mongolia,2020,G006,1608,1615.952859,1804.592593454139,1447.0322287603008
pooled_equal_year,496,Mongolia,2020,Y002,1638,1637.9997089999997,1820.7947132848851,1473.5560396282242
pooled_equal_year,498,Moldova,2006,A008,1015,1015.0,1015.0,1015.0
pooled_equal_year,498,Moldova,2006,A165,1030,1030.0,1030.0,1030.0
pooled_equal_year,498,Moldova,2006,E018,1009,1009.0,1009.0,1009.0
pooled_equal_year,498,Moldova,2006,E025,1018,1018.0,1018.0,1018.0
pooled_equal_year,498,Moldova,2006,F063,1040,1040.0,1040.0,1040.0
pooled_equal_year,498,Moldova,2006,F118,972,972.0,972.0,972.0
pooled_equal_year,498,Moldova,2006,F120,1017,1017.0,1017.0,1017.0
pooled_equal_year,498,Moldova,2006,G006,1041,1041.0,1041.0,1041.0
pooled_equal_year,498,Moldova,2006,Y002,1026,1026.0,1026.0,1026.0
pooled_equal_year,498,Moldova,2008,A008,1537,1535.1585866061455,1591.392220915538,1480.9120310232177
pooled_equal_year,498,Moldova,2008,A165,1500,1500.7014747158453,1558.3674750338744,1445.1693533743437
pooled_equal_year,498,Moldova,2008,E018,1270,1277.0156805135964,1331.9693774245052,1224.3292345285424
pooled_equal_year,498,Moldova,2008,E025,1377,1379.441797001845,1433.3137674359236,1327.5946373694117
pooled_equal_year,498,Moldova,2008,F063,1517,1516.1132035586595,1572.9299827368768,1461.3487384895354
pooled_equal_year,498,Moldova,2008,F118,1446,1457.5689978923556,1522.551770808202,1395.3597009638584
pooled_equal_year,498,Moldova,2008,F120,1496,1498.344574749833,1557.2930257413468,1441.6275084860874
pooled_equal_year,498,Moldova,2008,G006,1421,1425.4004948080733,1483.9144104280745,1369.1939078972778
pooled_equal_year,498,Moldova,2008,Y002,1493,1493.134909346189,1549.5366086412987,1438.7861797361038
pooled_equal_year,499,Montenegro,2008,A008,1506,1506.1997092781546,1546.1408959332066,1467.290316294436
pooled_equal_year,499,Montenegro,2008,A165,1444,1444.2495614890636,1483.1412020695818,1406.3777561777251
pooled_equal_year,499,Montenegro,2008,E018,1301,1301.480299578542,1335.7097640220152,1268.1280138962384
pooled_equal_year,499,Montenegro,2008,E025,1380,1383.1057383582993,1421.9048562497337,1345.3653210842351
pooled_equal_year,499,Montenegro,2008,F063,1421,1420.4676653280485,1457.0362450436644,1384.8168809157178
pooled_equal_year,499,Montenegro,2008,F118,1458,1459.275347094327,1498.8691409450266,1420.7274540955875
pooled_equal_year,499,Montenegro,2008,F120,1463,1464.7109219221502,1504.9186249641873,1425.5774692462785
pooled_equal_year,499,Montenegro,2008,G006,1404,1405.3339268738057,1443.9077609683711,1367.790588436218
pooled_equal_year,499,Montenegro,2008,Y002,1383,1380.4185166705938,1414.1140030868796,1347.5259257792457
pooled_equal_year,499,Montenegro,2019,A008,993,991.3896558787242,1320.3689279637751,744.377899970015
pooled_equal_year,499,Montenegro,2019,A165,978,976.4264075016414,1297.3069166365412,734.9136253265443
pooled_equal_year,499,Montenegro,2019,E018,850,847.9349437903245,1139.6119571863242,630.9109555816523
pooled_equal_year,499,Montenegro,2019,E025,966,968.4152045897298,1298.7857396823829,722.0806171693212
pooled_equal_year,499,Montenegro,2019,F063,984,988.577107692868,1326.9282433516437,736.5015423787389
pooled_equal_year,499,Montenegro,2019,F118,981,981.1552813616396,1313.113971021623,733.1166276411402
pooled_equal_year,499,Montenegro,2019,F120,986,989.9438816268404,1327.0571201910475,738.4677523370909
pooled_equal_year,499,Montenegro,2019,G006,943,935.99020354575,1231.9154166598605,711.1508219524989
pooled_equal_year,499,Montenegro,2019,Y002,933,939.3737862249502,1266.6605224043824,696.653203157842
pooled_equal_year,504,Morocco,2007,A008,1199,1199.0,1199.0,1199.0
pooled_equal_year,504,Morocco,2007,A165,1177,1177.0,1177.0,1177.0
pooled_equal_year,504,Morocco,2007,E018,1079,1079.0,1079.0,1079.0
pooled_equal_year,504,Morocco,2007,E025,1055,1055.0,1055.0,1055.0
pooled_equal_year,504,Morocco,2007,F063,1197,1197.0,1197.0,1197.0
pooled_equal_year,504,Morocco,2007,F120,1159,1159.0,1159.0,1159.0
pooled_equal_year,504,Morocco,2007,G006,1199,1199.0,1199.0,1199.0
pooled_equal_year,504,Morocco,2007,Y002,1159,1159.0,1159.0,1159.0
pooled_equal_year,504,Morocco,2011,A008,1197,1197.0,1197.0,1197.0
pooled_equal_year,504,Morocco,2011,A165,1181,1181.0,1181.0,1181.0
pooled_equal_year,504,Morocco,2011,E018,975,975.0,975.0,975.0
pooled_equal_year,504,Morocco,2011,E025,1108,1108.0,1108.0,1108.0
pooled_equal_year,504,Morocco,2011,F063,1195,1195.0,1195.0,1195.0
pooled_equal_year,504,Morocco,2011,F118,1109,1109.0,1109.0,1109.0
pooled_equal_year,504,Morocco,2011,F120,1107,1107.0,1107.0,1107.0
pooled_equal_year,504,Morocco,2011,G006,1189,1189.0,1189.0,1189.0
pooled_equal_year,504,Morocco,2011,Y002,986,986.0,986.0,986.0
pooled_equal_year,504,Morocco,2021,A008,1200,1200.0,1200.0,1200.0
pooled_equal_year,504,Morocco,2021,A165,1200,1200.0,1200.0,1200.0
pooled_equal_year,504,Morocco,2021,E018,1200,1200.0,1200.0,1200.0
pooled_equal_year,504,Morocco,2021,E025,1200,1200.0,1200.0,1200.0
pooled_equal_year,504,Morocco,2021,F063,1200,1200.0,1200.0,1200.0
pooled_equal_year,504,Morocco,2021,F118,1200,1200.0,1200.0,1200.0
pooled_equal_year,504,Morocco,2021,F120,1200,1200.0,1200.0,1200.0
pooled_equal_year,504,Morocco,2021,G006,1200,1200.0,1200.0,1200.0
pooled_equal_year,504,Morocco,2021,Y002,1191,1191.0,1191.0,1191.0
pooled_equal_year,528,Netherlands,2006,A008,1047,1046.308001,1280.053066540127,855.2461312527137
pooled_equal_year,528,Netherlands,2006,A165,996,992.798305,1211.868713929919,813.3294168594832
pooled_equal_year,528,Netherlands,2006,E018,1017,1017.468164,1247.523459843076,829.8372720652104
pooled_equal_year,528,Netherlands,2006,E025,965,965.304462,1181.3113236489262,788.7952021647046
pooled_equal_year,528,Netherlands,2006,F063,1018,1020.351151,1251.8192958071832,831.6827155757368
pooled_equal_year,528,Netherlands,2006,F118,1016,1015.035179,1240.892332096863,830.2867121973142
pooled_equal_year,528,Netherlands,2006,F120,1009,1008.16922,1234.11391504261,823.5910508474537
pooled_equal_year,528,Netherlands,2006,G006,994,997.165285,1219.788930966117,815.1726748508687
pooled_equal_year,528,Netherlands,2006,Y002,1022,1023.152134,1253.931324491264,834.8465891730316
pooled_equal_year,528,Netherlands,2008,A008,1549,1549.7266824654173,1912.352813598527,1255.8628163523929
pooled_equal_year,528,Netherlands,2008,A165,1524,1527.0532567610342,1888.9540820429904,1234.4882658356803
pooled_equal_year,528,Netherlands,2008,E018,1503,1505.0362997481616,1848.5430830435444,1225.361899507473
pooled_equal_year,528,Netherlands,2008,E025,1538,1535.144954543462,1879.1307260578865,1254.1277723685369
pooled_equal_year,528,Netherlands,2008,F063,1538,1542.2882475768547,1906.844631622236,1247.4288671280267
pooled_equal_year,528,Netherlands,2008,F118,1519,1524.0651331196118,1883.0773287311108,1233.4992804337323
pooled_equal_year,528,Netherlands,2008,F120,1537,1537.6842300052754,1894.3498550069785,1248.1711258125583
pooled_equal_year,528,Netherlands,2008,G006,1483,1473.410908652551,1802.790455784648,1204.210782662178
pooled_equal_year,528,Netherlands,2008,Y002,1512,1517.1322887665715,1879.5242092002372,1224.6133198771065
pooled_equal_year,528,Netherlands,2012,A008,1884,1884.0,1884.0,1884.0
pooled_equal_year,528,Netherlands,2012,A165,1866,1866.0,1866.0,1866.0
pooled_equal_year,528,Netherlands,2012,E018,1728,1728.0,1728.0,1728.0
pooled_equal_year,528,Netherlands,2012,E025,1894,1894.0,1894.0,1894.0
pooled_equal_year,528,Netherlands,2012,F063,1809,1809.0,1809.0,1809.0
pooled_equal_year,528,Netherlands,2012,F118,1779,1779.0,1779.0,1779.0
pooled_equal_year,528,Netherlands,2012,F120,1784,1784.0,1784.0,1784.0
pooled_equal_year,528,Netherlands,2012,G006,1830,1830.0,1830.0,1830.0
pooled_equal_year,528,Netherlands,2012,Y002,1826,1826.0,1826.0,1826.0
pooled_equal_year,528,Netherlands,2017,A008,2390,2393.8988039215533,2862.624675701455,2001.922058473413
pooled_equal_year,528,Netherlands,2017,A165,2365,2367.0348836988924,2828.880768318028,1980.590417028685
pooled_equal_year,528,Netherlands,2017,E018,2286,2288.242278792434,2734.7101344949115,1914.664614873438
pooled_equal_year,528,Netherlands,2017,E025,2354,2357.248359010812,2820.912527901093,1969.79515355394
pooled_equal_year,528,Netherlands,2017,F063,2357,2357.527455089787,2813.375951570511,1975.5396353621068
pooled_equal_year,528,Netherlands,2017,F118,2318,2309.442565546833,2747.568081115518,1941.1802751013604
pooled_equal_year,528,Netherlands,2017,F120,2332,2325.9680236194317,2769.7582793245283,1953.2849806010777
pooled_equal_year,528,Netherlands,2017,G006,2288,2284.2656953865544,2718.3573945850294,1919.4936535989789
pooled_equal_year,528,Netherlands,2017,Y002,2321,2318.718764140898,2766.0881884554574,1943.7040111802175
pooled_equal_year,528,Netherlands,2022,A008,2036,2036.0,2036.0,2036.0
pooled_equal_year,528,Netherlands,2022,A165,1941,1941.0,1941.0,1941.0
pooled_equal_year,528,Netherlands,2022,E018,1895,1895.0,1895.0,1895.0
pooled_equal_year,528,Netherlands,2022,E025,1921,1921.0,1921.0,1921.0
pooled_equal_year,528,Netherlands,2022,F063,1937,1937.0,1937.0,1937.0
pooled_equal_year,528,Netherlands,2022,F118,1882,1882.0,1882.0,1882.0
pooled_equal_year,528,Netherlands,2022,F120,1900,1900.0,1900.0,1900.0
pooled_equal_year,528,Netherlands,2022,G006,1812,1812.0,1812.0,1812.0
pooled_equal_year,528,Netherlands,2022,Y002,1901,1901.0,1901.0,1901.0
pooled_equal_year,554,New Zealand,2011,A008,819,819.0,819.0,819.0
pooled_equal_year,554,New Zealand,2011,A165,819,819.0,819.0,819.0
pooled_equal_year,554,New Zealand,2011,E018,812,812.0,812.0,812.0
pooled_equal_year,554,New Zealand,2011,E025,799,799.0,799.0,799.0
pooled_equal_year,554,New Zealand,2011,F063,807,807.0,807.0,807.0
pooled_equal_year,554,New Zealand,2011,F118,747,747.0,747.0,747.0
pooled_equal_year,554,New Zealand,2011,F120,788,788.0,788.0,788.0
pooled_equal_year,554,New Zealand,2011,G006,779,779.0,779.0,779.0
pooled_equal_year,554,New Zealand,2011,Y002,573,573.0,573.0,573.0
pooled_equal_year,554,New Zealand,2020,A008,1014,1014.0,1014.0,1014.0
pooled_equal_year,554,New Zealand,2020,A165,1005,1005.0,1005.0,1005.0
pooled_equal_year,554,New Zealand,2020,E018,1002,1002.0,1002.0,1002.0
pooled_equal_year,554,New Zealand,2020,E025,1023,1023.0,1023.0,1023.0
pooled_equal_year,554,New Zealand,2020,F063,995,995.0,995.0,995.0
pooled_equal_year,554,New Zealand,2020,F118,924,924.0,924.0,924.0
pooled_equal_year,554,New Zealand,2020,F120,983,983.0,983.0,983.0
pooled_equal_year,554,New Zealand,2020,G006,974,974.0,974.0,974.0
pooled_equal_year,554,New Zealand,2020,Y002,703,703.0,703.0,703.0
pooled_equal_year,558,Nicaragua,2020,A008,1200,1200.0,1200.0,1200.0
pooled_equal_year,558,Nicaragua,2020,A165,1200,1200.0,1200.0,1200.0
pooled_equal_year,558,Nicaragua,2020,E018,1200,1200.0,1200.0,1200.0
pooled_equal_year,558,Nicaragua,2020,E025,1200,1200.0,1200.0,1200.0
pooled_equal_year,558,Nicaragua,2020,F063,1200,1200.0,1200.0,1200.0
pooled_equal_year,558,Nicaragua,2020,F118,1200,1200.0,1200.0,1200.0
pooled_equal_year,558,Nicaragua,2020,F120,1200,1200.0,1200.0,1200.0
pooled_equal_year,558,Nicaragua,2020,G006,1200,1200.0,1200.0,1200.0
pooled_equal_year,558,Nicaragua,2020,Y002,1136,1136.0,1136.0,1136.0
pooled_equal_year,566,Nigeria,2012,A008,1759,1758.9996,2546.9215346799992,1214.8311405238903
pooled_equal_year,566,Nigeria,2012,A165,1759,1758.9996,2546.9215346799992,1214.8311405238903
pooled_equal_year,566,Nigeria,2012,E018,1759,1758.9996,2546.9215346799992,1214.8311405238903
pooled_equal_year,566,Nigeria,2012,E025,1759,1758.9996,2546.9215346799992,1214.8311405238903
pooled_equal_year,566,Nigeria,2012,F063,1759,1758.9996,2546.9215346799992,1214.8311405238903
pooled_equal_year,566,Nigeria,2012,F118,1759,1758.9996,2546.9215346799992,1214.8311405238903
pooled_equal_year,566,Nigeria,2012,F120,1759,1758.9996,2546.9215346799992,1214.8311405238903
pooled_equal_year,566,Nigeria,2012,G006,1758,1758.1767,2546.24437027,1214.017532847841
pooled_equal_year,566,Nigeria,2012,Y002,1759,1758.9996,2546.9215346799992,1214.8311405238903
pooled_equal_year,566,Nigeria,2018,A008,1233,1232.739086,1271.997895092546,1194.6919566573272
pooled_equal_year,566,Nigeria,2018,A165,1230,1229.840268,1269.259699903032,1191.6450864309825
pooled_equal_year,566,Nigeria,2018,E018,1234,1234.300877,1274.206472008705,1195.6450453130026
pooled_equal_year,566,Nigeria,2018,E025,1176,1174.628244,1211.4337223020443,1138.9409805933344
pooled_equal_year,566,Nigeria,2018,F063,1237,1237.081428,1276.9359130013731,1198.4708425229117
pooled_equal_year,566,Nigeria,2018,F118,1236,1236.198775,1276.1568366829651,1197.4918500484807
pooled_equal_year,566,Nigeria,2018,F120,1229,1229.563305,1269.779066098145,1190.6212359037818
pooled_equal_year,566,Nigeria,2018,G006,1236,1236.183992,1276.130521627278,1197.4879028270636
pooled_equal_year,566,Nigeria,2018,Y002,1180,1181.164386,1220.176650597934,1143.3994463597382
pooled_equal_year,578,Norway,2007,A008,1023,1023.0,1023.0,1023.0
pooled_equal_year,578,Norway,2007,A165,1018,1018.0,1018.0,1018.0
pooled_equal_year,578,Norway,2007,E018,1007,1007.0,1007.0,1007.0
pooled_equal_year,578,Norway,2007,E025,1021,1021.0,1021.0,1021.0
pooled_equal_year,578,Norway,2007,F063,1014,1014.0,1014.0,1014.0
pooled_equal_year,578,Norway,2007,F118,1000,1000.0,1000.0,1000.0
pooled_equal_year,578,Norway,2007,F120,1008,1008.0,1008.0,1008.0
pooled_equal_year,578,Norway,2007,G006,990,990.0,990.0,990.0
pooled_equal_year,578,Norway,2007,Y002,1008,1008.0,1008.0,1008.0
pooled_equal_year,578,Norway,2008,A008,1087,1090.0,1205.1556634021636,985.8477506930388
pooled_equal_year,578,Norway,2008,A165,1069,1071.26175626568,1182.7683626538744,970.2675406894224
pooled_equal_year,578,Norway,2008,E018,1070,1071.0319743864486,1180.0908131650226,972.051877161528
pooled_equal_year,578,Norway,2008,E025,1084,1087.1428019265727,1202.4178261115874,982.9191202219235
pooled_equal_year,578,Norway,2008,F063,1085,1088.2355963187074,1203.5979647773263,983.9304715958272
pooled_equal_year,578,Norway,2008,F118,1071,1073.6328463310165,1186.5350363686443,971.4736214183832
pooled_equal_year,578,Norway,2008,F120,1080,1083.5560941643166,1199.200651405573,979.0636853177858
pooled_equal_year,578,Norway,2008,G006,1027,1030.170738952601,1142.494170767484,928.890298566022
pooled_equal_year,578,Norway,2008,Y002,1076,1078.7007699729052,1191.8211235736442,976.3171067577058
pooled_equal_year,578,Norway,2018,A008,1119,1119.3926455711646,1208.2339459938498,1037.0838355547985
pooled_equal_year,578,Norway,2018,A165,1109,1111.461361085407,1202.209864331544,1027.5629853301075
pooled_equal_year,578,Norway,2018,E018,1097,1097.5975339806048,1185.0649187812433,1016.5859502779608
pooled_equal_year,578,Norway,2018,E025,1116,1116.3693423786117,1204.9262371884436,1034.320998363274
pooled_equal_year,578,Norway,2018,F063,1117,1117.535475259769,1206.3799915808968,1035.2339620847656
pooled_equal_year,578,Norway,2018,F118,1106,1104.7256739663435,1189.91258529855,1025.6373701721866
pooled_equal_year,578,Norway,2018,F120,1114,1114.4897022311964,1203.1754510413343,1032.3409568441316
pooled_equal_year,578,Norway,2018,G006,1015,1011.9841229556894,1087.164389596521,942.0027687758188
pooled_equal_year,578,Norway,2018,Y002,1114,1113.2211910211688,1200.487407893147,1032.2985580610884
pooled_equal_year,586,Pakistan,2012,A008,1198,1197.7251620000002,1270.240994655176,1129.3491311681005
pooled_equal_year,586,Pakistan,2012,A165,1154,1152.158026,1221.2139714720902,1087.006984759636
pooled_equal_year,586,Pakistan,2012,E018,1127,1124.49127,1193.4516093103543,1059.5156154147744
pooled_equal_year,586,Pakistan,2012,E025,1189,1188.689198,1261.1420897652322,1120.3987408785292
pooled_equal_year,586,Pakistan,2012,F063,1200,1199.999696,1272.8286433668777,1131.33788896439
pooled_equal_year,586,Pakistan,2012,F118,1200,1199.999696,1272.8286433668777,1131.33788896439
pooled_equal_year,586,Pakistan,2012,F120,1200,1199.999696,1272.8286433668777,1131.33788896439
pooled_equal_year,586,Pakistan,2012,G006,1182,1180.922001,1252.164669340867,1113.7327274853892
pooled_equal_year,586,Pakistan,2012,Y002,1192,1191.817531,1264.433012135837,1123.3723048717272
pooled_equal_year,586,Pakistan,2018,A008,1993,1993.0,1993.0,1993.0
pooled_equal_year,586,Pakistan,2018,A165,1979,1979.0,1979.0,1979.0
pooled_equal_year,586,Pakistan,2018,E018,1920,1920.0,1920.0,1920.0
pooled_equal_year,586,Pakistan,2018,E025,1760,1760.0,1760.0,1760.0
pooled_equal_year,586,Pakistan,2018,F063,1979,1979.0,1979.0,1979.0
pooled_equal_year,586,Pakistan,2018,F118,1911,1911.0,1911.0,1911.0
pooled_equal_year,586,Pakistan,2018,F120,1869,1869.0,1869.0,1869.0
pooled_equal_year,586,Pakistan,2018,G006,1974,1974.0,1974.0,1974.0
pooled_equal_year,586,Pakistan,2018,Y002,1844,1844.0,1844.0,1844.0
pooled_equal_year,604,Peru,2006,A008,1493,1492.976743,1521.5761451563806,1464.9148925174584
pooled_equal_year,604,Peru,2006,A165,1480,1479.450788,1507.3323037058317,1452.0850039056677
pooled_equal_year,604,Peru,2006,E018,1467,1466.719112,1494.8147673334915,1439.1515260071842
pooled_equal_year,604,Peru,2006,E025,1453,1452.240399,1479.4395922506203,1425.5412573346955
pooled_equal_year,604,Peru,2006,F063,1484,1482.492003,1509.4376695139067,1456.0273559800037
pooled_equal_year,604,Peru,2006,Y002,1414,1414.674862,1441.5385965147416,1388.31174552894
pooled_equal_year,604,Peru,2012,A008,1202,1201.992661,1213.623269057029,1190.4735134325852
pooled_equal_year,604,Peru,2012,A165,1196,1196.1847979999998,1207.860023889146,1184.6224253362827
pooled_equal_year,604,Peru,2012,E018,1151,1152.583555,1165.0591332656809,1140.2415665656151
pooled_equal_year,604,Peru,2012,E025,1113,1111.9733110000002,1121.8443298474929,1102.1891464606276
pooled_equal_year,604,Peru,2012,F063,1207,1206.865088,1218.3588920164498,1195.479714702638
pooled_equal_year,604,Peru,2012,F118,1128,1128.014832,1139.089978352244,1117.0473671031766
pooled_equal_year,604,Peru,2012,F120,1169,1169.383623,1180.914043419527,1157.9657853681804
pooled_equal_year,604,Peru,2012,G006,1203,1202.874561,1214.3798174627527,1191.4783074409272
pooled_equal_year,604,Peru,2012,Y002,1119,1119.683128,1131.349085219546,1108.137464825525
pooled_equal_year,604,Peru,2018,A008,1395,1393.308535,1639.774132654407,1183.887850798894
pooled_equal_year,604,Peru,2018,A165,1395,1395.990435,1644.466059890109,1185.0589940066727
pooled_equal_year,604,Peru,2018,E018,1374,1373.251537,1617.925666736891,1165.5787547250384
pooled_equal_year,604,Peru,2018,E025,1355,1360.657546,1604.571432860224,1153.8214625861524
pooled_equal_year,604,Peru,2018,F063,1398,1397.1619469999998,1644.726161547581,1186.861102949847
pooled_equal_year,604,Peru,2018,F118,1330,1338.655282,1583.6568134767458,1131.5570070338429
pooled_equal_year,604,Peru,2018,F120,1372,1374.007364,1620.3847010383458,1165.0913731266785
pooled_equal_year,604,Peru,2018,G006,1395,1395.382876,1643.8143286886698,1184.497139763527
pooled_equal_year,604,Peru,2018,Y002,1383,1380.249291,1622.4941877194028,1174.17253000075
pooled_equal_year,608,Philippines,2012,A008,1200,1200.0,1436.5356989309955,1002.4115662921444
pooled_equal_year,608,Philippines,2012,A165,1196,1194.216014,1427.1532862279478,999.2983247535057
pooled_equal_year,608,Philippines,2012,E018,1200,1200.0,1436.5356989309955,1002.4115662921444
pooled_equal_year,608,Philippines,2012,E025,1193,1194.025675,1431.321532793767,996.0706101978471
pooled_equal_year,608,Philippines,2012,F063,1200,1200.0,1436.5356989309955,1002.4115662921444
pooled_equal_year,608,Philippines,2012,F118,1199,1199.072076,1435.674655981224,1001.4621609798434
pooled_equal_year,608,Philippines,2012,F120,1198,1198.8562539999998,1435.8816214747417,1000.9573883108542
pooled_equal_year,608,Philippines,2012,G006,1199,1199.072076,1435.674655981224,1001.4621609798434
pooled_equal_year,608,Philippines,2012,Y002,1181,1183.614971,1419.3713229805967,987.0175456507249
pooled_equal_year,608,Philippines,2019,A008,1199,1198.2129760000005,1463.1571076192238,981.244138704216
pooled_equal_year,608,Philippines,2019,A165,1197,1197.9995270000002,1464.9352593917506,979.7039544861036
pooled_equal_year,608,Philippines,2019,E018,1200,1200.0,1466.3505623957972,982.0298344259886
pooled_equal_year,608,Philippines,2019,E025,1200,1200.0,1466.3505623957972,982.0298344259886
pooled_equal_year,608,Philippines,2019,F063,1199,1199.2371050000002,1465.7685536147749,981.1710248948028
pooled_equal_year,608,Philippines,2019,F118,1200,1200.0,1466.3505623957972,982.0298344259886
pooled_equal_year,608,Philippines,2019,F120,1200,1200.0,1466.3505623957972,982.0298344259886
pooled_equal_year,608,Philippines,2019,G006,1199,1199.2371050000002,1465.7685536147749,981.1710248948028
pooled_equal_year,608,Philippines,2019,Y002,1200,1200.0,1466.3505623957972,982.0298344259886
pooled_equal_year,616,Poland,2005,A008,959,960.562142,1018.028656662356,906.3395441820536
pooled_equal_year,616,Poland,2005,A165,955,954.173038,1009.33379368559,902.0268538930496
pooled_equal_year,616,Poland,2005,E018,883,880.623186,930.9468868991542,833.0198066442401
pooled_equal_year,616,Poland,2005,E025,957,960.162901,1019.662105612199,904.1355870562876
pooled_equal_year,616,Poland,2005,F063,980,981.486716,1040.918240266474,925.4484515881446
pooled_equal_year,616,Poland,2005,F118,884,883.333384,935.1256102263842,834.4096865232835
pooled_equal_year,616,Poland,2005,F120,934,938.136191,996.9649463626928,882.7787938532101
pooled_equal_year,616,Poland,2005,G006,997,997.313561,1056.052327342201,941.841908021478
pooled_equal_year,616,Poland,2005,Y002,934,931.129977,983.924053002289,881.1686546563199
pooled_equal_year,616,Poland,2008,A008,1443,1439.7728236064231,1480.2619605945051,1400.3911731698308
pooled_equal_year,616,Poland,2008,A165,1384,1382.9550190671353,1424.8610304503566,1342.2814884329282
pooled_equal_year,616,Poland,2008,E018,1384,1380.761659907411,1418.3326286851184,1344.185928541822
pooled_equal_year,616,Poland,2008,E025,1382,1381.096631033753,1421.754342288755,1341.6016026947282
pooled_equal_year,616,Poland,2008,F063,1446,1444.8665333284366,1488.688583162877,1402.3344591634625
pooled_equal_year,616,Poland,2008,F118,1404,1401.198998043817,1440.3133986717746,1363.146822024681
pooled_equal_year,616,Poland,2008,F120,1431,1431.7455351369415,1478.1509785046692,1386.7969559227893
pooled_equal_year,616,Poland,2008,G006,1360,1358.8974359746237,1399.1498295244874,1319.803070787629
pooled_equal_year,616,Poland,2008,Y002,1445,1444.781763088518,1488.8430739249884,1402.0244171538084
pooled_equal_year,616,Poland,2012,A008,951,951.452962,1050.150092875172,862.0317657831974
pooled_equal_year,616,Poland,2012,A165,945,945.002287,1044.418496617045,855.0493172304241
pooled_equal_year,616,Poland,2012,E018,921,918.168299,1011.336581865671,833.5830428810968
pooled_equal_year,616,Poland,2012,E025,936,936.03188,1035.530985010696,846.0931570939761
pooled_equal_year,616,Poland,2012,F063,949,949.252338,1048.8456791136518,859.115901549923
pooled_equal_year,616,Poland,2012,F118,866,866.843954,959.0048774758138,783.5397485820451
pooled_equal_year,616,Poland,2012,F120,918,915.792702,1011.095771629204,829.4726341156393
pooled_equal_year,616,Poland,2012,G006,952,951.715611,1050.758104223777,862.0086779061429
pooled_equal_year,616,Poland,2012,Y002,919,917.57362,1012.446645146834,831.5908321250828
pooled_equal_year,616,Poland,2017,A008,1346,1351.9239512767294,1620.8282349128376,1127.6323614475853
pooled_equal_year,616,Poland,2017,A165,1314,1318.951694355942,1577.955142271081,1102.4607261906272
pooled_equal_year,616,Poland,2017,E018,1227,1240.833111618496,1497.095255370186,1028.4361034249127
pooled_equal_year,616,Poland,2017,E025,1312,1312.285036473417,1566.7349503373223,1099.1597631630457
pooled_equal_year,616,Poland,2017,F063,1329,1338.6609923795434,1608.4061901357054,1114.1546603767963
pooled_equal_year,616,Poland,2017,F118,1271,1288.4305268299931,1553.430775411034,1068.636754687809
pooled_equal_year,616,Poland,2017,F120,1293,1302.4155842199202,1562.8768422486214,1085.36150012841
pooled_equal_year,616,Poland,2017,G006,1323,1324.2436666973665,1581.4191642254957,1108.8908800766471
pooled_equal_year,616,Poland,2017,Y002,1275,1283.2347721470528,1544.6815748028898,1066.0394396543677
pooled_equal_year,620,Portugal,2008,A008,1547,1547.144623941217,2619.8216257203826,913.6715507232356
pooled_equal_year,620,Portugal,2008,A165,1520,1510.3108133920225,2550.4337791966764,894.3728598855615
pooled_equal_year,620,Portugal,2008,E018,1525,1526.777867110591,2581.334449083204,903.0409276592072
pooled_equal_year,620,Portugal,2008,E025,1527,1532.062852058832,2593.4372465882716,905.0601034385784
pooled_equal_year,620,Portugal,2008,F063,1531,1523.0698233864705,2572.8966570919292,901.6070196664764
pooled_equal_year,620,Portugal,2008,F118,1391,1393.4452016196233,2355.5358606384807,824.3090510158682
pooled_equal_year,620,Portugal,2008,F120,1446,1459.0532897996454,2472.178469466054,861.1176453352732
pooled_equal_year,620,Portugal,2008,G006,1500,1477.2489612120626,2489.534191157525,876.5754256973911
pooled_equal_year,620,Portugal,2008,Y002,1474,1504.1982148218212,2548.732604426161,887.7401519264412
pooled_equal_year,620,Portugal,2020,A008,1210,1212.4155147297147,1719.9416671168956,854.6518806195152
pooled_equal_year,620,Portugal,2020,A165,1207,1210.182655385879,1717.8661545678224,852.5356038376943
pooled_equal_year,620,Portugal,2020,E018,1198,1197.4065030613751,1691.4977494365703,847.6406983404246
pooled_equal_year,620,Portugal,2020,E025,1194,1196.45919731014,1699.935732957435,842.0992529744465
pooled_equal_year,620,Portugal,2020,F063,1198,1195.455443855135,1691.6774377722709,844.7909077305205
pooled_equal_year,620,Portugal,2020,F118,1155,1165.8210703120244,1664.0191770678773,816.7807118535588
pooled_equal_year,620,Portugal,2020,F120,1186,1193.469182204068,1701.0347794475483,837.3542423003513
pooled_equal_year,620,Portugal,2020,G006,1150,1134.4290736497558,1599.82446134076,804.4190811180059
pooled_equal_year,620,Portugal,2020,Y002,1121,1129.2784548929158,1601.9130900206178,796.091770914312
pooled_equal_year,630,Puerto Rico,2018,A008,1122,1122.0,1122.0,1122.0
pooled_equal_year,630,Puerto Rico,2018,A165,1116,1116.0,1116.0,1116.0
pooled_equal_year,630,Puerto Rico,2018,E018,1117,1117.0,1117.0,1117.0
pooled_equal_year,630,Puerto Rico,2018,E025,1111,1111.0,1111.0,1111.0
pooled_equal_year,630,Puerto Rico,2018,F063,1109,1109.0,1109.0,1109.0
pooled_equal_year,630,Puerto Rico,2018,F118,1099,1099.0,1099.0,1099.0
pooled_equal_year,630,Puerto Rico,2018,F120,1117,1117.0,1117.0,1117.0
pooled_equal_year,630,Puerto Rico,2018,G006,1090,1090.0,1090.0,1090.0
pooled_equal_year,630,Puerto Rico,2018,Y002,972,972.0,972.0,972.0
pooled_equal_year,642,Romania,2005,A008,1763,1763.0,1763.0,1763.0
pooled_equal_year,642,Romania,2005,A165,1685,1685.0,1685.0,1685.0
pooled_equal_year,642,Romania,2005,E018,1579,1579.0,1579.0,1579.0
pooled_equal_year,642,Romania,2005,E025,1686,1686.0,1686.0,1686.0
pooled_equal_year,642,Romania,2005,F063,1758,1758.0,1758.0,1758.0
pooled_equal_year,642,Romania,2005,F118,1599,1599.0,1599.0,1599.0
pooled_equal_year,642,Romania,2005,F120,1656,1656.0,1656.0,1656.0
pooled_equal_year,642,Romania,2005,G006,1732,1732.0,1732.0,1732.0
pooled_equal_year,642,Romania,2005,Y002,1617,1617.0,1617.0,1617.0
pooled_equal_year,642,Romania,2008,A008,1479,1479.9835393152712,1616.7230034851057,1354.8092480421838
pooled_equal_year,642,Romania,2008,A165,1362,1360.4539739103411,1484.1196249174054,1247.0928785349377
pooled_equal_year,642,Romania,2008,E018,1242,1252.0100606386284,1378.8612716059883,1136.8287906981448
pooled_equal_year,642,Romania,2008,E025,1380,1380.738544813063,1507.493487757312,1264.6415686801352
pooled_equal_year,642,Romania,2008,F063,1471,1472.2026399878905,1608.9497617034376,1347.0778670507718
pooled_equal_year,642,Romania,2008,F118,1413,1412.5734470607658,1541.4155853761797,1294.5008226669572
pooled_equal_year,642,Romania,2008,F120,1387,1385.2867844478749,1510.9264514607034,1270.0945656955714
pooled_equal_year,642,Romania,2008,G006,1402,1403.5816810176336,1534.8006890040135,1283.5813466872469
pooled_equal_year,642,Romania,2008,Y002,1376,1372.506564662853,1494.1459277846184,1260.76993887452
pooled_equal_year,642,Romania,2012,A008,1495,1494.7901700000002,1597.7571661021718,1398.458852029174
pooled_equal_year,642,Romania,2012,A165,1488,1488.53337,1591.244470278666,1392.4520304636335
pooled_equal_year,642,Romania,2012,E018,1431,1432.223004,1531.9252993931775,1339.0096331716206
pooled_equal_year,642,Romania,2012,E025,1440,1441.8784919999998,1542.798958775644,1347.5596245813429
pooled_equal_year,642,Romania,2012,F063,1488,1488.24944,1591.291514398966,1391.879725128102
pooled_equal_year,642,Romania,2012,F118,1381,1382.981266,1482.9106431616378,1289.7858619647689
pooled_equal_year,642,Romania,2012,F120,1416,1419.549366,1522.645769085418,1323.4334888812589
pooled_equal_year,642,Romania,2012,G006,1483,1484.78103,1589.150038773862,1387.2665596439474
pooled_equal_year,642,Romania,2012,Y002,1451,1452.855649,1555.2978685710168,1357.160952564393
pooled_equal_year,642,Romania,2018,A008,2841,2846.330759241635,3523.9087304988543,2299.037634229016
pooled_equal_year,642,Romania,2018,A165,2819,2826.3305192018092,3505.5948518464247,2278.6843720871366
pooled_equal_year,642,Romania,2018,E018,2668,2666.171625275627,3302.188319785019,2152.654678364212
pooled_equal_year,642,Romania,2018,E025,2674,2676.4785835519956,3310.5908636190316,2163.82449638659
pooled_equal_year,642,Romania,2018,F063,2849,2851.543311715085,3530.4432707873357,2303.194991368222
pooled_equal_year,642,Romania,2018,F118,2721,2716.384730596233,3357.0994026134813,2197.9527918869667
pooled_equal_year,642,Romania,2018,F120,2744,2745.1033401751347,3393.0638327162396,2220.8813979807255
pooled_equal_year,642,Romania,2018,G006,2825,2827.886190636877,3501.975175857142,2283.5513976016177
pooled_equal_year,642,Romania,2018,Y002,2758,2753.7774662018796,3401.463810977085,2229.4196718744192
pooled_equal_year,643,Russia,2006,A008,1945,1941.80229,2201.141216785182,1713.018730781975
pooled_equal_year,643,Russia,2006,A165,1904,1905.199397,2165.983778362881,1675.8134472607496
pooled_equal_year,643,Russia,2006,E018,1786,1778.5317650000002,2015.024689077591,1569.7947803121008
pooled_equal_year,643,Russia,2006,E025,1893,1882.187466,2124.241786806504,1667.71488969405
pooled_equal_year,643,Russia,2006,F063,1839,1842.34458,2100.571374166324,1615.8620426799264
pooled_equal_year,643,Russia,2006,F118,1829,1826.435627,2070.585339130043,1611.0744322069088
pooled_equal_year,643,Russia,2006,F120,1807,1804.902689,2045.805074377851,1592.3676001977465
pooled_equal_year,643,Russia,2006,G006,1964,1960.192235,2225.227376015395,1726.7240370890138
pooled_equal_year,643,Russia,2006,Y002,1978,1979.357176,2252.70455175165,1739.178281118251
pooled_equal_year,643,Russia,2008,A008,1430,1426.770585989884,1536.4067942386987,1324.9578905010044
pooled_equal_year,643,Russia,2008,A165,1443,1445.3079589507256,1562.6846001956112,1336.747732680561
pooled_equal_year,643,Russia,2008,E018,1262,1270.8960069574482,1382.9784563948042,1167.89719538429
pooled_equal_year,643,Russia,2008,E025,1382,1386.195348059861,1500.5271577596836,1280.5749852949634
pooled_equal_year,643,Russia,2008,F063,1397,1389.9353893987836,1492.57407727913,1294.3547768328654
pooled_equal_year,643,Russia,2008,F118,1378,1382.016081258838,1496.2889132903938,1276.4703606992214
pooled_equal_year,643,Russia,2008,F120,1367,1366.7227708510748,1474.9580305599577,1266.4300228622046
pooled_equal_year,643,Russia,2008,G006,1419,1419.665704465037,1533.0920570144558,1314.6312403177533
pooled_equal_year,643,Russia,2008,Y002,1454,1454.5970049043492,1570.857694755907,1346.9408806031167
pooled_equal_year,643,Russia,2011,A008,2395,2395.2241000000004,2706.4464483604,2119.7901376162163
pooled_equal_year,643,Russia,2011,A165,2350,2350.82445,2654.6271548379,2081.789747628518
pooled_equal_year,643,Russia,2011,E018,2286,2287.33274,2593.6620178154,2017.1830514303656
pooled_equal_year,643,Russia,2011,E025,2463,2461.9003,2778.6691240828004,2181.2431838716047
pooled_equal_year,643,Russia,2011,F063,2219,2217.6959,2501.475917424,1966.1093159519637
pooled_equal_year,643,Russia,2011,F118,2244,2246.77318,2542.0738889064,1985.7761587484608
pooled_equal_year,643,Russia,2011,F120,2254,2254.6865900000003,2542.0450973493,1999.8117360021388
pooled_equal_year,643,Russia,2011,G006,2362,2363.03009,2674.3774325087,2087.929376897045
pooled_equal_year,643,Russia,2011,Y002,2411,2414.80658,2731.173947713,2135.085838708383
pooled_equal_year,643,Russia,2017,A008,3540,3539.2417194812697,5457.184542795897,2295.365284183542
pooled_equal_year,643,Russia,2017,A165,3534,3539.305573584225,5490.330819625318,2281.590008825594
pooled_equal_year,643,Russia,2017,E018,3302,3307.263884213332,5119.979198718771,2136.3357106136273
pooled_equal_year,643,Russia,2017,E025,3464,3471.419112698186,5391.596996221826,2235.098555112864
pooled_equal_year,643,Russia,2017,F063,3421,3431.2411813938547,5300.740204292123,2221.089053819296
pooled_equal_year,643,Russia,2017,F118,3421,3439.0610150238363,5350.962668939199,2210.2827840137875
pooled_equal_year,643,Russia,2017,F120,3437,3459.2185193405394,5380.722687432719,2223.9006653319893
pooled_equal_year,643,Russia,2017,G006,3520,3526.865715315532,5463.457481955345,2276.7234512121354
pooled_equal_year,643,Russia,2017,Y002,3531,3534.125802919458,5460.733433142263,2287.246822021483
pooled_equal_year,646,Rwanda,2007,A008,1503,1503.0,1503.0,1503.0
pooled_equal_year,646,Rwanda,2007,A165,1499,1499.0,1499.0,1499.0
pooled_equal_year,646,Rwanda,2007,E018,1494,1494.0,1494.0,1494.0
pooled_equal_year,646,Rwanda,2007,E025,1338,1338.0,1338.0,1338.0
pooled_equal_year,646,Rwanda,2007,F063,1503,1503.0,1503.0,1503.0
pooled_equal_year,646,Rwanda,2007,F118,1492,1492.0,1492.0,1492.0
pooled_equal_year,646,Rwanda,2007,F120,1504,1504.0,1504.0,1504.0
pooled_equal_year,646,Rwanda,2007,G006,1505,1505.0,1505.0,1505.0
pooled_equal_year,646,Rwanda,2007,Y002,1498,1498.0,1498.0,1498.0
pooled_equal_year,646,Rwanda,2012,A008,1527,1527.0,1527.0,1527.0
pooled_equal_year,646,Rwanda,2012,A165,1527,1527.0,1527.0,1527.0
pooled_equal_year,646,Rwanda,2012,E018,1527,1527.0,1527.0,1527.0
pooled_equal_year,646,Rwanda,2012,E025,1527,1527.0,1527.0,1527.0
pooled_equal_year,646,Rwanda,2012,F063,1527,1527.0,1527.0,1527.0
pooled_equal_year,646,Rwanda,2012,F118,1527,1527.0,1527.0,1527.0
pooled_equal_year,646,Rwanda,2012,F120,1527,1527.0,1527.0,1527.0
pooled_equal_year,646,Rwanda,2012,G006,1527,1527.0,1527.0,1527.0
pooled_equal_year,646,Rwanda,2012,Y002,1521,1521.0,1521.0,1521.0
pooled_equal_year,688,Serbia,2006,A008,1189,1189.0,1189.0,1189.0
pooled_equal_year,688,Serbia,2006,A165,1086,1086.0,1086.0,1086.0
pooled_equal_year,688,Serbia,2006,E018,1087,1087.0,1087.0,1087.0
pooled_equal_year,688,Serbia,2006,E025,1142,1142.0,1142.0,1142.0
pooled_equal_year,688,Serbia,2006,F063,1155,1155.0,1155.0,1155.0
pooled_equal_year,688,Serbia,2006,F118,1096,1096.0,1096.0,1096.0
pooled_equal_year,688,Serbia,2006,F120,1100,1100.0,1100.0,1100.0
pooled_equal_year,688,Serbia,2006,G006,1057,1057.0,1057.0,1057.0
pooled_equal_year,688,Serbia,2006,Y002,930,930.0,930.0,930.0
pooled_equal_year,688,Serbia,2008,A008,1484,1481.5616855249857,1595.3706313308376,1375.8715278496595
pooled_equal_year,688,Serbia,2008,A165,1478,1479.2692741592036,1598.9934013957118,1368.5094532356748
pooled_equal_year,688,Serbia,2008,E018,1297,1290.3886096768406,1378.4472972724488,1207.9553329884209
pooled_equal_year,688,Serbia,2008,E025,1412,1409.2864841287364,1513.949217246833,1311.8593224412791
pooled_equal_year,688,Serbia,2008,F063,1452,1452.0996855727196,1572.4122989917887,1340.992752468545
pooled_equal_year,688,Serbia,2008,F118,1475,1473.843903510258,1588.7915293393307,1367.212634131823
pooled_equal_year,688,Serbia,2008,F120,1454,1452.8347581433704,1567.0809788621757,1346.917525603598
pooled_equal_year,688,Serbia,2008,G006,1395,1393.364458564599,1501.3031224791566,1293.186222902812
pooled_equal_year,688,Serbia,2008,Y002,1439,1436.503241064175,1546.4819085469867,1334.3457496549065
pooled_equal_year,688,Serbia,2017,A008,1042,1042.0,1042.0,1042.0
pooled_equal_year,688,Serbia,2017,A165,1029,1029.0,1029.0,1029.0
pooled_equal_year,688,Serbia,2017,E018,971,971.0,971.0,971.0
pooled_equal_year,688,Serbia,2017,E025,968,968.0,968.0,968.0
pooled_equal_year,688,Serbia,2017,F063,1033,1033.0,1033.0,1033.0
pooled_equal_year,688,Serbia,2017,F118,983,983.0,983.0,983.0
pooled_equal_year,688,Serbia,2017,F120,976,976.0,976.0,976.0
pooled_equal_year,688,Serbia,2017,G006,974,974.0,974.0,974.0
pooled_equal_year,688,Serbia,2017,Y002,979,979.0,979.0,979.0
pooled_equal_year,688,Serbia,2018,A008,1481,1506.203912937323,3768.439492292875,602.0131760076
pooled_equal_year,688,Serbia,2018,A165,1442,1443.452642509545,3578.524429905304,582.2387333046443
pooled_equal_year,688,Serbia,2018,E018,1356,1350.8761553048853,3274.6863243950684,557.2644846551572
pooled_equal_year,688,Serbia,2018,E025,1356,1354.2716866206022,3363.1523413383616,545.3371167992801
pooled_equal_year,688,Serbia,2018,F063,1462,1499.776495071861,3778.0026232530936,595.3753238088607
pooled_equal_year,688,Serbia,2018,F118,1421,1450.4336590835635,3629.7819364474935,579.5824201664042
pooled_equal_year,688,Serbia,2018,F120,1417,1438.3682597419502,3564.0839307531805,580.4866806814717
pooled_equal_year,688,Serbia,2018,G006,1442,1454.2768761313168,3596.6249634940696,588.0294036539316
pooled_equal_year,688,Serbia,2018,Y002,1426,1442.1122886527555,3630.060659319477,572.9071903369144
pooled_equal_year,702,Singapore,2012,A008,1972,1971.999418,2294.6252539099096,1694.734989064588
pooled_equal_year,702,Singapore,2012,A165,1968,1967.375926,2288.8555908339968,1691.04947018262
pooled_equal_year,702,Singapore,2012,E018,1970,1969.448223,2291.0533809342132,1692.9881841060578
pooled_equal_year,702,Singapore,2012,F063,1969,1968.2530420000005,2289.624923311452,1691.988935785742
pooled_equal_year,702,Singapore,2012,F118,1969,1968.96366,2290.818579633245,1692.3286413284054
pooled_equal_year,702,Singapore,2012,F120,1969,1968.96366,2290.818579633245,1692.3286413284054
pooled_equal_year,702,Singapore,2012,G006,1968,1968.883507,2292.0824551765736,1691.2577710202784
pooled_equal_year,702,Singapore,2012,Y002,1958,1958.697199,2279.8707764288774,1682.7684959319574
pooled_equal_year,702,Singapore,2020,A008,2009,2009.345345,2086.201267131269,1935.3208048929453
pooled_equal_year,702,Singapore,2020,A165,1998,1998.612953,2075.5436317310314,1924.5337341176255
pooled_equal_year,702,Singapore,2020,E018,1988,1987.935874,2064.1102481882663,1914.5726555085123
pooled_equal_year,702,Singapore,2020,E025,1995,1995.237419,2071.7092060115156,1921.5883902171809
pooled_equal_year,702,Singapore,2020,F063,2001,2001.224557,2077.8695648780513,1927.40670311271
pooled_equal_year,702,Singapore,2020,F118,1988,1989.648453,2067.2613423995435,1914.9494480123587
pooled_equal_year,702,Singapore,2020,F120,1988,1989.288618,2066.5666660343804,1914.9003372333088
pooled_equal_year,702,Singapore,2020,G006,1900,1891.582758,1948.9288592457203,1835.9240325209648
pooled_equal_year,702,Singapore,2020,Y002,1986,1987.168887,2064.157494893675,1913.0517875837872
pooled_equal_year,703,Slovakia,2008,A008,1491,1487.546081128511,2110.31490402661,1048.5607334045958
pooled_equal_year,703,Slovakia,2008,A165,1431,1427.637237575795,2019.5409505970697,1009.2135450437272
pooled_equal_year,703,Slovakia,2008,E018,1212,1224.5934617474402,1774.749396625377,844.9807896292689
pooled_equal_year,703,Slovakia,2008,E025,1356,1357.616041838586,1933.0579862050315,953.474406981383
pooled_equal_year,703,Slovakia,2008,F063,1411,1403.15099049358,1984.6667023192313,992.0218341056392
pooled_equal_year,703,Slovakia,2008,F118,1317,1338.8797735501903,1937.429227297683,925.2462091335937
pooled_equal_year,703,Slovakia,2008,F120,1379,1384.3603928613236,1977.33452877058,969.2106567899388
pooled_equal_year,703,Slovakia,2008,G006,1424,1425.9432246191286,2035.421080173222,998.9648331951814
pooled_equal_year,703,Slovakia,2008,Y002,1393,1397.5091322023115,1999.800136451562,976.6134820124126
pooled_equal_year,703,Slovakia,2017,A008,1414,1415.6990865821226,1669.727205901156,1200.318169738261
pooled_equal_year,703,Slovakia,2017,A165,1416,1419.0012034473802,1677.274706580681,1200.497692766141
pooled_equal_year,703,Slovakia,2017,E018,1343,1349.3319186846732,1598.0851727469862,1139.298867063276
pooled_equal_year,703,Slovakia,2017,E025,1379,1381.00442275574,1628.256948430589,1171.2974524746612
pooled_equal_year,703,Slovakia,2017,F063,1388,1383.4514446488429,1625.8049389624207,1177.2248034394793
pooled_equal_year,703,Slovakia,2017,F118,1348,1357.419647188122,1608.5172271140018,1145.5196546935922
pooled_equal_year,703,Slovakia,2017,F120,1388,1389.3529906179033,1637.093693675516,1179.1027844014843
pooled_equal_year,703,Slovakia,2017,G006,1394,1393.457983548564,1644.0656130796742,1181.0508877915024
pooled_equal_year,703,Slovakia,2017,Y002,1403,1403.6675717116216,1653.6431870896597,1191.4799197657703
pooled_equal_year,703,Slovakia,2022,A008,1196,1196.651256,1519.451957409964,942.4281047538352
pooled_equal_year,703,Slovakia,2022,A165,1190,1191.932888,1515.765838744752,937.2846208702956
pooled_equal_year,703,Slovakia,2022,E018,1148,1152.430209,1468.0981303330689,904.636658255588
pooled_equal_year,703,Slovakia,2022,E025,1185,1184.9040370000002,1501.039158563105,935.3503996810438
pooled_equal_year,703,Slovakia,2022,F063,1180,1178.066794,1488.212669143432,932.555810000083
pooled_equal_year,703,Slovakia,2022,F118,1116,1114.187209,1411.399627452675,879.5617573881177
pooled_equal_year,703,Slovakia,2022,F120,1151,1146.171248,1449.210123395946,906.4996914756938
pooled_equal_year,703,Slovakia,2022,G006,1167,1158.302594,1444.33621580007,928.914531526811
pooled_equal_year,703,Slovakia,2022,Y002,1189,1188.183145,1505.9750809657412,937.4518900782576
pooled_equal_year,704,Vietnam,2006,A008,1481,1481.0,1481.0,1481.0
pooled_equal_year,704,Vietnam,2006,A165,1460,1460.0,1460.0,1460.0
pooled_equal_year,704,Vietnam,2006,E018,1417,1417.0,1417.0,1417.0
pooled_equal_year,704,Vietnam,2006,E025,1469,1469.0,1469.0,1469.0
pooled_equal_year,704,Vietnam,2006,F063,1446,1446.0,1446.0,1446.0
pooled_equal_year,704,Vietnam,2006,F118,1332,1332.0,1332.0,1332.0
pooled_equal_year,704,Vietnam,2006,F120,1455,1455.0,1455.0,1455.0
pooled_equal_year,704,Vietnam,2006,G006,1484,1484.0,1484.0,1484.0
pooled_equal_year,704,Vietnam,2006,Y002,1430,1430.0,1430.0,1430.0
pooled_equal_year,704,Vietnam,2020,A008,1200,1200.0,1200.0,1200.0
pooled_equal_year,704,Vietnam,2020,A165,1200,1200.0,1200.0,1200.0
pooled_equal_year,704,Vietnam,2020,E018,1200,1200.0,1200.0,1200.0
pooled_equal_year,704,Vietnam,2020,E025,1200,1200.0,1200.0,1200.0
pooled_equal_year,704,Vietnam,2020,F063,1200,1200.0,1200.0,1200.0
pooled_equal_year,704,Vietnam,2020,F118,1200,1200.0,1200.0,1200.0
pooled_equal_year,704,Vietnam,2020,F120,1200,1200.0,1200.0,1200.0
pooled_equal_year,704,Vietnam,2020,G006,1200,1200.0,1200.0,1200.0
pooled_equal_year,704,Vietnam,2020,Y002,1200,1200.0,1200.0,1200.0
pooled_equal_year,705,Slovenia,2005,A008,1022,1022.0,1022.0,1022.0
pooled_equal_year,705,Slovenia,2005,A165,999,999.0,999.0,999.0
pooled_equal_year,705,Slovenia,2005,E018,946,946.0,946.0,946.0
pooled_equal_year,705,Slovenia,2005,E025,986,986.0,986.0,986.0
pooled_equal_year,705,Slovenia,2005,F063,989,989.0,989.0,989.0
pooled_equal_year,705,Slovenia,2005,F118,939,939.0,939.0,939.0
pooled_equal_year,705,Slovenia,2005,F120,961,961.0,961.0,961.0
pooled_equal_year,705,Slovenia,2005,G006,995,995.0,995.0,995.0
pooled_equal_year,705,Slovenia,2005,Y002,958,958.0,958.0,958.0
pooled_equal_year,705,Slovenia,2008,A008,1357,1357.5142793101995,1374.758439870035,1340.4864193489195
pooled_equal_year,705,Slovenia,2008,A165,1337,1336.560569575891,1352.6508977449444,1320.6616423522105
pooled_equal_year,705,Slovenia,2008,E018,1257,1258.7339247730922,1276.0539843035167,1241.6489528375716
pooled_equal_year,705,Slovenia,2008,E025,1310,1313.001227269099,1332.109216575374,1294.167326041178
pooled_equal_year,705,Slovenia,2008,F063,1338,1338.7222226535555,1355.9447018692758,1321.7184940918455
pooled_equal_year,705,Slovenia,2008,F118,1325,1326.0874367081428,1343.5357348036882,1308.8657370562
pooled_equal_year,705,Slovenia,2008,F120,1342,1342.625504470589,1359.788482420945,1325.6791541913249
pooled_equal_year,705,Slovenia,2008,G006,1329,1327.954322679039,1343.2492260725414,1312.833574658401
pooled_equal_year,705,Slovenia,2008,Y002,1298,1299.771476362448,1317.372301035888,1282.4058084696248
pooled_equal_year,705,Slovenia,2011,A008,1061,1061.0,1061.0,1061.0
pooled_equal_year,705,Slovenia,2011,A165,1059,1059.0,1059.0,1059.0
pooled_equal_year,705,Slovenia,2011,E018,991,991.0,991.0,991.0
pooled_equal_year,705,Slovenia,2011,E025,1046,1046.0,1046.0,1046.0
pooled_equal_year,705,Slovenia,2011,F063,977,977.0,977.0,977.0
pooled_equal_year,705,Slovenia,2011,F118,976,976.0,976.0,976.0
pooled_equal_year,705,Slovenia,2011,F120,1023,1023.0,1023.0,1023.0
pooled_equal_year,705,Slovenia,2011,G006,1016,1016.0,1016.0,1016.0
pooled_equal_year,705,Slovenia,2011,Y002,954,954.0,954.0,954.0
pooled_equal_year,705,Slovenia,2017,A008,1072,1078.3382390873326,1203.8918393126537,965.8785946600173
pooled_equal_year,705,Slovenia,2017,A165,1060,1064.1532418724223,1185.9068294774995,954.899739203392
pooled_equal_year,705,Slovenia,2017,E018,1002,1010.9448586429304,1134.4947096315489,900.849954204276
pooled_equal_year,705,Slovenia,2017,E025,1048,1053.9589769644808,1177.5289999514175,943.3564058038872
pooled_equal_year,705,Slovenia,2017,F063,1059,1065.4526193670074,1189.037151267807,954.7130490461338
pooled_equal_year,705,Slovenia,2017,F118,1030,1032.5340191573173,1149.7732532185237,927.2493491501818
pooled_equal_year,705,Slovenia,2017,F120,1050,1055.1529728548855,1177.710667423892,945.3491650541166
pooled_equal_year,705,Slovenia,2017,G006,1022,1020.9011886647191,1130.4805504991946,921.9435368054828
pooled_equal_year,705,Slovenia,2017,Y002,998,1002.2579312455402,1116.4957363190229,899.7087297945242
pooled_equal_year,710,South Africa,2006,A008,2978,2977.924311,5853.460812071224,1515.006845823045
pooled_equal_year,710,South Africa,2006,E018,2986,2987.092878,5866.167205870952,1521.048335081264
pooled_equal_year,710,South Africa,2006,E025,2784,2764.743389,5428.8208704217,1408.0048300480114
pooled_equal_year,710,South Africa,2006,F063,2970,2966.854578,5810.003480693506,1515.01218824552
pooled_equal_year,710,South Africa,2006,F118,2896,2902.068562,5719.582259223742,1472.4854992629787
pooled_equal_year,710,South Africa,2006,F120,2919,2909.76519,5701.371839726156,1485.0344266165953
pooled_equal_year,710,South Africa,2006,G006,2964,2962.929263,5827.794106939011,1506.393269297013
pooled_equal_year,710,South Africa,2006,Y002,2902,2863.508763,5591.291486486507,1466.509563236947
pooled_equal_year,710,South Africa,2013,A008,3519,3518.6537989999997,4888.335894102995,2532.7483269209797
pooled_equal_year,710,South Africa,2013,A165,3513,3511.228255,4878.085139587998,2527.3695529946463
pooled_equal_year,710,South Africa,2013,E018,3298,3271.763032,4508.871573902098,2374.0825530539405
pooled_equal_year,710,South Africa,2013,E025,3189,3162.135395,4367.109742196971,2289.637963455788
pooled_equal_year,710,South Africa,2013,F063,3497,3495.1294790000006,4857.716046988851,2514.7476626483954
pooled_equal_year,710,South Africa,2013,F118,3427,3432.490901,4778.513797063333,2465.6188693414456
pooled_equal_year,710,South Africa,2013,F120,3450,3445.466525,4783.231219433186,2481.845227691568
pooled_equal_year,710,South Africa,2013,G006,3480,3456.323388,4739.086455945686,2520.7751480136135
pooled_equal_year,710,South Africa,2013,Y002,3531,3531.0000400000004,4905.447874010739,2541.6560531681043
pooled_equal_year,716,Zimbabwe,2012,A008,1500,1499.062,2586.3722709999993,868.8567013499351
pooled_equal_year,716,Zimbabwe,2012,A165,1500,1499.062,2586.3722709999993,868.8567013499351
pooled_equal_year,716,Zimbabwe,2012,E018,1500,1499.062,2586.3722709999993,868.8567013499351
pooled_equal_year,716,Zimbabwe,2012,E025,1500,1499.062,2586.3722709999993,868.8567013499351
pooled_equal_year,716,Zimbabwe,2012,F063,1500,1499.062,2586.3722709999993,868.8567013499351
pooled_equal_year,716,Zimbabwe,2012,F118,1500,1499.062,2586.3722709999993,868.8567013499351
pooled_equal_year,716,Zimbabwe,2012,F120,1500,1499.062,2586.3722709999993,868.8567013499351
pooled_equal_year,716,Zimbabwe,2012,G006,1498,1496.349,2580.986012579999,867.5212956938095
pooled_equal_year,716,Zimbabwe,2012,Y002,1495,1489.5087,2565.389444549999,864.8340594403851
pooled_equal_year,716,Zimbabwe,2020,A008,1214,1214.0,1214.0,1214.0
pooled_equal_year,716,Zimbabwe,2020,A165,1214,1214.0,1214.0,1214.0
pooled_equal_year,716,Zimbabwe,2020,E018,1208,1208.0,1208.0,1208.0
pooled_equal_year,716,Zimbabwe,2020,E025,1200,1200.0,1200.0,1200.0
pooled_equal_year,716,Zimbabwe,2020,F063,1214,1214.0,1214.0,1214.0
pooled_equal_year,716,Zimbabwe,2020,F118,1212,1212.0,1212.0,1212.0
pooled_equal_year,716,Zimbabwe,2020,F120,1213,1213.0,1213.0,1213.0
pooled_equal_year,716,Zimbabwe,2020,G006,1209,1209.0,1209.0,1209.0
pooled_equal_year,716,Zimbabwe,2020,Y002,1210,1210.0,1210.0,1210.0
pooled_equal_year,724,Spain,2007,A008,1194,1194.2125999999998,1203.704939954,1184.7951160300631
pooled_equal_year,724,Spain,2007,A165,1184,1184.07963,1193.3632852559,1174.8681960500303
pooled_equal_year,724,Spain,2007,E018,1144,1143.3706699999998,1151.6174766333,1135.1829192780824
pooled_equal_year,724,Spain,2007,E025,1140,1139.49514,1147.8376981975998,1131.2132160518152
pooled_equal_year,724,Spain,2007,F063,1180,1180.35613,1189.8731841453,1170.9151968403746
pooled_equal_year,724,Spain,2007,F118,1122,1122.6632599999998,1131.9480928448,1113.4545862313098
pooled_equal_year,724,Spain,2007,F120,1151,1151.47643,1160.8927081295,1142.136529552254
pooled_equal_year,724,Spain,2007,G006,1169,1168.41228,1176.9339199186002,1159.9523413763266
pooled_equal_year,724,Spain,2007,Y002,1161,1160.44602,1168.9060010792,1152.0472682068112
pooled_equal_year,724,Spain,2008,A008,1494,1494.290148161624,1556.2466042537542,1434.8002693079625
pooled_equal_year,724,Spain,2008,A165,1471,1471.5201924152395,1533.139791358566,1412.3771941024215
pooled_equal_year,724,Spain,2008,E018,1403,1404.5930659592589,1465.1545418067062,1346.5348703134332
pooled_equal_year,724,Spain,2008,E025,1336,1340.007920245348,1397.3284679034805,1285.038748988183
pooled_equal_year,724,Spain,2008,F063,1468,1466.1168841340443,1524.2317095503784,1410.2178195577517
pooled_equal_year,724,Spain,2008,F118,1413,1417.195554154404,1478.4900364680534,1358.4421870795647
pooled_equal_year,724,Spain,2008,F120,1432,1433.172458924503,1493.1360909226728,1375.616937737043
pooled_equal_year,724,Spain,2008,G006,1357,1350.2922370476113,1400.8015537376282,1301.6041569672236
pooled_equal_year,724,Spain,2008,Y002,1400,1403.4095947116332,1465.8415802044567,1343.636663829631
pooled_equal_year,724,Spain,2011,A008,1186,1185.921371,1198.5310733054212,1173.4443349189037
pooled_equal_year,724,Spain,2011,A165,1153,1153.09682,1165.62570633446,1140.7026021032111
pooled_equal_year,724,Spain,2011,E018,1106,1105.930788,1117.716906600264,1094.268951846247
pooled_equal_year,724,Spain,2011,E025,1104,1103.884327,1115.6858900722211,1092.207599145457
pooled_equal_year,724,Spain,2011,F063,1139,1139.6247990000002,1152.4252282407151,1126.9665490388873
pooled_equal_year,724,Spain,2011,F118,1123,1122.599386,1134.365317505478,1110.9554937900252
pooled_equal_year,724,Spain,2011,F120,1140,1138.984549,1150.1512509955369,1127.9262633830474
pooled_equal_year,724,Spain,2011,G006,1119,1120.083841,1133.2059351772873,1107.113695687657
pooled_equal_year,724,Spain,2011,Y002,1155,1153.631429,1164.5724256977069,1142.7932214514244
pooled_equal_year,724,Spain,2017,A008,1207,1207.5146695417548,1272.7906597922158,1145.5864056989292
pooled_equal_year,724,Spain,2017,A165,1194,1193.8851018652344,1257.3727748502006,1133.6030690067823
pooled_equal_year,724,Spain,2017,E018,1145,1146.097248557004,1209.8152229126615,1085.7351422538356
pooled_equal_year,724,Spain,2017,E025,1135,1137.2026512605626,1201.9889123163728,1075.9083189393552
pooled_equal_year,724,Spain,2017,F063,1196,1196.3230851844642,1260.915715475736,1135.039326244971
pooled_equal_year,724,Spain,2017,F118,1166,1165.61067783821,1228.0342975445578,1106.3601847334842
pooled_equal_year,724,Spain,2017,F120,1167,1164.4070358349325,1224.354434926974,1107.3948085815218
pooled_equal_year,724,Spain,2017,G006,1130,1127.9674740470405,1185.1641179277217,1073.5311702928673
pooled_equal_year,724,Spain,2017,Y002,1164,1163.3721118967142,1225.5964472567653,1104.3069468489357
pooled_equal_year,752,Sweden,2006,A008,1001,1000.803205,1096.779008452525,913.2259529214244
pooled_equal_year,752,Sweden,2006,A165,963,962.26342,1057.310262394342,875.7608077814601
pooled_equal_year,752,Sweden,2006,E018,957,957.103243,1050.972210396917,871.6183060779094
pooled_equal_year,752,Sweden,2006,E025,995,995.674783,1092.204017571521,907.676823700366
pooled_equal_year,752,Sweden,2006,F063,993,993.771623,1090.2400562209032,905.8390700698596
pooled_equal_year,752,Sweden,2006,F118,977,977.819452,1074.3311712414202,889.9777892553782
pooled_equal_year,752,Sweden,2006,F120,988,988.330166,1084.72812153818,900.4989339083955
pooled_equal_year,752,Sweden,2006,G006,951,952.548957,1049.035177323987,864.9371680713043
pooled_equal_year,752,Sweden,2006,Y002,986,988.96406,1086.1029882100122,900.5130476471581
pooled_equal_year,752,Sweden,2009,A008,1151,1151.21758428881,1241.2270169049214,1067.7353202321428
pooled_equal_year,752,Sweden,2009,A165,1058,1052.9369159691869,1130.0061634930785,981.123983946742
pooled_equal_year,752,Sweden,2009,E018,887,894.3520298991585,972.8697235386984,822.1712877191093
pooled_equal_year,752,Sweden,2009,E025,1132,1132.003080396418,1220.3748425401336,1050.0306376029196
pooled_equal_year,752,Sweden,2009,F063,1087,1089.059242619366,1176.9758407806237,1007.70975311441
pooled_equal_year,752,Sweden,2009,F118,1043,1049.9299407681017,1139.8492703647485,967.1040804970288
pooled_equal_year,752,Sweden,2009,F120,1074,1080.269019413436,1171.2927783021,996.3189186533848
pooled_equal_year,752,Sweden,2009,G006,1035,1039.6630414388685,1124.4886051826445,961.236276430168
pooled_equal_year,752,Sweden,2009,Y002,820,837.5397773180218,921.2659521588498,761.4227758511255
pooled_equal_year,752,Sweden,2011,A008,1203,1203.6603,1560.317986125222,928.527473681136
pooled_equal_year,752,Sweden,2011,A165,1172,1173.483374,1523.829329023562,903.6859987048662
pooled_equal_year,752,Sweden,2011,E018,1127,1133.147813,1474.7699715111548,870.6605036112718
pooled_equal_year,752,Sweden,2011,E025,1200,1199.47128,1553.230805735796,926.2830393473192
pooled_equal_year,752,Sweden,2011,F063,1173,1170.151555,1508.573005133389,907.648921868284
pooled_equal_year,752,Sweden,2011,F118,1148,1139.999072,1472.9042426863298,882.3369819280398
pooled_equal_year,752,Sweden,2011,F120,1156,1153.6997720000002,1495.74293864706,889.8742755334677
pooled_equal_year,752,Sweden,2011,G006,1125,1122.285346,1450.8429054979438,868.1328578534547
pooled_equal_year,752,Sweden,2011,Y002,1174,1176.508393,1529.0293517684909,905.2618886606036
pooled_equal_year,752,Sweden,2017,A008,1192,1196.5014719536862,1509.1103054137557,948.6488610220104
pooled_equal_year,752,Sweden,2017,A165,1174,1178.6737476672329,1488.0363997845193,933.6275669339128
pooled_equal_year,752,Sweden,2017,E018,1144,1150.8480741159387,1456.394442162197,909.4042460983674
pooled_equal_year,752,Sweden,2017,E025,1187,1191.336420815065,1503.1440946316472,944.2091896773547
pooled_equal_year,752,Sweden,2017,F063,1183,1189.2802167514224,1501.990371572932,941.6754332953004
pooled_equal_year,752,Sweden,2017,F118,1164,1168.4789157908615,1475.6558358048292,925.2448596207556
pooled_equal_year,752,Sweden,2017,F120,1167,1172.3050908127516,1481.6753509342798,927.530599114658
pooled_equal_year,752,Sweden,2017,G006,1137,1135.6911223477716,1429.5503535938583,902.2377715741362
pooled_equal_year,752,Sweden,2017,Y002,1165,1173.198504634475,1485.8608869540326,926.328126247494
pooled_equal_year,756,Switzerland,2007,A008,1235,1234.349605,1480.7615568295332,1028.9428033409274
pooled_equal_year,756,Switzerland,2007,A165,1187,1178.287216,1408.3471737543405,985.808605478981
pooled_equal_year,756,Switzerland,2007,E025,1232,1233.792098,1481.6071802416222,1027.426811497358
pooled_equal_year,756,Switzerland,2007,F063,1218,1222.918685,1469.6131901326494,1017.6351982708736
pooled_equal_year,756,Switzerland,2007,F118,1159,1179.169798,1432.4372943320743,970.682219750292
pooled_equal_year,756,Switzerland,2007,F120,1189,1196.740914,1440.6455587605185,994.129893041673
pooled_equal_year,756,Switzerland,2007,G006,1067,1094.418548,1336.3608456700522,896.2788472045324
pooled_equal_year,756,Switzerland,2007,Y002,1198,1210.190976,1460.1903685225443,1002.994013632422
pooled_equal_year,756,Switzerland,2008,A008,1264,1264.5711874663498,1314.8110268960477,1216.2510470765058
pooled_equal_year,756,Switzerland,2008,A165,1224,1221.6086812424314,1265.5882448663062,1179.157420385584
pooled_equal_year,756,Switzerland,2008,E018,1172,1173.5821813166103,1222.1919754958146,1126.9057266925
pooled_equal_year,756,Switzerland,2008,E025,1199,1199.5826119614596,1247.3534335510012,1153.6413050338876
pooled_equal_year,756,Switzerland,2008,F063,1217,1217.4829828128577,1266.6690853896948,1170.2068287100174
pooled_equal_year,756,Switzerland,2008,F118,1223,1223.2427927804024,1271.0879524128763,1177.1985779967183
pooled_equal_year,756,Switzerland,2008,F120,1235,1234.188770614114,1280.8561722495992,1189.2216741515217
pooled_equal_year,756,Switzerland,2008,G006,1000,987.3309928763316,1008.9116794813503,966.2119185648522
pooled_equal_year,756,Switzerland,2008,Y002,1228,1228.2532939700689,1277.088041446804,1181.2859452033042
pooled_equal_year,756,Switzerland,2017,A008,3156,3155.142349181399,3271.3930779394764,3043.022653171394
pooled_equal_year,756,Switzerland,2017,A165,3136,3133.70184000961,3247.796628261708,3023.6151908734323
pooled_equal_year,756,Switzerland,2017,E018,3097,3093.246477865231,3204.024460820423,2986.298603468099
pooled_equal_year,756,Switzerland,2017,E025,3135,3131.1386453953173,3243.4442101572113,3022.7217061374445
pooled_equal_year,756,Switzerland,2017,F063,3130,3128.259354669318,3242.5976656970183,3017.952764723442
pooled_equal_year,756,Switzerland,2017,F118,3106,3103.020959940337,3215.406111280467,2994.5639040894307
pooled_equal_year,756,Switzerland,2017,F120,3124,3121.741439520075,3235.3674778942154,3012.105945244809
pooled_equal_year,756,Switzerland,2017,G006,2625,2621.911428744825,2717.3731908011696,2529.8032539122564
pooled_equal_year,756,Switzerland,2017,Y002,3047,3045.058927429911,3156.3894740558085,2937.655174602402
pooled_equal_year,764,Thailand,2007,A008,1530,1530.0,1530.0,1530.0
pooled_equal_year,764,Thailand,2007,A165,1525,1525.0,1525.0,1525.0
pooled_equal_year,764,Thailand,2007,E018,1526,1526.0,1526.0,1526.0
pooled_equal_year,764,Thailand,2007,E025,1532,1532.0,1532.0,1532.0
pooled_equal_year,764,Thailand,2007,F063,1530,1530.0,1530.0,1530.0
pooled_equal_year,764,Thailand,2007,F118,1529,1529.0,1529.0,1529.0
pooled_equal_year,764,Thailand,2007,F120,1531,1531.0,1531.0,1531.0
pooled_equal_year,764,Thailand,2007,G006,1530,1530.0,1530.0,1530.0
pooled_equal_year,764,Thailand,2007,Y002,1470,1470.0,1470.0,1470.0
pooled_equal_year,764,Thailand,2013,A008,1200,1199.999874,1200.060324073017,1199.9394269720062
pooled_equal_year,764,Thailand,2013,A165,1185,1184.8857939999998,1184.830993015854,1184.9405975188092
pooled_equal_year,764,Thailand,2013,E018,1186,1185.953877,1185.9676223889949,1185.9401317703143
pooled_equal_year,764,Thailand,2013,E025,1198,1197.9796459999998,1198.019663487028,1197.9396298496767
pooled_equal_year,764,Thailand,2013,F063,1102,1101.600397,1101.257779971333,1101.9431206217191
pooled_equal_year,764,Thailand,2013,F118,1181,1180.919502,1180.898926599072,1180.9400777594235
pooled_equal_year,764,Thailand,2013,F120,1190,1189.960228,1189.980793908896,1189.9396624465353
pooled_equal_year,764,Thailand,2013,G006,1198,1197.999985,1198.060339229399,1197.939633811043
pooled_equal_year,764,Thailand,2013,Y002,1121,1120.844912,1120.7466593822542,1120.9431732312687
pooled_equal_year,764,Thailand,2018,A008,1494,1493.797868,1644.139782789376,1357.2033800286706
pooled_equal_year,764,Thailand,2018,A165,1425,1417.243047,1551.051572871601,1294.9781228429326
pooled_equal_year,764,Thailand,2018,E018,1358,1360.674529,1500.9026794903348,1233.5477837231049
pooled_equal_year,764,Thailand,2018,E025,1494,1494.721021,1646.4340835929909,1356.9877791545946
pooled_equal_year,764,Thailand,2018,F063,1481,1481.292157,1631.760267353307,1344.6990334853035
pooled_equal_year,764,Thailand,2018,F118,1485,1487.675742,1640.8474857877177,1348.8024526988715
pooled_equal_year,764,Thailand,2018,F120,1484,1485.159561,1635.7071662824949,1348.4680920256951
pooled_equal_year,764,Thailand,2018,G006,1493,1492.907053,1643.346231425151,1356.239741983221
pooled_equal_year,764,Thailand,2018,Y002,1333,1330.400029,1462.969079423579,1209.8439140358182
pooled_equal_year,780,Trinidad and Tobago,2006,A008,1002,1002.000053,1179.6652103603851,851.0924094347766
pooled_equal_year,780,Trinidad and Tobago,2006,A165,1000,999.499994,1176.5233602394242,849.1121143592951
pooled_equal_year,780,Trinidad and Tobago,2006,E018,996,997.294537,1174.930804764767,846.5148666598903
pooled_equal_year,780,Trinidad and Tobago,2006,E025,984,981.235451,1154.181207790091,834.2043725895428
pooled_equal_year,780,Trinidad and Tobago,2006,F063,1000,999.958517,1177.572779918785,849.1339582338187
pooled_equal_year,780,Trinidad and Tobago,2006,F118,987,987.447193,1163.0355364625352,838.3681567712686
pooled_equal_year,780,Trinidad and Tobago,2006,F120,996,997.565517,1175.6624131893768,846.4478829495247
pooled_equal_year,780,Trinidad and Tobago,2006,G006,995,994.06105,1170.171291695318,844.4553187554978
pooled_equal_year,780,Trinidad and Tobago,2006,Y002,993,993.771868,1171.1614617788282,843.2505319362299
pooled_equal_year,780,Trinidad and Tobago,2010,A008,999,999.0,999.0,999.0
pooled_equal_year,780,Trinidad and Tobago,2010,A165,994,994.0,994.0,994.0
pooled_equal_year,780,Trinidad and Tobago,2010,E018,982,982.0,982.0,982.0
pooled_equal_year,780,Trinidad and Tobago,2010,E025,933,933.0,933.0,933.0
pooled_equal_year,780,Trinidad and Tobago,2010,F063,995,995.0,995.0,995.0
pooled_equal_year,780,Trinidad and Tobago,2010,F118,962,962.0,962.0,962.0
pooled_equal_year,780,Trinidad and Tobago,2010,F120,968,968.0,968.0,968.0
pooled_equal_year,780,Trinidad and Tobago,2010,G006,990,990.0,990.0,990.0
pooled_equal_year,780,Trinidad and Tobago,2010,Y002,994,994.0,994.0,994.0
pooled_equal_year,788,Tunisia,2013,A008,1202,1202.0,1202.0,1202.0
pooled_equal_year,788,Tunisia,2013,A165,1169,1169.0,1169.0,1169.0
pooled_equal_year,788,Tunisia,2013,E018,1148,1148.0,1148.0,1148.0
pooled_equal_year,788,Tunisia,2013,E025,1101,1101.0,1101.0,1101.0
pooled_equal_year,788,Tunisia,2013,F063,1161,1161.0,1161.0,1161.0
pooled_equal_year,788,Tunisia,2013,F118,1087,1087.0,1087.0,1087.0
pooled_equal_year,788,Tunisia,2013,F120,1145,1145.0,1145.0,1145.0
pooled_equal_year,788,Tunisia,2013,G006,1198,1198.0,1198.0,1198.0
pooled_equal_year,788,Tunisia,2013,Y002,1176,1176.0,1176.0,1176.0
pooled_equal_year,788,Tunisia,2019,A008,1206,1206.0,1206.0,1206.0
pooled_equal_year,788,Tunisia,2019,A165,1172,1172.0,1172.0,1172.0
pooled_equal_year,788,Tunisia,2019,E018,1181,1181.0,1181.0,1181.0
pooled_equal_year,788,Tunisia,2019,E025,1082,1082.0,1082.0,1082.0
pooled_equal_year,788,Tunisia,2019,F063,1201,1201.0,1201.0,1201.0
pooled_equal_year,788,Tunisia,2019,F118,1199,1199.0,1199.0,1199.0
pooled_equal_year,788,Tunisia,2019,F120,1201,1201.0,1201.0,1201.0
pooled_equal_year,788,Tunisia,2019,G006,1199,1199.0,1199.0,1199.0
pooled_equal_year,788,Tunisia,2019,Y002,1009,1009.0,1009.0,1009.0
pooled_equal_year,792,Turkey,2007,A008,1345,1345.04866,1426.8401704162338,1267.9457274040958
pooled_equal_year,792,Turkey,2007,A165,1339,1339.173798,1420.566992602964,1262.444130117122
pooled_equal_year,792,Turkey,2007,E018,1280,1277.73245,1352.0061852451638,1207.5390124690573
pooled_equal_year,792,Turkey,2007,E025,1328,1327.83647,1407.738724717882,1252.469410767545
pooled_equal_year,792,Turkey,2007,F063,1339,1339.4709360000002,1421.01974052071,1262.602015459171
pooled_equal_year,792,Turkey,2007,F118,1310,1311.8636740000002,1393.3894729886338,1235.107866481504
pooled_equal_year,792,Turkey,2007,F120,1324,1323.354088,1402.640673859236,1248.5493076483128
pooled_equal_year,792,Turkey,2007,G006,1259,1263.865978,1346.244442182434,1186.5283601515762
pooled_equal_year,792,Turkey,2007,Y002,1311,1311.382806,1390.677656952242,1236.6092568434008
pooled_equal_year,792,Turkey,2009,A008,2323,2323.1770822847893,2435.0016542782796,2216.4879215463825
pooled_equal_year,792,Turkey,2009,A165,2295,2295.195988751037,2406.3882198520037,2189.1416286532667
pooled_equal_year,792,Turkey,2009,E018,2015,2016.5868977389157,2116.8687861905237,1921.0556377707665
pooled_equal_year,792,Turkey,2009,E025,2236,2236.354197785905,2343.2432007311104,2134.341026315237
pooled_equal_year,792,Turkey,2009,F063,2301,2300.967382937025,2412.0977833667193,2194.9569929749105
pooled_equal_year,792,Turkey,2009,F118,2244,2242.8318773753526,2348.602354511563,2141.824826373043
pooled_equal_year,792,Turkey,2009,F120,2272,2273.0745576715312,2384.77496617471,2166.6060815044216
pooled_equal_year,792,Turkey,2009,G006,2269,2271.9673963850896,2385.5177569759026,2163.82201940951
pooled_equal_year,792,Turkey,2009,Y002,2292,2292.8702801185045,2404.552296345428,2186.3754551901307
pooled_equal_year,792,Turkey,2011,A008,1598,1597.931854,1797.6738622194143,1420.3834542465104
pooled_equal_year,792,Turkey,2011,A165,1521,1517.414668,1701.430864897502,1353.3005202654886
pooled_equal_year,792,Turkey,2011,E018,1554,1541.2363759999998,1719.84180107235,1381.1791091625437
pooled_equal_year,792,Turkey,2011,E025,1542,1537.473814,1725.3858297719005,1370.0273225544047
pooled_equal_year,792,Turkey,2011,F063,1574,1575.0036249999998,1773.148573657495,1399.0008821687748
pooled_equal_year,792,Turkey,2011,F118,1591,1593.26272,1794.93505046703,1414.2495542004715
pooled_equal_year,792,Turkey,2011,F120,1586,1586.4981360000002,1785.686944975524,1409.5283289232843
pooled_equal_year,792,Turkey,2011,G006,1508,1505.703447,1687.8817397943633,1343.1882203926746
pooled_equal_year,792,Turkey,2011,Y002,1555,1544.225764,1725.0683675166842,1382.341277078875
pooled_equal_year,792,Turkey,2018,A008,2407,2407.0,2407.0,2407.0
pooled_equal_year,792,Turkey,2018,A165,2370,2370.0,2370.0,2370.0
pooled_equal_year,792,Turkey,2018,E018,2338,2338.0,2338.0,2338.0
pooled_equal_year,792,Turkey,2018,E025,2313,2313.0,2313.0,2313.0
pooled_equal_year,792,Turkey,2018,F063,2398,2398.0,2398.0,2398.0
pooled_equal_year,792,Turkey,2018,F118,2363,2363.0,2363.0,2363.0
pooled_equal_year,792,Turkey,2018,F120,2366,2366.0,2366.0,2366.0
pooled_equal_year,792,Turkey,2018,G006,2288,2288.0,2288.0,2288.0
pooled_equal_year,792,Turkey,2018,Y002,2360,2360.0,2360.0,2360.0
pooled_equal_year,804,Ukraine,2006,A008,975,971.695273,1277.702050688055,738.9764327779612
pooled_equal_year,804,Ukraine,2006,A165,891,889.0515969999999,1175.8801455119642,672.1881861387445
pooled_equal_year,804,Ukraine,2006,E018,933,911.653328,1124.236273965548,739.2679009741192
pooled_equal_year,804,Ukraine,2006,E025,935,937.433034,1246.428192437226,705.0391659676
pooled_equal_year,804,Ukraine,2006,F063,935,928.550066,1210.3283040106662,712.3730166530139
pooled_equal_year,804,Ukraine,2006,F118,887,866.169763,1084.240470763948,691.9590981573077
pooled_equal_year,804,Ukraine,2006,F120,900,881.312068,1121.68128164138,692.4524585681406
pooled_equal_year,804,Ukraine,2006,G006,914,916.957865,1224.6823986002591,686.5549199909765
pooled_equal_year,804,Ukraine,2006,Y002,977,975.6663,1284.557388906462,741.052705917685
pooled_equal_year,804,Ukraine,2008,A008,1467,1468.273809024776,1536.150066641747,1403.3967286679783
pooled_equal_year,804,Ukraine,2008,A165,1436,1434.956829083343,1498.8970973348348,1373.7441382695167
pooled_equal_year,804,Ukraine,2008,E018,1161,1172.420367569352,1239.5890070477355,1108.8913425952323
pooled_equal_year,804,Ukraine,2008,E025,1457,1456.7335609461684,1521.886803488963,1394.3695830215493
pooled_equal_year,804,Ukraine,2008,F063,1444,1440.2685772199557,1500.877506294042,1382.1071778530593
pooled_equal_year,804,Ukraine,2008,F118,1343,1347.3863489524078,1413.247086224773,1284.594881559556
pooled_equal_year,804,Ukraine,2008,F120,1403,1403.6716251946573,1467.359788838913,1342.7477339662262
pooled_equal_year,804,Ukraine,2008,G006,1423,1421.256643700753,1483.5910085828828,1361.541311303169
pooled_equal_year,804,Ukraine,2008,Y002,1465,1466.378410774026,1533.5808056784522,1402.1208635516834
pooled_equal_year,804,Ukraine,2011,A008,1426,1424.140053,1563.433142460603,1297.2571934651507
pooled_equal_year,804,Ukraine,2011,A165,1403,1401.268464,1534.356303860324,1279.724470294656
pooled_equal_year,804,Ukraine,2011,E018,1500,1500.0003419999998,1646.637384110781,1366.4216831899296
pooled_equal_year,804,Ukraine,2011,E025,1500,1500.0003419999998,1646.637384110781,1366.4216831899296
pooled_equal_year,804,Ukraine,2011,F063,1500,1500.0003419999998,1646.637384110781,1366.4216831899296
pooled_equal_year,804,Ukraine,2011,F118,1500,1500.0003419999998,1646.637384110781,1366.4216831899296
pooled_equal_year,804,Ukraine,2011,F120,1500,1500.0003419999998,1646.637384110781,1366.4216831899296
pooled_equal_year,804,Ukraine,2011,G006,1403,1401.84775,1539.124748210338,1276.814706842398
pooled_equal_year,804,Ukraine,2011,Y002,1500,1500.0003419999998,1646.637384110781,1366.4216831899296
pooled_equal_year,804,Ukraine,2020,A008,2805,2830.8397802952604,11685.954102905112,685.7509272357945
pooled_equal_year,804,Ukraine,2020,A165,2790,2832.3816263559515,11796.813825604037,680.0468156839809
pooled_equal_year,804,Ukraine,2020,E018,2494,2499.4088036434905,10527.439002722684,593.4058954048489
pooled_equal_year,804,Ukraine,2020,E025,2692,2732.3020420791177,11652.612182401102,640.6696054318872
pooled_equal_year,804,Ukraine,2020,F063,2743,2783.946343816381,11752.379327710947,659.471331645501
pooled_equal_year,804,Ukraine,2020,F118,2547,2591.0311600799496,11381.56093002732,589.8525267121804
pooled_equal_year,804,Ukraine,2020,F120,2644,2702.855949632539,11641.99285769675,627.5068515983712
pooled_equal_year,804,Ukraine,2020,G006,2700,2711.1400510989333,10846.297056331425,677.6764769117282
pooled_equal_year,804,Ukraine,2020,Y002,2768,2747.8464825798483,11003.599536196189,686.199117569542
pooled_equal_year,807,North Macedonia,2008,A008,1444,1439.5349348638565,1509.1713674918255,1373.1116779252784
pooled_equal_year,807,North Macedonia,2008,A165,1349,1345.7761973455588,1410.9766434468152,1283.588627603062
pooled_equal_year,807,North Macedonia,2008,E018,1302,1297.4236250815875,1360.4302760953565,1237.3350494309784
pooled_equal_year,807,North Macedonia,2008,E025,1376,1362.582154488736,1414.3714230063265,1312.6892254262273
pooled_equal_year,807,North Macedonia,2008,F063,1392,1393.219166471777,1468.5592871589315,1321.74414938295
pooled_equal_year,807,North Macedonia,2008,F118,1418,1419.4170628313425,1498.0356954758258,1344.924426261288
pooled_equal_year,807,North Macedonia,2008,F120,1413,1413.2474602091074,1490.0818098675732,1340.3749851593682
pooled_equal_year,807,North Macedonia,2008,G006,1401,1401.0534262175283,1473.5539782199548,1332.1199848322549
pooled_equal_year,807,North Macedonia,2008,Y002,1362,1356.2826591495218,1420.2311630676252,1295.2135535010148
pooled_equal_year,807,North Macedonia,2019,A008,1094,1093.126802036588,1370.3584734038986,871.9807470249765
pooled_equal_year,807,North Macedonia,2019,A165,1063,1060.8559416793446,1329.0323957746243,846.7929996096314
pooled_equal_year,807,North Macedonia,2019,E018,998,993.6104946237672,1243.5674988642672,793.894835566336
pooled_equal_year,807,North Macedonia,2019,E025,1014,993.2528189200208,1227.5155703214373,803.697473290892
pooled_equal_year,807,North Macedonia,2019,F063,1094,1095.1652938371744,1380.7489543300874,868.6495956155794
pooled_equal_year,807,North Macedonia,2019,F118,1077,1074.6634940461245,1348.3353673978186,856.5388503190375
pooled_equal_year,807,North Macedonia,2019,F120,1080,1079.1167408932838,1356.254517997887,858.6094461054225
pooled_equal_year,807,North Macedonia,2019,G006,1050,1043.4441849408297,1308.4382078583626,832.1185979954897
pooled_equal_year,807,North Macedonia,2019,Y002,1071,1066.4874431637345,1335.1531037544191,851.8839249428326
pooled_equal_year,826,United Kingdom,2005,A008,1039,1038.900021,1181.6056716455391,913.4293102458764
pooled_equal_year,826,United Kingdom,2005,A165,1022,1023.273335,1164.282517062539,899.3421294032694
pooled_equal_year,826,United Kingdom,2005,E018,1006,1007.461655,1148.6370626741232,883.637677450859
pooled_equal_year,826,United Kingdom,2005,E025,1014,1005.535695,1129.559413396339,895.1295716964275
pooled_equal_year,826,United Kingdom,2005,F063,1025,1024.911303,1165.5490885890008,901.2431902707856
pooled_equal_year,826,United Kingdom,2005,F118,927,929.083239,1058.927634953513,815.1602021687021
pooled_equal_year,826,United Kingdom,2005,F120,974,977.312262,1117.684980311588,854.5692876621489
pooled_equal_year,826,United Kingdom,2005,G006,965,961.070595,1088.3321753854652,848.6900502105559
pooled_equal_year,826,United Kingdom,2005,Y002,997,997.413859,1134.363977962285,876.9975294105716
pooled_equal_year,826,United Kingdom,2009,A008,1547,1546.6336906944953,1650.0036924060273,1449.739648584157
pooled_equal_year,826,United Kingdom,2009,A165,1506,1503.520095890711,1601.9371360401046,1411.149431453482
pooled_equal_year,826,United Kingdom,2009,E018,1487,1487.4561091714495,1588.4229803653134,1392.9071186080546
pooled_equal_year,826,United Kingdom,2009,E025,1523,1523.367010061678,1625.1572817258498,1427.9522809508169
pooled_equal_year,826,United Kingdom,2009,F063,1526,1525.621492898042,1628.2495817220074,1429.46202211267
pooled_equal_year,826,United Kingdom,2009,F118,1499,1502.8434072264313,1607.3309816214803,1405.1482441814994
pooled_equal_year,826,United Kingdom,2009,F120,1507,1506.3825108492647,1605.5495768261198,1413.3405170074589
pooled_equal_year,826,United Kingdom,2009,G006,1435,1427.3088360807992,1514.7439758146256,1344.9206902828043
pooled_equal_year,826,United Kingdom,2009,Y002,1493,1494.7927191193507,1597.386430289589,1398.7881897351217
pooled_equal_year,826,United Kingdom,2018,A008,1788,1793.5025906047026,2146.0676633603925,1498.8583992123654
pooled_equal_year,826,United Kingdom,2018,A165,1778,1784.068293737118,2134.9584991646416,1490.8485003167343
pooled_equal_year,826,United Kingdom,2018,E018,1767,1773.8627794133834,2124.27836042157,1481.2508656180644
pooled_equal_year,826,United Kingdom,2018,E025,1787,1791.8701095959825,2143.4026691165604,1497.9912715079813
pooled_equal_year,826,United Kingdom,2018,F063,1781,1787.2239363388917,2139.489138228482,1492.9589225526458
pooled_equal_year,826,United Kingdom,2018,F118,1749,1758.3340011204698,2109.6862909222864,1465.496776842927
pooled_equal_year,826,United Kingdom,2018,F120,1764,1771.4845324917078,2124.1343003334255,1477.381843683221
pooled_equal_year,826,United Kingdom,2018,G006,1643,1609.0719753584235,1866.133116254457,1387.421186265911
pooled_equal_year,826,United Kingdom,2018,Y002,1750,1756.488447401855,2102.3145708194193,1467.549960733821
pooled_equal_year,826,United Kingdom,2022,A008,2595,2600.466371,5142.017350024969,1315.1307913554729
pooled_equal_year,826,United Kingdom,2022,A165,2567,2570.357888,5080.661895450595,1300.369874704658
pooled_equal_year,826,United Kingdom,2022,E018,2561,2573.351127,5109.208130691555,1296.117882348988
pooled_equal_year,826,United Kingdom,2022,E025,2592,2598.649827,5141.135110751979,1313.51944228118
pooled_equal_year,826,United Kingdom,2022,F063,2590,2592.7006229999997,5129.665357879738,1310.4356817699029
pooled_equal_year,826,United Kingdom,2022,F118,2522,2534.7079679999997,5024.144457259308,1278.773836560307
pooled_equal_year,826,United Kingdom,2022,F120,2551,2567.559667,5104.073213784881,1291.5885739649573
pooled_equal_year,826,United Kingdom,2022,G006,2332,2368.407574,4749.418723049292,1181.0612547927053
pooled_equal_year,826,United Kingdom,2022,Y002,2477,2470.9086770000004,4851.237861368648,1258.5220235627487
pooled_equal_year,840,United States,2006,A008,1248,1248.3799319999998,1895.18004360742,822.3242218474691
pooled_equal_year,840,United States,2006,A165,1241,1242.209437,1887.898375640581,817.355587187406
pooled_equal_year,840,United States,2006,E018,1223,1222.557863,1854.4523172459449,805.977977693616
pooled_equal_year,840,United States,2006,E025,1224,1222.677873,1854.3635021653072,806.1748300040355
pooled_equal_year,840,United States,2006,F063,1200,1194.855646,1798.73099398867,793.7151355869004
pooled_equal_year,840,United States,2006,F118,1175,1162.893089,1736.684064791401,778.6795329445218
pooled_equal_year,840,United States,2006,F120,1176,1167.003416,1747.2360511987858,779.4579169891017
pooled_equal_year,840,United States,2006,G006,1198,1192.9354909999995,1793.3083216535852,793.558513337625
pooled_equal_year,840,United States,2006,Y002,1222,1221.607787,1851.974019549989,805.8026567897844
pooled_equal_year,840,United States,2011,A008,2220,2221.0800000000004,3103.9236,1589.342072208221
pooled_equal_year,840,United States,2011,A165,2211,2211.1899999999996,3088.3793,1583.1479041774428
pooled_equal_year,840,United States,2011,E018,2188,2186.66,3054.8628000000003,1565.2035029527344
pooled_equal_year,840,United States,2011,E025,2204,2206.57,3090.5099,1575.4523759655328
pooled_equal_year,840,United States,2011,F063,2200,2200.96,3083.2115999999996,1571.1620057475136
pooled_equal_year,840,United States,2011,F118,2159,2158.25,3020.7053,1542.0382327597465
pooled_equal_year,840,United States,2011,F120,2167,2166.99,3034.8497,1547.3074861334974
pooled_equal_year,840,United States,2011,G006,2126,2119.37,2958.9509,1518.0141032079985
pooled_equal_year,840,United States,2011,Y002,2187,2178.56,3029.9258,1566.4158091264146
pooled_equal_year,840,United States,2017,A008,2588,2589.4484190000003,4246.432762626146,1579.0296207386173
pooled_equal_year,840,United States,2017,A165,2587,2584.802938,4236.531438369921,1577.046299664459
pooled_equal_year,840,United States,2017,E018,2580,2574.574978,4210.24878995266,1574.3573950218342
pooled_equal_year,840,United States,2017,E025,2571,2570.22044,4214.024327523116,1567.6305110646176
pooled_equal_year,840,United States,2017,F063,2578,2578.937138,4231.163524033453,1571.88837632432
pooled_equal_year,840,United States,2017,F118,2552,2550.926633,4185.560924800908,1554.6844984124182
pooled_equal_year,840,United States,2017,F120,2567,2566.836746,4211.711940596304,1564.3640812916165
pooled_equal_year,840,United States,2017,G006,2519,2514.598837,4124.489266877085,1533.088560036297
pooled_equal_year,840,United States,2017,Y002,2494,2476.8040819999997,4056.234246326189,1512.3777592894326
pooled_equal_year,854,Burkina Faso,2007,A008,1523,1523.0,1523.0,1523.0
pooled_equal_year,854,Burkina Faso,2007,A165,1443,1443.0,1443.0,1443.0
pooled_equal_year,854,Burkina Faso,2007,E018,1410,1410.0,1410.0,1410.0
pooled_equal_year,854,Burkina Faso,2007,E025,1177,1177.0,1177.0,1177.0
pooled_equal_year,854,Burkina Faso,2007,F063,1506,1506.0,1506.0,1506.0
pooled_equal_year,854,Burkina Faso,2007,F118,1422,1422.0,1422.0,1422.0
pooled_equal_year,854,Burkina Faso,2007,F120,1454,1454.0,1454.0,1454.0
pooled_equal_year,854,Burkina Faso,2007,G006,1503,1503.0,1503.0,1503.0
pooled_equal_year,854,Burkina Faso,2007,Y002,1469,1469.0,1469.0,1469.0
pooled_equal_year,858,Uruguay,2006,A008,995,995.0,995.0,995.0
pooled_equal_year,858,Uruguay,2006,A165,865,865.0,865.0,865.0
pooled_equal_year,858,Uruguay,2006,E018,927,927.0,927.0,927.0
pooled_equal_year,858,Uruguay,2006,E025,992,992.0,992.0,992.0
pooled_equal_year,858,Uruguay,2006,F063,984,984.0,984.0,984.0
pooled_equal_year,858,Uruguay,2006,F118,970,970.0,970.0,970.0
pooled_equal_year,858,Uruguay,2006,F120,981,981.0,981.0,981.0
pooled_equal_year,858,Uruguay,2006,G006,969,969.0,969.0,969.0
pooled_equal_year,858,Uruguay,2006,Y002,899,899.0,899.0,899.0
pooled_equal_year,858,Uruguay,2011,A008,995,995.0,995.0,995.0
pooled_equal_year,858,Uruguay,2011,A165,905,905.0,905.0,905.0
pooled_equal_year,858,Uruguay,2011,E018,925,925.0,925.0,925.0
pooled_equal_year,858,Uruguay,2011,E025,947,947.0,947.0,947.0
pooled_equal_year,858,Uruguay,2011,F063,927,927.0,927.0,927.0
pooled_equal_year,858,Uruguay,2011,F118,916,916.0,916.0,916.0
pooled_equal_year,858,Uruguay,2011,F120,937,937.0,937.0,937.0
pooled_equal_year,858,Uruguay,2011,G006,987,987.0,987.0,987.0
pooled_equal_year,858,Uruguay,2011,Y002,857,857.0,857.0,857.0
pooled_equal_year,858,Uruguay,2022,A008,978,980.049237,1606.125687005771,598.0207618339592
pooled_equal_year,858,Uruguay,2022,A165,996,993.543019,1619.9528658217912,609.3558346235408
pooled_equal_year,858,Uruguay,2022,E018,973,980.301548,1615.563587800222,594.8333648195784
pooled_equal_year,858,Uruguay,2022,E025,954,948.55386,1514.327872934698,594.160908877162
pooled_equal_year,858,Uruguay,2022,F063,994,994.567995,1627.143545876131,607.915324487064
pooled_equal_year,858,Uruguay,2022,F118,918,926.324603,1541.3383331905352,556.709225771935
pooled_equal_year,858,Uruguay,2022,F120,965,968.257089,1590.7477983334488,589.3591626409611
pooled_equal_year,858,Uruguay,2022,G006,974,969.553266,1581.094341779036,594.5461385647283
pooled_equal_year,858,Uruguay,2022,Y002,972,968.429566,1587.143740741012,590.9079311651248
pooled_equal_year,862,Venezuela,2021,A008,1190,1190.0,1190.0,1190.0
pooled_equal_year,862,Venezuela,2021,A165,1190,1190.0,1190.0,1190.0
pooled_equal_year,862,Venezuela,2021,E018,1190,1190.0,1190.0,1190.0
pooled_equal_year,862,Venezuela,2021,E025,1190,1190.0,1190.0,1190.0
pooled_equal_year,862,Venezuela,2021,F063,1190,1190.0,1190.0,1190.0
pooled_equal_year,862,Venezuela,2021,F118,1190,1190.0,1190.0,1190.0
pooled_equal_year,862,Venezuela,2021,F120,1190,1190.0,1190.0,1190.0
pooled_equal_year,862,Venezuela,2021,G006,1181,1181.0,1181.0,1181.0
pooled_equal_year,862,Venezuela,2021,Y002,1190,1190.0,1190.0,1190.0
pooled_equal_year,887,Yemen,2014,A008,1000,1000.0,1000.0,1000.0
pooled_equal_year,887,Yemen,2014,A165,953,953.0,953.0,953.0
pooled_equal_year,887,Yemen,2014,E018,936,936.0,936.0,936.0
pooled_equal_year,887,Yemen,2014,E025,769,769.0,769.0,769.0
pooled_equal_year,887,Yemen,2014,F063,978,978.0,978.0,978.0
pooled_equal_year,887,Yemen,2014,F118,654,654.0,654.0,654.0
pooled_equal_year,887,Yemen,2014,F120,925,925.0,925.0,925.0
pooled_equal_year,887,Yemen,2014,G006,992,992.0,992.0,992.0
pooled_equal_year,887,Yemen,2014,Y002,972,972.0,972.0,972.0
pooled_equal_year,894,Zambia,2007,A008,1341,1341.0,1341.0,1341.0
pooled_equal_year,894,Zambia,2007,A165,1403,1403.0,1403.0,1403.0
pooled_equal_year,894,Zambia,2007,E018,1422,1422.0,1422.0,1422.0
pooled_equal_year,894,Zambia,2007,E025,1410,1410.0,1410.0,1410.0
pooled_equal_year,894,Zambia,2007,F063,1480,1480.0,1480.0,1480.0
pooled_equal_year,894,Zambia,2007,F118,1450,1450.0,1450.0,1450.0
pooled_equal_year,894,Zambia,2007,F120,1462,1462.0,1462.0,1462.0
pooled_equal_year,894,Zambia,2007,G006,1459,1459.0,1459.0,1459.0
pooled_equal_year,894,Zambia,2007,Y002,1451,1451.0,1451.0,1451.0
pooled_equal_year,909,Northern Ireland,2008,A008,487,487.9718108185948,568.0927895774073,419.1506960169456
pooled_equal_year,909,Northern Ireland,2008,A165,486,485.3212087710843,563.236060184827,418.18465175282734
pooled_equal_year,909,Northern Ireland,2008,E018,473,471.8004374542688,546.3783150891933,407.4020630663241
pooled_equal_year,909,Northern Ireland,2008,E025,475,474.0178729592485,550.4366223897356,408.20856524643966
pooled_equal_year,909,Northern Ireland,2008,F063,489,489.3966379065931,568.486069733648,421.31035736107634
pooled_equal_year,909,Northern Ireland,2008,F118,464,467.57356779233294,548.1406669212436,398.8484243032149
pooled_equal_year,909,Northern Ireland,2008,F120,471,468.7725294457612,542.3519742613157,405.1754115254652
pooled_equal_year,909,Northern Ireland,2008,G006,463,458.322368513012,527.7574617670284,398.0225931359832
pooled_equal_year,909,Northern Ireland,2008,Y002,482,483.1154836717187,562.4948150040245,414.9381724730899
pooled_equal_year,909,Northern Ireland,2022,A008,445,445.531194,734.297489715748,270.32374154500474
pooled_equal_year,909,Northern Ireland,2022,A165,437,435.820352,714.157244947758,265.962966225034
pooled_equal_year,909,Northern Ireland,2022,E018,441,440.9083820000001,726.3357965566881,267.64507854279447
pooled_equal_year,909,Northern Ireland,2022,E025,444,443.84273,729.996877472098,269.8591939955011
pooled_equal_year,909,Northern Ireland,2022,F063,445,446.191917,735.085228477699,270.83556992218183
pooled_equal_year,909,Northern Ireland,2022,F118,433,437.518585,726.6008944204411,263.4493209275315
pooled_equal_year,909,Northern Ireland,2022,F120,438,443.201281,733.7881655774411,267.68948409717956
pooled_equal_year,909,Northern Ireland,2022,G006,286,288.09139799999997,499.477027802672,166.16710875917164
pooled_equal_year,909,Northern Ireland,2022,Y002,433,437.396795,726.907749311155,263.19152114910065
pooled_equal_year,915,Kosovo,2008,A008,1574,1572.389173007305,1626.210692230627,1520.348945682595
pooled_equal_year,915,Kosovo,2008,A165,1544,1544.6243722040324,1599.5025539880785,1491.6290350759164
pooled_equal_year,915,Kosovo,2008,E018,1318,1313.3490766875502,1354.8042226169032,1273.1624012097468
pooled_equal_year,915,Kosovo,2008,E025,1462,1462.645824446804,1515.5837257660482,1411.5569937849195
pooled_equal_year,915,Kosovo,2008,F063,1555,1554.315612088198,1608.1585557587573,1502.2753902778245
pooled_equal_year,915,Kosovo,2008,F118,1577,1576.890862044052,1633.152918318735,1522.5670314803542
pooled_equal_year,915,Kosovo,2008,F120,1568,1568.1805923921777,1623.3383616100784,1514.8969731217203
pooled_equal_year,915,Kosovo,2008,G006,1222,1221.6560223551835,1261.155354019883,1183.3938080662183
pooled_equal_year,915,Kosovo,2008,Y002,1500,1498.5148583623688,1550.061743169857,1448.6821512933254
latest_available,8,Albania,2018,A008,1430,1450.0977042616496,1745.312040992807,1204.8179938693113
latest_available,8,Albania,2018,A165,1430,1447.4004153484275,1739.2244492131465,1204.5414628908873
latest_available,8,Albania,2018,E018,1414,1436.7048505970115,1732.8363154122658,1191.1804994910317
latest_available,8,Albania,2018,E025,1345,1367.3460720153837,1646.0407549060978,1135.8377823169733
latest_available,8,Albania,2018,F063,1415,1436.5861343852116,1731.2972649880844,1192.0423853508769
latest_available,8,Albania,2018,F118,1391,1412.731187236319,1704.96726775445,1170.58517493931
latest_available,8,Albania,2018,F120,1426,1447.5677889465253,1743.753873872787,1201.6905223795377
latest_available,8,Albania,2018,G006,1423,1446.4599586635877,1743.335988199532,1200.1395176714504
latest_available,8,Albania,2018,Y002,1432,1451.679527806133,1746.573968647498,1206.5755526422577
latest_available,12,Algeria,2014,A008,1134,1134.0,1134.0,1134.0
latest_available,12,Algeria,2014,A165,1149,1149.0,1149.0,1149.0
latest_available,12,Algeria,2014,E018,1076,1076.0,1076.0,1076.0
latest_available,12,Algeria,2014,E025,838,838.0,838.0,838.0
latest_available,12,Algeria,2014,F063,1175,1175.0,1175.0,1175.0
latest_available,12,Algeria,2014,F118,1052,1052.0,1052.0,1052.0
latest_available,12,Algeria,2014,F120,1116,1116.0,1116.0,1116.0
latest_available,12,Algeria,2014,G006,1168,1168.0,1168.0,1168.0
latest_available,12,Algeria,2014,Y002,1090,1090.0,1090.0,1090.0
latest_available,20,Andorra,2018,A008,1004,1004.0,1004.0,1004.0
latest_available,20,Andorra,2018,A165,1001,1001.0,1001.0,1001.0
latest_available,20,Andorra,2018,E018,999,999.0,999.0,999.0
latest_available,20,Andorra,2018,E025,1000,1000.0,1000.0,1000.0
latest_available,20,Andorra,2018,F063,996,996.0,996.0,996.0
latest_available,20,Andorra,2018,F118,999,999.0,999.0,999.0
latest_available,20,Andorra,2018,F120,999,999.0,999.0,999.0
latest_available,20,Andorra,2018,G006,477,477.0,477.0,477.0
latest_available,20,Andorra,2018,Y002,996,996.0,996.0,996.0
latest_available,31,Azerbaijan,2018,A008,1712,1721.3038011427034,2014.1198461476683,1471.0578327775886
latest_available,31,Azerbaijan,2018,A165,1693,1693.1021479416577,1954.2823675420905,1466.8273791826634
latest_available,31,Azerbaijan,2018,E018,1627,1632.048939343903,1902.5998002035217,1399.9705771695312
latest_available,31,Azerbaijan,2018,E025,1600,1610.2538305819428,1880.6507178082284,1378.7341659729834
latest_available,31,Azerbaijan,2018,F063,1743,1760.24445219074,2068.590136582938,1497.8610197699977
latest_available,31,Azerbaijan,2018,F118,1689,1693.8284583839477,1962.269376018753,1462.1105957696616
latest_available,31,Azerbaijan,2018,F120,1669,1669.8516989762618,1945.8889606128664,1432.9721546370702
latest_available,31,Azerbaijan,2018,G006,1766,1783.802342797075,2094.6917067009867,1519.054468965132
latest_available,31,Azerbaijan,2018,Y002,1756,1760.852124384161,2045.5720107884565,1515.7619421831553
latest_available,32,Argentina,2017,A008,983,984.944925,1329.821196034055,729.5089807384993
latest_available,32,Argentina,2017,A165,952,956.952711,1295.143046325873,707.0713105306161
latest_available,32,Argentina,2017,E018,944,949.652655,1289.739033991917,699.2423594075707
latest_available,32,Argentina,2017,E025,954,939.141529,1247.130546847007,707.2129006239925
latest_available,32,Argentina,2017,F063,995,997.776973,1345.977636904539,739.6548505357158
latest_available,32,Argentina,2017,F118,897,888.959178,1195.350150988992,661.1020373374371
latest_available,32,Argentina,2017,F120,952,950.324479,1285.119201043543,702.7492972272707
latest_available,32,Argentina,2017,G006,982,988.840676,1335.2736448591,732.2887606422549
latest_available,32,Argentina,2017,Y002,961,951.608577,1276.612077824177,709.3453834177841
latest_available,36,Australia,2018,A008,1805,1808.371022,3239.498652486536,1009.4789669689222
latest_available,36,Australia,2018,A165,1792,1798.304702,3226.546332355674,1002.279052622271
latest_available,36,Australia,2018,E018,1772,1779.0154080000002,3202.204666882302,988.3490129888484
latest_available,36,Australia,2018,E025,1798,1798.448023,3217.907541353021,1005.129964073687
latest_available,36,Australia,2018,F063,1798,1801.447398,3230.53196081073,1004.5443806556724
latest_available,36,Australia,2018,F118,1759,1750.837158,3111.4119518024117,985.221758262432
latest_available,36,Australia,2018,F120,1773,1768.229987,3146.434988110153,993.7078944078156
latest_available,36,Australia,2018,G006,1720,1687.535083,2945.1023960026487,966.9526805659004
latest_available,36,Australia,2018,Y002,1779,1784.1783220000002,3203.0625329876657,993.8277045517158
latest_available,40,Austria,2018,A008,1639,1646.6458207303865,2129.872815521743,1273.0536955863447
latest_available,40,Austria,2018,A165,1595,1605.8606783714426,2083.1747266956,1237.9127325676368
latest_available,40,Austria,2018,E018,1595,1598.2169139219764,2063.0996011740745,1238.0872462447664
latest_available,40,Austria,2018,E025,1627,1634.5251097997009,2114.6031042933446,1263.439143327343
latest_available,40,Austria,2018,F063,1623,1629.9827069873584,2109.887697751833,1259.2346160929828
latest_available,40,Austria,2018,F118,1576,1582.714098334804,2050.655182129355,1221.5529645830711
latest_available,40,Austria,2018,F120,1581,1590.674912248397,2063.2029896408276,1226.3682677664806
latest_available,40,Austria,2018,G006,1491,1476.9109851398866,1887.2775483804155,1155.7738605531251
latest_available,40,Austria,2018,Y002,1614,1621.5577449803643,2097.876954111507,1253.3859601024258
latest_available,50,Bangladesh,2018,A008,1200,1200.0,1200.0,1200.0
latest_available,50,Bangladesh,2018,A165,1199,1199.0,1199.0,1199.0
latest_available,50,Bangladesh,2018,E018,1123,1123.0,1123.0,1123.0
latest_available,50,Bangladesh,2018,E025,1075,1075.0,1075.0,1075.0
latest_available,50,Bangladesh,2018,F063,1200,1200.0,1200.0,1200.0
latest_available,50,Bangladesh,2018,F118,1200,1200.0,1200.0,1200.0
latest_available,50,Bangladesh,2018,F120,1200,1200.0,1200.0,1200.0
latest_available,50,Bangladesh,2018,G006,1199,1199.0,1199.0,1199.0
latest_available,50,Bangladesh,2018,Y002,1200,1200.0,1200.0,1200.0
latest_available,51,Armenia,2021,A008,1213,1213.9307990000002,1446.537697935955,1018.7276742690348
latest_available,51,Armenia,2021,A165,1221,1221.270098,1454.970063600918,1025.1074503743407
latest_available,51,Armenia,2021,E018,1170,1163.998531,1375.054513870895,985.3373568121458
latest_available,51,Armenia,2021,E025,1164,1161.7100329999998,1377.684095806399,979.5933660560388
latest_available,51,Armenia,2021,F063,1211,1211.8708390000002,1445.324281794255,1016.1255497592388
latest_available,51,Armenia,2021,F118,1212,1214.291954,1449.462149491322,1017.2773052863814
latest_available,51,Armenia,2021,F120,1194,1189.078361,1406.678555533911,1005.1389089825084
latest_available,51,Armenia,2021,G006,1205,1208.3889880000002,1444.34139972631,1010.9825465062212
latest_available,51,Armenia,2021,Y002,1156,1151.675757,1365.578156089113,971.2787535061958
latest_available,56,Belgium,2009,A008,1508,1505.0073323094755,1638.9751915415427,1381.9898446265609
latest_available,56,Belgium,2009,A165,1498,1495.5482495879778,1630.4696925048156,1371.7915623500976
latest_available,56,Belgium,2009,E018,1506,1504.660344141323,1641.103661085664,1379.5610874048905
latest_available,56,Belgium,2009,E025,1503,1500.4445175706935,1634.5393563415437,1377.3505921245785
latest_available,56,Belgium,2009,F063,1506,1504.457725711506,1640.7502549977448,1379.486635189429
latest_available,56,Belgium,2009,F118,1490,1491.1770008334192,1629.1862360243558,1364.8586015805922
latest_available,56,Belgium,2009,F120,1506,1503.8291318287677,1639.369951561078,1379.494637914625
latest_available,56,Belgium,2009,G006,1410,1402.4467356397267,1519.828919474638,1294.1304255392197
latest_available,56,Belgium,2009,Y002,1497,1497.206107778501,1634.7090168139462,1371.2692021104683
latest_available,68,Bolivia,2017,A008,2061,2061.0,2061.0,2061.0
latest_available,68,Bolivia,2017,A165,2047,2047.0,2047.0,2047.0
latest_available,68,Bolivia,2017,E018,2050,2050.0,2050.0,2050.0
latest_available,68,Bolivia,2017,E025,1997,1997.0,1997.0,1997.0
latest_available,68,Bolivia,2017,F063,2065,2065.0,2065.0,2065.0
latest_available,68,Bolivia,2017,F118,1880,1880.0,1880.0,1880.0
latest_available,68,Bolivia,2017,F120,2036,2036.0,2036.0,2036.0
latest_available,68,Bolivia,2017,G006,2059,2059.0,2059.0,2059.0
latest_available,68,Bolivia,2017,Y002,2000,2000.0,2000.0,2000.0
latest_available,70,Bosnia Herzegovina,2019,A008,1722,1732.845992240987,2117.1421224348283,1418.305932797898
latest_available,70,Bosnia Herzegovina,2019,A165,1706,1717.948437426827,2100.7361907177,1404.9107387677136
latest_available,70,Bosnia Herzegovina,2019,E018,1661,1670.1357428364772,2040.3200186617785,1367.1156357763205
latest_available,70,Bosnia Herzegovina,2019,E025,1670,1680.5059917346327,2055.885898873837,1373.6659168696926
latest_available,70,Bosnia Herzegovina,2019,F063,1689,1695.3190735569844,2064.783929954901,1391.9649022204896
latest_available,70,Bosnia Herzegovina,2019,F118,1695,1710.1974303541551,2095.440213870691,1395.7808156155022
latest_available,70,Bosnia Herzegovina,2019,F120,1649,1665.8209709414227,2048.507180223252,1354.6252285656142
latest_available,70,Bosnia Herzegovina,2019,G006,1669,1684.461229316816,2063.75013936243,1374.8804077358418
latest_available,70,Bosnia Herzegovina,2019,Y002,1709,1718.4982018441497,2098.145319785169,1407.5460083212731
latest_available,76,Brazil,2018,A008,1745,1744.153416,1764.186647935352,1724.3476715486083
latest_available,76,Brazil,2018,A165,1730,1729.350364,1749.4556480685078,1709.476136059106
latest_available,76,Brazil,2018,E018,1690,1690.174361,1710.709489520551,1669.8857334230272
latest_available,76,Brazil,2018,E025,1659,1659.5829049999998,1680.166774495443,1639.2512102825829
latest_available,76,Brazil,2018,F063,1745,1744.7287299999998,1765.3309157097478,1724.36698082951
latest_available,76,Brazil,2018,F118,1506,1505.9544339999998,1524.375576547792,1487.7558996453502
latest_available,76,Brazil,2018,F120,1677,1678.11708,1699.4383565069538,1657.063301769842
latest_available,76,Brazil,2018,G006,1724,1723.991832,1744.565869757604,1703.6604282621192
latest_available,76,Brazil,2018,Y002,1561,1562.234986,1582.3032432627,1542.42125324218
latest_available,100,Bulgaria,2017,A008,1539,1545.516578554632,2231.8227770143044,1070.255899880489
latest_available,100,Bulgaria,2017,A165,1518,1525.2216299918707,2198.5268663727993,1058.118077234628
latest_available,100,Bulgaria,2017,E018,1283,1294.5860349008235,1886.1489702114256,888.5581299404856
latest_available,100,Bulgaria,2017,E025,1342,1348.6653558938556,1942.297848043484,936.4672076533026
latest_available,100,Bulgaria,2017,F063,1470,1481.7640974354986,2153.3887952814302,1019.6137572833836
latest_available,100,Bulgaria,2017,F118,1443,1458.596364166559,2114.5739552431723,1006.1144223802974
latest_available,100,Bulgaria,2017,F120,1424,1417.3844481218712,2030.8699046095296,989.2207616144684
latest_available,100,Bulgaria,2017,G006,1498,1507.0658020084736,2185.525308848838,1039.2226172753667
latest_available,100,Bulgaria,2017,Y002,1499,1504.4850229878043,2170.801784928516,1042.69086201675
latest_available,104,Myanmar,2020,A008,1200,1200.0,1200.0,1200.0
latest_available,104,Myanmar,2020,A165,1200,1200.0,1200.0,1200.0
latest_available,104,Myanmar,2020,E018,1200,1200.0,1200.0,1200.0
latest_available,104,Myanmar,2020,E025,1153,1153.0,1153.0,1153.0
latest_available,104,Myanmar,2020,F063,1200,1200.0,1200.0,1200.0
latest_available,104,Myanmar,2020,F118,1199,1199.0,1199.0,1199.0
latest_available,104,Myanmar,2020,F120,1199,1199.0,1199.0,1199.0
latest_available,104,Myanmar,2020,G006,1200,1200.0,1200.0,1200.0
latest_available,104,Myanmar,2020,Y002,1200,1200.0,1200.0,1200.0
latest_available,112,Belarus,2018,A008,1506,1507.4009709699028,1544.638805907348,1471.0608581054269
latest_available,112,Belarus,2018,A165,1468,1468.6821454333513,1504.5561047729284,1433.66354865195
latest_available,112,Belarus,2018,E018,1395,1398.8365027069767,1435.8241898328752,1362.8016404524035
latest_available,112,Belarus,2018,E025,1481,1483.8072021502253,1522.2807379210044,1446.3060316717554
latest_available,112,Belarus,2018,F063,1498,1499.0750851359803,1535.721950827672,1463.3027219962005
latest_available,112,Belarus,2018,F118,1476,1479.767081476809,1517.9582752160425,1442.5367621588568
latest_available,112,Belarus,2018,F120,1492,1493.57601053295,1530.0923148623665,1457.9311833483612
latest_available,112,Belarus,2018,G006,1418,1420.5012955221334,1456.2644580697315,1385.616410122837
latest_available,112,Belarus,2018,Y002,1508,1509.2602796232727,1546.373002962468,1473.0382561546862
latest_available,124,Canada,2020,A008,4018,4018.000095,5878.11651797866,2746.51322648018
latest_available,124,Canada,2020,A165,4018,4018.000095,5878.11651797866,2746.51322648018
latest_available,124,Canada,2020,E018,4018,4018.000095,5878.11651797866,2746.51322648018
latest_available,124,Canada,2020,E025,4018,4018.000095,5878.11651797866,2746.51322648018
latest_available,124,Canada,2020,F063,4018,4018.000095,5878.11651797866,2746.51322648018
latest_available,124,Canada,2020,F118,4018,4018.000095,5878.11651797866,2746.51322648018
latest_available,124,Canada,2020,F120,4018,4018.000095,5878.11651797866,2746.51322648018
latest_available,124,Canada,2020,G006,3927,3937.689971,5760.505566268703,2691.6738694790315
latest_available,124,Canada,2020,Y002,4018,4018.000095,5878.11651797866,2746.51322648018
latest_available,152,Chile,2018,A008,982,986.51393,2296.8827009798297,423.7089398030131
latest_available,152,Chile,2018,A165,974,978.076666,2282.2935550314605,419.1546536442322
latest_available,152,Chile,2018,E018,959,964.52582,2271.3048246431545,409.5927800412407
latest_available,152,Chile,2018,E025,945,955.270175,2264.9239386599734,402.90143596805694
latest_available,152,Chile,2018,F063,982,985.711231,2295.6413955798653,423.2484362716017
latest_available,152,Chile,2018,F118,933,929.841009,2175.4318499873893,397.440306862819
latest_available,152,Chile,2018,F120,964,969.147498,2276.707047094568,412.5462140938532
latest_available,152,Chile,2018,G006,970,963.290655,2199.775697269281,421.82886517121955
latest_available,152,Chile,2018,Y002,894,876.839913,1756.4440818527164,437.72998011918384
latest_available,156,China,2018,A008,3035,3035.102481,4140.876373302462,2224.612917585283
latest_available,156,China,2018,A165,3009,3012.744591,4112.420227807497,2207.126088239987
latest_available,156,China,2018,E018,3004,3001.91788,4093.3937312120006,2201.4767085685407
latest_available,156,China,2018,E025,3013,3011.307675,4111.0276298896315,2205.7681752329536
latest_available,156,China,2018,F063,3025,3024.286318,4123.913885651888,2217.8706895564073
latest_available,156,China,2018,F118,3025,3026.543374,4130.235486677375,2217.7826964709375
latest_available,156,China,2018,F120,3019,3017.426743,4113.310090119519,2213.5127062854217
latest_available,156,China,2018,G006,3001,3001.121781,4095.64212946273,2199.101303212281
latest_available,156,China,2018,Y002,2962,2969.7720959999997,4058.98995651419,2172.842602881025
latest_available,158,Taiwan ROC,2019,A008,1223,1223.000007,1805.571979715819,828.3962278576204
latest_available,158,Taiwan ROC,2019,A165,1223,1223.000007,1805.571979715819,828.3962278576204
latest_available,158,Taiwan ROC,2019,E018,1183,1182.744252,1750.091099603832,799.3206559108293
latest_available,158,Taiwan ROC,2019,E025,1223,1223.000007,1805.571979715819,828.3962278576204
latest_available,158,Taiwan ROC,2019,F063,1223,1223.000007,1805.571979715819,828.3962278576204
latest_available,158,Taiwan ROC,2019,F118,1223,1223.000007,1805.571979715819,828.3962278576204
latest_available,158,Taiwan ROC,2019,F120,1223,1223.000007,1805.571979715819,828.3962278576204
latest_available,158,Taiwan ROC,2019,G006,1221,1222.147444,1805.183387028522,827.4197433948207
latest_available,158,Taiwan ROC,2019,Y002,1212,1214.367805,1796.549526880833,820.8452612942273
latest_available,170,Colombia,2018,A008,1520,1520.0,1520.0,1520.0
latest_available,170,Colombia,2018,A165,1520,1520.0,1520.0,1520.0
latest_available,170,Colombia,2018,E018,1520,1520.0,1520.0,1520.0
latest_available,170,Colombia,2018,E025,1520,1520.0,1520.0,1520.0
latest_available,170,Colombia,2018,F063,1520,1520.0,1520.0,1520.0
latest_available,170,Colombia,2018,F118,1520,1520.0,1520.0,1520.0
latest_available,170,Colombia,2018,F120,1520,1520.0,1520.0,1520.0
latest_available,170,Colombia,2018,G006,1499,1499.0,1499.0,1499.0
latest_available,170,Colombia,2018,Y002,1520,1520.0,1520.0,1520.0
latest_available,191,Croatia,2017,A008,1472,1479.4655200223044,2273.4619911909053,962.7687788122208
latest_available,191,Croatia,2017,A165,1449,1451.5541723843594,2202.887326266781,956.476298284932
latest_available,191,Croatia,2017,E018,1367,1373.9749740026366,2101.2280493006547,898.4304344375466
latest_available,191,Croatia,2017,E025,1447,1443.4094692894694,2194.94065752447,949.1969128606296
latest_available,191,Croatia,2017,F063,1460,1465.7520998513996,2240.709599750008,958.816447458646
latest_available,191,Croatia,2017,F118,1418,1423.352590805469,2170.5234683605513,933.3843320675434
latest_available,191,Croatia,2017,F120,1443,1436.5583421526096,2158.434357237297,956.1096280220916
latest_available,191,Croatia,2017,G006,1426,1432.9296702034958,2184.7340417043088,939.834048700835
latest_available,191,Croatia,2017,Y002,1441,1441.9487651685272,2193.5429185196344,947.8803554818292
latest_available,196,Cyprus,2019,A008,995,997.398965,1228.8482462347552,809.5423486432899
latest_available,196,Cyprus,2019,A165,960,976.3129620000002,1213.61919393504,785.4086393266402
latest_available,196,Cyprus,2019,E018,917,915.560621,1125.2158550525332,744.9692847482762
latest_available,196,Cyprus,2019,E025,968,970.8787580000002,1196.5923965178322,787.7415613526136
latest_available,196,Cyprus,2019,F063,955,966.9948250000002,1198.8319133207951,779.991741283053
latest_available,196,Cyprus,2019,F118,920,929.59586,1150.97693702108,750.7956372833152
latest_available,196,Cyprus,2019,F120,936,944.6362740000002,1168.740986186664,763.5033773121095
latest_available,196,Cyprus,2019,G006,942,958.312962,1191.4755701237582,770.7784835586881
latest_available,196,Cyprus,2019,Y002,966,976.5554460000002,1209.485369872134,788.4845595222699
latest_available,197,Northern Cyprus,2008,A008,490,489.52883589703583,597.9947842630381,400.7367413246501
latest_available,197,Northern Cyprus,2008,A165,486,486.68608021268386,595.8491897864562,397.5223004963309
latest_available,197,Northern Cyprus,2008,E018,446,436.953021947736,520.2163429830252,367.016426847414
latest_available,197,Northern Cyprus,2008,E025,484,483.0743308020395,581.3784316438405,401.39227115807074
latest_available,197,Northern Cyprus,2008,F063,478,477.74398724439385,584.7560994872518,390.3154110719069
latest_available,197,Northern Cyprus,2008,F118,477,479.6371251942968,589.9594695912353,389.9450449096873
latest_available,197,Northern Cyprus,2008,F120,479,478.83816339867184,586.2885596828905,391.0804380201934
latest_available,197,Northern Cyprus,2008,G006,343,365.8796390483768,476.8927016790393,280.7086579409784
latest_available,197,Northern Cyprus,2008,Y002,481,485.5025962199524,598.0719152530867,394.1211164155189
latest_available,203,Czechia,2022,A008,1192,1193.034144,1310.82423959876,1085.8286151204302
latest_available,203,Czechia,2022,A165,1191,1190.855928,1307.776509600616,1084.3885257472843
latest_available,203,Czechia,2022,E018,1178,1180.387623,1298.7238881398112,1072.8338434794357
latest_available,203,Czechia,2022,E025,1185,1184.7879,1300.408304974778,1079.4474032628052
latest_available,203,Czechia,2022,F063,1191,1192.05469,1310.2904909032618,1084.4880534631825
latest_available,203,Czechia,2022,F118,1177,1177.699435,1294.583068728463,1071.3688388969929
latest_available,203,Czechia,2022,F120,1192,1192.500842,1309.775331503844,1085.7268601462702
latest_available,203,Czechia,2022,G006,1185,1183.967885,1298.6368146474729,1079.4241599348927
latest_available,203,Czechia,2022,Y002,1185,1183.561529,1297.7685640060631,1079.405012404256
latest_available,208,Denmark,2017,A008,3351,3361.006032199787,6383.340373109756,1769.6630428905262
latest_available,208,Denmark,2017,A165,3344,3359.2713611702893,6388.525069285397,1766.4020968209436
latest_available,208,Denmark,2017,E018,3316,3328.99420881997,6325.560554108637,1751.971599601348
latest_available,208,Denmark,2017,E025,3305,3313.6523245227027,6289.17558846791,1745.9031908647337
latest_available,208,Denmark,2017,F063,3315,3331.946985489278,6334.720355200097,1752.5431418606652
latest_available,208,Denmark,2017,F118,3346,3350.880816335075,6347.9400135571195,1768.8261422291691
latest_available,208,Denmark,2017,F120,3355,3363.28329718679,6384.084556956665,1771.855375068527
latest_available,208,Denmark,2017,G006,3199,3169.8704125172917,5968.299574159088,1683.5747447493509
latest_available,208,Denmark,2017,Y002,3109,3150.0843064115315,6027.5846231753785,1646.269900441927
latest_available,218,Ecuador,2018,A008,1180,1180.0,1180.0,1180.0
latest_available,218,Ecuador,2018,A165,1177,1177.0,1177.0,1177.0
latest_available,218,Ecuador,2018,E018,1192,1192.0,1192.0,1192.0
latest_available,218,Ecuador,2018,E025,1178,1178.0,1178.0,1178.0
latest_available,218,Ecuador,2018,F063,1200,1200.0,1200.0,1200.0
latest_available,218,Ecuador,2018,F118,1151,1151.0,1151.0,1151.0
latest_available,218,Ecuador,2018,F120,1187,1187.0,1187.0,1187.0
latest_available,218,Ecuador,2018,G006,1192,1192.0,1192.0,1192.0
latest_available,218,Ecuador,2018,Y002,1186,1186.0,1186.0,1186.0
latest_available,231,Ethiopia,2020,A008,1230,1230.0,1230.0,1230.0
latest_available,231,Ethiopia,2020,A165,1226,1226.0,1226.0,1226.0
latest_available,231,Ethiopia,2020,E018,1210,1210.0,1210.0,1210.0
latest_available,231,Ethiopia,2020,E025,1189,1189.0,1189.0,1189.0
latest_available,231,Ethiopia,2020,F063,1230,1230.0,1230.0,1230.0
latest_available,231,Ethiopia,2020,F118,1055,1055.0,1055.0,1055.0
latest_available,231,Ethiopia,2020,F120,1225,1225.0,1225.0,1225.0
latest_available,231,Ethiopia,2020,G006,1229,1229.0,1229.0,1229.0
latest_available,231,Ethiopia,2020,Y002,1194,1194.0,1194.0,1194.0
latest_available,233,Estonia,2018,A008,1295,1297.5147286468214,1443.3530408256545,1166.4121136242463
latest_available,233,Estonia,2018,A165,1283,1285.2582320979886,1430.1106268766443,1155.077580804616
latest_available,233,Estonia,2018,E018,1059,1071.887359175641,1204.3280641167412,954.011240785266
latest_available,233,Estonia,2018,E025,1207,1213.1784063652726,1352.544161902979,1088.1728575872985
latest_available,233,Estonia,2018,F063,1248,1248.117762874981,1385.9937083883533,1123.957446975333
latest_available,233,Estonia,2018,F118,1200,1209.8527126743552,1353.8427843365223,1081.1769308079834
latest_available,233,Estonia,2018,F120,1241,1240.0704612456354,1374.7668987010964,1118.5712649227148
latest_available,233,Estonia,2018,G006,1110,1117.3262709081196,1246.3950125330527,1001.6230674128584
latest_available,233,Estonia,2018,Y002,1266,1264.7584632951102,1403.8808418807914,1139.4228931378475
latest_available,246,Finland,2017,A008,1195,1216.8483456110234,1567.5787589125052,944.5904314520834
latest_available,246,Finland,2017,A165,1177,1195.4564758655667,1540.0706077703494,927.9549771798684
latest_available,246,Finland,2017,E018,1136,1145.799575539868,1465.745964836916,895.6918175472616
latest_available,246,Finland,2017,E025,1168,1185.1347925515547,1525.83146758183,920.510886265944
latest_available,246,Finland,2017,F063,1174,1193.7217776201696,1539.961649338077,925.3293307512914
latest_available,246,Finland,2017,F118,1163,1177.4755309010125,1512.9767223110416,916.3714189553748
latest_available,246,Finland,2017,F120,1166,1181.0426680810342,1510.246944376016,923.5984810446206
latest_available,246,Finland,2017,G006,1178,1195.5657689502111,1539.2314562898785,928.6306500848434
latest_available,246,Finland,2017,Y002,1149,1160.899979878261,1493.47942895488,902.381872259496
latest_available,250,France,2018,A008,1866,1876.4841722989024,2718.3526676563915,1295.3407005589409
latest_available,250,France,2018,A165,1844,1852.739050512413,2678.1686976965075,1281.7123851257215
latest_available,250,France,2018,E018,1808,1815.932587683695,2632.902234961147,1252.462442100613
latest_available,250,France,2018,E025,1858,1866.7887037177693,2704.1799758501575,1288.7086271810235
latest_available,250,France,2018,F063,1843,1857.4867003080424,2699.248705645732,1278.228580643467
latest_available,250,France,2018,F118,1724,1733.6358545917994,2529.604597670323,1188.127693590608
latest_available,250,France,2018,F120,1804,1815.400024306413,2640.265579323117,1248.23702360148
latest_available,250,France,2018,G006,1760,1738.783703175474,2467.728599184855,1225.162591796886
latest_available,250,France,2018,Y002,1824,1832.3440196786903,2657.299752383753,1263.494870475339
latest_available,268,Georgia,2018,A008,2192,2208.5896785647965,3099.1373997164005,1573.9438879700272
latest_available,268,Georgia,2018,A165,2173,2188.8559188730324,3070.1461081036477,1560.5414416400015
latest_available,268,Georgia,2018,E018,2093,2102.5319184870727,2940.277410172979,1503.4773429752197
latest_available,268,Georgia,2018,E025,2066,2077.0000764121887,2903.9060951579904,1485.560888008513
latest_available,268,Georgia,2018,F063,2186,2203.730680229401,3091.6209679951744,1570.83580466644
latest_available,268,Georgia,2018,F118,2159,2179.2564912036205,3061.3949687865156,1551.3055005560425
latest_available,268,Georgia,2018,F120,2157,2164.597435032358,3022.9203393990356,1549.9852889541078
latest_available,268,Georgia,2018,G006,2177,2195.443640436516,3083.2057479561513,1563.2991024125747
latest_available,268,Georgia,2018,Y002,2134,2140.9157888370564,2992.6995644648127,1531.5671741047186
latest_available,275,Palestine,2013,A008,996,996.0,996.0,996.0
latest_available,275,Palestine,2013,A165,892,892.0,892.0,892.0
latest_available,275,Palestine,2013,E018,963,963.0,963.0,963.0
latest_available,275,Palestine,2013,E025,967,967.0,967.0,967.0
latest_available,275,Palestine,2013,F063,997,997.0,997.0,997.0
latest_available,275,Palestine,2013,F118,947,947.0,947.0,947.0
latest_available,275,Palestine,2013,F120,989,989.0,989.0,989.0
latest_available,275,Palestine,2013,G006,991,991.0,991.0,991.0
latest_available,275,Palestine,2013,Y002,963,963.0,963.0,963.0
latest_available,276,Germany,2018,A008,1521,1521.0,1521.0,1521.0
latest_available,276,Germany,2018,A165,1482,1482.0,1482.0,1482.0
latest_available,276,Germany,2018,E018,1471,1471.0,1471.0,1471.0
latest_available,276,Germany,2018,E025,1512,1512.0,1512.0,1512.0
latest_available,276,Germany,2018,F063,1508,1508.0,1508.0,1508.0
latest_available,276,Germany,2018,F118,1486,1486.0,1486.0,1486.0
latest_available,276,Germany,2018,F120,1480,1480.0,1480.0,1480.0
latest_available,276,Germany,2018,G006,1336,1336.0,1336.0,1336.0
latest_available,276,Germany,2018,Y002,1486,1486.0,1486.0,1486.0
latest_available,288,Ghana,2012,A008,1552,1551.9552,2170.7582284799964,1109.5500692831922
latest_available,288,Ghana,2012,A165,1552,1551.9552,2170.7582284799964,1109.5500692831922
latest_available,288,Ghana,2012,E018,1552,1551.9552,2170.7582284799964,1109.5500692831922
latest_available,288,Ghana,2012,E025,1552,1551.9552,2170.7582284799964,1109.5500692831922
latest_available,288,Ghana,2012,F063,1552,1551.9552,2170.7582284799964,1109.5500692831922
latest_available,288,Ghana,2012,F118,1552,1551.9552,2170.7582284799964,1109.5500692831922
latest_available,288,Ghana,2012,F120,1552,1551.9552,2170.7582284799964,1109.5500692831922
latest_available,288,Ghana,2012,G006,1550,1549.6751999999997,2167.322328,1108.046179596706
latest_available,288,Ghana,2012,Y002,1552,1551.9552,2170.7582284799964,1109.5500692831922
latest_available,300,Greece,2017,A008,1196,1196.8957810000002,1425.1355520000152,1005.2092999610924
latest_available,300,Greece,2017,A165,1188,1189.023922,1417.411451713714,997.436478574334
latest_available,300,Greece,2017,E018,1123,1119.89736,1305.909221773838,960.3807646226816
latest_available,300,Greece,2017,E025,1187,1185.025228,1404.3823943880898,999.9305008436248
latest_available,300,Greece,2017,F063,1185,1187.043462,1415.41660270904,995.517629212522
latest_available,300,Greece,2017,F118,1157,1153.208851,1361.809121123689,976.5617173480148
latest_available,300,Greece,2017,F120,1179,1174.752792,1386.1931729642242,995.5640737724312
latest_available,300,Greece,2017,G006,1139,1119.90684,1256.363934671334,998.2707205033572
latest_available,300,Greece,2017,Y002,1180,1181.704648,1410.3725844679798,990.1113297884776
latest_available,320,Guatemala,2020,A008,1229,1229.0,1229.0,1229.0
latest_available,320,Guatemala,2020,A165,1229,1229.0,1229.0,1229.0
latest_available,320,Guatemala,2020,E018,1229,1229.0,1229.0,1229.0
latest_available,320,Guatemala,2020,E025,1199,1199.0,1199.0,1199.0
latest_available,320,Guatemala,2020,F063,1211,1211.0,1211.0,1211.0
latest_available,320,Guatemala,2020,F118,1205,1205.0,1205.0,1205.0
latest_available,320,Guatemala,2020,F120,1205,1205.0,1205.0,1205.0
latest_available,320,Guatemala,2020,G006,1209,1209.0,1209.0,1209.0
latest_available,320,Guatemala,2020,Y002,1001,1001.0,1001.0,1001.0
latest_available,332,Haiti,2016,A008,1975,1975.0,1975.0,1975.0
latest_available,332,Haiti,2016,A165,1967,1967.0,1967.0,1967.0
latest_available,332,Haiti,2016,E018,1975,1975.0,1975.0,1975.0
latest_available,332,Haiti,2016,E025,1741,1741.0,1741.0,1741.0
latest_available,332,Haiti,2016,F063,1935,1935.0,1935.0,1935.0
latest_available,332,Haiti,2016,F118,1931,1931.0,1931.0,1931.0
latest_available,332,Haiti,2016,F120,1935,1935.0,1935.0,1935.0
latest_available,332,Haiti,2016,G006,1935,1935.0,1935.0,1935.0
latest_available,332,Haiti,2016,Y002,1981,1981.0,1981.0,1981.0
latest_available,344,Hong Kong SAR,2018,A008,2071,2068.5644190000003,2437.090893521921,1755.7649437396008
latest_available,344,Hong Kong SAR,2018,A165,2066,2064.026639,2432.727404262719,1751.2056464019518
latest_available,344,Hong Kong SAR,2018,E018,2052,2042.424552,2396.7027200036637,1740.515423876193
latest_available,344,Hong Kong SAR,2018,E025,2068,2068.301026,2440.294349560886,1753.013580071775
latest_available,344,Hong Kong SAR,2018,F063,2058,2053.3824000000004,2416.9678270431305,1744.491272681935
latest_available,344,Hong Kong SAR,2018,F118,2052,2046.731875,2407.9435559783674,1739.704968474207
latest_available,344,Hong Kong SAR,2018,F120,2062,2059.770495,2425.291524409238,1749.3379453037044
latest_available,344,Hong Kong SAR,2018,G006,2049,2045.764166,2409.91458943867,1736.638734514032
latest_available,344,Hong Kong SAR,2018,Y002,2058,2054.675231,2420.217707416381,1744.3432018318808
latest_available,348,Hungary,2018,A008,1508,1512.5257502593508,1702.0887899563677,1344.0745034554027
latest_available,348,Hungary,2018,A165,1497,1503.6069161083433,1694.5609885725926,1334.1707813498338
latest_available,348,Hungary,2018,E018,1437,1444.1981337613986,1628.062778922165,1281.0981717429345
latest_available,348,Hungary,2018,E025,1483,1485.631195559319,1670.7143081988206,1321.05174319029
latest_available,348,Hungary,2018,F063,1476,1483.8870549984294,1675.1541433464604,1314.4586131000028
latest_available,348,Hungary,2018,F118,1461,1461.584934503427,1637.291566820325,1304.7343332476923
latest_available,348,Hungary,2018,F120,1483,1486.6920516853058,1671.4890838772678,1322.3258697072986
latest_available,348,Hungary,2018,G006,1472,1476.490292269405,1662.7040703916389,1311.1314406371205
latest_available,348,Hungary,2018,Y002,1468,1473.5459283016587,1660.2833775965855,1307.811444789389
latest_available,352,Iceland,2017,A008,1619,1628.1297735454036,2272.49269148298,1166.4752848006513
latest_available,352,Iceland,2017,A165,1598,1607.6425224726909,2244.3650649926835,1151.5570797172347
latest_available,352,Iceland,2017,E018,1541,1556.35766314711,2181.060245371802,1110.5833416462165
latest_available,352,Iceland,2017,E025,1614,1624.5828004543896,2270.0434981030735,1162.6514107494818
latest_available,352,Iceland,2017,F063,1604,1613.7155268642991,2253.522889976148,1155.5586203388798
latest_available,352,Iceland,2017,F118,1580,1592.7088833203843,2226.135005299394,1139.5183045812178
latest_available,352,Iceland,2017,F120,1591,1599.399631170847,2234.0024663149925,1145.0655130247087
latest_available,352,Iceland,2017,G006,1566,1577.829866880613,2199.9662096452985,1131.6296940860216
latest_available,352,Iceland,2017,Y002,1597,1608.2999067571131,2250.4963241570267,1149.3591712680611
latest_available,356,India,2012,A008,4064,4064.0,4064.0,4064.0
latest_available,356,India,2012,A165,3856,3856.0,3856.0,3856.0
latest_available,356,India,2012,E018,3395,3395.0,3395.0,3395.0
latest_available,356,India,2012,E025,3125,3125.0,3125.0,3125.0
latest_available,356,India,2012,F063,4050,4050.0,4050.0,4050.0
latest_available,356,India,2012,F118,3608,3608.0,3608.0,3608.0
latest_available,356,India,2012,F120,3854,3854.0,3854.0,3854.0
latest_available,356,India,2012,G006,3997,3997.0,3997.0,3997.0
latest_available,356,India,2012,Y002,3951,3951.0,3951.0,3951.0
latest_available,360,Indonesia,2018,A008,3199,3198.377834,5513.3298899836445,1855.4341882583915
latest_available,360,Indonesia,2018,A165,3199,3199.491032,5515.702188392713,1855.9274076455224
latest_available,360,Indonesia,2018,E018,3166,3171.456422,5474.10924341146,1837.4013724243512
latest_available,360,Indonesia,2018,E025,3183,3178.1459680000003,5472.800834735503,1845.60193197727
latest_available,360,Indonesia,2018,F063,3200,3199.9999660000003,5515.961202209066,1856.430712075898
latest_available,360,Indonesia,2018,F118,3189,3185.1129739999997,5487.823529882008,1848.62807666872
latest_available,360,Indonesia,2018,F120,3193,3192.8278360000004,5507.940012458048,1850.809843113572
latest_available,360,Indonesia,2018,G006,3196,3195.475001,5508.298389012825,1853.759502641239
latest_available,360,Indonesia,2018,Y002,3159,3150.8708530000004,5427.402306878257,1829.2336869339888
latest_available,364,Iran,2020,A008,1497,1497.0,1497.0,1497.0
latest_available,364,Iran,2020,A165,1496,1496.0,1496.0,1496.0
latest_available,364,Iran,2020,E018,1487,1487.0,1487.0,1487.0
latest_available,364,Iran,2020,E025,1475,1475.0,1475.0,1475.0
latest_available,364,Iran,2020,F063,1498,1498.0,1498.0,1498.0
latest_available,364,Iran,2020,F118,1490,1490.0,1490.0,1490.0
latest_available,364,Iran,2020,F120,1494,1494.0,1494.0,1494.0
latest_available,364,Iran,2020,G006,1480,1480.0,1480.0,1480.0
latest_available,364,Iran,2020,Y002,1485,1485.0,1485.0,1485.0
latest_available,368,Iraq,2018,A008,1179,1179.0,1179.0,1179.0
latest_available,368,Iraq,2018,A165,1174,1174.0,1174.0,1174.0
latest_available,368,Iraq,2018,E018,1162,1162.0,1162.0,1162.0
latest_available,368,Iraq,2018,E025,1166,1166.0,1166.0,1166.0
latest_available,368,Iraq,2018,F118,835,835.0,835.0,835.0
latest_available,368,Iraq,2018,F120,1200,1200.0,1200.0,1200.0
latest_available,368,Iraq,2018,G006,1193,1193.0,1193.0,1193.0
latest_available,368,Iraq,2018,Y002,1200,1200.0,1200.0,1200.0
latest_available,372,Ireland,2008,A008,979,978.8814773554366,1083.3636828805547,884.4757876337346
latest_available,372,Ireland,2008,A165,954,952.0962321302748,1051.649587476329,861.9669955008368
latest_available,372,Ireland,2008,E018,851,846.5174420855834,930.4637969042456,770.1447193746797
latest_available,372,Ireland,2008,E025,938,932.7179824434932,1025.4565957927662,848.3663163733462
latest_available,372,Ireland,2008,F063,940,937.7650681391718,1035.2900050577375,849.4270385359526
latest_available,372,Ireland,2008,F118,907,913.8816497537284,1018.5036791031848,820.0065320254816
latest_available,372,Ireland,2008,F120,923,920.9780007290904,1016.5828464831244,834.364342032042
latest_available,372,Ireland,2008,G006,910,904.6793837523646,995.75199258751,821.9363792180717
latest_available,372,Ireland,2008,Y002,936,937.4427294502804,1038.782705943918,845.9891235873506
latest_available,380,Italy,2018,A008,2258,2263.305930576282,2601.8049651400443,1968.8461679548088
latest_available,380,Italy,2018,A165,2230,2232.2558575497183,2562.337698132525,1944.6953526838788
latest_available,380,Italy,2018,E018,2140,2145.8400531172815,2468.2825488290273,1865.5196244639212
latest_available,380,Italy,2018,E025,2134,2123.747324190841,2427.8445987754667,1857.7394530451504
latest_available,380,Italy,2018,F063,2217,2216.9065100807925,2541.248087679458,1933.960914035133
latest_available,380,Italy,2018,F118,2150,2147.9975803195093,2463.647565081271,1872.7896272396672
latest_available,380,Italy,2018,F120,2193,2198.7627308586225,2532.0212159680013,1909.366918461857
latest_available,380,Italy,2018,G006,2237,2238.8060673082964,2569.2432073652717,1950.8673186904896
latest_available,380,Italy,2018,Y002,2166,2170.3025473132975,2495.9946793512777,1887.1086488448757
latest_available,392,Japan,2019,A008,1324,1324.0,1324.0,1324.0
latest_available,392,Japan,2019,A165,1281,1281.0,1281.0,1281.0
latest_available,392,Japan,2019,E018,1342,1342.0,1342.0,1342.0
latest_available,392,Japan,2019,E025,1211,1211.0,1211.0,1211.0
latest_available,392,Japan,2019,F063,1246,1246.0,1246.0,1246.0
latest_available,392,Japan,2019,F118,1218,1218.0,1218.0,1218.0
latest_available,392,Japan,2019,F120,1242,1242.0,1242.0,1242.0
latest_available,392,Japan,2019,G006,1283,1283.0,1283.0,1283.0
latest_available,392,Japan,2019,Y002,1137,1137.0,1137.0,1137.0
latest_available,398,Kazakhstan,2018,A008,1211,1211.0,1211.0,1211.0
latest_available,398,Kazakhstan,2018,A165,1218,1218.0,1218.0,1218.0
latest_available,398,Kazakhstan,2018,E018,1156,1156.0,1156.0,1156.0
latest_available,398,Kazakhstan,2018,E025,1174,1174.0,1174.0,1174.0
latest_available,398,Kazakhstan,2018,F063,1234,1234.0,1234.0,1234.0
latest_available,398,Kazakhstan,2018,F118,1151,1151.0,1151.0,1151.0
latest_available,398,Kazakhstan,2018,F120,1133,1133.0,1133.0,1133.0
latest_available,398,Kazakhstan,2018,G006,1250,1250.0,1250.0,1250.0
latest_available,398,Kazakhstan,2018,Y002,1180,1180.0,1180.0,1180.0
latest_available,400,Jordan,2018,A008,1199,1199.0,1199.0,1199.0
latest_available,400,Jordan,2018,A165,1196,1196.0,1196.0,1196.0
latest_available,400,Jordan,2018,E018,1193,1193.0,1193.0,1193.0
latest_available,400,Jordan,2018,E025,1143,1143.0,1143.0,1143.0
latest_available,400,Jordan,2018,F063,1197,1197.0,1197.0,1197.0
latest_available,400,Jordan,2018,F118,1195,1195.0,1195.0,1195.0
latest_available,400,Jordan,2018,F120,1196,1196.0,1196.0,1196.0
latest_available,400,Jordan,2018,G006,1195,1195.0,1195.0,1195.0
latest_available,400,Jordan,2018,Y002,1188,1188.0,1188.0,1188.0
latest_available,404,Kenya,2021,A008,1253,1253.0,1253.0,1253.0
latest_available,404,Kenya,2021,A165,1252,1252.0,1252.0,1252.0
latest_available,404,Kenya,2021,E018,1250,1250.0,1250.0,1250.0
latest_available,404,Kenya,2021,E025,1189,1189.0,1189.0,1189.0
latest_available,404,Kenya,2021,F063,1259,1259.0,1259.0,1259.0
latest_available,404,Kenya,2021,F118,1215,1215.0,1215.0,1215.0
latest_available,404,Kenya,2021,F120,1224,1224.0,1224.0,1224.0
latest_available,404,Kenya,2021,G006,1250,1250.0,1250.0,1250.0
latest_available,404,Kenya,2021,Y002,1237,1237.0,1237.0,1237.0
latest_available,410,South Korea,2018,A008,1245,1245.0,1245.0,1245.0
latest_available,410,South Korea,2018,A165,1245,1245.0,1245.0,1245.0
latest_available,410,South Korea,2018,E018,1245,1245.0,1245.0,1245.0
latest_available,410,South Korea,2018,E025,1245,1245.0,1245.0,1245.0
latest_available,410,South Korea,2018,F063,1245,1245.0,1245.0,1245.0
latest_available,410,South Korea,2018,F118,1245,1245.0,1245.0,1245.0
latest_available,410,South Korea,2018,F120,1245,1245.0,1245.0,1245.0
latest_available,410,South Korea,2018,G006,1245,1245.0,1245.0,1245.0
latest_available,410,South Korea,2018,Y002,1245,1245.0,1245.0,1245.0
latest_available,417,Kyrgyzstan,2020,A008,1199,1197.67605,1507.8209345630642,951.3251128584913
latest_available,417,Kyrgyzstan,2020,A165,1190,1190.282449,1500.054394905685,944.4806223087104
latest_available,417,Kyrgyzstan,2020,E018,1166,1166.176506,1469.846731239556,925.2445266857692
latest_available,417,Kyrgyzstan,2020,E025,1160,1157.039679,1458.3237747220192,917.9997213140198
latest_available,417,Kyrgyzstan,2020,F063,1197,1197.256949,1509.9340364842533,949.3290218600472
latest_available,417,Kyrgyzstan,2020,F118,1136,1134.137027,1425.406237292253,902.3861144706592
latest_available,417,Kyrgyzstan,2020,F120,1150,1146.3888860000002,1448.588280183314,907.2332669832264
latest_available,417,Kyrgyzstan,2020,G006,1194,1195.2189600000002,1508.5477156053362,946.9692920984254
latest_available,417,Kyrgyzstan,2020,Y002,1135,1131.027364,1428.806721960948,895.3085665506494
latest_available,422,Lebanon,2018,A008,1200,1200.0,1200.0,1200.0
latest_available,422,Lebanon,2018,A165,1200,1200.0,1200.0,1200.0
latest_available,422,Lebanon,2018,E018,1184,1184.0,1184.0,1184.0
latest_available,422,Lebanon,2018,E025,1185,1185.0,1185.0,1185.0
latest_available,422,Lebanon,2018,F063,1200,1200.0,1200.0,1200.0
latest_available,422,Lebanon,2018,F118,1192,1192.0,1192.0,1192.0
latest_available,422,Lebanon,2018,F120,1200,1200.0,1200.0,1200.0
latest_available,422,Lebanon,2018,G006,1200,1200.0,1200.0,1200.0
latest_available,422,Lebanon,2018,Y002,1200,1200.0,1200.0,1200.0
latest_available,428,Latvia,2021,A008,1309,1305.9633522397978,1426.5665110678033,1195.556088104712
latest_available,428,Latvia,2021,A165,1289,1287.672948676855,1409.562032670899,1176.3239817209774
latest_available,428,Latvia,2021,E018,1149,1151.0303564990008,1262.1931055623322,1049.6578342439611
latest_available,428,Latvia,2021,E025,1295,1293.0152238132878,1413.012511385288,1183.2084681075062
latest_available,428,Latvia,2021,F063,1286,1283.9479084480554,1404.0705574723452,1174.1021295794856
latest_available,428,Latvia,2021,F118,1227,1227.1390254038042,1344.250636969272,1120.230220655957
latest_available,428,Latvia,2021,F120,1212,1201.083128636364,1304.2314019279925,1106.0925843085656
latest_available,428,Latvia,2021,G006,1223,1218.6596595594456,1331.5754602788882,1115.3189662465652
latest_available,428,Latvia,2021,Y002,1276,1273.414070850013,1393.3296374774068,1163.8189213965509
latest_available,434,Libya,2022,A008,1191,1191.0,1191.0,1191.0
latest_available,434,Libya,2022,A165,1176,1176.0,1176.0,1176.0
latest_available,434,Libya,2022,E018,1162,1162.0,1162.0,1162.0
latest_available,434,Libya,2022,E025,1129,1129.0,1129.0,1129.0
latest_available,434,Libya,2022,F063,1190,1190.0,1190.0,1190.0
latest_available,434,Libya,2022,F118,1118,1118.0,1118.0,1118.0
latest_available,434,Libya,2022,F120,1126,1126.0,1126.0,1126.0
latest_available,434,Libya,2022,G006,1193,1193.0,1193.0,1193.0
latest_available,434,Libya,2022,Y002,1174,1174.0,1174.0,1174.0
latest_available,440,Lithuania,2018,A008,1285,1287.607884061703,1387.9770852070817,1194.496710909675
latest_available,440,Lithuania,2018,A165,1400,1399.4103681172344,1506.8625889732111,1299.6204117911304
latest_available,440,Lithuania,2018,E018,1228,1220.9472979998875,1307.168170511497,1140.4135581957355
latest_available,440,Lithuania,2018,E025,1285,1283.0151797282845,1378.6465272940998,1194.0174067997648
latest_available,440,Lithuania,2018,F063,1349,1353.9461923189042,1465.8304295830726,1250.60188047554
latest_available,440,Lithuania,2018,F118,1324,1331.076849809491,1442.7418541144762,1228.054467988128
latest_available,440,Lithuania,2018,F120,1318,1322.9584563650817,1430.0623613359203,1223.8760522533282
latest_available,440,Lithuania,2018,G006,1333,1331.348660197305,1431.927176810762,1237.834775199189
latest_available,440,Lithuania,2018,Y002,1392,1391.0772170678465,1497.4242732077987,1292.2829277368671
latest_available,442,Luxembourg,2008,A008,1605,1603.731813615333,2007.5788669171716,1281.1231341319149
latest_available,442,Luxembourg,2008,A165,1528,1532.309938766135,1921.1067225431143,1222.1984967775688
latest_available,442,Luxembourg,2008,E018,1521,1507.8290565327752,1870.8153489386057,1215.2714403451955
latest_available,442,Luxembourg,2008,E025,1586,1590.862828868631,1997.15327395594,1267.225992756596
latest_available,442,Luxembourg,2008,F063,1583,1584.7572275367083,1988.3639898626593,1263.0763195441425
latest_available,442,Luxembourg,2008,F118,1536,1526.7814099469108,1903.005487942256,1224.936811023117
latest_available,442,Luxembourg,2008,F120,1564,1561.706463993899,1960.2674280482192,1244.1807912447412
latest_available,442,Luxembourg,2008,G006,739,783.0421215650701,1040.3951392579402,589.348163028191
latest_available,442,Luxembourg,2008,Y002,1563,1559.3920603861047,1954.07046080799,1244.4298436350823
latest_available,446,Macau SAR,2019,A008,1023,1023.0,1023.0,1023.0
latest_available,446,Macau SAR,2019,A165,968,968.0,968.0,968.0
latest_available,446,Macau SAR,2019,E018,1016,1016.0,1016.0,1016.0
latest_available,446,Macau SAR,2019,E025,1021,1021.0,1021.0,1021.0
latest_available,446,Macau SAR,2019,F063,1022,1022.0,1022.0,1022.0
latest_available,446,Macau SAR,2019,F118,1021,1021.0,1021.0,1021.0
latest_available,446,Macau SAR,2019,F120,1022,1022.0,1022.0,1022.0
latest_available,446,Macau SAR,2019,G006,1003,1003.0,1003.0,1003.0
latest_available,446,Macau SAR,2019,Y002,979,979.0,979.0,979.0
latest_available,458,Malaysia,2018,A008,1313,1313.0,1313.0,1313.0
latest_available,458,Malaysia,2018,A165,1313,1313.0,1313.0,1313.0
latest_available,458,Malaysia,2018,E018,1313,1313.0,1313.0,1313.0
latest_available,458,Malaysia,2018,E025,1313,1313.0,1313.0,1313.0
latest_available,458,Malaysia,2018,F063,1313,1313.0,1313.0,1313.0
latest_available,458,Malaysia,2018,F118,1313,1313.0,1313.0,1313.0
latest_available,458,Malaysia,2018,F120,1313,1313.0,1313.0,1313.0
latest_available,458,Malaysia,2018,G006,1312,1312.0,1312.0,1312.0
latest_available,458,Malaysia,2018,Y002,1313,1313.0,1313.0,1313.0
latest_available,462,Maldives,2021,A008,1035,1035.0,1035.0,1035.0
latest_available,462,Maldives,2021,A165,1027,1027.0,1027.0,1027.0
latest_available,462,Maldives,2021,E018,1035,1035.0,1035.0,1035.0
latest_available,462,Maldives,2021,E025,1034,1034.0,1034.0,1034.0
latest_available,462,Maldives,2021,F063,1039,1039.0,1039.0,1039.0
latest_available,462,Maldives,2021,F118,1038,1038.0,1038.0,1038.0
latest_available,462,Maldives,2021,F120,1037,1037.0,1037.0,1037.0
latest_available,462,Maldives,2021,G006,1033,1033.0,1033.0,1033.0
latest_available,462,Maldives,2021,Y002,999,999.0,999.0,999.0
latest_available,466,Mali,2007,A008,1516,1516.0,1516.0,1516.0
latest_available,466,Mali,2007,A165,1303,1303.0,1303.0,1303.0
latest_available,466,Mali,2007,E018,1408,1408.0,1408.0,1408.0
latest_available,466,Mali,2007,E025,1178,1178.0,1178.0,1178.0
latest_available,466,Mali,2007,F063,1466,1466.0,1466.0,1466.0
latest_available,466,Mali,2007,F118,1320,1320.0,1320.0,1320.0
latest_available,466,Mali,2007,F120,1333,1333.0,1333.0,1333.0
latest_available,466,Mali,2007,G006,1500,1500.0,1500.0,1500.0
latest_available,466,Mali,2007,Y002,1459,1459.0,1459.0,1459.0
latest_available,470,Malta,2008,A008,1496,1495.5732464544071,1720.913016311708,1299.7399138185351
latest_available,470,Malta,2008,A165,1422,1413.599813763551,1618.114733705761,1234.93371134195
latest_available,470,Malta,2008,E018,1302,1314.6915246452702,1528.814748699031,1130.5580394517556
latest_available,470,Malta,2008,E025,1354,1352.84349744753,1557.8848631051496,1174.7886971173018
latest_available,470,Malta,2008,F063,1488,1485.2548583171647,1706.9124111607216,1292.3814835083692
latest_available,470,Malta,2008,F118,1295,1298.3834985366802,1495.3784022254065,1127.33988050353
latest_available,470,Malta,2008,F120,1484,1482.6037671646031,1705.0861876074102,1289.15121498643
latest_available,470,Malta,2008,G006,1459,1454.30876622323,1668.5428378953384,1267.5814725749349
latest_available,470,Malta,2008,Y002,1443,1444.1135761039,1664.512106535904,1252.898078961861
latest_available,484,Mexico,2018,A008,1741,1741.144054,1809.851688524843,1675.044776321152
latest_available,484,Mexico,2018,A165,1738,1738.338664,1807.171837484104,1672.1272698473451
latest_available,484,Mexico,2018,E018,1727,1727.767046,1796.7552425853578,1661.427719530781
latest_available,484,Mexico,2018,E025,1733,1733.409267,1802.213377955261,1667.2319291795134
latest_available,484,Mexico,2018,F063,1739,1739.195933,1807.915159381709,1673.0887385214448
latest_available,484,Mexico,2018,F118,1689,1690.402921,1758.7047913692268,1624.75365356836
latest_available,484,Mexico,2018,F120,1712,1711.753041,1779.3883970589186,1646.688535350569
latest_available,484,Mexico,2018,G006,1739,1739.1045149999998,1807.7542212837568,1673.0617904161663
latest_available,484,Mexico,2018,Y002,1734,1733.963985,1802.3687301773189,1668.1553840435772
latest_available,496,Mongolia,2020,A008,1638,1637.9997089999997,1820.7947132848851,1473.5560396282242
latest_available,496,Mongolia,2020,A165,1633,1633.594215,1816.4855267853932,1469.1171605446814
latest_available,496,Mongolia,2020,E018,1632,1632.938567,1816.171514610875,1468.1919312930772
latest_available,496,Mongolia,2020,E025,1638,1637.9997089999997,1820.7947132848851,1473.5560396282242
latest_available,496,Mongolia,2020,F063,1636,1635.147128,1816.722964060604,1471.7192346325494
latest_available,496,Mongolia,2020,F118,1638,1637.9997089999997,1820.7947132848851,1473.5560396282242
latest_available,496,Mongolia,2020,F120,1638,1637.9997089999997,1820.7947132848851,1473.5560396282242
latest_available,496,Mongolia,2020,G006,1608,1615.952859,1804.592593454139,1447.0322287603008
latest_available,496,Mongolia,2020,Y002,1638,1637.9997089999997,1820.7947132848851,1473.5560396282242
latest_available,498,Moldova,2008,A008,1537,1535.1585866061455,1591.392220915538,1480.9120310232177
latest_available,498,Moldova,2008,A165,1500,1500.7014747158453,1558.3674750338744,1445.1693533743437
latest_available,498,Moldova,2008,E018,1270,1277.0156805135964,1331.9693774245052,1224.3292345285424
latest_available,498,Moldova,2008,E025,1377,1379.441797001845,1433.3137674359236,1327.5946373694117
latest_available,498,Moldova,2008,F063,1517,1516.1132035586595,1572.9299827368768,1461.3487384895354
latest_available,498,Moldova,2008,F118,1446,1457.5689978923556,1522.551770808202,1395.3597009638584
latest_available,498,Moldova,2008,F120,1496,1498.344574749833,1557.2930257413468,1441.6275084860874
latest_available,498,Moldova,2008,G006,1421,1425.4004948080733,1483.9144104280745,1369.1939078972778
latest_available,498,Moldova,2008,Y002,1493,1493.134909346189,1549.5366086412987,1438.7861797361038
latest_available,499,Montenegro,2019,A008,993,991.3896558787242,1320.3689279637751,744.377899970015
latest_available,499,Montenegro,2019,A165,978,976.4264075016414,1297.3069166365412,734.9136253265443
latest_available,499,Montenegro,2019,E018,850,847.9349437903245,1139.6119571863242,630.9109555816523
latest_available,499,Montenegro,2019,E025,966,968.4152045897298,1298.7857396823829,722.0806171693212
latest_available,499,Montenegro,2019,F063,984,988.577107692868,1326.9282433516437,736.5015423787389
latest_available,499,Montenegro,2019,F118,981,981.1552813616396,1313.113971021623,733.1166276411402
latest_available,499,Montenegro,2019,F120,986,989.9438816268404,1327.0571201910475,738.4677523370909
latest_available,499,Montenegro,2019,G006,943,935.99020354575,1231.9154166598605,711.1508219524989
latest_available,499,Montenegro,2019,Y002,933,939.3737862249502,1266.6605224043824,696.653203157842
latest_available,504,Morocco,2021,A008,1200,1200.0,1200.0,1200.0
latest_available,504,Morocco,2021,A165,1200,1200.0,1200.0,1200.0
latest_available,504,Morocco,2021,E018,1200,1200.0,1200.0,1200.0
latest_available,504,Morocco,2021,E025,1200,1200.0,1200.0,1200.0
latest_available,504,Morocco,2021,F063,1200,1200.0,1200.0,1200.0
latest_available,504,Morocco,2021,F118,1200,1200.0,1200.0,1200.0
latest_available,504,Morocco,2021,F120,1200,1200.0,1200.0,1200.0
latest_available,504,Morocco,2021,G006,1200,1200.0,1200.0,1200.0
latest_available,504,Morocco,2021,Y002,1191,1191.0,1191.0,1191.0
latest_available,528,Netherlands,2022,A008,2036,2036.0,2036.0,2036.0
latest_available,528,Netherlands,2022,A165,1941,1941.0,1941.0,1941.0
latest_available,528,Netherlands,2022,E018,1895,1895.0,1895.0,1895.0
latest_available,528,Netherlands,2022,E025,1921,1921.0,1921.0,1921.0
latest_available,528,Netherlands,2022,F063,1937,1937.0,1937.0,1937.0
latest_available,528,Netherlands,2022,F118,1882,1882.0,1882.0,1882.0
latest_available,528,Netherlands,2022,F120,1900,1900.0,1900.0,1900.0
latest_available,528,Netherlands,2022,G006,1812,1812.0,1812.0,1812.0
latest_available,528,Netherlands,2022,Y002,1901,1901.0,1901.0,1901.0
latest_available,554,New Zealand,2020,A008,1014,1014.0,1014.0,1014.0
latest_available,554,New Zealand,2020,A165,1005,1005.0,1005.0,1005.0
latest_available,554,New Zealand,2020,E018,1002,1002.0,1002.0,1002.0
latest_available,554,New Zealand,2020,E025,1023,1023.0,1023.0,1023.0
latest_available,554,New Zealand,2020,F063,995,995.0,995.0,995.0
latest_available,554,New Zealand,2020,F118,924,924.0,924.0,924.0
latest_available,554,New Zealand,2020,F120,983,983.0,983.0,983.0
latest_available,554,New Zealand,2020,G006,974,974.0,974.0,974.0
latest_available,554,New Zealand,2020,Y002,703,703.0,703.0,703.0
latest_available,558,Nicaragua,2020,A008,1200,1200.0,1200.0,1200.0
latest_available,558,Nicaragua,2020,A165,1200,1200.0,1200.0,1200.0
latest_available,558,Nicaragua,2020,E018,1200,1200.0,1200.0,1200.0
latest_available,558,Nicaragua,2020,E025,1200,1200.0,1200.0,1200.0
latest_available,558,Nicaragua,2020,F063,1200,1200.0,1200.0,1200.0
latest_available,558,Nicaragua,2020,F118,1200,1200.0,1200.0,1200.0
latest_available,558,Nicaragua,2020,F120,1200,1200.0,1200.0,1200.0
latest_available,558,Nicaragua,2020,G006,1200,1200.0,1200.0,1200.0
latest_available,558,Nicaragua,2020,Y002,1136,1136.0,1136.0,1136.0
latest_available,566,Nigeria,2018,A008,1233,1232.739086,1271.997895092546,1194.6919566573272
latest_available,566,Nigeria,2018,A165,1230,1229.840268,1269.259699903032,1191.6450864309825
latest_available,566,Nigeria,2018,E018,1234,1234.300877,1274.206472008705,1195.6450453130026
latest_available,566,Nigeria,2018,E025,1176,1174.628244,1211.4337223020443,1138.9409805933344
latest_available,566,Nigeria,2018,F063,1237,1237.081428,1276.9359130013731,1198.4708425229117
latest_available,566,Nigeria,2018,F118,1236,1236.198775,1276.1568366829651,1197.4918500484807
latest_available,566,Nigeria,2018,F120,1229,1229.563305,1269.779066098145,1190.6212359037818
latest_available,566,Nigeria,2018,G006,1236,1236.183992,1276.130521627278,1197.4879028270636
latest_available,566,Nigeria,2018,Y002,1180,1181.164386,1220.176650597934,1143.3994463597382
latest_available,578,Norway,2018,A008,1119,1119.3926455711646,1208.2339459938498,1037.0838355547985
latest_available,578,Norway,2018,A165,1109,1111.461361085407,1202.209864331544,1027.5629853301075
latest_available,578,Norway,2018,E018,1097,1097.5975339806048,1185.0649187812433,1016.5859502779608
latest_available,578,Norway,2018,E025,1116,1116.3693423786117,1204.9262371884436,1034.320998363274
latest_available,578,Norway,2018,F063,1117,1117.535475259769,1206.3799915808968,1035.2339620847656
latest_available,578,Norway,2018,F118,1106,1104.7256739663435,1189.91258529855,1025.6373701721866
latest_available,578,Norway,2018,F120,1114,1114.4897022311964,1203.1754510413343,1032.3409568441316
latest_available,578,Norway,2018,G006,1015,1011.9841229556894,1087.164389596521,942.0027687758188
latest_available,578,Norway,2018,Y002,1114,1113.2211910211688,1200.487407893147,1032.2985580610884
latest_available,586,Pakistan,2018,A008,1993,1993.0,1993.0,1993.0
latest_available,586,Pakistan,2018,A165,1979,1979.0,1979.0,1979.0
latest_available,586,Pakistan,2018,E018,1920,1920.0,1920.0,1920.0
latest_available,586,Pakistan,2018,E025,1760,1760.0,1760.0,1760.0
latest_available,586,Pakistan,2018,F063,1979,1979.0,1979.0,1979.0
latest_available,586,Pakistan,2018,F118,1911,1911.0,1911.0,1911.0
latest_available,586,Pakistan,2018,F120,1869,1869.0,1869.0,1869.0
latest_available,586,Pakistan,2018,G006,1974,1974.0,1974.0,1974.0
latest_available,586,Pakistan,2018,Y002,1844,1844.0,1844.0,1844.0
latest_available,604,Peru,2018,A008,1395,1393.308535,1639.774132654407,1183.887850798894
latest_available,604,Peru,2018,A165,1395,1395.990435,1644.466059890109,1185.0589940066727
latest_available,604,Peru,2018,E018,1374,1373.251537,1617.925666736891,1165.5787547250384
latest_available,604,Peru,2018,E025,1355,1360.657546,1604.571432860224,1153.8214625861524
latest_available,604,Peru,2018,F063,1398,1397.1619469999998,1644.726161547581,1186.861102949847
latest_available,604,Peru,2018,F118,1330,1338.655282,1583.6568134767458,1131.5570070338429
latest_available,604,Peru,2018,F120,1372,1374.007364,1620.3847010383458,1165.0913731266785
latest_available,604,Peru,2018,G006,1395,1395.382876,1643.8143286886698,1184.497139763527
latest_available,604,Peru,2018,Y002,1383,1380.249291,1622.4941877194028,1174.17253000075
latest_available,608,Philippines,2019,A008,1199,1198.2129760000005,1463.1571076192238,981.244138704216
latest_available,608,Philippines,2019,A165,1197,1197.9995270000002,1464.9352593917506,979.7039544861036
latest_available,608,Philippines,2019,E018,1200,1200.0,1466.3505623958,982.0298344259868
latest_available,608,Philippines,2019,E025,1200,1200.0,1466.3505623958,982.0298344259868
latest_available,608,Philippines,2019,F063,1199,1199.2371050000002,1465.7685536147749,981.1710248948028
latest_available,608,Philippines,2019,F118,1200,1200.0,1466.3505623958,982.0298344259868
latest_available,608,Philippines,2019,F120,1200,1200.0,1466.3505623958,982.0298344259868
latest_available,608,Philippines,2019,G006,1199,1199.2371050000002,1465.7685536147749,981.1710248948028
latest_available,608,Philippines,2019,Y002,1200,1200.0,1466.3505623958,982.0298344259868
latest_available,616,Poland,2017,A008,1346,1351.9239512767294,1620.8282349128376,1127.6323614475853
latest_available,616,Poland,2017,A165,1314,1318.951694355942,1577.955142271081,1102.4607261906272
latest_available,616,Poland,2017,E018,1227,1240.833111618496,1497.095255370186,1028.4361034249127
latest_available,616,Poland,2017,E025,1312,1312.285036473417,1566.7349503373223,1099.1597631630457
latest_available,616,Poland,2017,F063,1329,1338.6609923795434,1608.4061901357054,1114.1546603767963
latest_available,616,Poland,2017,F118,1271,1288.4305268299931,1553.430775411034,1068.636754687809
latest_available,616,Poland,2017,F120,1293,1302.4155842199202,1562.8768422486214,1085.36150012841
latest_available,616,Poland,2017,G006,1323,1324.2436666973665,1581.4191642254957,1108.8908800766471
latest_available,616,Poland,2017,Y002,1275,1283.2347721470528,1544.6815748028898,1066.0394396543677
latest_available,620,Portugal,2020,A008,1210,1212.4155147297147,1719.9416671168956,854.6518806195152
latest_available,620,Portugal,2020,A165,1207,1210.182655385879,1717.8661545678224,852.5356038376943
latest_available,620,Portugal,2020,E018,1198,1197.4065030613751,1691.4977494365703,847.6406983404246
latest_available,620,Portugal,2020,E025,1194,1196.45919731014,1699.935732957435,842.0992529744465
latest_available,620,Portugal,2020,F063,1198,1195.455443855135,1691.6774377722709,844.7909077305205
latest_available,620,Portugal,2020,F118,1155,1165.8210703120244,1664.0191770678773,816.7807118535588
latest_available,620,Portugal,2020,F120,1186,1193.469182204068,1701.0347794475483,837.3542423003513
latest_available,620,Portugal,2020,G006,1150,1134.4290736497558,1599.82446134076,804.4190811180059
latest_available,620,Portugal,2020,Y002,1121,1129.2784548929158,1601.9130900206178,796.091770914312
latest_available,630,Puerto Rico,2018,A008,1122,1122.0,1122.0,1122.0
latest_available,630,Puerto Rico,2018,A165,1116,1116.0,1116.0,1116.0
latest_available,630,Puerto Rico,2018,E018,1117,1117.0,1117.0,1117.0
latest_available,630,Puerto Rico,2018,E025,1111,1111.0,1111.0,1111.0
latest_available,630,Puerto Rico,2018,F063,1109,1109.0,1109.0,1109.0
latest_available,630,Puerto Rico,2018,F118,1099,1099.0,1099.0,1099.0
latest_available,630,Puerto Rico,2018,F120,1117,1117.0,1117.0,1117.0
latest_available,630,Puerto Rico,2018,G006,1090,1090.0,1090.0,1090.0
latest_available,630,Puerto Rico,2018,Y002,972,972.0,972.0,972.0
latest_available,642,Romania,2018,A008,2841,2846.330759241635,3523.9087304988543,2299.037634229016
latest_available,642,Romania,2018,A165,2819,2826.3305192018092,3505.5948518464247,2278.6843720871366
latest_available,642,Romania,2018,E018,2668,2666.171625275627,3302.188319785019,2152.654678364212
latest_available,642,Romania,2018,E025,2674,2676.4785835519956,3310.5908636190316,2163.82449638659
latest_available,642,Romania,2018,F063,2849,2851.543311715085,3530.4432707873357,2303.194991368222
latest_available,642,Romania,2018,F118,2721,2716.384730596233,3357.0994026134813,2197.9527918869667
latest_available,642,Romania,2018,F120,2744,2745.1033401751347,3393.0638327162396,2220.8813979807255
latest_available,642,Romania,2018,G006,2825,2827.886190636877,3501.975175857142,2283.5513976016177
latest_available,642,Romania,2018,Y002,2758,2753.7774662018796,3401.463810977085,2229.4196718744192
latest_available,643,Russia,2017,A008,3540,3539.2417194812697,5457.184542795897,2295.365284183542
latest_available,643,Russia,2017,A165,3534,3539.305573584225,5490.330819625318,2281.590008825594
latest_available,643,Russia,2017,E018,3302,3307.263884213332,5119.979198718771,2136.3357106136273
latest_available,643,Russia,2017,E025,3464,3471.419112698186,5391.596996221826,2235.098555112864
latest_available,643,Russia,2017,F063,3421,3431.2411813938547,5300.740204292123,2221.089053819296
latest_available,643,Russia,2017,F118,3421,3439.0610150238363,5350.962668939199,2210.2827840137875
latest_available,643,Russia,2017,F120,3437,3459.2185193405394,5380.722687432719,2223.9006653319893
latest_available,643,Russia,2017,G006,3520,3526.865715315532,5463.457481955345,2276.7234512121354
latest_available,643,Russia,2017,Y002,3531,3534.125802919458,5460.733433142263,2287.246822021483
latest_available,646,Rwanda,2012,A008,1527,1527.0,1527.0,1527.0
latest_available,646,Rwanda,2012,A165,1527,1527.0,1527.0,1527.0
latest_available,646,Rwanda,2012,E018,1527,1527.0,1527.0,1527.0
latest_available,646,Rwanda,2012,E025,1527,1527.0,1527.0,1527.0
latest_available,646,Rwanda,2012,F063,1527,1527.0,1527.0,1527.0
latest_available,646,Rwanda,2012,F118,1527,1527.0,1527.0,1527.0
latest_available,646,Rwanda,2012,F120,1527,1527.0,1527.0,1527.0
latest_available,646,Rwanda,2012,G006,1527,1527.0,1527.0,1527.0
latest_available,646,Rwanda,2012,Y002,1521,1521.0,1521.0,1521.0
latest_available,688,Serbia,2018,A008,1481,1506.203912937323,3768.439492292875,602.0131760076
latest_available,688,Serbia,2018,A165,1442,1443.452642509545,3578.524429905304,582.2387333046443
latest_available,688,Serbia,2018,E018,1356,1350.8761553048853,3274.6863243950684,557.2644846551572
latest_available,688,Serbia,2018,E025,1356,1354.2716866206022,3363.1523413383616,545.3371167992801
latest_available,688,Serbia,2018,F063,1462,1499.776495071861,3778.0026232530936,595.3753238088607
latest_available,688,Serbia,2018,F118,1421,1450.4336590835635,3629.7819364474935,579.5824201664042
latest_available,688,Serbia,2018,F120,1417,1438.3682597419502,3564.0839307531805,580.4866806814717
latest_available,688,Serbia,2018,G006,1442,1454.2768761313168,3596.6249634940696,588.0294036539316
latest_available,688,Serbia,2018,Y002,1426,1442.1122886527555,3630.060659319477,572.9071903369144
latest_available,702,Singapore,2020,A008,2009,2009.345345,2086.201267131269,1935.3208048929453
latest_available,702,Singapore,2020,A165,1998,1998.612953,2075.5436317310314,1924.5337341176255
latest_available,702,Singapore,2020,E018,1988,1987.935874,2064.1102481882663,1914.5726555085123
latest_available,702,Singapore,2020,E025,1995,1995.237419,2071.7092060115156,1921.5883902171809
latest_available,702,Singapore,2020,F063,2001,2001.224557,2077.8695648780513,1927.40670311271
latest_available,702,Singapore,2020,F118,1988,1989.648453,2067.2613423995435,1914.9494480123587
latest_available,702,Singapore,2020,F120,1988,1989.288618,2066.5666660343804,1914.9003372333088
latest_available,702,Singapore,2020,G006,1900,1891.582758,1948.9288592457203,1835.9240325209648
latest_available,702,Singapore,2020,Y002,1986,1987.168887,2064.157494893675,1913.0517875837872
latest_available,703,Slovakia,2022,A008,1196,1196.651256,1519.451957409964,942.4281047538352
latest_available,703,Slovakia,2022,A165,1190,1191.932888,1515.765838744752,937.2846208702956
latest_available,703,Slovakia,2022,E018,1148,1152.430209,1468.0981303330689,904.636658255588
latest_available,703,Slovakia,2022,E025,1185,1184.9040370000002,1501.039158563105,935.3503996810438
latest_available,703,Slovakia,2022,F063,1180,1178.066794,1488.212669143432,932.555810000083
latest_available,703,Slovakia,2022,F118,1116,1114.187209,1411.399627452675,879.5617573881177
latest_available,703,Slovakia,2022,F120,1151,1146.171248,1449.210123395946,906.4996914756938
latest_available,703,Slovakia,2022,G006,1167,1158.302594,1444.33621580007,928.914531526811
latest_available,703,Slovakia,2022,Y002,1189,1188.183145,1505.9750809657412,937.4518900782576
latest_available,704,Vietnam,2020,A008,1200,1200.0,1200.0,1200.0
latest_available,704,Vietnam,2020,A165,1200,1200.0,1200.0,1200.0
latest_available,704,Vietnam,2020,E018,1200,1200.0,1200.0,1200.0
latest_available,704,Vietnam,2020,E025,1200,1200.0,1200.0,1200.0
latest_available,704,Vietnam,2020,F063,1200,1200.0,1200.0,1200.0
latest_available,704,Vietnam,2020,F118,1200,1200.0,1200.0,1200.0
latest_available,704,Vietnam,2020,F120,1200,1200.0,1200.0,1200.0
latest_available,704,Vietnam,2020,G006,1200,1200.0,1200.0,1200.0
latest_available,704,Vietnam,2020,Y002,1200,1200.0,1200.0,1200.0
latest_available,705,Slovenia,2017,A008,1072,1078.3382390873326,1203.8918393126537,965.8785946600173
latest_available,705,Slovenia,2017,A165,1060,1064.1532418724223,1185.9068294774995,954.899739203392
latest_available,705,Slovenia,2017,E018,1002,1010.9448586429304,1134.4947096315489,900.849954204276
latest_available,705,Slovenia,2017,E025,1048,1053.9589769644808,1177.5289999514175,943.3564058038872
latest_available,705,Slovenia,2017,F063,1059,1065.4526193670074,1189.037151267807,954.7130490461338
latest_available,705,Slovenia,2017,F118,1030,1032.5340191573173,1149.7732532185237,927.2493491501818
latest_available,705,Slovenia,2017,F120,1050,1055.1529728548855,1177.710667423892,945.3491650541166
latest_available,705,Slovenia,2017,G006,1022,1020.9011886647191,1130.4805504991946,921.9435368054828
latest_available,705,Slovenia,2017,Y002,998,1002.2579312455402,1116.4957363190229,899.7087297945242
latest_available,710,South Africa,2013,A008,3519,3518.6537989999997,4888.335894102995,2532.7483269209797
latest_available,710,South Africa,2013,A165,3513,3511.228255,4878.085139587998,2527.3695529946463
latest_available,710,South Africa,2013,E018,3298,3271.763032,4508.871573902098,2374.0825530539405
latest_available,710,South Africa,2013,E025,3189,3162.135395,4367.109742196971,2289.637963455788
latest_available,710,South Africa,2013,F063,3497,3495.1294790000006,4857.716046988851,2514.7476626483954
latest_available,710,South Africa,2013,F118,3427,3432.490901,4778.513797063333,2465.6188693414456
latest_available,710,South Africa,2013,F120,3450,3445.466525,4783.231219433186,2481.845227691568
latest_available,710,South Africa,2013,G006,3480,3456.323388,4739.086455945686,2520.7751480136135
latest_available,710,South Africa,2013,Y002,3531,3531.0000400000004,4905.447874010744,2541.6560531681016
latest_available,716,Zimbabwe,2020,A008,1214,1214.0,1214.0,1214.0
latest_available,716,Zimbabwe,2020,A165,1214,1214.0,1214.0,1214.0
latest_available,716,Zimbabwe,2020,E018,1208,1208.0,1208.0,1208.0
latest_available,716,Zimbabwe,2020,E025,1200,1200.0,1200.0,1200.0
latest_available,716,Zimbabwe,2020,F063,1214,1214.0,1214.0,1214.0
latest_available,716,Zimbabwe,2020,F118,1212,1212.0,1212.0,1212.0
latest_available,716,Zimbabwe,2020,F120,1213,1213.0,1213.0,1213.0
latest_available,716,Zimbabwe,2020,G006,1209,1209.0,1209.0,1209.0
latest_available,716,Zimbabwe,2020,Y002,1210,1210.0,1210.0,1210.0
latest_available,724,Spain,2017,A008,1207,1207.5146695417548,1272.7906597922158,1145.5864056989292
latest_available,724,Spain,2017,A165,1194,1193.8851018652344,1257.3727748502006,1133.6030690067823
latest_available,724,Spain,2017,E018,1145,1146.097248557004,1209.8152229126615,1085.7351422538356
latest_available,724,Spain,2017,E025,1135,1137.2026512605626,1201.9889123163728,1075.9083189393552
latest_available,724,Spain,2017,F063,1196,1196.3230851844642,1260.915715475736,1135.039326244971
latest_available,724,Spain,2017,F118,1166,1165.61067783821,1228.0342975445578,1106.3601847334842
latest_available,724,Spain,2017,F120,1167,1164.4070358349325,1224.354434926974,1107.3948085815218
latest_available,724,Spain,2017,G006,1130,1127.9674740470405,1185.1641179277217,1073.5311702928673
latest_available,724,Spain,2017,Y002,1164,1163.3721118967142,1225.5964472567653,1104.3069468489357
latest_available,752,Sweden,2017,A008,1192,1196.5014719536862,1509.1103054137557,948.6488610220104
latest_available,752,Sweden,2017,A165,1174,1178.6737476672329,1488.0363997845193,933.6275669339128
latest_available,752,Sweden,2017,E018,1144,1150.8480741159387,1456.394442162197,909.4042460983674
latest_available,752,Sweden,2017,E025,1187,1191.336420815065,1503.1440946316472,944.2091896773547
latest_available,752,Sweden,2017,F063,1183,1189.2802167514224,1501.990371572932,941.6754332953004
latest_available,752,Sweden,2017,F118,1164,1168.4789157908615,1475.6558358048292,925.2448596207556
latest_available,752,Sweden,2017,F120,1167,1172.3050908127516,1481.6753509342798,927.530599114658
latest_available,752,Sweden,2017,G006,1137,1135.6911223477716,1429.5503535938583,902.2377715741362
latest_available,752,Sweden,2017,Y002,1165,1173.198504634475,1485.8608869540326,926.328126247494
latest_available,756,Switzerland,2017,A008,3156,3155.142349181399,3271.3930779394764,3043.022653171394
latest_available,756,Switzerland,2017,A165,3136,3133.70184000961,3247.796628261708,3023.6151908734323
latest_available,756,Switzerland,2017,E018,3097,3093.246477865231,3204.024460820423,2986.298603468099
latest_available,756,Switzerland,2017,E025,3135,3131.1386453953173,3243.4442101572113,3022.7217061374445
latest_available,756,Switzerland,2017,F063,3130,3128.259354669318,3242.5976656970183,3017.952764723442
latest_available,756,Switzerland,2017,F118,3106,3103.020959940337,3215.406111280467,2994.5639040894307
latest_available,756,Switzerland,2017,F120,3124,3121.741439520075,3235.3674778942154,3012.105945244809
latest_available,756,Switzerland,2017,G006,2625,2621.911428744825,2717.3731908011696,2529.8032539122564
latest_available,756,Switzerland,2017,Y002,3047,3045.058927429911,3156.3894740558085,2937.655174602402
latest_available,764,Thailand,2018,A008,1494,1493.797868,1644.139782789376,1357.2033800286706
latest_available,764,Thailand,2018,A165,1425,1417.243047,1551.051572871601,1294.9781228429326
latest_available,764,Thailand,2018,E018,1358,1360.674529,1500.9026794903348,1233.5477837231049
latest_available,764,Thailand,2018,E025,1494,1494.721021,1646.4340835929909,1356.9877791545946
latest_available,764,Thailand,2018,F063,1481,1481.292157,1631.760267353307,1344.6990334853035
latest_available,764,Thailand,2018,F118,1485,1487.675742,1640.8474857877177,1348.8024526988715
latest_available,764,Thailand,2018,F120,1484,1485.159561,1635.7071662824949,1348.4680920256951
latest_available,764,Thailand,2018,G006,1493,1492.907053,1643.346231425151,1356.239741983221
latest_available,764,Thailand,2018,Y002,1333,1330.400029,1462.969079423579,1209.8439140358182
latest_available,780,Trinidad and Tobago,2010,A008,999,999.0,999.0,999.0
latest_available,780,Trinidad and Tobago,2010,A165,994,994.0,994.0,994.0
latest_available,780,Trinidad and Tobago,2010,E018,982,982.0,982.0,982.0
latest_available,780,Trinidad and Tobago,2010,E025,933,933.0,933.0,933.0
latest_available,780,Trinidad and Tobago,2010,F063,995,995.0,995.0,995.0
latest_available,780,Trinidad and Tobago,2010,F118,962,962.0,962.0,962.0
latest_available,780,Trinidad and Tobago,2010,F120,968,968.0,968.0,968.0
latest_available,780,Trinidad and Tobago,2010,G006,990,990.0,990.0,990.0
latest_available,780,Trinidad and Tobago,2010,Y002,994,994.0,994.0,994.0
latest_available,788,Tunisia,2019,A008,1206,1206.0,1206.0,1206.0
latest_available,788,Tunisia,2019,A165,1172,1172.0,1172.0,1172.0
latest_available,788,Tunisia,2019,E018,1181,1181.0,1181.0,1181.0
latest_available,788,Tunisia,2019,E025,1082,1082.0,1082.0,1082.0
latest_available,788,Tunisia,2019,F063,1201,1201.0,1201.0,1201.0
latest_available,788,Tunisia,2019,F118,1199,1199.0,1199.0,1199.0
latest_available,788,Tunisia,2019,F120,1201,1201.0,1201.0,1201.0
latest_available,788,Tunisia,2019,G006,1199,1199.0,1199.0,1199.0
latest_available,788,Tunisia,2019,Y002,1009,1009.0,1009.0,1009.0
latest_available,792,Turkey,2018,A008,2407,2407.0,2407.0,2407.0
latest_available,792,Turkey,2018,A165,2370,2370.0,2370.0,2370.0
latest_available,792,Turkey,2018,E018,2338,2338.0,2338.0,2338.0
latest_available,792,Turkey,2018,E025,2313,2313.0,2313.0,2313.0
latest_available,792,Turkey,2018,F063,2398,2398.0,2398.0,2398.0
latest_available,792,Turkey,2018,F118,2363,2363.0,2363.0,2363.0
latest_available,792,Turkey,2018,F120,2366,2366.0,2366.0,2366.0
latest_available,792,Turkey,2018,G006,2288,2288.0,2288.0,2288.0
latest_available,792,Turkey,2018,Y002,2360,2360.0,2360.0,2360.0
latest_available,804,Ukraine,2020,A008,2805,2830.8397802952604,11685.954102905112,685.7509272357945
latest_available,804,Ukraine,2020,A165,2790,2832.3816263559515,11796.813825604037,680.0468156839809
latest_available,804,Ukraine,2020,E018,2494,2499.4088036434905,10527.439002722684,593.4058954048489
latest_available,804,Ukraine,2020,E025,2692,2732.3020420791177,11652.612182401102,640.6696054318872
latest_available,804,Ukraine,2020,F063,2743,2783.946343816381,11752.379327710947,659.471331645501
latest_available,804,Ukraine,2020,F118,2547,2591.0311600799496,11381.56093002732,589.8525267121804
latest_available,804,Ukraine,2020,F120,2644,2702.855949632539,11641.99285769675,627.5068515983712
latest_available,804,Ukraine,2020,G006,2700,2711.1400510989333,10846.297056331425,677.6764769117282
latest_available,804,Ukraine,2020,Y002,2768,2747.8464825798483,11003.599536196189,686.199117569542
latest_available,807,North Macedonia,2019,A008,1094,1093.126802036588,1370.3584734038986,871.9807470249765
latest_available,807,North Macedonia,2019,A165,1063,1060.8559416793446,1329.0323957746243,846.7929996096314
latest_available,807,North Macedonia,2019,E018,998,993.6104946237672,1243.5674988642672,793.894835566336
latest_available,807,North Macedonia,2019,E025,1014,993.2528189200208,1227.5155703214373,803.697473290892
latest_available,807,North Macedonia,2019,F063,1094,1095.1652938371744,1380.7489543300874,868.6495956155794
latest_available,807,North Macedonia,2019,F118,1077,1074.6634940461245,1348.3353673978186,856.5388503190375
latest_available,807,North Macedonia,2019,F120,1080,1079.1167408932838,1356.254517997887,858.6094461054225
latest_available,807,North Macedonia,2019,G006,1050,1043.4441849408297,1308.4382078583626,832.1185979954897
latest_available,807,North Macedonia,2019,Y002,1071,1066.4874431637345,1335.1531037544191,851.8839249428326
latest_available,826,United Kingdom,2022,A008,2595,2600.466371,5142.017350024969,1315.1307913554729
latest_available,826,United Kingdom,2022,A165,2567,2570.357888,5080.661895450595,1300.369874704658
latest_available,826,United Kingdom,2022,E018,2561,2573.351127,5109.208130691555,1296.117882348988
latest_available,826,United Kingdom,2022,E025,2592,2598.649827,5141.135110751979,1313.51944228118
latest_available,826,United Kingdom,2022,F063,2590,2592.7006229999997,5129.665357879738,1310.4356817699029
latest_available,826,United Kingdom,2022,F118,2522,2534.7079679999997,5024.144457259308,1278.773836560307
latest_available,826,United Kingdom,2022,F120,2551,2567.559667,5104.073213784881,1291.5885739649573
latest_available,826,United Kingdom,2022,G006,2332,2368.407574,4749.418723049292,1181.0612547927053
latest_available,826,United Kingdom,2022,Y002,2477,2470.9086770000004,4851.237861368648,1258.5220235627487
latest_available,840,United States,2017,A008,2588,2589.4484190000003,4246.432762626146,1579.0296207386173
latest_available,840,United States,2017,A165,2587,2584.802938,4236.531438369921,1577.046299664459
latest_available,840,United States,2017,E018,2580,2574.574978,4210.24878995266,1574.3573950218342
latest_available,840,United States,2017,E025,2571,2570.22044,4214.024327523116,1567.6305110646176
latest_available,840,United States,2017,F063,2578,2578.937138,4231.163524033453,1571.88837632432
latest_available,840,United States,2017,F118,2552,2550.926633,4185.560924800908,1554.6844984124182
latest_available,840,United States,2017,F120,2567,2566.836746,4211.711940596304,1564.3640812916165
latest_available,840,United States,2017,G006,2519,2514.598837,4124.489266877085,1533.088560036297
latest_available,840,United States,2017,Y002,2494,2476.8040819999997,4056.234246326189,1512.3777592894326
latest_available,854,Burkina Faso,2007,A008,1523,1523.0,1523.0,1523.0
latest_available,854,Burkina Faso,2007,A165,1443,1443.0,1443.0,1443.0
latest_available,854,Burkina Faso,2007,E018,1410,1410.0,1410.0,1410.0
latest_available,854,Burkina Faso,2007,E025,1177,1177.0,1177.0,1177.0
latest_available,854,Burkina Faso,2007,F063,1506,1506.0,1506.0,1506.0
latest_available,854,Burkina Faso,2007,F118,1422,1422.0,1422.0,1422.0
latest_available,854,Burkina Faso,2007,F120,1454,1454.0,1454.0,1454.0
latest_available,854,Burkina Faso,2007,G006,1503,1503.0,1503.0,1503.0
latest_available,854,Burkina Faso,2007,Y002,1469,1469.0,1469.0,1469.0
latest_available,858,Uruguay,2022,A008,978,980.049237,1606.125687005771,598.0207618339592
latest_available,858,Uruguay,2022,A165,996,993.543019,1619.9528658217912,609.3558346235408
latest_available,858,Uruguay,2022,E018,973,980.301548,1615.563587800222,594.8333648195784
latest_available,858,Uruguay,2022,E025,954,948.55386,1514.327872934698,594.160908877162
latest_available,858,Uruguay,2022,F063,994,994.567995,1627.143545876131,607.915324487064
latest_available,858,Uruguay,2022,F118,918,926.324603,1541.3383331905352,556.709225771935
latest_available,858,Uruguay,2022,F120,965,968.257089,1590.7477983334488,589.3591626409611
latest_available,858,Uruguay,2022,G006,974,969.553266,1581.094341779036,594.5461385647283
latest_available,858,Uruguay,2022,Y002,972,968.429566,1587.143740741012,590.9079311651248
latest_available,862,Venezuela,2021,A008,1190,1190.0,1190.0,1190.0
latest_available,862,Venezuela,2021,A165,1190,1190.0,1190.0,1190.0
latest_available,862,Venezuela,2021,E018,1190,1190.0,1190.0,1190.0
latest_available,862,Venezuela,2021,E025,1190,1190.0,1190.0,1190.0
latest_available,862,Venezuela,2021,F063,1190,1190.0,1190.0,1190.0
latest_available,862,Venezuela,2021,F118,1190,1190.0,1190.0,1190.0
latest_available,862,Venezuela,2021,F120,1190,1190.0,1190.0,1190.0
latest_available,862,Venezuela,2021,G006,1181,1181.0,1181.0,1181.0
latest_available,862,Venezuela,2021,Y002,1190,1190.0,1190.0,1190.0
latest_available,887,Yemen,2014,A008,1000,1000.0,1000.0,1000.0
latest_available,887,Yemen,2014,A165,953,953.0,953.0,953.0
latest_available,887,Yemen,2014,E018,936,936.0,936.0,936.0
latest_available,887,Yemen,2014,E025,769,769.0,769.0,769.0
latest_available,887,Yemen,2014,F063,978,978.0,978.0,978.0
latest_available,887,Yemen,2014,F118,654,654.0,654.0,654.0
latest_available,887,Yemen,2014,F120,925,925.0,925.0,925.0
latest_available,887,Yemen,2014,G006,992,992.0,992.0,992.0
latest_available,887,Yemen,2014,Y002,972,972.0,972.0,972.0
latest_available,894,Zambia,2007,A008,1341,1341.0,1341.0,1341.0
latest_available,894,Zambia,2007,A165,1403,1403.0,1403.0,1403.0
latest_available,894,Zambia,2007,E018,1422,1422.0,1422.0,1422.0
latest_available,894,Zambia,2007,E025,1410,1410.0,1410.0,1410.0
latest_available,894,Zambia,2007,F063,1480,1480.0,1480.0,1480.0
latest_available,894,Zambia,2007,F118,1450,1450.0,1450.0,1450.0
latest_available,894,Zambia,2007,F120,1462,1462.0,1462.0,1462.0
latest_available,894,Zambia,2007,G006,1459,1459.0,1459.0,1459.0
latest_available,894,Zambia,2007,Y002,1451,1451.0,1451.0,1451.0
latest_available,909,Northern Ireland,2022,A008,445,445.531194,734.297489715748,270.32374154500474
latest_available,909,Northern Ireland,2022,A165,437,435.820352,714.157244947758,265.962966225034
latest_available,909,Northern Ireland,2022,E018,441,440.9083820000001,726.3357965566881,267.64507854279447
latest_available,909,Northern Ireland,2022,E025,444,443.84273,729.996877472098,269.8591939955011
latest_available,909,Northern Ireland,2022,F063,445,446.191917,735.085228477699,270.83556992218183
latest_available,909,Northern Ireland,2022,F118,433,437.518585,726.6008944204411,263.4493209275315
latest_available,909,Northern Ireland,2022,F120,438,443.201281,733.7881655774411,267.68948409717956
latest_available,909,Northern Ireland,2022,G006,286,288.09139799999997,499.477027802672,166.16710875917164
latest_available,909,Northern Ireland,2022,Y002,433,437.396795,726.907749311155,263.19152114910065
latest_available,915,Kosovo,2008,A008,1574,1572.389173007305,1626.210692230627,1520.348945682595
latest_available,915,Kosovo,2008,A165,1544,1544.6243722040324,1599.5025539880785,1491.6290350759164
latest_available,915,Kosovo,2008,E018,1318,1313.3490766875502,1354.8042226169032,1273.1624012097468
latest_available,915,Kosovo,2008,E025,1462,1462.645824446804,1515.5837257660482,1411.5569937849195
latest_available,915,Kosovo,2008,F063,1555,1554.315612088198,1608.1585557587573,1502.2753902778245
latest_available,915,Kosovo,2008,F118,1577,1576.890862044052,1633.152918318735,1522.5670314803542
latest_available,915,Kosovo,2008,F120,1568,1568.1805923921777,1623.3383616100784,1514.8969731217203
latest_available,915,Kosovo,2008,G006,1222,1221.6560223551835,1261.155354019883,1183.3938080662183
latest_available,915,Kosovo,2008,Y002,1500,1498.5148583623688,1550.061743169857,1448.6821512933254
wave7,8,Albania,2018,A008,1430,1450.0977042616496,1745.312040992807,1204.8179938693113
wave7,8,Albania,2018,A165,1430,1447.4004153484275,1739.2244492131465,1204.5414628908873
wave7,8,Albania,2018,E018,1414,1436.7048505970115,1732.8363154122658,1191.1804994910317
wave7,8,Albania,2018,E025,1345,1367.3460720153837,1646.0407549060978,1135.8377823169733
wave7,8,Albania,2018,F063,1415,1436.5861343852116,1731.2972649880844,1192.0423853508769
wave7,8,Albania,2018,F118,1391,1412.731187236319,1704.96726775445,1170.58517493931
wave7,8,Albania,2018,F120,1426,1447.5677889465253,1743.753873872787,1201.6905223795377
wave7,8,Albania,2018,G006,1423,1446.4599586635877,1743.335988199532,1200.1395176714504
wave7,8,Albania,2018,Y002,1432,1451.679527806133,1746.573968647498,1206.5755526422577
wave7,20,Andorra,2018,A008,1004,1004.0,1004.0,1004.0
wave7,20,Andorra,2018,A165,1001,1001.0,1001.0,1001.0
wave7,20,Andorra,2018,E018,999,999.0,999.0,999.0
wave7,20,Andorra,2018,E025,1000,1000.0,1000.0,1000.0
wave7,20,Andorra,2018,F063,996,996.0,996.0,996.0
wave7,20,Andorra,2018,F118,999,999.0,999.0,999.0
wave7,20,Andorra,2018,F120,999,999.0,999.0,999.0
wave7,20,Andorra,2018,G006,477,477.0,477.0,477.0
wave7,20,Andorra,2018,Y002,996,996.0,996.0,996.0
wave7,31,Azerbaijan,2018,A008,1712,1721.3038011427034,2014.1198461476683,1471.0578327775886
wave7,31,Azerbaijan,2018,A165,1693,1693.1021479416577,1954.2823675420905,1466.8273791826634
wave7,31,Azerbaijan,2018,E018,1627,1632.048939343903,1902.5998002035217,1399.9705771695312
wave7,31,Azerbaijan,2018,E025,1600,1610.2538305819428,1880.6507178082284,1378.7341659729834
wave7,31,Azerbaijan,2018,F063,1743,1760.24445219074,2068.590136582938,1497.8610197699977
wave7,31,Azerbaijan,2018,F118,1689,1693.8284583839477,1962.269376018753,1462.1105957696616
wave7,31,Azerbaijan,2018,F120,1669,1669.8516989762618,1945.8889606128664,1432.9721546370702
wave7,31,Azerbaijan,2018,G006,1766,1783.802342797075,2094.6917067009867,1519.054468965132
wave7,31,Azerbaijan,2018,Y002,1756,1760.852124384161,2045.5720107884565,1515.7619421831553
wave7,32,Argentina,2017,A008,983,984.944925,1329.821196034055,729.5089807384993
wave7,32,Argentina,2017,A165,952,956.952711,1295.143046325873,707.0713105306161
wave7,32,Argentina,2017,E018,944,949.652655,1289.739033991917,699.2423594075707
wave7,32,Argentina,2017,E025,954,939.141529,1247.130546847007,707.2129006239925
wave7,32,Argentina,2017,F063,995,997.776973,1345.977636904539,739.6548505357158
wave7,32,Argentina,2017,F118,897,888.959178,1195.350150988992,661.1020373374371
wave7,32,Argentina,2017,F120,952,950.324479,1285.119201043543,702.7492972272707
wave7,32,Argentina,2017,G006,982,988.840676,1335.2736448591,732.2887606422549
wave7,32,Argentina,2017,Y002,961,951.608577,1276.612077824177,709.3453834177841
wave7,36,Australia,2018,A008,1805,1808.371022,3239.498652486536,1009.4789669689222
wave7,36,Australia,2018,A165,1792,1798.304702,3226.546332355674,1002.279052622271
wave7,36,Australia,2018,E018,1772,1779.0154080000002,3202.204666882302,988.3490129888484
wave7,36,Australia,2018,E025,1798,1798.448023,3217.907541353021,1005.129964073687
wave7,36,Australia,2018,F063,1798,1801.447398,3230.53196081073,1004.5443806556724
wave7,36,Australia,2018,F118,1759,1750.837158,3111.4119518024117,985.221758262432
wave7,36,Australia,2018,F120,1773,1768.229987,3146.434988110153,993.7078944078156
wave7,36,Australia,2018,G006,1720,1687.535083,2945.1023960026487,966.9526805659004
wave7,36,Australia,2018,Y002,1779,1784.1783220000002,3203.0625329876657,993.8277045517158
wave7,40,Austria,2018,A008,1639,1646.6458207303865,2129.872815521743,1273.0536955863447
wave7,40,Austria,2018,A165,1595,1605.8606783714426,2083.1747266956,1237.9127325676368
wave7,40,Austria,2018,E018,1595,1598.2169139219764,2063.0996011740745,1238.0872462447664
wave7,40,Austria,2018,E025,1627,1634.5251097997009,2114.6031042933446,1263.439143327343
wave7,40,Austria,2018,F063,1623,1629.9827069873584,2109.887697751833,1259.2346160929828
wave7,40,Austria,2018,F118,1576,1582.714098334804,2050.655182129355,1221.5529645830711
wave7,40,Austria,2018,F120,1581,1590.674912248397,2063.2029896408276,1226.3682677664806
wave7,40,Austria,2018,G006,1491,1476.9109851398866,1887.2775483804155,1155.7738605531251
wave7,40,Austria,2018,Y002,1614,1621.5577449803643,2097.876954111507,1253.3859601024258
wave7,50,Bangladesh,2018,A008,1200,1200.0,1200.0,1200.0
wave7,50,Bangladesh,2018,A165,1199,1199.0,1199.0,1199.0
wave7,50,Bangladesh,2018,E018,1123,1123.0,1123.0,1123.0
wave7,50,Bangladesh,2018,E025,1075,1075.0,1075.0,1075.0
wave7,50,Bangladesh,2018,F063,1200,1200.0,1200.0,1200.0
wave7,50,Bangladesh,2018,F118,1200,1200.0,1200.0,1200.0
wave7,50,Bangladesh,2018,F120,1200,1200.0,1200.0,1200.0
wave7,50,Bangladesh,2018,G006,1199,1199.0,1199.0,1199.0
wave7,50,Bangladesh,2018,Y002,1200,1200.0,1200.0,1200.0
wave7,51,Armenia,2018,A008,1485,1484.1385107099593,2672.40751587691,824.2257611858288
wave7,51,Armenia,2018,A165,1483,1493.3826587543406,2691.0415783190692,828.7466769135723
wave7,51,Armenia,2018,E018,1427,1426.8175458861722,2579.751864643896,789.1488856544186
wave7,51,Armenia,2018,E025,1475,1473.9504790478768,2658.8702824336924,817.0876289222074
wave7,51,Armenia,2018,F063,1494,1495.70897330059,2695.7121725850966,829.8902811521449
wave7,51,Armenia,2018,F118,1486,1483.9838891545542,2679.545126836278,821.8589644991011
wave7,51,Armenia,2018,F120,1470,1469.9678932785146,2663.6710989482517,811.2133694444734
wave7,51,Armenia,2018,G006,1486,1484.9922619845124,2669.5894061110994,826.0453885177374
wave7,51,Armenia,2018,Y002,1439,1431.398547021456,2579.9985082725725,794.1484438248647
wave7,51,Armenia,2021,A008,1213,1213.9307990000002,1446.537697935955,1018.7276742690348
wave7,51,Armenia,2021,A165,1221,1221.270098,1454.970063600918,1025.1074503743407
wave7,51,Armenia,2021,E018,1170,1163.998531,1375.054513870895,985.3373568121458
wave7,51,Armenia,2021,E025,1164,1161.7100329999998,1377.684095806399,979.5933660560388
wave7,51,Armenia,2021,F063,1211,1211.8708390000002,1445.324281794255,1016.1255497592388
wave7,51,Armenia,2021,F118,1212,1214.291954,1449.462149491322,1017.2773052863814
wave7,51,Armenia,2021,F120,1194,1189.078361,1406.678555533911,1005.1389089825084
wave7,51,Armenia,2021,G006,1205,1208.3889880000002,1444.34139972631,1010.9825465062212
wave7,51,Armenia,2021,Y002,1156,1151.675757,1365.578156089113,971.2787535061958
wave7,68,Bolivia,2017,A008,2061,2061.0,2061.0,2061.0
wave7,68,Bolivia,2017,A165,2047,2047.0,2047.0,2047.0
wave7,68,Bolivia,2017,E018,2050,2050.0,2050.0,2050.0
wave7,68,Bolivia,2017,E025,1997,1997.0,1997.0,1997.0
wave7,68,Bolivia,2017,F063,2065,2065.0,2065.0,2065.0
wave7,68,Bolivia,2017,F118,1880,1880.0,1880.0,1880.0
wave7,68,Bolivia,2017,F120,2036,2036.0,2036.0,2036.0
wave7,68,Bolivia,2017,G006,2059,2059.0,2059.0,2059.0
wave7,68,Bolivia,2017,Y002,2000,2000.0,2000.0,2000.0
wave7,70,Bosnia Herzegovina,2019,A008,1722,1732.845992240987,2117.1421224348283,1418.305932797898
wave7,70,Bosnia Herzegovina,2019,A165,1706,1717.948437426827,2100.7361907177,1404.9107387677136
wave7,70,Bosnia Herzegovina,2019,E018,1661,1670.1357428364772,2040.3200186617785,1367.1156357763205
wave7,70,Bosnia Herzegovina,2019,E025,1670,1680.5059917346327,2055.885898873837,1373.6659168696926
wave7,70,Bosnia Herzegovina,2019,F063,1689,1695.3190735569844,2064.783929954901,1391.9649022204896
wave7,70,Bosnia Herzegovina,2019,F118,1695,1710.1974303541551,2095.440213870691,1395.7808156155022
wave7,70,Bosnia Herzegovina,2019,F120,1649,1665.8209709414227,2048.507180223252,1354.6252285656142
wave7,70,Bosnia Herzegovina,2019,G006,1669,1684.461229316816,2063.75013936243,1374.8804077358418
wave7,70,Bosnia Herzegovina,2019,Y002,1709,1718.4982018441497,2098.145319785169,1407.5460083212731
wave7,76,Brazil,2018,A008,1745,1744.153416,1764.186647935352,1724.3476715486083
wave7,76,Brazil,2018,A165,1730,1729.350364,1749.4556480685078,1709.476136059106
wave7,76,Brazil,2018,E018,1690,1690.174361,1710.709489520551,1669.8857334230272
wave7,76,Brazil,2018,E025,1659,1659.5829049999998,1680.166774495443,1639.2512102825829
wave7,76,Brazil,2018,F063,1745,1744.7287299999998,1765.3309157097478,1724.36698082951
wave7,76,Brazil,2018,F118,1506,1505.9544339999998,1524.375576547792,1487.7558996453502
wave7,76,Brazil,2018,F120,1677,1678.11708,1699.4383565069538,1657.063301769842
wave7,76,Brazil,2018,G006,1724,1723.991832,1744.565869757604,1703.6604282621192
wave7,76,Brazil,2018,Y002,1561,1562.234986,1582.3032432627,1542.42125324218
wave7,100,Bulgaria,2017,A008,1539,1545.516578554632,2231.8227770143044,1070.255899880489
wave7,100,Bulgaria,2017,A165,1518,1525.2216299918707,2198.5268663727993,1058.118077234628
wave7,100,Bulgaria,2017,E018,1283,1294.5860349008235,1886.1489702114256,888.5581299404856
wave7,100,Bulgaria,2017,E025,1342,1348.6653558938556,1942.297848043484,936.4672076533026
wave7,100,Bulgaria,2017,F063,1470,1481.7640974354986,2153.3887952814302,1019.6137572833836
wave7,100,Bulgaria,2017,F118,1443,1458.596364166559,2114.5739552431723,1006.1144223802974
wave7,100,Bulgaria,2017,F120,1424,1417.3844481218712,2030.8699046095296,989.2207616144684
wave7,100,Bulgaria,2017,G006,1498,1507.0658020084736,2185.525308848838,1039.2226172753667
wave7,100,Bulgaria,2017,Y002,1499,1504.4850229878043,2170.801784928516,1042.69086201675
wave7,104,Myanmar,2020,A008,1200,1200.0,1200.0,1200.0
wave7,104,Myanmar,2020,A165,1200,1200.0,1200.0,1200.0
wave7,104,Myanmar,2020,E018,1200,1200.0,1200.0,1200.0
wave7,104,Myanmar,2020,E025,1153,1153.0,1153.0,1153.0
wave7,104,Myanmar,2020,F063,1200,1200.0,1200.0,1200.0
wave7,104,Myanmar,2020,F118,1199,1199.0,1199.0,1199.0
wave7,104,Myanmar,2020,F120,1199,1199.0,1199.0,1199.0
wave7,104,Myanmar,2020,G006,1200,1200.0,1200.0,1200.0
wave7,104,Myanmar,2020,Y002,1200,1200.0,1200.0,1200.0
wave7,112,Belarus,2018,A008,1506,1507.4009709699028,1544.638805907348,1471.0608581054269
wave7,112,Belarus,2018,A165,1468,1468.6821454333513,1504.5561047729284,1433.66354865195
wave7,112,Belarus,2018,E018,1395,1398.8365027069767,1435.8241898328752,1362.8016404524035
wave7,112,Belarus,2018,E025,1481,1483.8072021502253,1522.2807379210044,1446.3060316717554
wave7,112,Belarus,2018,F063,1498,1499.0750851359803,1535.721950827672,1463.3027219962005
wave7,112,Belarus,2018,F118,1476,1479.767081476809,1517.9582752160425,1442.5367621588568
wave7,112,Belarus,2018,F120,1492,1493.57601053295,1530.0923148623665,1457.9311833483612
wave7,112,Belarus,2018,G006,1418,1420.5012955221334,1456.2644580697315,1385.616410122837
wave7,112,Belarus,2018,Y002,1508,1509.2602796232727,1546.373002962468,1473.0382561546862
wave7,124,Canada,2020,A008,4018,4018.000095,5878.11651797866,2746.51322648018
wave7,124,Canada,2020,A165,4018,4018.000095,5878.11651797866,2746.51322648018
wave7,124,Canada,2020,E018,4018,4018.000095,5878.11651797866,2746.51322648018
wave7,124,Canada,2020,E025,4018,4018.000095,5878.11651797866,2746.51322648018
wave7,124,Canada,2020,F063,4018,4018.000095,5878.11651797866,2746.51322648018
wave7,124,Canada,2020,F118,4018,4018.000095,5878.11651797866,2746.51322648018
wave7,124,Canada,2020,F120,4018,4018.000095,5878.11651797866,2746.51322648018
wave7,124,Canada,2020,G006,3927,3937.689971,5760.505566268703,2691.6738694790315
wave7,124,Canada,2020,Y002,4018,4018.000095,5878.11651797866,2746.51322648018
wave7,152,Chile,2018,A008,982,986.51393,2296.8827009798297,423.7089398030131
wave7,152,Chile,2018,A165,974,978.076666,2282.2935550314605,419.1546536442322
wave7,152,Chile,2018,E018,959,964.52582,2271.3048246431545,409.5927800412407
wave7,152,Chile,2018,E025,945,955.270175,2264.9239386599734,402.90143596805694
wave7,152,Chile,2018,F063,982,985.711231,2295.6413955798653,423.2484362716017
wave7,152,Chile,2018,F118,933,929.841009,2175.4318499873893,397.440306862819
wave7,152,Chile,2018,F120,964,969.147498,2276.707047094568,412.5462140938532
wave7,152,Chile,2018,G006,970,963.290655,2199.775697269281,421.82886517121955
wave7,152,Chile,2018,Y002,894,876.839913,1756.4440818527164,437.72998011918384
wave7,156,China,2018,A008,3035,3035.102481,4140.876373302462,2224.612917585283
wave7,156,China,2018,A165,3009,3012.744591,4112.420227807497,2207.126088239987
wave7,156,China,2018,E018,3004,3001.91788,4093.3937312120006,2201.4767085685407
wave7,156,China,2018,E025,3013,3011.307675,4111.0276298896315,2205.7681752329536
wave7,156,China,2018,F063,3025,3024.286318,4123.913885651888,2217.8706895564073
wave7,156,China,2018,F118,3025,3026.543374,4130.235486677375,2217.7826964709375
wave7,156,China,2018,F120,3019,3017.426743,4113.310090119519,2213.5127062854217
wave7,156,China,2018,G006,3001,3001.121781,4095.64212946273,2199.101303212281
wave7,156,China,2018,Y002,2962,2969.7720959999997,4058.98995651419,2172.842602881025
wave7,158,Taiwan ROC,2019,A008,1223,1223.000007,1805.5719797158192,828.3962278576203
wave7,158,Taiwan ROC,2019,A165,1223,1223.000007,1805.5719797158192,828.3962278576203
wave7,158,Taiwan ROC,2019,E018,1183,1182.744252,1750.091099603832,799.3206559108293
wave7,158,Taiwan ROC,2019,E025,1223,1223.000007,1805.5719797158192,828.3962278576203
wave7,158,Taiwan ROC,2019,F063,1223,1223.000007,1805.5719797158192,828.3962278576203
wave7,158,Taiwan ROC,2019,F118,1223,1223.000007,1805.5719797158192,828.3962278576203
wave7,158,Taiwan ROC,2019,F120,1223,1223.000007,1805.5719797158192,828.3962278576203
wave7,158,Taiwan ROC,2019,G006,1221,1222.147444,1805.183387028522,827.4197433948207
wave7,158,Taiwan ROC,2019,Y002,1212,1214.367805,1796.549526880833,820.8452612942273
wave7,170,Colombia,2018,A008,1520,1520.0,1520.0,1520.0
wave7,170,Colombia,2018,A165,1520,1520.0,1520.0,1520.0
wave7,170,Colombia,2018,E018,1520,1520.0,1520.0,1520.0
wave7,170,Colombia,2018,E025,1520,1520.0,1520.0,1520.0
wave7,170,Colombia,2018,F063,1520,1520.0,1520.0,1520.0
wave7,170,Colombia,2018,F118,1520,1520.0,1520.0,1520.0
wave7,170,Colombia,2018,F120,1520,1520.0,1520.0,1520.0
wave7,170,Colombia,2018,G006,1499,1499.0,1499.0,1499.0
wave7,170,Colombia,2018,Y002,1520,1520.0,1520.0,1520.0
wave7,191,Croatia,2017,A008,1472,1479.4655200223044,2273.4619911909053,962.7687788122208
wave7,191,Croatia,2017,A165,1449,1451.5541723843594,2202.887326266781,956.476298284932
wave7,191,Croatia,2017,E018,1367,1373.9749740026366,2101.2280493006547,898.4304344375466
wave7,191,Croatia,2017,E025,1447,1443.4094692894694,2194.94065752447,949.1969128606296
wave7,191,Croatia,2017,F063,1460,1465.7520998513996,2240.709599750008,958.816447458646
wave7,191,Croatia,2017,F118,1418,1423.352590805469,2170.5234683605513,933.3843320675434
wave7,191,Croatia,2017,F120,1443,1436.5583421526096,2158.434357237297,956.1096280220916
wave7,191,Croatia,2017,G006,1426,1432.9296702034958,2184.7340417043088,939.834048700835
wave7,191,Croatia,2017,Y002,1441,1441.9487651685272,2193.5429185196344,947.8803554818292
wave7,196,Cyprus,2019,A008,995,997.398965,1228.8482462347552,809.5423486432899
wave7,196,Cyprus,2019,A165,960,976.3129620000002,1213.61919393504,785.4086393266402
wave7,196,Cyprus,2019,E018,917,915.560621,1125.2158550525332,744.9692847482762
wave7,196,Cyprus,2019,E025,968,970.8787580000002,1196.5923965178322,787.7415613526136
wave7,196,Cyprus,2019,F063,955,966.9948250000002,1198.8319133207951,779.991741283053
wave7,196,Cyprus,2019,F118,920,929.59586,1150.97693702108,750.7956372833152
wave7,196,Cyprus,2019,F120,936,944.6362740000002,1168.740986186664,763.5033773121095
wave7,196,Cyprus,2019,G006,942,958.312962,1191.4755701237582,770.7784835586881
wave7,196,Cyprus,2019,Y002,966,976.5554460000002,1209.485369872134,788.4845595222699
wave7,203,Czechia,2017,A008,1792,1810.690365800015,2344.9652656185017,1398.1442065992549
wave7,203,Czechia,2017,A165,1721,1726.4000295973376,2222.1238199872673,1341.2650705534338
wave7,203,Czechia,2017,E018,1522,1542.667180006427,1986.522496890548,1197.9839302067085
wave7,203,Czechia,2017,E025,1694,1708.844295611079,2215.035834270225,1318.3302867895172
wave7,203,Czechia,2017,F063,1653,1665.1096561181798,2140.721679480712,1295.1661084548682
wave7,203,Czechia,2017,F118,1658,1688.2902023628951,2209.427432275496,1290.073512149249
wave7,203,Czechia,2017,F120,1665,1688.6517920004594,2203.428560807302,1294.1399259985997
wave7,203,Czechia,2017,G006,1627,1635.3483072883605,2117.500842006748,1262.9813566526943
wave7,203,Czechia,2017,Y002,1654,1655.807393374917,2132.2077260589745,1285.84944630259
wave7,203,Czechia,2022,A008,1192,1193.034144,1310.82423959876,1085.8286151204302
wave7,203,Czechia,2022,A165,1191,1190.855928,1307.776509600616,1084.3885257472843
wave7,203,Czechia,2022,E018,1178,1180.387623,1298.7238881398112,1072.8338434794357
wave7,203,Czechia,2022,E025,1185,1184.7879,1300.408304974778,1079.4474032628052
wave7,203,Czechia,2022,F063,1191,1192.05469,1310.2904909032618,1084.4880534631825
wave7,203,Czechia,2022,F118,1177,1177.699435,1294.583068728463,1071.3688388969929
wave7,203,Czechia,2022,F120,1192,1192.500842,1309.775331503844,1085.7268601462702
wave7,203,Czechia,2022,G006,1185,1183.967885,1298.6368146474729,1079.4241599348927
wave7,203,Czechia,2022,Y002,1185,1183.561529,1297.7685640060631,1079.405012404256
wave7,208,Denmark,2017,A008,3351,3361.006032199787,6383.340373109756,1769.6630428905262
wave7,208,Denmark,2017,A165,3344,3359.2713611702893,6388.525069285397,1766.4020968209436
wave7,208,Denmark,2017,E018,3316,3328.99420881997,6325.560554108637,1751.971599601348
wave7,208,Denmark,2017,E025,3305,3313.6523245227027,6289.17558846791,1745.9031908647337
wave7,208,Denmark,2017,F063,3315,3331.946985489278,6334.720355200097,1752.5431418606652
wave7,208,Denmark,2017,F118,3346,3350.880816335075,6347.9400135571195,1768.8261422291691
wave7,208,Denmark,2017,F120,3355,3363.28329718679,6384.084556956665,1771.855375068527
wave7,208,Denmark,2017,G006,3199,3169.8704125172917,5968.299574159088,1683.5747447493509
wave7,208,Denmark,2017,Y002,3109,3150.0843064115315,6027.5846231753785,1646.269900441927
wave7,218,Ecuador,2018,A008,1180,1180.0,1180.0,1180.0
wave7,218,Ecuador,2018,A165,1177,1177.0,1177.0,1177.0
wave7,218,Ecuador,2018,E018,1192,1192.0,1192.0,1192.0
wave7,218,Ecuador,2018,E025,1178,1178.0,1178.0,1178.0
wave7,218,Ecuador,2018,F063,1200,1200.0,1200.0,1200.0
wave7,218,Ecuador,2018,F118,1151,1151.0,1151.0,1151.0
wave7,218,Ecuador,2018,F120,1187,1187.0,1187.0,1187.0
wave7,218,Ecuador,2018,G006,1192,1192.0,1192.0,1192.0
wave7,218,Ecuador,2018,Y002,1186,1186.0,1186.0,1186.0
wave7,231,Ethiopia,2020,A008,1230,1230.0,1230.0,1230.0
wave7,231,Ethiopia,2020,A165,1226,1226.0,1226.0,1226.0
wave7,231,Ethiopia,2020,E018,1210,1210.0,1210.0,1210.0
wave7,231,Ethiopia,2020,E025,1189,1189.0,1189.0,1189.0
wave7,231,Ethiopia,2020,F063,1230,1230.0,1230.0,1230.0
wave7,231,Ethiopia,2020,F118,1055,1055.0,1055.0,1055.0
wave7,231,Ethiopia,2020,F120,1225,1225.0,1225.0,1225.0
wave7,231,Ethiopia,2020,G006,1229,1229.0,1229.0,1229.0
wave7,231,Ethiopia,2020,Y002,1194,1194.0,1194.0,1194.0
wave7,233,Estonia,2018,A008,1295,1297.5147286468214,1443.3530408256545,1166.4121136242463
wave7,233,Estonia,2018,A165,1283,1285.2582320979886,1430.1106268766443,1155.077580804616
wave7,233,Estonia,2018,E018,1059,1071.887359175641,1204.3280641167412,954.011240785266
wave7,233,Estonia,2018,E025,1207,1213.1784063652726,1352.544161902979,1088.1728575872985
wave7,233,Estonia,2018,F063,1248,1248.117762874981,1385.9937083883533,1123.957446975333
wave7,233,Estonia,2018,F118,1200,1209.8527126743552,1353.8427843365223,1081.1769308079834
wave7,233,Estonia,2018,F120,1241,1240.0704612456354,1374.7668987010964,1118.5712649227148
wave7,233,Estonia,2018,G006,1110,1117.3262709081196,1246.3950125330527,1001.6230674128584
wave7,233,Estonia,2018,Y002,1266,1264.7584632951102,1403.8808418807914,1139.4228931378475
wave7,246,Finland,2017,A008,1195,1216.8483456110234,1567.5787589125052,944.5904314520834
wave7,246,Finland,2017,A165,1177,1195.4564758655667,1540.0706077703494,927.9549771798684
wave7,246,Finland,2017,E018,1136,1145.799575539868,1465.745964836916,895.6918175472616
wave7,246,Finland,2017,E025,1168,1185.1347925515547,1525.83146758183,920.510886265944
wave7,246,Finland,2017,F063,1174,1193.7217776201696,1539.961649338077,925.3293307512914
wave7,246,Finland,2017,F118,1163,1177.4755309010125,1512.9767223110416,916.3714189553748
wave7,246,Finland,2017,F120,1166,1181.0426680810342,1510.246944376016,923.5984810446206
wave7,246,Finland,2017,G006,1178,1195.5657689502111,1539.2314562898785,928.6306500848434
wave7,246,Finland,2017,Y002,1149,1160.899979878261,1493.47942895488,902.381872259496
wave7,250,France,2018,A008,1866,1876.4841722989024,2718.3526676563915,1295.3407005589409
wave7,250,France,2018,A165,1844,1852.739050512413,2678.1686976965075,1281.7123851257215
wave7,250,France,2018,E018,1808,1815.932587683695,2632.902234961147,1252.462442100613
wave7,250,France,2018,E025,1858,1866.7887037177693,2704.1799758501575,1288.7086271810235
wave7,250,France,2018,F063,1843,1857.4867003080424,2699.248705645732,1278.228580643467
wave7,250,France,2018,F118,1724,1733.6358545917994,2529.604597670323,1188.127693590608
wave7,250,France,2018,F120,1804,1815.400024306413,2640.265579323117,1248.23702360148
wave7,250,France,2018,G006,1760,1738.783703175474,2467.728599184855,1225.162591796886
wave7,250,France,2018,Y002,1824,1832.3440196786903,2657.299752383753,1263.494870475339
wave7,268,Georgia,2018,A008,2192,2208.5896785647965,3099.1373997164005,1573.9438879700272
wave7,268,Georgia,2018,A165,2173,2188.8559188730324,3070.1461081036477,1560.5414416400015
wave7,268,Georgia,2018,E018,2093,2102.5319184870727,2940.277410172979,1503.4773429752197
wave7,268,Georgia,2018,E025,2066,2077.0000764121887,2903.9060951579904,1485.560888008513
wave7,268,Georgia,2018,F063,2186,2203.730680229401,3091.6209679951744,1570.83580466644
wave7,268,Georgia,2018,F118,2159,2179.2564912036205,3061.3949687865156,1551.3055005560425
wave7,268,Georgia,2018,F120,2157,2164.597435032358,3022.9203393990356,1549.9852889541078
wave7,268,Georgia,2018,G006,2177,2195.443640436516,3083.2057479561513,1563.2991024125747
wave7,268,Georgia,2018,Y002,2134,2140.9157888370564,2992.6995644648127,1531.5671741047186
wave7,276,Germany,2017,A008,2133,2140.245267851161,2406.555828972908,1903.404754384717
wave7,276,Germany,2017,A165,2065,2079.3846240109597,2348.794615127633,1840.8763315128103
wave7,276,Germany,2017,E018,2021,2022.2110467882064,2264.83652663446,1805.5773428508744
wave7,276,Germany,2017,E025,2097,2092.898367763504,2336.9976763071427,1874.2952216831663
wave7,276,Germany,2017,F063,2101,2108.9945799661086,2375.0085019390062,1872.7756699376444
wave7,276,Germany,2017,F118,2102,2105.0981573663876,2359.085794738194,1878.455739944443
wave7,276,Germany,2017,F120,2075,2076.9559048358024,2330.980661638176,1850.614164941495
wave7,276,Germany,2017,G006,1840,1831.5440574768668,2037.301291560636,1646.56727425384
wave7,276,Germany,2017,Y002,1987,1974.7731208662549,2195.253641828127,1776.4365832680255
wave7,276,Germany,2018,A008,1521,1521.0,1521.0,1521.0
wave7,276,Germany,2018,A165,1482,1482.0,1482.0,1482.0
wave7,276,Germany,2018,E018,1471,1471.0,1471.0,1471.0
wave7,276,Germany,2018,E025,1512,1512.0,1512.0,1512.0
wave7,276,Germany,2018,F063,1508,1508.0,1508.0,1508.0
wave7,276,Germany,2018,F118,1486,1486.0,1486.0,1486.0
wave7,276,Germany,2018,F120,1480,1480.0,1480.0,1480.0
wave7,276,Germany,2018,G006,1336,1336.0,1336.0,1336.0
wave7,276,Germany,2018,Y002,1486,1486.0,1486.0,1486.0
wave7,300,Greece,2017,A008,1196,1196.8957810000002,1425.1355520000152,1005.2092999610924
wave7,300,Greece,2017,A165,1188,1189.023922,1417.411451713714,997.436478574334
wave7,300,Greece,2017,E018,1123,1119.89736,1305.909221773838,960.3807646226816
wave7,300,Greece,2017,E025,1187,1185.025228,1404.3823943880898,999.9305008436248
wave7,300,Greece,2017,F063,1185,1187.043462,1415.41660270904,995.517629212522
wave7,300,Greece,2017,F118,1157,1153.208851,1361.809121123689,976.5617173480148
wave7,300,Greece,2017,F120,1179,1174.752792,1386.1931729642242,995.5640737724312
wave7,300,Greece,2017,G006,1139,1119.90684,1256.363934671334,998.2707205033572
wave7,300,Greece,2017,Y002,1180,1181.704648,1410.3725844679798,990.1113297884776
wave7,320,Guatemala,2020,A008,1229,1229.0,1229.0,1229.0
wave7,320,Guatemala,2020,A165,1229,1229.0,1229.0,1229.0
wave7,320,Guatemala,2020,E018,1229,1229.0,1229.0,1229.0
wave7,320,Guatemala,2020,E025,1199,1199.0,1199.0,1199.0
wave7,320,Guatemala,2020,F063,1211,1211.0,1211.0,1211.0
wave7,320,Guatemala,2020,F118,1205,1205.0,1205.0,1205.0
wave7,320,Guatemala,2020,F120,1205,1205.0,1205.0,1205.0
wave7,320,Guatemala,2020,G006,1209,1209.0,1209.0,1209.0
wave7,320,Guatemala,2020,Y002,1001,1001.0,1001.0,1001.0
wave7,344,Hong Kong SAR,2018,A008,2071,2068.5644190000003,2437.090893521921,1755.7649437396008
wave7,344,Hong Kong SAR,2018,A165,2066,2064.026639,2432.727404262719,1751.2056464019518
wave7,344,Hong Kong SAR,2018,E018,2052,2042.424552,2396.7027200036637,1740.515423876193
wave7,344,Hong Kong SAR,2018,E025,2068,2068.301026,2440.294349560886,1753.013580071775
wave7,344,Hong Kong SAR,2018,F063,2058,2053.3824000000004,2416.9678270431305,1744.491272681935
wave7,344,Hong Kong SAR,2018,F118,2052,2046.731875,2407.9435559783674,1739.704968474207
wave7,344,Hong Kong SAR,2018,F120,2062,2059.770495,2425.291524409238,1749.3379453037044
wave7,344,Hong Kong SAR,2018,G006,2049,2045.764166,2409.91458943867,1736.638734514032
wave7,344,Hong Kong SAR,2018,Y002,2058,2054.675231,2420.217707416381,1744.3432018318808
wave7,348,Hungary,2018,A008,1508,1512.5257502593508,1702.0887899563677,1344.0745034554027
wave7,348,Hungary,2018,A165,1497,1503.6069161083433,1694.5609885725926,1334.1707813498338
wave7,348,Hungary,2018,E018,1437,1444.1981337613986,1628.062778922165,1281.0981717429345
wave7,348,Hungary,2018,E025,1483,1485.631195559319,1670.7143081988206,1321.05174319029
wave7,348,Hungary,2018,F063,1476,1483.8870549984294,1675.1541433464604,1314.4586131000028
wave7,348,Hungary,2018,F118,1461,1461.584934503427,1637.291566820325,1304.7343332476923
wave7,348,Hungary,2018,F120,1483,1486.6920516853058,1671.4890838772678,1322.3258697072986
wave7,348,Hungary,2018,G006,1472,1476.490292269405,1662.7040703916389,1311.1314406371205
wave7,348,Hungary,2018,Y002,1468,1473.5459283016587,1660.2833775965855,1307.811444789389
wave7,352,Iceland,2017,A008,1619,1628.1297735454036,2272.49269148298,1166.4752848006513
wave7,352,Iceland,2017,A165,1598,1607.6425224726909,2244.3650649926835,1151.5570797172347
wave7,352,Iceland,2017,E018,1541,1556.35766314711,2181.060245371802,1110.5833416462165
wave7,352,Iceland,2017,E025,1614,1624.5828004543896,2270.0434981030735,1162.6514107494818
wave7,352,Iceland,2017,F063,1604,1613.7155268642991,2253.522889976148,1155.5586203388798
wave7,352,Iceland,2017,F118,1580,1592.7088833203843,2226.135005299394,1139.5183045812178
wave7,352,Iceland,2017,F120,1591,1599.399631170847,2234.0024663149925,1145.0655130247087
wave7,352,Iceland,2017,G006,1566,1577.829866880613,2199.9662096452985,1131.6296940860216
wave7,352,Iceland,2017,Y002,1597,1608.2999067571131,2250.4963241570267,1149.3591712680611
wave7,360,Indonesia,2018,A008,3199,3198.377834,5513.3298899836445,1855.4341882583915
wave7,360,Indonesia,2018,A165,3199,3199.491032,5515.702188392713,1855.9274076455224
wave7,360,Indonesia,2018,E018,3166,3171.456422,5474.10924341146,1837.4013724243512
wave7,360,Indonesia,2018,E025,3183,3178.1459680000003,5472.800834735503,1845.60193197727
wave7,360,Indonesia,2018,F063,3200,3199.9999660000003,5515.961202209066,1856.430712075898
wave7,360,Indonesia,2018,F118,3189,3185.1129739999997,5487.823529882008,1848.62807666872
wave7,360,Indonesia,2018,F120,3193,3192.8278360000004,5507.940012458048,1850.809843113572
wave7,360,Indonesia,2018,G006,3196,3195.475001,5508.298389012825,1853.759502641239
wave7,360,Indonesia,2018,Y002,3159,3150.8708530000004,5427.402306878257,1829.2336869339888
wave7,364,Iran,2020,A008,1497,1497.0,1497.0,1497.0
wave7,364,Iran,2020,A165,1496,1496.0,1496.0,1496.0
wave7,364,Iran,2020,E018,1487,1487.0,1487.0,1487.0
wave7,364,Iran,2020,E025,1475,1475.0,1475.0,1475.0
wave7,364,Iran,2020,F063,1498,1498.0,1498.0,1498.0
wave7,364,Iran,2020,F118,1490,1490.0,1490.0,1490.0
wave7,364,Iran,2020,F120,1494,1494.0,1494.0,1494.0
wave7,364,Iran,2020,G006,1480,1480.0,1480.0,1480.0
wave7,364,Iran,2020,Y002,1485,1485.0,1485.0,1485.0
wave7,368,Iraq,2018,A008,1179,1179.0,1179.0,1179.0
wave7,368,Iraq,2018,A165,1174,1174.0,1174.0,1174.0
wave7,368,Iraq,2018,E018,1162,1162.0,1162.0,1162.0
wave7,368,Iraq,2018,E025,1166,1166.0,1166.0,1166.0
wave7,368,Iraq,2018,F118,835,835.0,835.0,835.0
wave7,368,Iraq,2018,F120,1200,1200.0,1200.0,1200.0
wave7,368,Iraq,2018,G006,1193,1193.0,1193.0,1193.0
wave7,368,Iraq,2018,Y002,1200,1200.0,1200.0,1200.0
wave7,380,Italy,2018,A008,2258,2263.305930576282,2601.8049651400443,1968.8461679548088
wave7,380,Italy,2018,A165,2230,2232.2558575497183,2562.337698132525,1944.6953526838788
wave7,380,Italy,2018,E018,2140,2145.8400531172815,2468.2825488290273,1865.5196244639212
wave7,380,Italy,2018,E025,2134,2123.747324190841,2427.8445987754667,1857.7394530451504
wave7,380,Italy,2018,F063,2217,2216.9065100807925,2541.248087679458,1933.960914035133
wave7,380,Italy,2018,F118,2150,2147.9975803195093,2463.647565081271,1872.7896272396672
wave7,380,Italy,2018,F120,2193,2198.7627308586225,2532.0212159680013,1909.366918461857
wave7,380,Italy,2018,G006,2237,2238.8060673082964,2569.2432073652717,1950.8673186904896
wave7,380,Italy,2018,Y002,2166,2170.3025473132975,2495.9946793512777,1887.1086488448757
wave7,392,Japan,2019,A008,1324,1324.0,1324.0,1324.0
wave7,392,Japan,2019,A165,1281,1281.0,1281.0,1281.0
wave7,392,Japan,2019,E018,1342,1342.0,1342.0,1342.0
wave7,392,Japan,2019,E025,1211,1211.0,1211.0,1211.0
wave7,392,Japan,2019,F063,1246,1246.0,1246.0,1246.0
wave7,392,Japan,2019,F118,1218,1218.0,1218.0,1218.0
wave7,392,Japan,2019,F120,1242,1242.0,1242.0,1242.0
wave7,392,Japan,2019,G006,1283,1283.0,1283.0,1283.0
wave7,392,Japan,2019,Y002,1137,1137.0,1137.0,1137.0
wave7,398,Kazakhstan,2018,A008,1211,1211.0,1211.0,1211.0
wave7,398,Kazakhstan,2018,A165,1218,1218.0,1218.0,1218.0
wave7,398,Kazakhstan,2018,E018,1156,1156.0,1156.0,1156.0
wave7,398,Kazakhstan,2018,E025,1174,1174.0,1174.0,1174.0
wave7,398,Kazakhstan,2018,F063,1234,1234.0,1234.0,1234.0
wave7,398,Kazakhstan,2018,F118,1151,1151.0,1151.0,1151.0
wave7,398,Kazakhstan,2018,F120,1133,1133.0,1133.0,1133.0
wave7,398,Kazakhstan,2018,G006,1250,1250.0,1250.0,1250.0
wave7,398,Kazakhstan,2018,Y002,1180,1180.0,1180.0,1180.0
wave7,400,Jordan,2018,A008,1199,1199.0,1199.0,1199.0
wave7,400,Jordan,2018,A165,1196,1196.0,1196.0,1196.0
wave7,400,Jordan,2018,E018,1193,1193.0,1193.0,1193.0
wave7,400,Jordan,2018,E025,1143,1143.0,1143.0,1143.0
wave7,400,Jordan,2018,F063,1197,1197.0,1197.0,1197.0
wave7,400,Jordan,2018,F118,1195,1195.0,1195.0,1195.0
wave7,400,Jordan,2018,F120,1196,1196.0,1196.0,1196.0
wave7,400,Jordan,2018,G006,1195,1195.0,1195.0,1195.0
wave7,400,Jordan,2018,Y002,1188,1188.0,1188.0,1188.0
wave7,404,Kenya,2021,A008,1253,1253.0,1253.0,1253.0
wave7,404,Kenya,2021,A165,1252,1252.0,1252.0,1252.0
wave7,404,Kenya,2021,E018,1250,1250.0,1250.0,1250.0
wave7,404,Kenya,2021,E025,1189,1189.0,1189.0,1189.0
wave7,404,Kenya,2021,F063,1259,1259.0,1259.0,1259.0
wave7,404,Kenya,2021,F118,1215,1215.0,1215.0,1215.0
wave7,404,Kenya,2021,F120,1224,1224.0,1224.0,1224.0
wave7,404,Kenya,2021,G006,1250,1250.0,1250.0,1250.0
wave7,404,Kenya,2021,Y002,1237,1237.0,1237.0,1237.0
wave7,410,South Korea,2018,A008,1245,1245.0,1245.0,1245.0
wave7,410,South Korea,2018,A165,1245,1245.0,1245.0,1245.0
wave7,410,South Korea,2018,E018,1245,1245.0,1245.0,1245.0
wave7,410,South Korea,2018,E025,1245,1245.0,1245.0,1245.0
wave7,410,South Korea,2018,F063,1245,1245.0,1245.0,1245.0
wave7,410,South Korea,2018,F118,1245,1245.0,1245.0,1245.0
wave7,410,South Korea,2018,F120,1245,1245.0,1245.0,1245.0
wave7,410,South Korea,2018,G006,1245,1245.0,1245.0,1245.0
wave7,410,South Korea,2018,Y002,1245,1245.0,1245.0,1245.0
wave7,417,Kyrgyzstan,2020,A008,1199,1197.67605,1507.8209345630642,951.3251128584913
wave7,417,Kyrgyzstan,2020,A165,1190,1190.282449,1500.054394905685,944.4806223087104
wave7,417,Kyrgyzstan,2020,E018,1166,1166.176506,1469.846731239556,925.2445266857692
wave7,417,Kyrgyzstan,2020,E025,1160,1157.039679,1458.3237747220192,917.9997213140198
wave7,417,Kyrgyzstan,2020,F063,1197,1197.256949,1509.9340364842533,949.3290218600472
wave7,417,Kyrgyzstan,2020,F118,1136,1134.137027,1425.406237292253,902.3861144706592
wave7,417,Kyrgyzstan,2020,F120,1150,1146.3888860000002,1448.588280183314,907.2332669832264
wave7,417,Kyrgyzstan,2020,G006,1194,1195.2189600000002,1508.5477156053362,946.9692920984254
wave7,417,Kyrgyzstan,2020,Y002,1135,1131.027364,1428.806721960948,895.3085665506494
wave7,422,Lebanon,2018,A008,1200,1200.0,1200.0,1200.0
wave7,422,Lebanon,2018,A165,1200,1200.0,1200.0,1200.0
wave7,422,Lebanon,2018,E018,1184,1184.0,1184.0,1184.0
wave7,422,Lebanon,2018,E025,1185,1185.0,1185.0,1185.0
wave7,422,Lebanon,2018,F063,1200,1200.0,1200.0,1200.0
wave7,422,Lebanon,2018,F118,1192,1192.0,1192.0,1192.0
wave7,422,Lebanon,2018,F120,1200,1200.0,1200.0,1200.0
wave7,422,Lebanon,2018,G006,1200,1200.0,1200.0,1200.0
wave7,422,Lebanon,2018,Y002,1200,1200.0,1200.0,1200.0
wave7,428,Latvia,2021,A008,1309,1305.9633522397978,1426.5665110678033,1195.556088104712
wave7,428,Latvia,2021,A165,1289,1287.672948676855,1409.562032670899,1176.3239817209774
wave7,428,Latvia,2021,E018,1149,1151.0303564990008,1262.1931055623322,1049.6578342439611
wave7,428,Latvia,2021,E025,1295,1293.0152238132878,1413.012511385288,1183.2084681075062
wave7,428,Latvia,2021,F063,1286,1283.9479084480554,1404.0705574723452,1174.1021295794856
wave7,428,Latvia,2021,F118,1227,1227.1390254038042,1344.250636969272,1120.230220655957
wave7,428,Latvia,2021,F120,1212,1201.083128636364,1304.2314019279925,1106.0925843085656
wave7,428,Latvia,2021,G006,1223,1218.6596595594456,1331.5754602788882,1115.3189662465652
wave7,428,Latvia,2021,Y002,1276,1273.414070850013,1393.3296374774068,1163.8189213965509
wave7,434,Libya,2022,A008,1191,1191.0,1191.0,1191.0
wave7,434,Libya,2022,A165,1176,1176.0,1176.0,1176.0
wave7,434,Libya,2022,E018,1162,1162.0,1162.0,1162.0
wave7,434,Libya,2022,E025,1129,1129.0,1129.0,1129.0
wave7,434,Libya,2022,F063,1190,1190.0,1190.0,1190.0
wave7,434,Libya,2022,F118,1118,1118.0,1118.0,1118.0
wave7,434,Libya,2022,F120,1126,1126.0,1126.0,1126.0
wave7,434,Libya,2022,G006,1193,1193.0,1193.0,1193.0
wave7,434,Libya,2022,Y002,1174,1174.0,1174.0,1174.0
wave7,440,Lithuania,2018,A008,1285,1287.607884061703,1387.9770852070817,1194.496710909675
wave7,440,Lithuania,2018,A165,1400,1399.4103681172344,1506.8625889732111,1299.6204117911304
wave7,440,Lithuania,2018,E018,1228,1220.9472979998875,1307.168170511497,1140.4135581957355
wave7,440,Lithuania,2018,E025,1285,1283.0151797282845,1378.6465272940998,1194.0174067997648
wave7,440,Lithuania,2018,F063,1349,1353.9461923189042,1465.8304295830726,1250.60188047554
wave7,440,Lithuania,2018,F118,1324,1331.076849809491,1442.7418541144762,1228.054467988128
wave7,440,Lithuania,2018,F120,1318,1322.9584563650817,1430.0623613359203,1223.8760522533282
wave7,440,Lithuania,2018,G006,1333,1331.348660197305,1431.927176810762,1237.834775199189
wave7,440,Lithuania,2018,Y002,1392,1391.0772170678465,1497.4242732077987,1292.2829277368671
wave7,446,Macau SAR,2019,A008,1023,1023.0,1023.0,1023.0
wave7,446,Macau SAR,2019,A165,968,968.0,968.0,968.0
wave7,446,Macau SAR,2019,E018,1016,1016.0,1016.0,1016.0
wave7,446,Macau SAR,2019,E025,1021,1021.0,1021.0,1021.0
wave7,446,Macau SAR,2019,F063,1022,1022.0,1022.0,1022.0
wave7,446,Macau SAR,2019,F118,1021,1021.0,1021.0,1021.0
wave7,446,Macau SAR,2019,F120,1022,1022.0,1022.0,1022.0
wave7,446,Macau SAR,2019,G006,1003,1003.0,1003.0,1003.0
wave7,446,Macau SAR,2019,Y002,979,979.0,979.0,979.0
wave7,458,Malaysia,2018,A008,1313,1313.0,1313.0,1313.0
wave7,458,Malaysia,2018,A165,1313,1313.0,1313.0,1313.0
wave7,458,Malaysia,2018,E018,1313,1313.0,1313.0,1313.0
wave7,458,Malaysia,2018,E025,1313,1313.0,1313.0,1313.0
wave7,458,Malaysia,2018,F063,1313,1313.0,1313.0,1313.0
wave7,458,Malaysia,2018,F118,1313,1313.0,1313.0,1313.0
wave7,458,Malaysia,2018,F120,1313,1313.0,1313.0,1313.0
wave7,458,Malaysia,2018,G006,1312,1312.0,1312.0,1312.0
wave7,458,Malaysia,2018,Y002,1313,1313.0,1313.0,1313.0
wave7,462,Maldives,2021,A008,1035,1035.0,1035.0,1035.0
wave7,462,Maldives,2021,A165,1027,1027.0,1027.0,1027.0
wave7,462,Maldives,2021,E018,1035,1035.0,1035.0,1035.0
wave7,462,Maldives,2021,E025,1034,1034.0,1034.0,1034.0
wave7,462,Maldives,2021,F063,1039,1039.0,1039.0,1039.0
wave7,462,Maldives,2021,F118,1038,1038.0,1038.0,1038.0
wave7,462,Maldives,2021,F120,1037,1037.0,1037.0,1037.0
wave7,462,Maldives,2021,G006,1033,1033.0,1033.0,1033.0
wave7,462,Maldives,2021,Y002,999,999.0,999.0,999.0
wave7,484,Mexico,2018,A008,1741,1741.144054,1809.8516885248428,1675.044776321152
wave7,484,Mexico,2018,A165,1738,1738.338664,1807.171837484104,1672.1272698473451
wave7,484,Mexico,2018,E018,1727,1727.767046,1796.7552425853578,1661.427719530781
wave7,484,Mexico,2018,E025,1733,1733.409267,1802.213377955261,1667.2319291795134
wave7,484,Mexico,2018,F063,1739,1739.195933,1807.915159381709,1673.0887385214448
wave7,484,Mexico,2018,F118,1689,1690.402921,1758.7047913692268,1624.75365356836
wave7,484,Mexico,2018,F120,1712,1711.753041,1779.3883970589186,1646.688535350569
wave7,484,Mexico,2018,G006,1739,1739.1045149999998,1807.7542212837568,1673.0617904161663
wave7,484,Mexico,2018,Y002,1734,1733.963985,1802.3687301773189,1668.1553840435772
wave7,496,Mongolia,2020,A008,1638,1637.9997089999997,1820.7947132848851,1473.5560396282242
wave7,496,Mongolia,2020,A165,1633,1633.594215,1816.4855267853932,1469.1171605446814
wave7,496,Mongolia,2020,E018,1632,1632.938567,1816.171514610875,1468.1919312930772
wave7,496,Mongolia,2020,E025,1638,1637.9997089999997,1820.7947132848851,1473.5560396282242
wave7,496,Mongolia,2020,F063,1636,1635.147128,1816.722964060604,1471.7192346325494
wave7,496,Mongolia,2020,F118,1638,1637.9997089999997,1820.7947132848851,1473.5560396282242
wave7,496,Mongolia,2020,F120,1638,1637.9997089999997,1820.7947132848851,1473.5560396282242
wave7,496,Mongolia,2020,G006,1608,1615.952859,1804.592593454139,1447.0322287603008
wave7,496,Mongolia,2020,Y002,1638,1637.9997089999997,1820.7947132848851,1473.5560396282242
wave7,499,Montenegro,2019,A008,993,991.3896558787242,1320.3689279637751,744.377899970015
wave7,499,Montenegro,2019,A165,978,976.4264075016414,1297.3069166365412,734.9136253265443
wave7,499,Montenegro,2019,E018,850,847.9349437903245,1139.6119571863242,630.9109555816523
wave7,499,Montenegro,2019,E025,966,968.4152045897298,1298.7857396823829,722.0806171693212
wave7,499,Montenegro,2019,F063,984,988.577107692868,1326.9282433516437,736.5015423787389
wave7,499,Montenegro,2019,F118,981,981.1552813616396,1313.113971021623,733.1166276411402
wave7,499,Montenegro,2019,F120,986,989.9438816268404,1327.0571201910475,738.4677523370909
wave7,499,Montenegro,2019,G006,943,935.99020354575,1231.9154166598605,711.1508219524989
wave7,499,Montenegro,2019,Y002,933,939.3737862249502,1266.6605224043824,696.653203157842
wave7,504,Morocco,2021,A008,1200,1200.0,1200.0,1200.0
wave7,504,Morocco,2021,A165,1200,1200.0,1200.0,1200.0
wave7,504,Morocco,2021,E018,1200,1200.0,1200.0,1200.0
wave7,504,Morocco,2021,E025,1200,1200.0,1200.0,1200.0
wave7,504,Morocco,2021,F063,1200,1200.0,1200.0,1200.0
wave7,504,Morocco,2021,F118,1200,1200.0,1200.0,1200.0
wave7,504,Morocco,2021,F120,1200,1200.0,1200.0,1200.0
wave7,504,Morocco,2021,G006,1200,1200.0,1200.0,1200.0
wave7,504,Morocco,2021,Y002,1191,1191.0,1191.0,1191.0
wave7,528,Netherlands,2017,A008,2390,2393.8988039215533,2862.624675701455,2001.922058473413
wave7,528,Netherlands,2017,A165,2365,2367.0348836988924,2828.880768318028,1980.590417028685
wave7,528,Netherlands,2017,E018,2286,2288.242278792434,2734.7101344949115,1914.664614873438
wave7,528,Netherlands,2017,E025,2354,2357.248359010812,2820.912527901093,1969.79515355394
wave7,528,Netherlands,2017,F063,2357,2357.527455089787,2813.375951570511,1975.5396353621068
wave7,528,Netherlands,2017,F118,2318,2309.442565546833,2747.568081115518,1941.1802751013604
wave7,528,Netherlands,2017,F120,2332,2325.9680236194317,2769.7582793245283,1953.2849806010777
wave7,528,Netherlands,2017,G006,2288,2284.2656953865544,2718.3573945850294,1919.4936535989789
wave7,528,Netherlands,2017,Y002,2321,2318.718764140898,2766.0881884554574,1943.7040111802175
wave7,528,Netherlands,2022,A008,2036,2036.0,2036.0,2036.0
wave7,528,Netherlands,2022,A165,1941,1941.0,1941.0,1941.0
wave7,528,Netherlands,2022,E018,1895,1895.0,1895.0,1895.0
wave7,528,Netherlands,2022,E025,1921,1921.0,1921.0,1921.0
wave7,528,Netherlands,2022,F063,1937,1937.0,1937.0,1937.0
wave7,528,Netherlands,2022,F118,1882,1882.0,1882.0,1882.0
wave7,528,Netherlands,2022,F120,1900,1900.0,1900.0,1900.0
wave7,528,Netherlands,2022,G006,1812,1812.0,1812.0,1812.0
wave7,528,Netherlands,2022,Y002,1901,1901.0,1901.0,1901.0
wave7,554,New Zealand,2020,A008,1014,1014.0,1014.0,1014.0
wave7,554,New Zealand,2020,A165,1005,1005.0,1005.0,1005.0
wave7,554,New Zealand,2020,E018,1002,1002.0,1002.0,1002.0
wave7,554,New Zealand,2020,E025,1023,1023.0,1023.0,1023.0
wave7,554,New Zealand,2020,F063,995,995.0,995.0,995.0
wave7,554,New Zealand,2020,F118,924,924.0,924.0,924.0
wave7,554,New Zealand,2020,F120,983,983.0,983.0,983.0
wave7,554,New Zealand,2020,G006,974,974.0,974.0,974.0
wave7,554,New Zealand,2020,Y002,703,703.0,703.0,703.0
wave7,558,Nicaragua,2020,A008,1200,1200.0,1200.0,1200.0
wave7,558,Nicaragua,2020,A165,1200,1200.0,1200.0,1200.0
wave7,558,Nicaragua,2020,E018,1200,1200.0,1200.0,1200.0
wave7,558,Nicaragua,2020,E025,1200,1200.0,1200.0,1200.0
wave7,558,Nicaragua,2020,F063,1200,1200.0,1200.0,1200.0
wave7,558,Nicaragua,2020,F118,1200,1200.0,1200.0,1200.0
wave7,558,Nicaragua,2020,F120,1200,1200.0,1200.0,1200.0
wave7,558,Nicaragua,2020,G006,1200,1200.0,1200.0,1200.0
wave7,558,Nicaragua,2020,Y002,1136,1136.0,1136.0,1136.0
wave7,566,Nigeria,2018,A008,1233,1232.739086,1271.997895092546,1194.6919566573272
wave7,566,Nigeria,2018,A165,1230,1229.840268,1269.259699903032,1191.6450864309825
wave7,566,Nigeria,2018,E018,1234,1234.300877,1274.206472008705,1195.6450453130026
wave7,566,Nigeria,2018,E025,1176,1174.628244,1211.4337223020443,1138.9409805933344
wave7,566,Nigeria,2018,F063,1237,1237.081428,1276.935913001374,1198.4708425229107
wave7,566,Nigeria,2018,F118,1236,1236.198775,1276.1568366829651,1197.4918500484807
wave7,566,Nigeria,2018,F120,1229,1229.563305,1269.779066098145,1190.6212359037818
wave7,566,Nigeria,2018,G006,1236,1236.183992,1276.130521627278,1197.4879028270636
wave7,566,Nigeria,2018,Y002,1180,1181.164386,1220.176650597934,1143.3994463597382
wave7,578,Norway,2018,A008,1119,1119.3926455711646,1208.2339459938498,1037.0838355547985
wave7,578,Norway,2018,A165,1109,1111.461361085407,1202.209864331544,1027.5629853301075
wave7,578,Norway,2018,E018,1097,1097.5975339806048,1185.0649187812433,1016.5859502779608
wave7,578,Norway,2018,E025,1116,1116.3693423786117,1204.9262371884436,1034.320998363274
wave7,578,Norway,2018,F063,1117,1117.535475259769,1206.3799915808968,1035.2339620847656
wave7,578,Norway,2018,F118,1106,1104.7256739663435,1189.91258529855,1025.6373701721866
wave7,578,Norway,2018,F120,1114,1114.4897022311964,1203.1754510413343,1032.3409568441316
wave7,578,Norway,2018,G006,1015,1011.9841229556894,1087.164389596521,942.0027687758188
wave7,578,Norway,2018,Y002,1114,1113.2211910211688,1200.487407893147,1032.2985580610884
wave7,586,Pakistan,2018,A008,1993,1993.0,1993.0,1993.0
wave7,586,Pakistan,2018,A165,1979,1979.0,1979.0,1979.0
wave7,586,Pakistan,2018,E018,1920,1920.0,1920.0,1920.0
wave7,586,Pakistan,2018,E025,1760,1760.0,1760.0,1760.0
wave7,586,Pakistan,2018,F063,1979,1979.0,1979.0,1979.0
wave7,586,Pakistan,2018,F118,1911,1911.0,1911.0,1911.0
wave7,586,Pakistan,2018,F120,1869,1869.0,1869.0,1869.0
wave7,586,Pakistan,2018,G006,1974,1974.0,1974.0,1974.0
wave7,586,Pakistan,2018,Y002,1844,1844.0,1844.0,1844.0
wave7,604,Peru,2018,A008,1395,1393.308535,1639.774132654407,1183.887850798894
wave7,604,Peru,2018,A165,1395,1395.990435,1644.466059890109,1185.0589940066727
wave7,604,Peru,2018,E018,1374,1373.251537,1617.925666736891,1165.5787547250384
wave7,604,Peru,2018,E025,1355,1360.657546,1604.571432860224,1153.8214625861524
wave7,604,Peru,2018,F063,1398,1397.1619469999998,1644.726161547581,1186.861102949847
wave7,604,Peru,2018,F118,1330,1338.655282,1583.6568134767458,1131.5570070338429
wave7,604,Peru,2018,F120,1372,1374.007364,1620.3847010383458,1165.0913731266785
wave7,604,Peru,2018,G006,1395,1395.382876,1643.8143286886698,1184.497139763527
wave7,604,Peru,2018,Y002,1383,1380.249291,1622.4941877194028,1174.17253000075
wave7,608,Philippines,2019,A008,1199,1198.2129760000005,1463.1571076192238,981.244138704216
wave7,608,Philippines,2019,A165,1197,1197.9995270000002,1464.9352593917506,979.7039544861036
wave7,608,Philippines,2019,E018,1200,1200.0,1466.3505623957972,982.0298344259886
wave7,608,Philippines,2019,E025,1200,1200.0,1466.3505623957972,982.0298344259886
wave7,608,Philippines,2019,F063,1199,1199.2371050000002,1465.7685536147749,981.1710248948028
wave7,608,Philippines,2019,F118,1200,1200.0,1466.3505623957972,982.0298344259886
wave7,608,Philippines,2019,F120,1200,1200.0,1466.3505623957972,982.0298344259886
wave7,608,Philippines,2019,G006,1199,1199.2371050000002,1465.7685536147749,981.1710248948028
wave7,608,Philippines,2019,Y002,1200,1200.0,1466.3505623957972,982.0298344259886
wave7,616,Poland,2017,A008,1346,1351.9239512767294,1620.8282349128376,1127.6323614475853
wave7,616,Poland,2017,A165,1314,1318.951694355942,1577.955142271081,1102.4607261906272
wave7,616,Poland,2017,E018,1227,1240.833111618496,1497.095255370186,1028.4361034249127
wave7,616,Poland,2017,E025,1312,1312.285036473417,1566.7349503373223,1099.1597631630457
wave7,616,Poland,2017,F063,1329,1338.6609923795434,1608.4061901357054,1114.1546603767963
wave7,616,Poland,2017,F118,1271,1288.4305268299931,1553.430775411034,1068.636754687809
wave7,616,Poland,2017,F120,1293,1302.4155842199202,1562.8768422486214,1085.36150012841
wave7,616,Poland,2017,G006,1323,1324.2436666973665,1581.4191642254957,1108.8908800766471
wave7,616,Poland,2017,Y002,1275,1283.2347721470528,1544.6815748028898,1066.0394396543677
wave7,620,Portugal,2020,A008,1210,1212.4155147297147,1719.9416671168956,854.6518806195152
wave7,620,Portugal,2020,A165,1207,1210.182655385879,1717.8661545678224,852.5356038376943
wave7,620,Portugal,2020,E018,1198,1197.4065030613751,1691.4977494365703,847.6406983404246
wave7,620,Portugal,2020,E025,1194,1196.45919731014,1699.935732957435,842.0992529744465
wave7,620,Portugal,2020,F063,1198,1195.455443855135,1691.6774377722709,844.7909077305205
wave7,620,Portugal,2020,F118,1155,1165.8210703120244,1664.0191770678773,816.7807118535588
wave7,620,Portugal,2020,F120,1186,1193.469182204068,1701.0347794475483,837.3542423003513
wave7,620,Portugal,2020,G006,1150,1134.4290736497558,1599.82446134076,804.4190811180059
wave7,620,Portugal,2020,Y002,1121,1129.2784548929158,1601.9130900206178,796.091770914312
wave7,630,Puerto Rico,2018,A008,1122,1122.0,1122.0,1122.0
wave7,630,Puerto Rico,2018,A165,1116,1116.0,1116.0,1116.0
wave7,630,Puerto Rico,2018,E018,1117,1117.0,1117.0,1117.0
wave7,630,Puerto Rico,2018,E025,1111,1111.0,1111.0,1111.0
wave7,630,Puerto Rico,2018,F063,1109,1109.0,1109.0,1109.0
wave7,630,Puerto Rico,2018,F118,1099,1099.0,1099.0,1099.0
wave7,630,Puerto Rico,2018,F120,1117,1117.0,1117.0,1117.0
wave7,630,Puerto Rico,2018,G006,1090,1090.0,1090.0,1090.0
wave7,630,Puerto Rico,2018,Y002,972,972.0,972.0,972.0
wave7,642,Romania,2018,A008,2841,2846.330759241635,3523.9087304988543,2299.037634229016
wave7,642,Romania,2018,A165,2819,2826.3305192018092,3505.5948518464247,2278.6843720871366
wave7,642,Romania,2018,E018,2668,2666.171625275627,3302.188319785019,2152.654678364212
wave7,642,Romania,2018,E025,2674,2676.4785835519956,3310.5908636190316,2163.82449638659
wave7,642,Romania,2018,F063,2849,2851.543311715085,3530.4432707873357,2303.194991368222
wave7,642,Romania,2018,F118,2721,2716.384730596233,3357.0994026134813,2197.9527918869667
wave7,642,Romania,2018,F120,2744,2745.1033401751347,3393.0638327162396,2220.8813979807255
wave7,642,Romania,2018,G006,2825,2827.886190636877,3501.975175857142,2283.5513976016177
wave7,642,Romania,2018,Y002,2758,2753.7774662018796,3401.463810977085,2229.4196718744192
wave7,643,Russia,2017,A008,3540,3539.2417194812697,5457.184542795897,2295.365284183542
wave7,643,Russia,2017,A165,3534,3539.305573584225,5490.330819625318,2281.590008825594
wave7,643,Russia,2017,E018,3302,3307.263884213332,5119.979198718771,2136.3357106136273
wave7,643,Russia,2017,E025,3464,3471.419112698186,5391.596996221826,2235.098555112864
wave7,643,Russia,2017,F063,3421,3431.2411813938547,5300.740204292123,2221.089053819296
wave7,643,Russia,2017,F118,3421,3439.0610150238363,5350.962668939199,2210.2827840137875
wave7,643,Russia,2017,F120,3437,3459.2185193405394,5380.722687432719,2223.9006653319893
wave7,643,Russia,2017,G006,3520,3526.865715315532,5463.457481955345,2276.7234512121354
wave7,643,Russia,2017,Y002,3531,3534.125802919458,5460.733433142263,2287.246822021483
wave7,688,Serbia,2017,A008,1042,1042.0,1042.0,1042.0
wave7,688,Serbia,2017,A165,1029,1029.0,1029.0,1029.0
wave7,688,Serbia,2017,E018,971,971.0,971.0,971.0
wave7,688,Serbia,2017,E025,968,968.0,968.0,968.0
wave7,688,Serbia,2017,F063,1033,1033.0,1033.0,1033.0
wave7,688,Serbia,2017,F118,983,983.0,983.0,983.0
wave7,688,Serbia,2017,F120,976,976.0,976.0,976.0
wave7,688,Serbia,2017,G006,974,974.0,974.0,974.0
wave7,688,Serbia,2017,Y002,979,979.0,979.0,979.0
wave7,688,Serbia,2018,A008,1481,1506.203912937323,3768.439492292875,602.0131760076
wave7,688,Serbia,2018,A165,1442,1443.452642509545,3578.524429905304,582.2387333046443
wave7,688,Serbia,2018,E018,1356,1350.8761553048853,3274.6863243950684,557.2644846551572
wave7,688,Serbia,2018,E025,1356,1354.2716866206022,3363.1523413383616,545.3371167992801
wave7,688,Serbia,2018,F063,1462,1499.776495071861,3778.0026232530936,595.3753238088607
wave7,688,Serbia,2018,F118,1421,1450.4336590835635,3629.7819364474935,579.5824201664042
wave7,688,Serbia,2018,F120,1417,1438.3682597419502,3564.0839307531805,580.4866806814717
wave7,688,Serbia,2018,G006,1442,1454.2768761313168,3596.6249634940696,588.0294036539316
wave7,688,Serbia,2018,Y002,1426,1442.1122886527555,3630.060659319477,572.9071903369144
wave7,702,Singapore,2020,A008,2009,2009.345345,2086.201267131269,1935.3208048929453
wave7,702,Singapore,2020,A165,1998,1998.612953,2075.5436317310314,1924.5337341176255
wave7,702,Singapore,2020,E018,1988,1987.935874,2064.1102481882663,1914.5726555085123
wave7,702,Singapore,2020,E025,1995,1995.237419,2071.7092060115156,1921.5883902171809
wave7,702,Singapore,2020,F063,2001,2001.224557,2077.8695648780513,1927.40670311271
wave7,702,Singapore,2020,F118,1988,1989.648453,2067.2613423995435,1914.9494480123587
wave7,702,Singapore,2020,F120,1988,1989.288618,2066.5666660343804,1914.9003372333088
wave7,702,Singapore,2020,G006,1900,1891.582758,1948.9288592457203,1835.9240325209648
wave7,702,Singapore,2020,Y002,1986,1987.168887,2064.157494893675,1913.0517875837872
wave7,703,Slovakia,2017,A008,1414,1415.6990865821226,1669.727205901156,1200.318169738261
wave7,703,Slovakia,2017,A165,1416,1419.0012034473802,1677.274706580681,1200.497692766141
wave7,703,Slovakia,2017,E018,1343,1349.3319186846732,1598.0851727469862,1139.298867063276
wave7,703,Slovakia,2017,E025,1379,1381.00442275574,1628.256948430589,1171.2974524746612
wave7,703,Slovakia,2017,F063,1388,1383.4514446488429,1625.8049389624207,1177.2248034394793
wave7,703,Slovakia,2017,F118,1348,1357.419647188122,1608.5172271140018,1145.5196546935922
wave7,703,Slovakia,2017,F120,1388,1389.3529906179033,1637.093693675516,1179.1027844014843
wave7,703,Slovakia,2017,G006,1394,1393.457983548564,1644.0656130796742,1181.0508877915024
wave7,703,Slovakia,2017,Y002,1403,1403.6675717116216,1653.6431870896597,1191.4799197657703
wave7,703,Slovakia,2022,A008,1196,1196.651256,1519.451957409964,942.4281047538352
wave7,703,Slovakia,2022,A165,1190,1191.932888,1515.765838744752,937.2846208702956
wave7,703,Slovakia,2022,E018,1148,1152.430209,1468.0981303330689,904.636658255588
wave7,703,Slovakia,2022,E025,1185,1184.9040370000002,1501.039158563105,935.3503996810438
wave7,703,Slovakia,2022,F063,1180,1178.066794,1488.212669143432,932.555810000083
wave7,703,Slovakia,2022,F118,1116,1114.187209,1411.399627452675,879.5617573881177
wave7,703,Slovakia,2022,F120,1151,1146.171248,1449.210123395946,906.4996914756938
wave7,703,Slovakia,2022,G006,1167,1158.302594,1444.33621580007,928.914531526811
wave7,703,Slovakia,2022,Y002,1189,1188.183145,1505.9750809657412,937.4518900782576
wave7,704,Vietnam,2020,A008,1200,1200.0,1200.0,1200.0
wave7,704,Vietnam,2020,A165,1200,1200.0,1200.0,1200.0
wave7,704,Vietnam,2020,E018,1200,1200.0,1200.0,1200.0
wave7,704,Vietnam,2020,E025,1200,1200.0,1200.0,1200.0
wave7,704,Vietnam,2020,F063,1200,1200.0,1200.0,1200.0
wave7,704,Vietnam,2020,F118,1200,1200.0,1200.0,1200.0
wave7,704,Vietnam,2020,F120,1200,1200.0,1200.0,1200.0
wave7,704,Vietnam,2020,G006,1200,1200.0,1200.0,1200.0
wave7,704,Vietnam,2020,Y002,1200,1200.0,1200.0,1200.0
wave7,705,Slovenia,2017,A008,1072,1078.3382390873326,1203.8918393126537,965.8785946600173
wave7,705,Slovenia,2017,A165,1060,1064.1532418724223,1185.9068294774995,954.899739203392
wave7,705,Slovenia,2017,E018,1002,1010.9448586429304,1134.4947096315489,900.849954204276
wave7,705,Slovenia,2017,E025,1048,1053.9589769644808,1177.5289999514175,943.3564058038872
wave7,705,Slovenia,2017,F063,1059,1065.4526193670074,1189.037151267807,954.7130490461338
wave7,705,Slovenia,2017,F118,1030,1032.5340191573173,1149.7732532185237,927.2493491501818
wave7,705,Slovenia,2017,F120,1050,1055.1529728548855,1177.710667423892,945.3491650541166
wave7,705,Slovenia,2017,G006,1022,1020.9011886647191,1130.4805504991946,921.9435368054828
wave7,705,Slovenia,2017,Y002,998,1002.2579312455402,1116.4957363190229,899.7087297945242
wave7,716,Zimbabwe,2020,A008,1214,1214.0,1214.0,1214.0
wave7,716,Zimbabwe,2020,A165,1214,1214.0,1214.0,1214.0
wave7,716,Zimbabwe,2020,E018,1208,1208.0,1208.0,1208.0
wave7,716,Zimbabwe,2020,E025,1200,1200.0,1200.0,1200.0
wave7,716,Zimbabwe,2020,F063,1214,1214.0,1214.0,1214.0
wave7,716,Zimbabwe,2020,F118,1212,1212.0,1212.0,1212.0
wave7,716,Zimbabwe,2020,F120,1213,1213.0,1213.0,1213.0
wave7,716,Zimbabwe,2020,G006,1209,1209.0,1209.0,1209.0
wave7,716,Zimbabwe,2020,Y002,1210,1210.0,1210.0,1210.0
wave7,724,Spain,2017,A008,1207,1207.5146695417548,1272.7906597922158,1145.5864056989292
wave7,724,Spain,2017,A165,1194,1193.8851018652344,1257.3727748502006,1133.6030690067823
wave7,724,Spain,2017,E018,1145,1146.097248557004,1209.8152229126615,1085.7351422538356
wave7,724,Spain,2017,E025,1135,1137.2026512605626,1201.9889123163728,1075.9083189393552
wave7,724,Spain,2017,F063,1196,1196.3230851844642,1260.915715475736,1135.039326244971
wave7,724,Spain,2017,F118,1166,1165.61067783821,1228.0342975445578,1106.3601847334842
wave7,724,Spain,2017,F120,1167,1164.4070358349325,1224.354434926974,1107.3948085815218
wave7,724,Spain,2017,G006,1130,1127.9674740470405,1185.1641179277217,1073.5311702928673
wave7,724,Spain,2017,Y002,1164,1163.3721118967142,1225.5964472567653,1104.3069468489357
wave7,752,Sweden,2017,A008,1192,1196.5014719536862,1509.1103054137557,948.6488610220104
wave7,752,Sweden,2017,A165,1174,1178.6737476672329,1488.0363997845193,933.6275669339128
wave7,752,Sweden,2017,E018,1144,1150.8480741159387,1456.394442162197,909.4042460983674
wave7,752,Sweden,2017,E025,1187,1191.336420815065,1503.1440946316472,944.2091896773547
wave7,752,Sweden,2017,F063,1183,1189.2802167514224,1501.990371572932,941.6754332953004
wave7,752,Sweden,2017,F118,1164,1168.4789157908615,1475.6558358048292,925.2448596207556
wave7,752,Sweden,2017,F120,1167,1172.3050908127516,1481.6753509342798,927.530599114658
wave7,752,Sweden,2017,G006,1137,1135.6911223477716,1429.5503535938583,902.2377715741362
wave7,752,Sweden,2017,Y002,1165,1173.198504634475,1485.8608869540326,926.328126247494
wave7,756,Switzerland,2017,A008,3156,3155.142349181399,3271.3930779394764,3043.022653171394
wave7,756,Switzerland,2017,A165,3136,3133.70184000961,3247.796628261708,3023.6151908734323
wave7,756,Switzerland,2017,E018,3097,3093.246477865231,3204.024460820423,2986.298603468099
wave7,756,Switzerland,2017,E025,3135,3131.1386453953173,3243.4442101572113,3022.7217061374445
wave7,756,Switzerland,2017,F063,3130,3128.259354669318,3242.5976656970183,3017.952764723442
wave7,756,Switzerland,2017,F118,3106,3103.020959940337,3215.406111280467,2994.5639040894307
wave7,756,Switzerland,2017,F120,3124,3121.741439520075,3235.3674778942154,3012.105945244809
wave7,756,Switzerland,2017,G006,2625,2621.911428744825,2717.3731908011696,2529.8032539122564
wave7,756,Switzerland,2017,Y002,3047,3045.058927429911,3156.3894740558085,2937.655174602402
wave7,764,Thailand,2018,A008,1494,1493.797868,1644.139782789376,1357.2033800286706
wave7,764,Thailand,2018,A165,1425,1417.243047,1551.051572871601,1294.9781228429326
wave7,764,Thailand,2018,E018,1358,1360.674529,1500.9026794903348,1233.5477837231049
wave7,764,Thailand,2018,E025,1494,1494.721021,1646.4340835929909,1356.9877791545946
wave7,764,Thailand,2018,F063,1481,1481.292157,1631.760267353307,1344.6990334853035
wave7,764,Thailand,2018,F118,1485,1487.675742,1640.8474857877177,1348.8024526988715
wave7,764,Thailand,2018,F120,1484,1485.159561,1635.7071662824949,1348.4680920256951
wave7,764,Thailand,2018,G006,1493,1492.907053,1643.346231425151,1356.239741983221
wave7,764,Thailand,2018,Y002,1333,1330.400029,1462.969079423579,1209.8439140358182
wave7,788,Tunisia,2019,A008,1206,1206.0,1206.0,1206.0
wave7,788,Tunisia,2019,A165,1172,1172.0,1172.0,1172.0
wave7,788,Tunisia,2019,E018,1181,1181.0,1181.0,1181.0
wave7,788,Tunisia,2019,E025,1082,1082.0,1082.0,1082.0
wave7,788,Tunisia,2019,F063,1201,1201.0,1201.0,1201.0
wave7,788,Tunisia,2019,F118,1199,1199.0,1199.0,1199.0
wave7,788,Tunisia,2019,F120,1201,1201.0,1201.0,1201.0
wave7,788,Tunisia,2019,G006,1199,1199.0,1199.0,1199.0
wave7,788,Tunisia,2019,Y002,1009,1009.0,1009.0,1009.0
wave7,792,Turkey,2018,A008,2407,2407.0,2407.0,2407.0
wave7,792,Turkey,2018,A165,2370,2370.0,2370.0,2370.0
wave7,792,Turkey,2018,E018,2338,2338.0,2338.0,2338.0
wave7,792,Turkey,2018,E025,2313,2313.0,2313.0,2313.0
wave7,792,Turkey,2018,F063,2398,2398.0,2398.0,2398.0
wave7,792,Turkey,2018,F118,2363,2363.0,2363.0,2363.0
wave7,792,Turkey,2018,F120,2366,2366.0,2366.0,2366.0
wave7,792,Turkey,2018,G006,2288,2288.0,2288.0,2288.0
wave7,792,Turkey,2018,Y002,2360,2360.0,2360.0,2360.0
wave7,804,Ukraine,2020,A008,2805,2830.8397802952604,11685.954102905112,685.7509272357945
wave7,804,Ukraine,2020,A165,2790,2832.3816263559515,11796.813825604037,680.0468156839809
wave7,804,Ukraine,2020,E018,2494,2499.4088036434905,10527.439002722684,593.4058954048489
wave7,804,Ukraine,2020,E025,2692,2732.3020420791177,11652.612182401102,640.6696054318872
wave7,804,Ukraine,2020,F063,2743,2783.946343816381,11752.379327710947,659.471331645501
wave7,804,Ukraine,2020,F118,2547,2591.0311600799496,11381.56093002732,589.8525267121804
wave7,804,Ukraine,2020,F120,2644,2702.855949632539,11641.99285769675,627.5068515983712
wave7,804,Ukraine,2020,G006,2700,2711.1400510989333,10846.297056331425,677.6764769117282
wave7,804,Ukraine,2020,Y002,2768,2747.8464825798483,11003.599536196189,686.199117569542
wave7,807,North Macedonia,2019,A008,1094,1093.126802036588,1370.3584734038986,871.9807470249765
wave7,807,North Macedonia,2019,A165,1063,1060.8559416793446,1329.0323957746243,846.7929996096314
wave7,807,North Macedonia,2019,E018,998,993.6104946237672,1243.5674988642672,793.894835566336
wave7,807,North Macedonia,2019,E025,1014,993.2528189200208,1227.5155703214373,803.697473290892
wave7,807,North Macedonia,2019,F063,1094,1095.1652938371744,1380.7489543300874,868.6495956155794
wave7,807,North Macedonia,2019,F118,1077,1074.6634940461245,1348.3353673978186,856.5388503190375
wave7,807,North Macedonia,2019,F120,1080,1079.1167408932838,1356.254517997887,858.6094461054225
wave7,807,North Macedonia,2019,G006,1050,1043.4441849408297,1308.4382078583626,832.1185979954897
wave7,807,North Macedonia,2019,Y002,1071,1066.4874431637345,1335.1531037544191,851.8839249428326
wave7,826,United Kingdom,2018,A008,1788,1793.5025906047026,2146.0676633603925,1498.8583992123654
wave7,826,United Kingdom,2018,A165,1778,1784.068293737118,2134.9584991646416,1490.8485003167343
wave7,826,United Kingdom,2018,E018,1767,1773.8627794133834,2124.27836042157,1481.2508656180644
wave7,826,United Kingdom,2018,E025,1787,1791.8701095959825,2143.4026691165604,1497.9912715079813
wave7,826,United Kingdom,2018,F063,1781,1787.2239363388917,2139.489138228482,1492.9589225526458
wave7,826,United Kingdom,2018,F118,1749,1758.3340011204698,2109.6862909222864,1465.496776842927
wave7,826,United Kingdom,2018,F120,1764,1771.4845324917078,2124.1343003334255,1477.381843683221
wave7,826,United Kingdom,2018,G006,1643,1609.0719753584235,1866.133116254457,1387.421186265911
wave7,826,United Kingdom,2018,Y002,1750,1756.488447401855,2102.3145708194193,1467.549960733821
wave7,826,United Kingdom,2022,A008,2595,2600.466371,5142.017350024969,1315.1307913554729
wave7,826,United Kingdom,2022,A165,2567,2570.357888,5080.661895450595,1300.369874704658
wave7,826,United Kingdom,2022,E018,2561,2573.351127,5109.208130691555,1296.117882348988
wave7,826,United Kingdom,2022,E025,2592,2598.649827,5141.135110751979,1313.51944228118
wave7,826,United Kingdom,2022,F063,2590,2592.7006229999997,5129.665357879738,1310.4356817699029
wave7,826,United Kingdom,2022,F118,2522,2534.7079679999997,5024.144457259308,1278.773836560307
wave7,826,United Kingdom,2022,F120,2551,2567.559667,5104.073213784881,1291.5885739649573
wave7,826,United Kingdom,2022,G006,2332,2368.407574,4749.418723049292,1181.0612547927053
wave7,826,United Kingdom,2022,Y002,2477,2470.9086770000004,4851.237861368648,1258.5220235627487
wave7,840,United States,2017,A008,2588,2589.4484190000003,4246.432762626146,1579.0296207386173
wave7,840,United States,2017,A165,2587,2584.802938,4236.531438369921,1577.046299664459
wave7,840,United States,2017,E018,2580,2574.574978,4210.24878995266,1574.3573950218342
wave7,840,United States,2017,E025,2571,2570.22044,4214.024327523116,1567.6305110646176
wave7,840,United States,2017,F063,2578,2578.937138,4231.163524033453,1571.88837632432
wave7,840,United States,2017,F118,2552,2550.926633,4185.560924800908,1554.6844984124182
wave7,840,United States,2017,F120,2567,2566.836746,4211.711940596304,1564.3640812916165
wave7,840,United States,2017,G006,2519,2514.598837,4124.489266877085,1533.088560036297
wave7,840,United States,2017,Y002,2494,2476.8040819999997,4056.234246326189,1512.3777592894326
wave7,858,Uruguay,2022,A008,978,980.049237,1606.125687005771,598.0207618339592
wave7,858,Uruguay,2022,A165,996,993.543019,1619.9528658217912,609.3558346235408
wave7,858,Uruguay,2022,E018,973,980.301548,1615.563587800222,594.8333648195784
wave7,858,Uruguay,2022,E025,954,948.55386,1514.327872934698,594.160908877162
wave7,858,Uruguay,2022,F063,994,994.567995,1627.143545876131,607.915324487064
wave7,858,Uruguay,2022,F118,918,926.324603,1541.3383331905352,556.709225771935
wave7,858,Uruguay,2022,F120,965,968.257089,1590.7477983334488,589.3591626409611
wave7,858,Uruguay,2022,G006,974,969.553266,1581.094341779036,594.5461385647283
wave7,858,Uruguay,2022,Y002,972,968.429566,1587.143740741012,590.9079311651248
wave7,862,Venezuela,2021,A008,1190,1190.0,1190.0,1190.0
wave7,862,Venezuela,2021,A165,1190,1190.0,1190.0,1190.0
wave7,862,Venezuela,2021,E018,1190,1190.0,1190.0,1190.0
wave7,862,Venezuela,2021,E025,1190,1190.0,1190.0,1190.0
wave7,862,Venezuela,2021,F063,1190,1190.0,1190.0,1190.0
wave7,862,Venezuela,2021,F118,1190,1190.0,1190.0,1190.0
wave7,862,Venezuela,2021,F120,1190,1190.0,1190.0,1190.0
wave7,862,Venezuela,2021,G006,1181,1181.0,1181.0,1181.0
wave7,862,Venezuela,2021,Y002,1190,1190.0,1190.0,1190.0
wave7,909,Northern Ireland,2022,A008,445,445.531194,734.297489715748,270.32374154500474
wave7,909,Northern Ireland,2022,A165,437,435.820352,714.157244947758,265.962966225034
wave7,909,Northern Ireland,2022,E018,441,440.9083820000001,726.3357965566881,267.64507854279447
wave7,909,Northern Ireland,2022,E025,444,443.84273,729.996877472098,269.8591939955011
wave7,909,Northern Ireland,2022,F063,445,446.191917,735.085228477699,270.83556992218183
wave7,909,Northern Ireland,2022,F118,433,437.518585,726.6008944204411,263.4493209275315
wave7,909,Northern Ireland,2022,F120,438,443.201281,733.7881655774411,267.68948409717956
wave7,909,Northern Ireland,2022,G006,286,288.09139799999997,499.477027802672,166.16710875917164
wave7,909,Northern Ireland,2022,Y002,433,437.396795,726.907749311155,263.19152114910065
