target,country_id,country,item,raw_n,sum_weight,sum_weight_sq,n_years,year_min,year_max,kish_n_eff_pooled_weights,aggregate_n_eff
pooled_equal_year,8,Albania,A008,2938,2957.263634757536,4035.39284400764,2,2008,2018,2167.176417147554,2176.090264533344
pooled_equal_year,8,Albania,A165,2803,2812.4835378654743,3858.457550700011,2,2008,2018,2050.0584875760087,2033.084953550912
pooled_equal_year,8,Albania,E018,2731,2732.1481598150367,3466.5416296225135,2,2008,2018,2153.3373502263544,2136.074295392284
pooled_equal_year,8,Albania,E025,2660,2663.5577922214434,3383.4160876262995,2,2008,2018,2096.857119775913,2089.364257465016
pooled_equal_year,8,Albania,F063,2880,2897.701776537434,3970.2361022519513,2,2008,2018,2114.905856854593,2119.0380850637766
pooled_equal_year,8,Albania,F118,2805,2802.305988522403,3533.417012826706,2,2008,2018,2222.471569249124,2220.7338266907745
pooled_equal_year,8,Albania,F120,2897,2892.104490010184,3635.7987293690303,2,2008,2018,2300.5311910069986,2300.326949023123
pooled_equal_year,8,Albania,G006,2883,2910.175314639529,3988.855547567219,2,2008,2018,2123.1955534470408,2126.1457808418454
pooled_equal_year,8,Albania,Y002,2943,2963.339507863416,4043.008549589896,2,2008,2018,2171.9917064619954,2181.328273817061
pooled_equal_year,12,Algeria,A008,1134,1134.0,1134.0,1,2014,2014,1134.0,1134.0
pooled_equal_year,12,Algeria,A165,1149,1149.0,1149.0,1,2014,2014,1149.0,1149.0
pooled_equal_year,12,Algeria,E018,1076,1076.0,1076.0,1,2014,2014,1076.0,1076.0
pooled_equal_year,12,Algeria,E025,838,838.0,838.0,1,2014,2014,838.0,838.0
pooled_equal_year,12,Algeria,F063,1175,1175.0,1175.0,1,2014,2014,1175.0,1175.0
pooled_equal_year,12,Algeria,F118,1052,1052.0,1052.0,1,2014,2014,1052.0,1052.0
pooled_equal_year,12,Algeria,F120,1116,1116.0,1116.0,1,2014,2014,1116.0,1116.0
pooled_equal_year,12,Algeria,G006,1168,1168.0,1168.0,1,2014,2014,1168.0,1168.0
pooled_equal_year,12,Algeria,Y002,1090,1090.0,1090.0,1,2014,2014,1090.0,1090.0
pooled_equal_year,20,Andorra,A008,2001,2001.440425,2209.990234160855,2,2005,2018,1812.570803664746,1811.427171481507
pooled_equal_year,20,Andorra,A165,1995,1995.975527,2204.971808105403,2,2005,2018,1806.7887715109,1805.735985217474
pooled_equal_year,20,Andorra,E018,1995,1995.510462,2204.12031541348,2,2005,2018,1806.6445720339193,1806.2146835093931
pooled_equal_year,20,Andorra,E025,1998,1995.508505,2192.7231766737013,2,2005,2018,1816.0314242530144,1815.2855992607183
pooled_equal_year,20,Andorra,F063,1991,1991.712496,2200.487847456326,2,2005,2018,1802.7450918704897,1802.695669586456
pooled_equal_year,20,Andorra,F118,1995,1995.557461,2204.187408727517,2,2005,2018,1806.67467946917,1806.2529420859064
pooled_equal_year,20,Andorra,F120,1996,1996.052441,2204.113930961343,2,2005,2018,1807.6313076449296,1807.2963448360208
pooled_equal_year,20,Andorra,G006,1428,1422.281601,1598.7601711999212,2,2005,2018,1265.2835547090738,1193.380438461598
pooled_equal_year,20,Andorra,Y002,1988,1988.994611,2197.9886971218452,2,2005,2018,1799.872568847762,1799.3506402753442
pooled_equal_year,31,Azerbaijan,A008,2714,2723.303953142703,3320.1223940840323,2,2011,2018,2233.768379869844,2019.6137812945929
pooled_equal_year,31,Azerbaijan,A165,2666,2663.168829941658,3215.2133778551224,2,2011,2018,2205.9090278805147,1978.5406423221125
pooled_equal_year,31,Azerbaijan,E018,2615,2617.7713423439027,3185.3586595687384,2,2011,2018,2151.320316853983,1966.0959638919185
pooled_equal_year,31,Azerbaijan,E025,2602,2612.253982581943,3186.6532657445923,2,2011,2018,2141.391077237504,1974.2393802684023
pooled_equal_year,31,Azerbaijan,F063,2745,2762.24460419074,3374.592684519302,2,2011,2018,2261.0122070088355,2032.0944366792585
pooled_equal_year,31,Azerbaijan,F118,2691,2695.828610383948,3268.271923955117,2,2011,2018,2223.6497040827167,2015.3808187501093
pooled_equal_year,31,Azerbaijan,F120,2671,2671.8518509762616,3251.89150854923,2,2011,2018,2195.273825955563,2001.3568800026296
pooled_equal_year,31,Azerbaijan,G006,2768,2785.8024947970753,3400.6942546373507,2,2011,2018,2282.0915257038323,2041.7559353801244
pooled_equal_year,31,Azerbaijan,Y002,2756,2761.4642123841613,3350.42390875438,2,2011,2018,2276.035750686113,2037.707574843782
pooled_equal_year,32,Argentina,A008,2994,2995.35186,3676.2347512114575,3,2006,2017,2440.5766694438657,2438.2384528836283
pooled_equal_year,32,Argentina,A165,2931,2942.077352,3616.9066466874656,3,2006,2017,2393.1552541116157,2386.9782994700167
pooled_equal_year,32,Argentina,E018,2903,2915.401529,3586.2787813772547,3,2006,2017,2370.0238027874157,2362.2633458753926
pooled_equal_year,32,Argentina,E025,2837,2811.124053,3426.057182089501,3,2006,2017,2306.563498900967,2308.3576239433064
pooled_equal_year,32,Argentina,F063,3002,3004.174583,3686.540510306301,3,2006,2017,2448.112234196869,2447.9368427204745
pooled_equal_year,32,Argentina,F118,2667,2678.57098,3306.5065201302177,3,2006,2017,2169.886087088558,2170.237386716168
pooled_equal_year,32,Argentina,F120,2818,2826.153969,3485.0338325368825,3,2006,2017,2291.841812818305,2294.612624748187
pooled_equal_year,32,Argentina,G006,2925,2957.344519,3651.745533001175,3,2006,2017,2394.987965350248,2396.7842788200496
pooled_equal_year,32,Argentina,Y002,2890,2878.034742,3522.881056978082,3,2006,2017,2351.2244217703487,2350.6552357096484
pooled_equal_year,36,Australia,A008,4682,4688.121241,6913.043322936479,3,2005,2018,3179.277163994323,3269.992117262062
pooled_equal_year,36,Australia,A165,4661,4668.730509,6891.589194107852,3,2005,2018,3162.8473421345784,3254.7748484400986
pooled_equal_year,36,Australia,E018,4592,4597.9057840000005,6796.707509632288,3,2005,2018,3110.438042034327,3202.0975942838077
pooled_equal_year,36,Australia,E025,4656,4663.335454,6878.600891559816,3,2005,2018,3161.5001218077687,3248.6537117852067
pooled_equal_year,36,Australia,F063,4657,4660.265453,6881.571750245457,3,2005,2018,3155.9758265472765,3249.611284952324
pooled_equal_year,36,Australia,F118,4586,4578.814607,6729.610399013769,3,2005,2018,3115.417083929419,3201.591056021912
pooled_equal_year,36,Australia,F120,4619,4615.155613,6785.729495726131,3,2005,2018,3138.89042373714,3228.338782769924
pooled_equal_year,36,Australia,G006,4598,4566.089633,6617.812205651397,3,2005,2018,3150.4633085214405,3219.383176373431
pooled_equal_year,36,Australia,Y002,4601,4608.898142,6811.876867710504,3,2005,2018,3118.3684755110003,3211.668637920934
pooled_equal_year,40,Austria,A008,3136,3143.6179015709004,3682.423743565352,2,2008,2018,2683.6491939161997,2705.7563849990343
pooled_equal_year,40,Austria,A165,3047,3058.061312891181,3589.647073237291,2,2008,2018,2605.1973362851936,2627.851135914754
pooled_equal_year,40,Austria,E018,3031,3037.7827724301033,3560.0303634686143,2,2008,2018,2592.14760277549,2614.3235769374683
pooled_equal_year,40,Austria,E025,3084,3093.4975408800583,3629.806098126123,2,2008,2018,2636.4292683213334,2660.7756567290103
pooled_equal_year,40,Austria,F063,3107,3112.372190662283,3645.6150192822224,2,2008,2018,2657.1266033227953,2679.1837721262104
pooled_equal_year,40,Austria,F118,3006,3012.033110055277,3531.2594280310514,2,2008,2018,2569.1523494573134,2591.735382441499
pooled_equal_year,40,Austria,F120,3037,3047.319404898505,3574.805708116144,2,2008,2018,2597.6672059093835,2618.098163485497
pooled_equal_year,40,Austria,G006,2907,2898.143340608224,3366.9543537151394,2,2008,2018,2494.6090562362324,2503.48895014003
pooled_equal_year,40,Austria,Y002,3098,3103.942608750225,3633.3986162131177,2,2008,2018,2651.638517013748,2672.709767912163
pooled_equal_year,50,Bangladesh,A008,1200,1200.0,1200.0,1,2018,2018,1200.0,1200.0
pooled_equal_year,50,Bangladesh,A165,1199,1199.0,1199.0,1,2018,2018,1199.0,1199.0
pooled_equal_year,50,Bangladesh,E018,1123,1123.0,1123.0,1,2018,2018,1123.0,1123.0
pooled_equal_year,50,Bangladesh,E025,1075,1075.0,1075.0,1,2018,2018,1075.0,1075.0
pooled_equal_year,50,Bangladesh,F063,1200,1200.0,1200.0,1,2018,2018,1200.0,1200.0
pooled_equal_year,50,Bangladesh,F118,1200,1200.0,1200.0,1,2018,2018,1200.0,1200.0
pooled_equal_year,50,Bangladesh,F120,1200,1200.0,1200.0,1,2018,2018,1200.0,1200.0
pooled_equal_year,50,Bangladesh,G006,1199,1199.0,1199.0,1,2018,2018,1199.0,1199.0
pooled_equal_year,50,Bangladesh,Y002,1200,1200.0,1200.0,1,2018,2018,1200.0,1200.0
pooled_equal_year,51,Armenia,A008,5257,5256.819398468149,6905.362378868538,4,2008,2021,4001.839247810621,4031.265013097336
pooled_equal_year,51,Armenia,A165,5241,5253.957428410027,6915.599802216611,4,2008,2021,3991.565366564034,4029.5060165656937
pooled_equal_year,51,Armenia,E018,5012,5012.897681685592,6603.499468688603,4,2008,2021,3805.4282106331734,3847.4184773440807
pooled_equal_year,51,Armenia,E025,5151,5144.134839366701,6768.5482757013015,4,2008,2021,3909.5714720073393,3956.660132102277
pooled_equal_year,51,Armenia,F063,5213,5208.112991088893,6846.802349335798,4,2008,2021,3961.621724129398,4007.090027926926
pooled_equal_year,51,Armenia,F118,5248,5247.501218421528,6905.239304428607,4,2008,2021,3987.7356632195656,4022.767796181967
pooled_equal_year,51,Armenia,F120,5139,5126.653639251369,6740.84741404029,4,2008,2021,3899.001998191828,3932.2973981468326
pooled_equal_year,51,Armenia,G006,5191,5188.96374069695,6827.863198709775,4,2008,2021,3943.451108885078,3984.13196119954
pooled_equal_year,51,Armenia,Y002,5100,5086.025209638777,6668.358484321753,4,2008,2021,3879.163439383117,3886.843838697356
pooled_equal_year,56,Belgium,A008,1508,1505.0073323094755,1638.9751915415427,1,2009,2009,1381.9898446265609,1381.9898446265609
pooled_equal_year,56,Belgium,A165,1498,1495.5482495879778,1630.4696925048156,1,2009,2009,1371.7915623500976,1371.7915623500976
pooled_equal_year,56,Belgium,E018,1506,1504.660344141323,1641.103661085664,1,2009,2009,1379.5610874048905,1379.5610874048905
pooled_equal_year,56,Belgium,E025,1503,1500.4445175706935,1634.5393563415437,1,2009,2009,1377.3505921245785,1377.3505921245785
pooled_equal_year,56,Belgium,F063,1506,1504.457725711506,1640.7502549977448,1,2009,2009,1379.486635189429,1379.486635189429
pooled_equal_year,56,Belgium,F118,1490,1491.1770008334192,1629.1862360243558,1,2009,2009,1364.8586015805922,1364.8586015805922
pooled_equal_year,56,Belgium,F120,1506,1503.8291318287677,1639.369951561078,1,2009,2009,1379.494637914625,1379.494637914625
pooled_equal_year,56,Belgium,G006,1410,1402.4467356397267,1519.828919474638,1,2009,2009,1294.1304255392197,1294.1304255392197
pooled_equal_year,56,Belgium,Y002,1497,1497.206107778501,1634.7090168139462,1,2009,2009,1371.2692021104683,1371.2692021104683
pooled_equal_year,68,Bolivia,A008,2061,2061.0,2061.0,1,2017,2017,2061.0,2061.0
pooled_equal_year,68,Bolivia,A165,2047,2047.0,2047.0,1,2017,2017,2047.0,2047.0
pooled_equal_year,68,Bolivia,E018,2050,2050.0,2050.0,1,2017,2017,2050.0,2050.0
pooled_equal_year,68,Bolivia,E025,1997,1997.0,1997.0,1,2017,2017,1997.0,1997.0
pooled_equal_year,68,Bolivia,F063,2065,2065.0,2065.0,1,2017,2017,2065.0,2065.0
pooled_equal_year,68,Bolivia,F118,1880,1880.0,1880.0,1,2017,2017,1880.0,1880.0
pooled_equal_year,68,Bolivia,F120,2036,2036.0,2036.0,1,2017,2017,2036.0,2036.0
pooled_equal_year,68,Bolivia,G006,2059,2059.0,2059.0,1,2017,2017,2059.0,2059.0
pooled_equal_year,68,Bolivia,Y002,2000,2000.0,2000.0,1,2017,2017,2000.0,2000.0
pooled_equal_year,70,Bosnia Herzegovina,A008,3225,3236.0311239312755,3722.298526761948,2,2008,2019,2813.287907931846,2825.9578874116823
pooled_equal_year,70,Bosnia Herzegovina,A165,3169,3178.3446315337187,3657.4468370326367,2,2008,2019,2762.0017588540186,2774.5133278591043
pooled_equal_year,70,Bosnia Herzegovina,E018,3046,3057.9059963684585,3523.644387577039,2,2008,2019,2653.7266687845454,2663.714328287641
pooled_equal_year,70,Bosnia Herzegovina,E025,3083,3089.4676138465275,3555.286225944568,2,2008,2019,2684.681212824347,2696.728580925688
pooled_equal_year,70,Bosnia Herzegovina,F063,3128,3133.90526073301,3599.6028616657904,2,2008,2019,2728.4571550498763,2739.6591305153524
pooled_equal_year,70,Bosnia Herzegovina,F118,3177,3193.61317567866,3680.780896800564,2,2008,2019,2770.924269014146,2783.803091796868
pooled_equal_year,70,Bosnia Herzegovina,F120,3120,3138.038509969589,3621.5058869461377,2,2008,2019,2719.11353935585,2732.320459749264
pooled_equal_year,70,Bosnia Herzegovina,G006,3089,3101.8828304123617,3573.668901331472,2,2008,2019,2692.380676346982,2704.746157333698
pooled_equal_year,70,Bosnia Herzegovina,Y002,3181,3189.5387852994,3668.219117980522,2,2008,2019,2773.3233309491716,2785.4919485395803
pooled_equal_year,76,Brazil,A008,4726,4725.297963,4832.408203519918,3,2006,2018,4620.5618190259565,4589.362567595488
pooled_equal_year,76,Brazil,A165,4683,4681.703248,4787.378126647098,3,2006,2018,4578.360998963862,4547.46396811234
pooled_equal_year,76,Brazil,E018,4641,4643.723762,4752.812215649583,3,2006,2018,4537.139150324327,4512.788589549062
pooled_equal_year,76,Brazil,E025,4598,4597.845155,4702.763293801094,3,2006,2018,4495.267728491187,4474.244590396087
pooled_equal_year,76,Brazil,F063,4725,4724.904472,4832.547170135915,3,2006,2018,4619.659463954641,4588.164358532138
pooled_equal_year,76,Brazil,F118,4354,4356.1222450000005,4459.479369578268,3,2006,2018,4255.160623195882,4248.669026674132
pooled_equal_year,76,Brazil,F120,4625,4625.784225,4732.745708924847,3,2006,2018,4521.240102950698,4499.829259332062
pooled_equal_year,76,Brazil,G006,4687,4687.911198,4795.800167067545,3,2006,2018,4582.449358762923,4553.361795851822
pooled_equal_year,76,Brazil,Y002,4367,4368.223735,4469.602012877,3,2006,2018,4269.1448912103515,4252.310634180924
pooled_equal_year,100,Bulgaria,A008,3992,3999.25837481257,4798.40362859629,3,2006,2017,3333.205954828634,3329.1958428438084
pooled_equal_year,100,Bulgaria,A165,3846,3851.739569874289,4631.799936780063,3,2006,2017,3203.0523590466205,3169.7015190426714
pooled_equal_year,100,Bulgaria,E018,3331,3346.318299619068,4033.7909344820914,3,2006,2017,2776.0105429963664,2801.5625671012767
pooled_equal_year,100,Bulgaria,E025,3520,3527.948575193539,4222.842067768095,3,2006,2017,2947.40389279783,2933.666357771262
pooled_equal_year,100,Bulgaria,F063,3786,3794.6386893073345,4567.505092239131,3,2006,2017,3152.5488185781346,3178.3176811405488
pooled_equal_year,100,Bulgaria,F118,3644,3662.2828123905215,4419.287023400884,3,2006,2017,3034.950055724037,3047.6450079663314
pooled_equal_year,100,Bulgaria,F120,3750,3740.876913765445,4456.062259587137,3,2006,2017,3140.4767861658784,3135.804464230436
pooled_equal_year,100,Bulgaria,G006,3834,3838.0332881438662,4615.56689495548,3,2006,2017,3191.4821854277343,3179.8266513113103
pooled_equal_year,100,Bulgaria,Y002,3922,3929.057479857655,4708.3671925902,3,2006,2017,3278.7359287355844,3263.5058748325964
pooled_equal_year,104,Myanmar,A008,1200,1200.0,1200.0,1,2020,2020,1200.0,1200.0
pooled_equal_year,104,Myanmar,A165,1200,1200.0,1200.0,1,2020,2020,1200.0,1200.0
pooled_equal_year,104,Myanmar,E018,1200,1200.0,1200.0,1,2020,2020,1200.0,1200.0
pooled_equal_year,104,Myanmar,E025,1153,1153.0,1153.0,1,2020,2020,1153.0,1153.0
pooled_equal_year,104,Myanmar,F063,1200,1200.0,1200.0,1,2020,2020,1200.0,1200.0
pooled_equal_year,104,Myanmar,F118,1199,1199.0,1199.0,1,2020,2020,1199.0,1199.0
pooled_equal_year,104,Myanmar,F120,1199,1199.0,1199.0,1,2020,2020,1199.0,1199.0
pooled_equal_year,104,Myanmar,G006,1200,1200.0,1200.0,1,2020,2020,1200.0,1200.0
pooled_equal_year,104,Myanmar,Y002,1200,1200.0,1200.0,1,2020,2020,1200.0,1200.0
pooled_equal_year,112,Belarus,A008,4343,4341.997323290159,4500.821599043414,3,2008,2018,4188.77761328417,4177.546152305028
pooled_equal_year,112,Belarus,A165,4254,4254.543599446974,4409.267803899531,3,2008,2018,4105.248772502925,4096.638504068007
pooled_equal_year,112,Belarus,E018,4219,4220.51368582414,4371.863099526205,3,2008,2018,4074.403833495908,4045.22130742714
pooled_equal_year,112,Belarus,E025,2872,2878.281793748688,3027.9370833458715,2,2008,2018,2736.0231920904985,2729.0558322220813
pooled_equal_year,112,Belarus,F063,4450,4448.463559912318,4608.907815170541,3,2008,2018,4293.604653738455,4283.566876629752
pooled_equal_year,112,Belarus,F118,4416,4420.825679246379,4585.980836425091,3,2008,2018,4261.618263001531,4252.387084652856
pooled_equal_year,112,Belarus,F120,4463,4468.543412813604,4638.79076598018,3,2008,2018,4304.544274477666,4297.066642241132
pooled_equal_year,112,Belarus,G006,4226,4223.705338833636,4374.992102120037,3,2008,2018,4077.6500557902705,4071.753286682341
pooled_equal_year,112,Belarus,Y002,4469,4467.967999325869,4630.388085720937,3,2008,2018,4311.245121021399,4307.846887252246
pooled_equal_year,124,Canada,A008,6175,6172.941157,9502.06265773692,2,2006,2020,4010.2032474767866,3495.0167268928863
pooled_equal_year,124,Canada,A165,6125,6131.202145,9446.374141003393,2,2006,2020,3979.478176677387,3438.9421653707022
pooled_equal_year,124,Canada,E018,6124,6101.734179,9357.685718429566,2,2006,2020,3978.671769009255,3432.055214850669
pooled_equal_year,124,Canada,E025,6136,6129.602752000001,9445.852788344964,2,2006,2020,3977.621792252078,3435.710751747996
pooled_equal_year,124,Canada,F063,6157,6154.24804,9482.55960385652,2,2006,2020,3994.150368687408,3466.414026549925
pooled_equal_year,124,Canada,F118,6012,6028.7511030000005,9299.38954308242,2,2006,2020,3908.411374052018,3304.9811371946525
pooled_equal_year,124,Canada,F120,6089,6082.486461,9364.007366180307,2,2006,2020,3950.9410983451294,3384.1568640489577
pooled_equal_year,124,Canada,G006,6038,6031.871106,9271.454476244082,2,2006,2020,3924.2460967285906,3412.7364107027142
pooled_equal_year,124,Canada,Y002,6156,6160.634812,9493.475007749948,2,2006,2020,3997.842861106518,3473.4095013544197
pooled_equal_year,152,Chile,A008,2977,2982.34805,4659.956719176534,3,2006,2018,1908.6872319514896,1901.7896086968008
pooled_equal_year,152,Chile,A165,2929,2934.112858,4600.049642450998,3,2006,2018,1871.5055124696155,1873.5929569870168
pooled_equal_year,152,Chile,E018,2851,2848.1672209999997,4485.50611747024,3,2006,2018,1808.5041701724272,1828.4837419390367
pooled_equal_year,152,Chile,E025,2906,2917.448046,4593.551825040029,3,2006,2018,1852.924147870052,1837.9884470639615
pooled_equal_year,152,Chile,F063,2915,2917.8601049999997,4585.298666951405,3,2006,2018,1856.7836493868328,1869.1112128271973
pooled_equal_year,152,Chile,F118,2796,2782.2489969999997,4349.896363231792,3,2006,2018,1779.56181823981,1781.9281720862691
pooled_equal_year,152,Chile,F120,2883,2886.1040030000004,4540.996718566163,3,2006,2018,1834.3101377009427,1842.288885959935
pooled_equal_year,152,Chile,G006,2951,2945.519916,4548.710288098754,3,2006,2018,1907.3730851254177,1890.0482464168872
pooled_equal_year,152,Chile,Y002,2847,2823.542105,4045.757105530493,3,2006,2018,1970.5557725671883,1914.0251160038968
pooled_equal_year,156,China,A008,7285,7286.120022,10071.003029620202,3,2007,2018,5271.326482461729,5000.661412697508
pooled_equal_year,156,China,A165,7054,7076.041403,9795.898495867948,3,2007,2018,5111.359816365045,4789.78116955314
pooled_equal_year,156,China,E018,6445,6539.235933,9038.023893808764,3,2007,2018,4731.300457916578,4169.558011936502
pooled_equal_year,156,China,E025,7135,7149.489989,9910.393149478106,3,2007,2018,5157.737572247879,4887.0867290262
pooled_equal_year,156,China,F063,6666,6680.340190999999,9256.869746178068,3,2007,2018,4820.954198465984,4456.260996022348
pooled_equal_year,156,China,F118,6458,6550.935194,9152.732488434984,3,2007,2018,4688.73661174006,4263.9478067536165
pooled_equal_year,156,China,F120,6612,6659.986444,9271.161968090826,3,2007,2018,4784.23520017499,4441.742101549483
pooled_equal_year,156,China,G006,6966,6976.416037,9696.128764489356,3,2007,2018,5019.568314682339,4786.112273016476
pooled_equal_year,156,China,Y002,6511,6655.689549999999,9236.333567005608,3,2007,2018,4796.080941059012,4309.212025733952
pooled_equal_year,158,Taiwan ROC,A008,3676,3675.778204,4802.942545263594,3,2006,2019,2813.139086647129,2812.54167988806
pooled_equal_year,158,Taiwan ROC,A165,3659,3660.886508,4788.2535506972035,3,2006,2019,2798.9516182794864,2800.4695559931906
pooled_equal_year,158,Taiwan ROC,E018,3559,3560.622565,4664.249920930155,3,2006,2019,2718.1290165212454,2719.2880287185176
pooled_equal_year,158,Taiwan ROC,E025,3657,3659.871579,4788.343084259249,3,2006,2019,2797.3475874784967,2799.2567779793126
pooled_equal_year,158,Taiwan ROC,F063,3665,3667.79028,4796.885492867914,3,2006,2019,2804.462511782728,2805.1540482653973
pooled_equal_year,158,Taiwan ROC,F118,3596,3601.839612,4724.894204513958,3,2006,2019,2745.7225556877515,2754.5810809520085
pooled_equal_year,158,Taiwan ROC,F120,3613,3616.504679,4741.010169222031,3,2006,2019,2758.7171565538088,2766.182980338001
pooled_equal_year,158,Taiwan ROC,G006,3612,3612.574596,4728.148695415824,3,2006,2019,2760.212517072034,2768.317607086753
pooled_equal_year,158,Taiwan ROC,Y002,3604,3611.277325,4736.453879412179,3,2006,2019,2753.3940475480063,2758.858839400066
pooled_equal_year,170,Colombia,A008,6048,6048.0,6048.0,3,2005,2018,6048.0,5450.702896283946
pooled_equal_year,170,Colombia,A165,6014,6014.0,6014.0,3,2005,2018,6014.0,5427.473266137218
pooled_equal_year,170,Colombia,E018,6021,6021.0,6021.0,3,2005,2018,6021.0,5426.747966977819
pooled_equal_year,170,Colombia,E025,6020,6020.0,6020.0,3,2005,2018,6020.0,5415.347985347986
pooled_equal_year,170,Colombia,F063,6035,6035.0,6035.0,3,2005,2018,6035.0,5428.49890575424
pooled_equal_year,170,Colombia,F118,5995,5995.0,5995.0,3,2005,2018,5995.0,5389.568096639097
pooled_equal_year,170,Colombia,F120,6033,6033.0,6033.0,3,2005,2018,6033.0,5435.474271328017
pooled_equal_year,170,Colombia,G006,6025,6025.0,6025.0,3,2005,2018,6025.0,5418.65735854954
pooled_equal_year,170,Colombia,Y002,5922,5922.0,5922.0,3,2005,2018,5922.0,5393.012889209222
pooled_equal_year,191,Croatia,A008,2948,2956.743441172701,3835.991086654401,2,2008,2017,2279.0281779675615,2279.649612228312
pooled_equal_year,191,Croatia,A165,2892,2894.160215760583,3726.507605369923,2,2008,2017,2247.7247443212605,2250.196550374598
pooled_equal_year,191,Croatia,E018,2733,2738.1909090153113,3541.3909501588732,2,2008,2017,2117.1594889510116,2119.8994888452935
pooled_equal_year,191,Croatia,E025,2864,2861.6317265997186,3694.7636015347366,2,2008,2017,2216.362674808357,2223.209947444733
pooled_equal_year,191,Croatia,F063,2921,2923.3421929207643,3777.184921421086,2,2008,2017,2262.5128911336324,2264.8178844942095
pooled_equal_year,191,Croatia,F118,2885,2890.903122651708,3722.5781724620338,2,2008,2017,2245.0356923008667,2232.125130883533
pooled_equal_year,191,Croatia,F120,2913,2906.607895155881,3712.78932981292,2,2008,2017,2275.477735389904,2266.0761517189
pooled_equal_year,191,Croatia,G006,2856,2862.5869929123696,3694.486689732206,2,2008,2017,2218.0088819280745,2218.927039631803
pooled_equal_year,191,Croatia,Y002,2887,2886.8386677319386,3718.3210085475753,2,2008,2017,2241.2904841606505,2240.462422940544
pooled_equal_year,196,Cyprus,A008,4041,4041.402884000017,4974.961130845348,4,2006,2019,3283.02811644849,3278.95595837258
pooled_equal_year,196,Cyprus,A165,3953,3958.597074482115,4875.601490047355,4,2006,2019,3214.0630915153324,3212.240996469338
pooled_equal_year,196,Cyprus,E018,3848,3838.606429083116,4718.050607499154,4,2006,2019,3123.0905607450873,3121.700869240722
pooled_equal_year,196,Cyprus,E025,3960,3966.53008616149,4896.530828411407,4,2006,2019,3213.164886685435,3213.0066402042817
pooled_equal_year,196,Cyprus,F063,3980,3988.5355759807976,4917.415247505534,4,2006,2019,3235.117483506068,3229.1919973712725
pooled_equal_year,196,Cyprus,F118,3891,3894.590711712045,4805.219465853725,4,2006,2019,3156.5336233938115,3149.955147892963
pooled_equal_year,196,Cyprus,F120,3941,3944.7473494224096,4860.176498299699,4,2006,2019,3201.7420882182055,3194.1652259199686
pooled_equal_year,196,Cyprus,G006,3880,3882.183903183894,4775.886954706892,4,2006,2019,3155.7178804842756,3153.2680037031014
pooled_equal_year,196,Cyprus,Y002,3950,3950.306676404065,4867.586567279053,4,2006,2019,3205.8850154904535,3207.841202645715
pooled_equal_year,197,Northern Cyprus,A008,490,489.52883589703583,597.9947842630381,1,2008,2008,400.7367413246501,400.7367413246501
pooled_equal_year,197,Northern Cyprus,A165,486,486.68608021268386,595.8491897864562,1,2008,2008,397.5223004963309,397.5223004963309
pooled_equal_year,197,Northern Cyprus,E018,446,436.953021947736,520.2163429830252,1,2008,2008,367.016426847414,367.016426847414
pooled_equal_year,197,Northern Cyprus,E025,484,483.0743308020395,581.3784316438405,1,2008,2008,401.39227115807074,401.39227115807074
pooled_equal_year,197,Northern Cyprus,F063,478,477.74398724439385,584.7560994872518,1,2008,2008,390.3154110719069,390.3154110719069
pooled_equal_year,197,Northern Cyprus,F118,477,479.6371251942968,589.9594695912353,1,2008,2008,389.9450449096873,389.9450449096872
pooled_equal_year,197,Northern Cyprus,F120,479,478.83816339867184,586.2885596828905,1,2008,2008,391.0804380201934,391.0804380201934
pooled_equal_year,197,Northern Cyprus,G006,343,365.8796390483768,476.8927016790393,1,2008,2008,280.7086579409784,280.7086579409784
pooled_equal_year,197,Northern Cyprus,Y002,481,485.5025962199524,598.0719152530867,1,2008,2008,394.1211164155189,394.1211164155189
pooled_equal_year,203,Czechia,A008,4743,4762.664563076173,5482.777440206544,3,2008,2022,4137.131953239936,4041.840985521551
pooled_equal_year,203,Czechia,A165,4637,4643.277984385293,5323.6766195012215,3,2008,2022,4049.838482168574,3965.0141869707745
pooled_equal_year,203,Czechia,E018,4253,4282.035452160322,4910.069073508077,3,2008,2022,3734.331908381389,3695.518652120821
pooled_equal_year,203,Czechia,E025,4516,4532.078006720441,5217.953347055024,3,2008,2022,3936.357742752071,3880.759234017913
pooled_equal_year,203,Czechia,F063,4497,4511.076550410089,5169.913356466271,3,2008,2022,3936.199746598704,3874.999259606144
pooled_equal_year,203,Czechia,F118,4502,4534.614444654505,5238.943963115927,3,2008,2022,3924.9757787902254,3859.9341161151287
pooled_equal_year,203,Czechia,F120,4566,4586.215097540215,5280.582836926156,3,2008,2022,3983.1529152091457,3910.1879274505504
pooled_equal_year,203,Czechia,G006,4506,4514.331196946113,5177.023164715965,3,2008,2022,3936.468025605023,3860.855941483329
pooled_equal_year,203,Czechia,Y002,4501,4501.71177390433,5156.761494883258,3,2008,2022,3929.871279759013,3864.297804174397
pooled_equal_year,208,Denmark,A008,4852,4862.8625581069155,7951.616624526812,2,2008,2017,2973.9150383706224,3173.6741666931944
pooled_equal_year,208,Denmark,A165,4830,4842.3830638888685,7932.68790957378,2,2008,2017,2955.9556615277997,3154.2361456848134
pooled_equal_year,208,Denmark,E018,4764,4772.410073595735,7826.000781142042,2,2008,2017,2910.285667928899,3098.47725407667
pooled_equal_year,208,Denmark,E025,4791,4798.593682204208,7837.5365008956605,2,2008,2017,2937.976917142103,3137.3588637016655
pooled_equal_year,208,Denmark,F063,4812,4827.316005675748,7892.668197485384,2,2008,2017,2952.4844115552232,3156.276831255922
pooled_equal_year,208,Denmark,F118,4824,4826.680229616143,7885.038260001785,2,2008,2017,2954.5629673282106,3146.904652409248
pooled_equal_year,208,Denmark,F120,4836,4845.8660964171395,7933.221722469707,2,2008,2017,2960.0103269387414,3151.6970108282276
pooled_equal_year,208,Denmark,G006,4636,4604.327418160066,7463.139058076208,2,2008,2017,2840.6051138333305,3029.276654878239
pooled_equal_year,208,Denmark,Y002,4564,4600.833286657883,7535.935390905404,2,2008,2017,2808.897082260679,3020.916537510058
pooled_equal_year,218,Ecuador,A008,2382,2382.0,2382.0,2,2013,2018,2382.0,2381.7968094038624
pooled_equal_year,218,Ecuador,A165,2377,2377.0,2377.0,2,2013,2018,2377.0,2376.7774505679427
pooled_equal_year,218,Ecuador,E018,2390,2390.0,2390.0,2,2013,2018,2390.0,2389.984937238494
pooled_equal_year,218,Ecuador,E025,2379,2379.0,2379.0,2,2013,2018,2379.0,2378.7776376628835
pooled_equal_year,218,Ecuador,F063,2401,2401.0,2401.0,2,2013,2018,2401.0,2400.999583506872
pooled_equal_year,218,Ecuador,F118,2348,2348.0,2348.0,2,2013,2018,2348.0,2347.098807495741
pooled_equal_year,218,Ecuador,F120,2389,2389.0,2389.0,2,2013,2018,2389.0,2388.905818334031
pooled_equal_year,218,Ecuador,G006,2391,2391.0,2391.0,2,2013,2018,2391.0,2390.979506482643
pooled_equal_year,218,Ecuador,Y002,2387,2387.0,2387.0,2,2013,2018,2387.0,2386.9057394218685
pooled_equal_year,231,Ethiopia,A008,2724,2724.0,2724.0,2,2007,2020,2724.0,2698.4140969162995
pooled_equal_year,231,Ethiopia,A165,2540,2540.0,2540.0,2,2007,2020,2540.0,2536.951181102362
pooled_equal_year,231,Ethiopia,E018,2669,2669.0,2669.0,2,2007,2020,2669.0,2645.7699512926188
pooled_equal_year,231,Ethiopia,E025,2277,2277.0,2277.0,2,2007,2020,2277.0,2272.519982433026
pooled_equal_year,231,Ethiopia,F063,2704,2704.0,2704.0,2,2007,2020,2704.0,2681.98224852071
pooled_equal_year,231,Ethiopia,F118,2543,2543.0,2543.0,2,2007,2020,2543.0,2469.272512780181
pooled_equal_year,231,Ethiopia,F120,2682,2682.0,2682.0,2,2007,2020,2682.0,2661.93139448173
pooled_equal_year,231,Ethiopia,G006,2725,2725.0,2725.0,2,2007,2020,2725.0,2698.838899082569
pooled_equal_year,231,Ethiopia,Y002,2571,2571.0,2571.0,2,2007,2020,2571.0,2557.9743290548427
pooled_equal_year,233,Estonia,A008,4306,4308.847537657812,4613.199199321187,3,2008,2018,4024.575202716527,3989.6428380014136
pooled_equal_year,233,Estonia,A165,4264,4265.756599971044,4565.902841283883,3,2008,2018,3985.340906877425,3951.296350808745
pooled_equal_year,233,Estonia,E018,3831,3853.989931226554,4143.617673041621,3,2008,2018,3584.60639036049,3504.202237808622
pooled_equal_year,233,Estonia,E025,4167,4174.783395847746,4470.553766232864,3,2008,2018,3898.5810961250377,3843.574547860479
pooled_equal_year,233,Estonia,F063,4169,4162.233348382999,4443.8090140332715,3,2008,2018,3898.499326069786,3861.434454852668
pooled_equal_year,233,Estonia,F118,4021,4032.7800554365313,4330.666825144297,3,2008,2018,3755.383554583371,3723.208531000336
pooled_equal_year,233,Estonia,F120,4123,4117.791060524621,4399.253138170669,3,2008,2018,3854.3367898095858,3822.565182557773
pooled_equal_year,233,Estonia,G006,3825,3833.3255350080976,4097.874480231932,3,2008,2018,3585.8552350079412,3498.7927633835743
pooled_equal_year,233,Estonia,Y002,4255,4258.734423705497,4560.446395100613,3,2008,2018,3976.98324250428,3937.1300001631967
pooled_equal_year,246,Finland,A008,3329,3350.9408970742934,4147.0502961688835,3,2005,2017,2707.660648837182,2726.8813023525313
pooled_equal_year,246,Finland,A165,3250,3267.0435075472587,4048.0612341591223,3,2005,2017,2636.712406951484,2649.8965534522017
pooled_equal_year,246,Finland,E018,3034,3038.202040502689,3708.401123579729,3,2005,2017,2489.124377679056,2465.175244163327
pooled_equal_year,246,Finland,E025,3191,3202.424921566429,3948.655570767981,3,2005,2017,2597.2195331980124,2605.548080453455
pooled_equal_year,246,Finland,F063,3253,3269.8469847755987,4025.9623197213496,3,2005,2017,2655.737549124925,2671.2168694165507
pooled_equal_year,246,Finland,F118,3205,3224.475768626752,4006.9807114393993,3,2005,2017,2594.782638403606,2608.3301791091844
pooled_equal_year,246,Finland,F120,3236,3255.656363035347,4032.731477521771,3,2005,2017,2628.3174104828113,2641.2171254008094
pooled_equal_year,246,Finland,G006,3276,3295.309070336208,4080.5190301551784,3,2005,2017,2661.196232339866,2678.8188134740835
pooled_equal_year,246,Finland,Y002,3094,3115.346849677698,3887.148578458594,3,2005,2017,2496.7880177210327,2482.733273934811
pooled_equal_year,250,France,A008,4364,4374.228777414882,5314.177533271587,3,2006,2018,3600.5340953268887,3581.9950573750243
pooled_equal_year,250,France,A165,4330,4339.133790066891,5262.698804064423,3,2006,2018,3577.6476574261087,3561.275110467552
pooled_equal_year,250,France,E018,4287,4295.414524423393,5210.715462865046,3,2006,2018,3540.893005599393,3526.3716364085476
pooled_equal_year,250,France,E025,4352,4360.988772811167,5296.677150952438,3,2006,2018,3590.5951098350843,3572.2185119777437
pooled_equal_year,250,France,F063,4331,4345.86017885762,5285.78093614532,3,2006,2018,3573.0766980959015,3557.790345258348
pooled_equal_year,250,France,F118,4184,4195.216274726045,5089.784852774099,3,2006,2018,3457.874959514996,3459.3886857975226
pooled_equal_year,250,France,F120,4287,4299.632726677966,5223.7508134695745,3,2006,2018,3538.997598555316,3531.4713367199965
pooled_equal_year,250,France,G006,4167,4146.226718507174,4970.6036444555275,3,2006,2018,3458.57308909326,3430.5172657222165
pooled_equal_year,250,France,Y002,4298,4306.989301771275,5230.148128756501,3,2006,2018,3546.7746589392727,3528.761695334827
pooled_equal_year,268,Georgia,A008,6360,6374.836060868765,7373.55488922738,4,2008,2018,5511.389745307912,5582.719583518267
pooled_equal_year,268,Georgia,A165,6261,6278.146042810347,7267.165900695419,4,2008,2018,5423.726150394264,5494.5163308099145
pooled_equal_year,268,Georgia,E018,5818,5831.000835534639,6764.480987426956,4,2008,2018,5026.338429689142,5084.8412280006205
pooled_equal_year,268,Georgia,E025,5790,5803.771846647804,6722.940902591942,4,2008,2018,5010.2727565187015,5064.605871925477
pooled_equal_year,268,Georgia,F063,6320,6335.969004159551,7330.398383062505,4,2008,2018,5476.442223717034,5548.983718937266
pooled_equal_year,268,Georgia,F118,6274,6292.083011530238,7279.230123055055,4,2008,2018,5438.804372813479,5509.089746367602
pooled_equal_year,268,Georgia,F120,6125,6118.160305375906,7063.8550029992,4,2008,2018,5299.073311440342,5367.268341656363
pooled_equal_year,268,Georgia,G006,6323,6340.958281969782,7336.40969704555,4,2008,2018,5480.576139289666,5551.235082876527
pooled_equal_year,268,Georgia,Y002,6243,6248.2951202955655,7207.201116095108,4,2008,2018,5416.969955663185,5489.860728485735
pooled_equal_year,275,Palestine,A008,996,996.0,996.0,1,2013,2013,996.0,996.0
pooled_equal_year,275,Palestine,A165,892,892.0,892.0,1,2013,2013,892.0,892.0
pooled_equal_year,275,Palestine,E018,963,963.0,963.0,1,2013,2013,963.0,963.0
pooled_equal_year,275,Palestine,E025,967,967.0,967.0,1,2013,2013,967.0,967.0
pooled_equal_year,275,Palestine,F063,997,997.0,997.0,1,2013,2013,997.0,997.0
pooled_equal_year,275,Palestine,F118,947,947.0,947.0,1,2013,2013,947.0,947.0
pooled_equal_year,275,Palestine,F120,989,989.0,989.0,1,2013,2013,989.0,989.0
pooled_equal_year,275,Palestine,G006,991,991.0,991.0,1,2013,2013,991.0,991.0
pooled_equal_year,275,Palestine,Y002,963,963.0,963.0,1,2013,2013,963.0,963.0
pooled_equal_year,276,Germany,A008,9679,9678.18396378502,14107.6767263661,5,2006,2018,6639.45216874789,6744.356845742423
pooled_equal_year,276,Germany,A165,9384,9356.517063042696,13680.50776121774,5,2006,2018,6399.20776911401,6536.227852497817
pooled_equal_year,276,Germany,E018,9405,9416.991365876382,13810.222660630992,5,2006,2018,6421.310399128533,6577.887536069395
pooled_equal_year,276,Germany,E025,9614,9594.464774108035,14016.383432569304,5,2006,2018,6567.582482632318,6689.996172499841
pooled_equal_year,276,Germany,F063,9623,9602.342964059388,13966.008941689162,5,2006,2018,6602.100198016114,6707.094631374982
pooled_equal_year,276,Germany,F118,9498,9522.566438592414,13878.450743984571,5,2006,2018,6533.818021201704,6637.704823610501
pooled_equal_year,276,Germany,F120,9540,9533.648522641186,13887.519235651307,5,2006,2018,6544.758110572354,6668.7527430078535
pooled_equal_year,276,Germany,G006,8765,8654.898174736565,12420.692340998854,5,2006,2018,6030.844365076222,6136.604665331203
pooled_equal_year,276,Germany,Y002,9467,9439.576244768125,13743.86238093313,5,2006,2018,6483.3012155598235,6636.837981815032
pooled_equal_year,288,Ghana,A008,3085,3084.9552,3703.758228479997,2,2007,2012,2569.5382902767783,2574.6952172944434
pooled_equal_year,288,Ghana,A165,3079,3078.9552,3697.758228479997,2,2007,2012,2563.706045082315,2570.4544367041963
pooled_equal_year,288,Ghana,E018,3076,3075.9552,3694.758228479997,2,2007,2012,2560.7901268006513,2568.3268001019387
pooled_equal_year,288,Ghana,E025,2965,2964.9552,3583.7582284799964,2,2007,2012,2453.0001126040265,2486.0465875195173
pooled_equal_year,288,Ghana,F063,3073,3072.9552,3691.758228479997,2,2007,2012,2557.874345172115,2566.1943105908676
pooled_equal_year,288,Ghana,F118,3044,3043.9552,3662.758228479997,2,2007,2012,2529.6955686458687,2545.326684912354
pooled_equal_year,288,Ghana,F120,3054,3053.9552,3672.758228479997,2,2007,2012,2539.410923181555,2552.574769544098
pooled_equal_year,288,Ghana,G006,3083,3082.6751999999997,3700.322328,2,2007,2012,2568.1239487672647,2572.66958290163
pooled_equal_year,288,Ghana,Y002,3078,3077.9552,3696.758228479997,2,2007,2012,2562.734057158616,2569.7457626925748
pooled_equal_year,300,Greece,A008,2691,2692.1308856109345,2998.936094903068,2,2008,2017,2416.7132862811372,2354.6729448631604
pooled_equal_year,300,Greece,A165,2615,2618.647282997906,2925.066089831156,2,2008,2017,2344.32774582134,2298.5413008388614
pooled_equal_year,300,Greece,E018,2551,2549.8663921176912,2812.310232738315,2,2008,2017,2311.913722022248,2249.7845636232014
pooled_equal_year,300,Greece,E025,2650,2646.4364676488085,2940.8392353300624,2,2008,2017,2381.505895719409,2326.287583198081
pooled_equal_year,300,Greece,F063,2579,2577.806085981296,2874.670100807843,2,2008,2017,2311.598890966584,2274.0935645281493
pooled_equal_year,300,Greece,F118,2617,2616.6631748408845,2905.375659238244,2,2008,2017,2356.6405771994255,2292.6294509248128
pooled_equal_year,300,Greece,F120,2643,2639.76551156646,2928.8968134686615,2,2008,2017,2379.1763246869655,2321.2063753905013
pooled_equal_year,300,Greece,G006,2528,2493.8281852317077,2686.0574069577196,2,2008,2017,2315.355956781294,2273.8621071572384
pooled_equal_year,300,Greece,Y002,2645,2645.0943594149862,2948.8070733707764,2,2008,2017,2372.662570363161,2314.3121226183266
pooled_equal_year,320,Guatemala,A008,1229,1229.0,1229.0,1,2020,2020,1229.0,1229.0
pooled_equal_year,320,Guatemala,A165,1229,1229.0,1229.0,1,2020,2020,1229.0,1229.0
pooled_equal_year,320,Guatemala,E018,1229,1229.0,1229.0,1,2020,2020,1229.0,1229.0
pooled_equal_year,320,Guatemala,E025,1199,1199.0,1199.0,1,2020,2020,1199.0,1199.0
pooled_equal_year,320,Guatemala,F063,1211,1211.0,1211.0,1,2020,2020,1211.0,1211.0
pooled_equal_year,320,Guatemala,F118,1205,1205.0,1205.0,1,2020,2020,1205.0,1205.0
pooled_equal_year,320,Guatemala,F120,1205,1205.0,1205.0,1,2020,2020,1205.0,1205.0
pooled_equal_year,320,Guatemala,G006,1209,1209.0,1209.0,1,2020,2020,1209.0,1209.0
pooled_equal_year,320,Guatemala,Y002,1001,1001.0,1001.0,1,2020,2020,1001.0,1001.0
pooled_equal_year,332,Haiti,A008,1975,1975.0,1975.0,1,2016,2016,1975.0,1975.0
pooled_equal_year,332,Haiti,A165,1967,1967.0,1967.0,1,2016,2016,1967.0,1967.0
pooled_equal_year,332,Haiti,E018,1975,1975.0,1975.0,1,2016,2016,1975.0,1975.0
pooled_equal_year,332,Haiti,E025,1741,1741.0,1741.0,1,2016,2016,1741.0,1741.0
pooled_equal_year,332,Haiti,F063,1935,1935.0,1935.0,1,2016,2016,1935.0,1935.0
pooled_equal_year,332,Haiti,F118,1931,1931.0,1931.0,1,2016,2016,1931.0,1931.0
pooled_equal_year,332,Haiti,F120,1935,1935.0,1935.0,1,2016,2016,1935.0,1935.0
pooled_equal_year,332,Haiti,G006,1935,1935.0,1935.0,1,2016,2016,1935.0,1935.0
pooled_equal_year,332,Haiti,Y002,1981,1981.0,1981.0,1,2016,2016,1981.0,1981.0
pooled_equal_year,344,Hong Kong SAR,A008,4314,4311.564419,4680.090893521921,3,2005,2018,3972.056988234589,3789.842007252403
pooled_equal_year,344,Hong Kong SAR,A165,4289,4287.026639,4655.72740426272,3,2005,2018,3947.524373241535,3763.9696006876666
pooled_equal_year,344,Hong Kong SAR,E018,4270,4260.424552,4614.702720003664,3,2005,2018,3933.3448901492825,3755.394783522898
pooled_equal_year,344,Hong Kong SAR,E025,3066,3066.301026,3438.294349560886,2,2014,2018,2734.5541207806814,2543.8006785353436
pooled_equal_year,344,Hong Kong SAR,F063,4117,4112.3824,4475.9678270431305,3,2005,2018,3778.3312251825982,3574.1123194063025
pooled_equal_year,344,Hong Kong SAR,F118,4285,4279.7318749999995,4640.943555978367,3,2005,2018,3946.6338473986793,3770.054160412695
pooled_equal_year,344,Hong Kong SAR,F120,4288,4285.770495,4651.291524409237,3,2005,2018,3948.973879495856,3769.409695081466
pooled_equal_year,344,Hong Kong SAR,G006,4224,4220.764166,4584.91458943867,3,2005,2018,3885.5358802159817,3698.0094144833606
pooled_equal_year,344,Hong Kong SAR,Y002,2987,2983.675231,3349.217707416381,2,2014,2018,2658.0290270082915,2424.671599802659
pooled_equal_year,348,Hungary,A008,4018,4022.3597175180585,4338.922414076848,3,2008,2018,3728.893064467088,3576.2034090140396
pooled_equal_year,348,Hungary,A165,3992,3999.091705313944,4316.976182503335,3,2008,2018,3704.6149414326615,3545.155363133652
pooled_equal_year,348,Hungary,E018,3894,3900.0245801730007,4208.782711846626,3,2008,2018,3613.9170794303222,3480.8649578793224
pooled_equal_year,348,Hungary,E025,3968,3970.27427176673,4279.447165959609,3,2008,2018,3683.437879181803,3531.7714223214266
pooled_equal_year,348,Hungary,F063,3952,3959.9498430319286,4269.4869067177515,3,2008,2018,3672.854163027242,3521.421434679558
pooled_equal_year,348,Hungary,F118,3888,3884.4357512845936,4169.330001317062,3,2008,2018,3619.0085939686824,3461.1415788130935
pooled_equal_year,348,Hungary,F120,3961,3962.289494298798,4262.731722423623,3,2008,2018,3683.0227795110623,3527.43092428086
pooled_equal_year,348,Hungary,G006,3953,3958.604375261361,4272.783320733366,3,2008,2018,3667.527094996418,3516.290766126068
pooled_equal_year,348,Hungary,Y002,3949,3953.065503399045,4262.920052341882,3,2008,2018,3665.733037986211,3515.012514393663
pooled_equal_year,352,Iceland,A008,2422,2431.03925971124,3118.0062124670417,2,2009,2017,1895.4265897954313,1844.302915738686
pooled_equal_year,352,Iceland,A165,2378,2383.9200940628293,3056.76698812265,2,2009,2017,1859.178353128858,1804.6182733275189
pooled_equal_year,352,Iceland,E018,2309,2320.800075503674,2980.644029365988,2,2009,2017,1807.029936279757,1763.1196211546944
pooled_equal_year,352,Iceland,E025,2413,2421.661355151424,3106.695995812287,2,2009,2017,1887.678655053113,1837.4137746603344
pooled_equal_year,352,Iceland,F063,2400,2408.6639850528204,3088.5174384810916,2,2009,2017,1878.46185377012,1829.2443495573632
pooled_equal_year,352,Iceland,F118,2365,2376.8517159774233,3050.299170334284,2,2009,2017,1852.0885212468183,1803.4836758137612
pooled_equal_year,352,Iceland,F120,2385,2393.2452240392363,3068.924612807112,2,2009,2017,1866.3289018193316,1819.6835321507529
pooled_equal_year,352,Iceland,G006,2352,2362.0078182792254,3023.3732820827977,2,2009,2017,1845.316609323466,1799.6163366566109
pooled_equal_year,352,Iceland,Y002,2376,2386.3816899345716,3068.4663047891263,2,2009,2017,1855.916606014791,1800.8704547976076
pooled_equal_year,356,India,A008,6059,6059.0,6059.0,2,2006,2012,6059.0,5352.487209110414
pooled_equal_year,356,India,A165,5634,5634.0,5634.0,2,2006,2012,5634.0,4867.56691515797
pooled_equal_year,356,India,E018,5380,5380.0,5380.0,2,2006,2012,5380.0,5010.46468401487
pooled_equal_year,356,India,E025,4689,4689.0,4689.0,2,2006,2012,4689.0,4169.3324802729785
pooled_equal_year,356,India,F063,5999,5999.0,5999.0,2,2006,2012,5999.0,5263.177196199366
pooled_equal_year,356,India,F118,5110,5110.0,5110.0,2,2006,2012,5110.0,4242.047749510763
pooled_equal_year,356,India,F120,5517,5517.0,5517.0,2,2006,2012,5517.0,4646.874750770346
pooled_equal_year,356,India,G006,5887,5887.0,5887.0,2,2006,2012,5887.0,5132.889417360285
pooled_equal_year,356,India,Y002,5454,5454.0,5454.0,2,2006,2012,5454.0,4355.227722772277
pooled_equal_year,360,Indonesia,A008,5187,5186.377834,7501.3298899836445,2,2006,2018,3585.8328365112307,3838.8617945131305
pooled_equal_year,360,Indonesia,A165,4974,4974.491032,7290.702188392713,2,2006,2018,3394.125886371414,3629.1236686629054
pooled_equal_year,360,Indonesia,E018,4933,4938.456422,7241.10924341146,2,2006,2018,3368.0408639302764,3603.0262888176394
pooled_equal_year,360,Indonesia,E025,4941,4936.145968000001,7230.800834735503,2,2006,2018,3369.687199840284,3601.47236865951
pooled_equal_year,360,Indonesia,F063,5174,5173.999966,7489.961202209066,2,2006,2018,3574.154114479587,3826.822100276864
pooled_equal_year,360,Indonesia,F118,5164,5160.112974,7462.823529882008,2,2006,2018,3567.9211491235824,3819.4514510434688
pooled_equal_year,360,Indonesia,F120,5174,5173.827836,7488.940012458048,2,2006,2018,3574.4036448467145,3827.3864824448337
pooled_equal_year,360,Indonesia,G006,5189,5188.475001000001,7501.298389012825,2,2006,2018,3588.7484325956375,3841.719438116435
pooled_equal_year,360,Indonesia,Y002,5009,5000.870853,7277.402306878257,2,2006,2018,3436.4884932564332,3679.1164778097386
pooled_equal_year,364,Iran,A008,4131,4131.0,4131.0,2,2007,2020,4131.0,3818.056644880174
pooled_equal_year,364,Iran,A165,4143,4143.0,4143.0,2,2007,2020,4143.0,3823.231474776732
pooled_equal_year,364,Iran,E018,4110,4110.0,4110.0,2,2007,2020,4110.0,3796.010705596107
pooled_equal_year,364,Iran,E025,1475,1475.0,1475.0,1,2020,2020,1475.0,1475.0
pooled_equal_year,364,Iran,F063,4153,4153.0,4153.0,2,2007,2020,4153.0,3830.666987719721
pooled_equal_year,364,Iran,F118,4123,4123.0,4123.0,2,2007,2020,4123.0,3806.13145767645
pooled_equal_year,364,Iran,F120,4146,4146.0,4146.0,2,2007,2020,4146.0,3822.5643994211287
pooled_equal_year,364,Iran,G006,4138,4138.0,4138.0,2,2007,2020,4138.0,3802.648622522958
pooled_equal_year,364,Iran,Y002,4070,4070.0,4070.0,2,2007,2020,4070.0,3772.702702702703
pooled_equal_year,368,Iraq,A008,5006,5006.0,5006.0,3,2006,2018,5006.0,4351.411543397073
pooled_equal_year,368,Iraq,A165,4855,4855.0,4855.0,3,2006,2018,4855.0,4222.819103181474
pooled_equal_year,368,Iraq,E018,4625,4625.0,4625.0,3,2006,2018,4625.0,4187.515159227165
pooled_equal_year,368,Iraq,E025,4529,4529.0,4529.0,3,2006,2018,4529.0,4132.283536554257
pooled_equal_year,368,Iraq,F063,3809,3809.0,3809.0,2,2006,2013,3809.0,3287.7920714098186
pooled_equal_year,368,Iraq,F118,1987,1987.0,1987.0,2,2013,2018,1987.0,1936.426774031203
pooled_equal_year,368,Iraq,F120,4968,4968.0,4968.0,3,2006,2018,4968.0,4328.099322623187
pooled_equal_year,368,Iraq,G006,5024,5024.0,5024.0,3,2006,2018,5024.0,4357.908355013082
pooled_equal_year,368,Iraq,Y002,4857,4857.0,4857.0,3,2006,2018,4857.0,4300.075429467962
pooled_equal_year,372,Ireland,A008,979,978.8814773554366,1083.3636828805547,1,2008,2008,884.4757876337346,884.4757876337347
pooled_equal_year,372,Ireland,A165,954,952.0962321302748,1051.649587476329,1,2008,2008,861.9669955008368,861.9669955008367
pooled_equal_year,372,Ireland,E018,851,846.5174420855834,930.4637969042456,1,2008,2008,770.1447193746797,770.1447193746797
pooled_equal_year,372,Ireland,E025,938,932.7179824434932,1025.4565957927662,1,2008,2008,848.3663163733462,848.3663163733462
pooled_equal_year,372,Ireland,F063,940,937.7650681391718,1035.2900050577375,1,2008,2008,849.4270385359526,849.4270385359526
pooled_equal_year,372,Ireland,F118,907,913.8816497537284,1018.5036791031848,1,2008,2008,820.0065320254816,820.0065320254816
pooled_equal_year,372,Ireland,F120,923,920.9780007290904,1016.5828464831244,1,2008,2008,834.364342032042,834.364342032042
pooled_equal_year,372,Ireland,G006,910,904.6793837523646,995.75199258751,1,2008,2008,821.9363792180717,821.9363792180717
pooled_equal_year,372,Ireland,Y002,936,937.4427294502804,1038.782705943918,1,2008,2008,845.9891235873506,845.9891235873506
pooled_equal_year,380,Italy,A008,4770,4775.304142022866,5168.0894015843605,3,2005,2018,4412.371357552357,4109.787402802158
pooled_equal_year,380,Italy,A165,4639,4641.243731058303,5023.256031589814,3,2005,2018,4288.282985303145,3956.2998406088777
pooled_equal_year,380,Italy,E018,4474,4477.563857896333,4847.263776455626,3,2005,2018,4136.060884270514,3849.9184082533993
pooled_equal_year,380,Italy,E025,4562,4545.563685146203,4893.780643763488,3,2005,2018,4222.124103999483,3954.939076234454
pooled_equal_year,380,Italy,F063,4690,4689.335431385023,5066.933719942726,3,2005,2018,4339.876541406885,4047.001265420407
pooled_equal_year,380,Italy,F118,3081,3078.9975803195093,3394.647565081271,2,2005,2018,2792.698186736928,2487.4436027879497
pooled_equal_year,380,Italy,F120,4590,4593.712804213663,4977.053455383104,3,2005,2018,4239.897665710771,3946.379155422026
pooled_equal_year,380,Italy,G006,4677,4676.226742127062,5055.566671314584,3,2005,2018,4325.350245672506,4030.591333794899
pooled_equal_year,380,Italy,Y002,4539,4540.722568813778,4913.357730464845,3,2005,2018,4196.348521316428,3921.07553774451
pooled_equal_year,392,Japan,A008,4756,4756.0,4756.0,3,2005,2019,4756.0,4253.25268789509
pooled_equal_year,392,Japan,A165,4572,4572.0,4572.0,3,2005,2019,4572.0,4096.867989028789
pooled_equal_year,392,Japan,E018,4795,4795.0,4795.0,3,2005,2019,4795.0,4286.990109324731
pooled_equal_year,392,Japan,E025,4242,4242.0,4242.0,3,2005,2019,4242.0,3888.743694879204
pooled_equal_year,392,Japan,F063,4405,4405.0,4405.0,3,2005,2019,4405.0,3987.175029986532
pooled_equal_year,392,Japan,F118,4194,4194.0,4194.0,3,2005,2019,4194.0,3836.9578938912287
pooled_equal_year,392,Japan,F120,4357,4357.0,4357.0,3,2005,2019,4357.0,3983.655266607664
pooled_equal_year,392,Japan,G006,4545,4545.0,4545.0,3,2005,2019,4545.0,4094.024854004546
pooled_equal_year,392,Japan,Y002,3990,3990.0,3990.0,3,2005,2019,3990.0,3626.1480597176537
pooled_equal_year,398,Kazakhstan,A008,2711,2711.125948,2784.8971488497536,2,2011,2018,2639.308927065674,2622.682151912444
pooled_equal_year,398,Kazakhstan,A165,2718,2718.125948,2791.8971488497536,2,2011,2018,2646.3040274369705,2630.8685229166035
pooled_equal_year,398,Kazakhstan,E018,2656,2656.125948,2729.8971488497536,2,2011,2018,2584.348298474005,2556.8184298410188
pooled_equal_year,398,Kazakhstan,E025,2674,2674.125948,2747.8971488497536,2,2011,2018,2602.3352397888057,2578.6801305678787
pooled_equal_year,398,Kazakhstan,F063,2734,2734.125948,2807.8971488497536,2,2011,2018,2662.2929200199483,2649.418666692512
pooled_equal_year,398,Kazakhstan,F118,2651,2651.125948,2724.8971488497536,2,2011,2018,2579.351956504409,2550.6916158135064
pooled_equal_year,398,Kazakhstan,F120,2633,2633.125948,2706.8971488497536,2,2011,2018,2561.3652373076307,2528.437138646062
pooled_equal_year,398,Kazakhstan,G006,2744,2743.892344,2817.002214051902,2,2011,2018,2672.679899896982,2662.846743087294
pooled_equal_year,398,Kazakhstan,Y002,2680,2680.125948,2753.8971488497536,2,2011,2018,2608.3309248288815,2585.900350285608
pooled_equal_year,400,Jordan,A008,3598,3598.7607209999996,4032.613077357155,3,2007,2018,3211.584766148742,3211.6845139113234
pooled_equal_year,400,Jordan,A165,3587,3588.344076,4021.2002875960097,3,2007,2018,3202.0820369188987,3199.8805602806997
pooled_equal_year,400,Jordan,E018,3550,3550.7471619999997,3979.82142378166,3,2007,2018,3167.9324436801007,3160.855691942554
pooled_equal_year,400,Jordan,E025,3519,3517.78292,3948.297197545814,3,2007,2018,3134.2110416449054,3137.981145403698
pooled_equal_year,400,Jordan,F063,3587,3586.761766,4018.1820468792976,3,2007,2018,3201.6618002738014,3198.253935883822
pooled_equal_year,400,Jordan,F118,3570,3570.915085,4005.081763025923,3,2007,2018,3183.813789271204,3187.489750638067
pooled_equal_year,400,Jordan,F120,3582,3583.463833,4018.194868537793,3,2007,2018,3195.7666222126063,3194.001085986118
pooled_equal_year,400,Jordan,G006,3580,3579.2293179999997,4009.859803326652,3,2007,2018,3194.845490658453,3193.1944568815434
pooled_equal_year,400,Jordan,Y002,3557,3555.137229,3963.7474030877743,3,2007,2018,3188.6493844627857,3182.987138312656
pooled_equal_year,404,Kenya,A008,1253,1253.0,1253.0,1,2021,2021,1253.0,1253.0
pooled_equal_year,404,Kenya,A165,1252,1252.0,1252.0,1,2021,2021,1252.0,1252.0
pooled_equal_year,404,Kenya,E018,1250,1250.0,1250.0,1,2021,2021,1250.0,1250.0
pooled_equal_year,404,Kenya,E025,1189,1189.0,1189.0,1,2021,2021,1189.0,1189.0
pooled_equal_year,404,Kenya,F063,1259,1259.0,1259.0,1,2021,2021,1259.0,1259.0
pooled_equal_year,404,Kenya,F118,1215,1215.0,1215.0,1,2021,2021,1215.0,1215.0
pooled_equal_year,404,Kenya,F120,1224,1224.0,1224.0,1,2021,2021,1224.0,1224.0
pooled_equal_year,404,Kenya,G006,1250,1250.0,1250.0,1,2021,2021,1250.0,1250.0
pooled_equal_year,404,Kenya,Y002,1237,1237.0,1237.0,1,2021,2021,1237.0,1237.0
pooled_equal_year,410,South Korea,A008,3644,3644.0685,5732.381421313785,3,2005,2018,2316.530296347383,2294.874300649652
pooled_equal_year,410,South Korea,A165,3622,3628.487307,5714.890445647963,3,2005,2018,2303.7922182893813,2277.9510923237417
pooled_equal_year,410,South Korea,E018,3634,3625.56546,5671.572812508248,3,2005,2018,2317.650736274647,2292.4113610323916
pooled_equal_year,410,South Korea,E025,3629,3630.628484,5711.225086591917,3,2005,2018,2307.992241415575,2283.472635788103
pooled_equal_year,410,South Korea,F063,3635,3635.593607,5717.636284842914,3,2005,2018,2311.714179913494,2288.374506122756
pooled_equal_year,410,South Korea,F118,3637,3636.990611,5722.160135510399,3,2005,2018,2311.6620980972048,2288.6208849674094
pooled_equal_year,410,South Korea,F120,3642,3640.6619930000006,5725.388091022736,3,2005,2018,2315.025555744829,2292.7181123879427
pooled_equal_year,410,South Korea,G006,3618,3619.486724,5696.914797212763,3,2005,2018,2299.6103349872487,2272.9155464967153
pooled_equal_year,410,South Korea,Y002,3618,3613.477368,5654.040749049078,3,2005,2018,2309.360556208271,2281.458163069382
pooled_equal_year,417,Kyrgyzstan,A008,2697,2695.67605,3005.820934563064,2,2011,2020,2417.5323562978347,2327.310509463353
pooled_equal_year,417,Kyrgyzstan,A165,2620,2620.2824490000003,2930.054394905685,2,2011,2020,2343.2602904829155,2275.204568463918
pooled_equal_year,417,Kyrgyzstan,E018,2653,2653.176506,2956.846731239556,2,2011,2020,2380.693425066156,2281.4247825398215
pooled_equal_year,417,Kyrgyzstan,E025,2660,2657.039679,2958.323774722019,2,2011,2020,2386.4392113212175,2277.915203766398
pooled_equal_year,417,Kyrgyzstan,F063,2693,2693.256949,3005.9340364842533,2,2011,2020,2413.104514369402,2323.116773255083
pooled_equal_year,417,Kyrgyzstan,F118,2630,2628.137027,2919.406237292253,2,2011,2020,2365.9277508068662,2250.32993953391
pooled_equal_year,417,Kyrgyzstan,F120,2644,2640.388886,2942.588280183314,2,2011,2020,2369.22491544689,2257.8506128657737
pooled_equal_year,417,Kyrgyzstan,G006,2666,2667.21896,2980.547715605336,2,2011,2020,2386.828750748132,2305.0128044571543
pooled_equal_year,417,Kyrgyzstan,Y002,2589,2585.027364,2882.806721960948,2,2011,2020,2318.007108046181,2216.4455947580673
pooled_equal_year,422,Lebanon,A008,2394,2394.0,2394.0,2,2013,2018,2394.0,2393.984962406015
pooled_equal_year,422,Lebanon,A165,2282,2282.0,2282.0,2,2013,2018,2282.0,2275.89833479404
pooled_equal_year,422,Lebanon,E018,2352,2352.0,2352.0,2,2013,2018,2352.0,2351.891156462585
pooled_equal_year,422,Lebanon,E025,2294,2294.0,2294.0,2,2013,2018,2294.0,2291.482127288579
pooled_equal_year,422,Lebanon,F063,2384,2384.0,2384.0,2,2013,2018,2384.0,2383.892617449664
pooled_equal_year,422,Lebanon,F118,2392,2392.0,2392.0,2,2013,2018,2392.0,2391.973244147157
pooled_equal_year,422,Lebanon,F120,2400,2400.0,2400.0,2,2013,2018,2400.0,2400.0
pooled_equal_year,422,Lebanon,G006,2381,2381.0,2381.0,2,2013,2018,2381.0,2380.8483830323394
pooled_equal_year,422,Lebanon,Y002,2290,2290.0,2290.0,2,2013,2018,2290.0,2284.71615720524
pooled_equal_year,428,Latvia,A008,2799,2795.7532723840854,2992.039497783898,2,2008,2021,2612.343976687321,2594.4274559010264
pooled_equal_year,428,Latvia,A165,2755,2754.579799557088,2952.0764034777926,2,2008,2021,2570.29589857126,2552.7312989332504
pooled_equal_year,428,Latvia,E018,2352,2357.595895475283,2535.839495088087,2,2008,2021,2191.8809992226365,2188.7004762836054
pooled_equal_year,428,Latvia,E025,2682,2679.30961461333,2868.2707882642285,2,2008,2021,2502.79716975527,2496.2681875109074
pooled_equal_year,428,Latvia,F063,2741,2736.606474293843,2927.6240310272883,2,2008,2021,2558.0521664590656,2541.774540938965
pooled_equal_year,428,Latvia,F118,2642,2640.7762526613287,2827.033678019867,2,2008,2021,2466.790286525551,2446.977335955877
pooled_equal_year,428,Latvia,F120,2635,2621.206545074701,2793.6265460573823,2,2008,2021,2459.42814426611,2435.170005686093
pooled_equal_year,428,Latvia,G006,2404,2407.602710212097,2592.4226690691194,2,2008,2021,2235.959004440447,2236.443293027301
pooled_equal_year,428,Latvia,Y002,2744,2743.733249135422,2940.8039873542616,2,2008,2021,2559.8687212009536,2539.5950777409257
pooled_equal_year,434,Libya,A008,3302,3302.659147,6149.276864619756,2,2014,2022,1773.7951439493756,2049.6264463012244
pooled_equal_year,434,Libya,A165,3184,3181.8233870000004,5772.117590388597,2,2014,2022,1753.9490330061994,2007.3192862833544
pooled_equal_year,434,Libya,E018,3218,3233.990738,6077.679657786945,2,2014,2022,1720.8370105636811,1994.4238875458236
pooled_equal_year,434,Libya,E025,3062,3060.4749359999996,5837.786426830302,2,2014,2022,1604.4620595977956,1862.243053271208
pooled_equal_year,434,Libya,F063,3311,3298.826476,5912.745092951725,2,2014,2022,1840.474423923796,2102.7094516481357
pooled_equal_year,434,Libya,F118,3068,3065.598544,5465.627984169736,2,2014,2022,1719.4537316104072,1960.1730633288755
pooled_equal_year,434,Libya,F120,3178,3176.515576,5780.47301699305,2,2014,2022,1745.5753490947818,2004.920892602759
pooled_equal_year,434,Libya,G006,3270,3260.6224549999997,5856.579666492342,2,2014,2022,1815.3358102303089,2073.5027515095317
pooled_equal_year,434,Libya,Y002,3191,3206.52906,6004.154853750686,2,2014,2022,1712.4522706474854,1979.232593652631
pooled_equal_year,440,Lithuania,A008,2708,2714.2527620490023,2900.954416233664,2,2008,2018,2539.566983563809,2530.788328670575
pooled_equal_year,440,Lithuania,A165,2799,2798.085644361393,2984.679152794529,2,2008,2018,2623.157422415345,2623.170292287795
pooled_equal_year,440,Lithuania,E018,2430,2420.666424709307,2572.43253402026,2,2008,2018,2277.8540786674685,2277.979375573148
pooled_equal_year,440,Lithuania,E025,2338,2334.0418704051863,2487.6174939168895,2,2008,2018,2189.9473959023976,2172.243853780397
pooled_equal_year,440,Lithuania,F063,2722,2718.8467500878087,2898.822949152292,2,2008,2018,2550.0445457093997,2549.687624573073
pooled_equal_year,440,Lithuania,F118,2680,2680.287217806748,2861.9824221846757,2,2008,2018,2510.1270763411694,2509.503595880732
pooled_equal_year,440,Lithuania,F120,2637,2644.4271211542464,2827.0276850656496,2,2008,2018,2473.6209114746407,2473.6511865141924
pooled_equal_year,440,Lithuania,G006,2640,2640.373515622887,2816.746463795426,2,2008,2018,2475.0443078958974,2475.2135234019484
pooled_equal_year,440,Lithuania,Y002,2852,2850.7077071068425,3040.3737342874288,2,2008,2018,2672.8735154209467,2670.161781914909
pooled_equal_year,442,Luxembourg,A008,1605,1603.731813615333,2007.5788669171716,1,2008,2008,1281.1231341319149,1281.1231341319149
pooled_equal_year,442,Luxembourg,A165,1528,1532.309938766135,1921.1067225431143,1,2008,2008,1222.1984967775688,1222.1984967775688
pooled_equal_year,442,Luxembourg,E018,1521,1507.8290565327752,1870.8153489386057,1,2008,2008,1215.2714403451955,1215.2714403451955
pooled_equal_year,442,Luxembourg,E025,1586,1590.862828868631,1997.15327395594,1,2008,2008,1267.225992756596,1267.225992756596
pooled_equal_year,442,Luxembourg,F063,1583,1584.7572275367083,1988.3639898626593,1,2008,2008,1263.0763195441425,1263.0763195441425
pooled_equal_year,442,Luxembourg,F118,1536,1526.7814099469108,1903.005487942256,1,2008,2008,1224.936811023117,1224.936811023117
pooled_equal_year,442,Luxembourg,F120,1564,1561.706463993899,1960.2674280482192,1,2008,2008,1244.1807912447412,1244.1807912447412
pooled_equal_year,442,Luxembourg,G006,739,783.0421215650701,1040.3951392579402,1,2008,2008,589.348163028191,589.348163028191
pooled_equal_year,442,Luxembourg,Y002,1563,1559.3920603861047,1954.07046080799,1,2008,2008,1244.4298436350823,1244.4298436350823
pooled_equal_year,446,Macau SAR,A008,1023,1023.0,1023.0,1,2019,2019,1023.0,1023.0
pooled_equal_year,446,Macau SAR,A165,968,968.0,968.0,1,2019,2019,968.0,968.0
pooled_equal_year,446,Macau SAR,E018,1016,1016.0,1016.0,1,2019,2019,1016.0,1016.0
pooled_equal_year,446,Macau SAR,E025,1021,1021.0,1021.0,1,2019,2019,1021.0,1021.0
pooled_equal_year,446,Macau SAR,F063,1022,1022.0,1022.0,1,2019,2019,1022.0,1022.0
pooled_equal_year,446,Macau SAR,F118,1021,1021.0,1021.0,1,2019,2019,1021.0,1021.0
pooled_equal_year,446,Macau SAR,F120,1022,1022.0,1022.0,1,2019,2019,1022.0,1022.0
pooled_equal_year,446,Macau SAR,G006,1003,1003.0,1003.0,1,2019,2019,1003.0,1003.0
pooled_equal_year,446,Macau SAR,Y002,979,979.0,979.0,1,2019,2019,979.0,979.0
pooled_equal_year,458,Malaysia,A008,3814,3814.0,3814.0,3,2006,2018,3814.0,3807.93638868691
pooled_equal_year,458,Malaysia,A165,3814,3814.0,3814.0,3,2006,2018,3814.0,3807.93638868691
pooled_equal_year,458,Malaysia,E018,3813,3813.0,3813.0,3,2006,2018,3813.0,3806.818791946309
pooled_equal_year,458,Malaysia,E025,3814,3814.0,3814.0,3,2006,2018,3814.0,3807.93638868691
pooled_equal_year,458,Malaysia,F063,3811,3811.0,3811.0,3,2006,2018,3811.0,3804.5799762428182
pooled_equal_year,458,Malaysia,F118,3814,3814.0,3814.0,3,2006,2018,3814.0,3807.93638868691
pooled_equal_year,458,Malaysia,F120,3812,3812.0,3812.0,3,2006,2018,3812.0,3805.6999884501433
pooled_equal_year,458,Malaysia,G006,3804,3804.0,3804.0,3,2006,2018,3804.0,3798.079438384617
pooled_equal_year,458,Malaysia,Y002,3789,3789.0,3789.0,3,2006,2018,3789.0,3781.719493347774
pooled_equal_year,462,Maldives,A008,1035,1035.0,1035.0,1,2021,2021,1035.0,1035.0
pooled_equal_year,462,Maldives,A165,1027,1027.0,1027.0,1,2021,2021,1027.0,1027.0
pooled_equal_year,462,Maldives,E018,1035,1035.0,1035.0,1,2021,2021,1035.0,1035.0
pooled_equal_year,462,Maldives,E025,1034,1034.0,1034.0,1,2021,2021,1034.0,1034.0
pooled_equal_year,462,Maldives,F063,1039,1039.0,1039.0,1,2021,2021,1039.0,1039.0
pooled_equal_year,462,Maldives,F118,1038,1038.0,1038.0,1,2021,2021,1038.0,1038.0
pooled_equal_year,462,Maldives,F120,1037,1037.0,1037.0,1,2021,2021,1037.0,1037.0
pooled_equal_year,462,Maldives,G006,1033,1033.0,1033.0,1,2021,2021,1033.0,1033.0
pooled_equal_year,462,Maldives,Y002,999,999.0,999.0,1,2021,2021,999.0,999.0
pooled_equal_year,466,Mali,A008,1516,1516.0,1516.0,1,2007,2007,1516.0,1516.0
pooled_equal_year,466,Mali,A165,1303,1303.0,1303.0,1,2007,2007,1303.0,1303.0
pooled_equal_year,466,Mali,E018,1408,1408.0,1408.0,1,2007,2007,1408.0,1408.0
pooled_equal_year,466,Mali,E025,1178,1178.0,1178.0,1,2007,2007,1178.0,1178.0
pooled_equal_year,466,Mali,F063,1466,1466.0,1466.0,1,2007,2007,1466.0,1466.0
pooled_equal_year,466,Mali,F118,1320,1320.0,1320.0,1,2007,2007,1320.0,1320.0
pooled_equal_year,466,Mali,F120,1333,1333.0,1333.0,1,2007,2007,1333.0,1333.0
pooled_equal_year,466,Mali,G006,1500,1500.0,1500.0,1,2007,2007,1500.0,1500.0
pooled_equal_year,466,Mali,Y002,1459,1459.0,1459.0,1,2007,2007,1459.0,1459.0
pooled_equal_year,470,Malta,A008,1496,1495.5732464544071,1720.913016311708,1,2008,2008,1299.7399138185351,1299.7399138185351
pooled_equal_year,470,Malta,A165,1422,1413.599813763551,1618.114733705761,1,2008,2008,1234.93371134195,1234.93371134195
pooled_equal_year,470,Malta,E018,1302,1314.6915246452702,1528.814748699031,1,2008,2008,1130.5580394517556,1130.5580394517556
pooled_equal_year,470,Malta,E025,1354,1352.84349744753,1557.8848631051496,1,2008,2008,1174.7886971173018,1174.7886971173018
pooled_equal_year,470,Malta,F063,1488,1485.2548583171647,1706.9124111607216,1,2008,2008,1292.3814835083692,1292.3814835083692
pooled_equal_year,470,Malta,F118,1295,1298.3834985366802,1495.3784022254065,1,2008,2008,1127.33988050353,1127.33988050353
pooled_equal_year,470,Malta,F120,1484,1482.6037671646031,1705.0861876074102,1,2008,2008,1289.15121498643,1289.15121498643
pooled_equal_year,470,Malta,G006,1459,1454.30876622323,1668.5428378953384,1,2008,2008,1267.5814725749349,1267.5814725749349
pooled_equal_year,470,Malta,Y002,1443,1444.1135761039,1664.512106535904,1,2008,2008,1252.898078961861,1252.898078961861
pooled_equal_year,484,Mexico,A008,5295,5295.144054,5363.851688524843,3,2005,2018,5227.316521930657,5170.929053490607
pooled_equal_year,484,Mexico,A165,5282,5282.338664,5351.171837484104,3,2005,2018,5214.39090513456,5157.482470532632
pooled_equal_year,484,Mexico,E018,5232,5232.767046,5301.755242585357,3,2005,2018,5164.676546696077,5102.258444254316
pooled_equal_year,484,Mexico,E025,5206,5206.409267,5275.2133779552605,3,2005,2018,5138.502561579865,5067.5237751634495
pooled_equal_year,484,Mexico,F063,5287,5287.195933,5355.915159381709,3,2005,2018,5219.358410665867,5161.956838552222
pooled_equal_year,484,Mexico,F118,5096,5097.402921,5165.704791369227,3,2005,2018,5030.004150146589,4954.446130339562
pooled_equal_year,484,Mexico,F120,5188,5187.753041,5255.388397058919,3,2005,2018,5120.988132764077,5047.270877323694
pooled_equal_year,484,Mexico,G006,5296,5296.104515,5364.754221283757,3,2005,2018,5228.333279933833,5173.472646737248
pooled_equal_year,484,Mexico,Y002,5212,5211.963985,5280.368730177319,3,2005,2018,5144.445391794614,5083.095750532986
pooled_equal_year,496,Mongolia,A008,1638,1637.9997089999997,1820.7947132848851,1,2020,2020,1473.5560396282242,1473.5560396282242
pooled_equal_year,496,Mongolia,A165,1633,1633.594215,1816.4855267853932,1,2020,2020,1469.1171605446814,1469.1171605446812
pooled_equal_year,496,Mongolia,E018,1632,1632.938567,1816.171514610875,1,2020,2020,1468.1919312930772,1468.1919312930772
pooled_equal_year,496,Mongolia,E025,1638,1637.9997089999997,1820.7947132848851,1,2020,2020,1473.5560396282242,1473.5560396282242
pooled_equal_year,496,Mongolia,F063,1636,1635.147128,1816.722964060604,1,2020,2020,1471.7192346325494,1471.7192346325494
pooled_equal_year,496,Mongolia,F118,1638,1637.9997089999997,1820.7947132848851,1,2020,2020,1473.5560396282242,1473.5560396282242
pooled_equal_year,496,Mongolia,F120,1638,1637.9997089999997,1820.7947132848851,1,2020,2020,1473.5560396282242,1473.5560396282242
pooled_equal_year,496,Mongolia,G006,1608,1615.952859,1804.592593454139,1,2020,2020,1447.0322287603008,1447.0322287603008
pooled_equal_year,496,Mongolia,Y002,1638,1637.9997089999997,1820.7947132848851,1,2020,2020,1473.5560396282242,1473.5560396282242
pooled_equal_year,498,Moldova,A008,2552,2550.1585866061455,2606.392220915538,2,2006,2008,2495.1382085374166,2408.940207515805
pooled_equal_year,498,Moldova,A165,2530,2530.7014747158455,2588.367475033874,2,2006,2008,2474.320209901857,2405.531454962953
pooled_equal_year,498,Moldova,E018,2279,2286.0156805135966,2340.969377424505,2,2006,2008,2232.352008510019,2212.5679967648516
pooled_equal_year,498,Moldova,E025,2395,2397.4417970018453,2451.3137674359236,2,2006,2008,2344.7537587257,2304.7312938228083
pooled_equal_year,498,Moldova,F063,2557,2556.1132035586597,2612.929982736877,2,2006,2008,2500.531875164625,2430.3731257351424
pooled_equal_year,498,Moldova,F118,2418,2429.5689978923556,2494.551770808202,2,2006,2008,2366.279018377411,2291.649433391409
pooled_equal_year,498,Moldova,F120,2513,2515.344574749833,2574.293025741347,2,2006,2008,2457.7459778112775,2385.2904452909684
pooled_equal_year,498,Moldova,G006,2462,2466.4004948080733,2524.9144104280745,2,2006,2008,2409.242616567812,2365.5040425599045
pooled_equal_year,498,Moldova,Y002,2519,2519.134909346189,2575.5366086412987,2,2006,2008,2463.968351369864,2395.655465038827
pooled_equal_year,499,Montenegro,A008,2499,2497.5893651568786,2866.5098238969817,2,2008,2019,2176.149052391638,1975.37492514925
pooled_equal_year,499,Montenegro,A165,2422,2420.675968990705,2780.448118706123,2,2008,2019,2107.4560274751243,1930.7342929575457
pooled_equal_year,499,Montenegro,E018,2151,2149.4152433688664,2475.321721208339,2,2008,2019,1866.4183523470144,1685.2226202964252
pooled_equal_year,499,Montenegro,E025,2346,2351.520942948029,2720.690595932116,2,2008,2019,2032.443804301354,1879.5407481123004
pooled_equal_year,499,Montenegro,F063,2405,2409.044773020916,2783.964488395308,2,2008,2019,2084.615929050361,1923.1809001546908
pooled_equal_year,499,Montenegro,F118,2439,2440.4306284559666,2811.9831119666496,2,2008,2019,2117.9720557214423,1934.3255693864169
pooled_equal_year,499,Montenegro,F120,2449,2454.6548035489905,2831.975745155235,2,2008,2019,2127.6065710993066,1945.8798346671072
pooled_equal_year,499,Montenegro,G006,2347,2341.3241304195553,2675.8231776282314,2,2008,2019,2048.640108029779,1871.5398064891765
pooled_equal_year,499,Montenegro,Y002,2316,2319.792302895544,2680.774525491262,2,2008,2019,2007.418482010247,1836.9393156273427
pooled_equal_year,504,Morocco,A008,3596,3596.0,3596.0,3,2007,2021,3596.0,3595.996105236564
pooled_equal_year,504,Morocco,A165,3558,3558.0,3558.0,3,2007,2021,3558.0,3557.7466971685003
pooled_equal_year,504,Morocco,E018,3254,3254.0,3254.0,3,2007,2021,3254.0,3230.7180482395343
pooled_equal_year,504,Morocco,E025,3363,3363.0,3363.0,3,2007,2021,3363.0,3353.544390549708
pooled_equal_year,504,Morocco,F063,3592,3592.0,3592.0,3,2007,2021,3592.0,3591.989425260096
pooled_equal_year,504,Morocco,F118,2309,2309.0,2309.0,2,2011,2021,2309.0,2305.413598960589
pooled_equal_year,504,Morocco,F120,3466,3466.0,3466.0,3,2007,2021,3466.0,3462.219626991367
pooled_equal_year,504,Morocco,G006,3588,3588.0,3588.0,3,2007,2021,3588.0,3587.937950382771
pooled_equal_year,504,Morocco,Y002,3336,3336.0,3336.0,3,2007,2021,3336.0,3312.913375609099
pooled_equal_year,528,Netherlands,A008,8906,8909.93348738697,9975.030555840109,5,2006,2022,7958.563565820944,7169.519549755093
pooled_equal_year,528,Netherlands,A165,8692,8693.886445459926,9736.703564290938,5,2006,2022,7762.756771578483,6952.9998208409625
pooled_equal_year,528,Netherlands,E018,8429,8433.746742540596,9453.776677381533,5,2006,2022,7523.774523624022,6849.626876607997
pooled_equal_year,528,Netherlands,E025,8672,8672.697775554276,9696.354577607906,5,2006,2022,7757.109757496081,6903.530623999505
pooled_equal_year,528,Netherlands,F063,8659,8666.166853666642,9718.03987899993,5,2006,2022,7728.147740768385,6984.654346213981
pooled_equal_year,528,Netherlands,F118,8514,8509.542877666445,9532.537741943492,5,2006,2022,7596.331842278162,6898.990365121406
pooled_equal_year,528,Netherlands,F120,8562,8555.821473624706,9582.222049374115,5,2006,2022,7639.363887765366,6917.200280731671
pooled_equal_year,528,Netherlands,G006,8407,8396.841889039104,9382.936781335797,5,2006,2022,7514.38012987274,6800.0407597835565
pooled_equal_year,528,Netherlands,Y002,8582,8586.00318690747,9626.543722146958,5,2006,2022,7657.935480621696,6939.481112489939
pooled_equal_year,554,New Zealand,A008,1833,1833.0,1833.0,2,2011,2020,1833.0,1812.255319148936
pooled_equal_year,554,New Zealand,A165,1824,1824.0,1824.0,2,2011,2020,1824.0,1805.032894736842
pooled_equal_year,554,New Zealand,E018,1814,1814.0,1814.0,2,2011,2020,1814.0,1794.0992282249176
pooled_equal_year,554,New Zealand,E025,1822,1822.0,1822.0,2,2011,2020,1822.0,1794.4610318331506
pooled_equal_year,554,New Zealand,F063,1802,1802.0,1802.0,2,2011,2020,1802.0,1782.3862375138735
pooled_equal_year,554,New Zealand,F118,1671,1671.0,1671.0,2,2011,2020,1671.0,1652.2513464991025
pooled_equal_year,554,New Zealand,F120,1771,1771.0,1771.0,2,2011,2020,1771.0,1749.529079616036
pooled_equal_year,554,New Zealand,G006,1753,1753.0,1753.0,2,2011,2020,1753.0,1731.308613804906
pooled_equal_year,554,New Zealand,Y002,1276,1276.0,1276.0,2,2011,2020,1276.0,1262.7554858934168
pooled_equal_year,558,Nicaragua,A008,1200,1200.0,1200.0,1,2020,2020,1200.0,1200.0
pooled_equal_year,558,Nicaragua,A165,1200,1200.0,1200.0,1,2020,2020,1200.0,1200.0
pooled_equal_year,558,Nicaragua,E018,1200,1200.0,1200.0,1,2020,2020,1200.0,1200.0
pooled_equal_year,558,Nicaragua,E025,1200,1200.0,1200.0,1,2020,2020,1200.0,1200.0
pooled_equal_year,558,Nicaragua,F063,1200,1200.0,1200.0,1,2020,2020,1200.0,1200.0
pooled_equal_year,558,Nicaragua,F118,1200,1200.0,1200.0,1,2020,2020,1200.0,1200.0
pooled_equal_year,558,Nicaragua,F120,1200,1200.0,1200.0,1,2020,2020,1200.0,1200.0
pooled_equal_year,558,Nicaragua,G006,1200,1200.0,1200.0,1,2020,2020,1200.0,1200.0
pooled_equal_year,558,Nicaragua,Y002,1136,1136.0,1136.0,1,2020,2020,1136.0,1136.0
pooled_equal_year,566,Nigeria,A008,2992,2991.738686,3818.9194297725458,2,2012,2018,2343.725896789108,2409.3547706242794
pooled_equal_year,566,Nigeria,A165,2989,2988.839868,3816.1812345830313,2,2012,2018,2340.864651707854,2406.252832641487
pooled_equal_year,566,Nigeria,E018,2993,2993.300477,3821.128006688704,2,2012,2018,2344.81748057763,2410.323474828336
pooled_equal_year,566,Nigeria,E025,2935,2933.627844,3758.355256982043,2,2012,2018,2289.877283714483,2351.3252757651985
pooled_equal_year,566,Nigeria,F063,2996,2996.081028,3823.857447681373,2,2012,2018,2347.498997846929,2413.1910730353065
pooled_equal_year,566,Nigeria,F118,2995,2995.198375,3823.078371362965,2,2012,2018,2346.594140680489,2412.198359254191
pooled_equal_year,566,Nigeria,F120,2988,2988.562905,3816.700600778144,2,2012,2018,2340.1123565524354,2405.208713536044
pooled_equal_year,566,Nigeria,G006,2994,2994.360692,3822.3748918972783,2,2012,2018,2345.713386931612,2411.392133558898
pooled_equal_year,566,Nigeria,Y002,2939,2940.1639860000005,3767.098185277933,2,2012,2018,2294.7541687007088,2356.066893918428
pooled_equal_year,578,Norway,A008,3229,3232.3926455711644,3436.3896093960134,3,2007,2018,3040.505705922844,3044.5367851271985
pooled_equal_year,578,Norway,A165,3196,3200.723117351087,3402.9782269854186,3,2007,2018,3010.488986590144,3013.92615372907
pooled_equal_year,578,Norway,E018,3174,3175.629508367053,3372.155731946266,3,2007,2018,2990.556657533474,2994.5250172021974
pooled_equal_year,578,Norway,E025,3221,3224.5121443051844,3428.344063300031,3,2007,2018,3032.7990355680017,3036.8189168535355
pooled_equal_year,578,Norway,F063,3216,3219.7710715784765,3423.9779563582233,3,2007,2018,3027.743135472746,3031.8439751463047
pooled_equal_year,578,Norway,F118,3177,3178.35852029736,3376.447621667194,3,2007,2018,2991.8908911013286,2995.638846165085
pooled_equal_year,578,Norway,F120,3202,3206.045796395513,3410.376102446907,3,2007,2018,3013.9577981473844,3017.987484067673
pooled_equal_year,578,Norway,G006,3032,3032.1548619082905,3219.658560364005,3,2007,2018,2855.57084213136,2858.7560983126523
pooled_equal_year,578,Norway,Y002,3198,3199.9219609940737,3400.3085314667915,3,2007,2018,3011.3445476181964,3015.0421766233435
pooled_equal_year,586,Pakistan,A008,3191,3190.725162,3263.240994655176,2,2012,2018,3119.8207782063355,2883.460783997568
pooled_equal_year,586,Pakistan,A165,3133,3131.158026,3200.21397147209,2,2012,2018,3063.592207015562,2806.499572287132
pooled_equal_year,586,Pakistan,E018,3047,3044.49127,3113.4516093103543,2,2012,2018,2977.0583443110995,2731.0076457688624
pooled_equal_year,586,Pakistan,E025,2949,2948.689198,3021.1420897652324,2,2012,2018,2877.9738681796125,2738.373345274795
pooled_equal_year,586,Pakistan,F063,3179,3178.999696,3251.8286433668777,2,2012,2018,3107.8018479794505,2879.324063413563
pooled_equal_year,586,Pakistan,F118,3111,3110.999696,3183.8286433668777,2,2012,2018,3039.8366848905957,2842.533321040009
pooled_equal_year,586,Pakistan,F120,3069,3068.999696,3141.8286433668777,2,2012,2018,2997.858955144882,2818.976518947051
pooled_equal_year,586,Pakistan,G006,3156,3154.922001,3226.164669340867,2,2012,2018,3085.252568470857,2848.055318371543
pooled_equal_year,586,Pakistan,Y002,3036,3035.817531,3108.433012135837,2,2012,2018,2964.8984055777987,2792.3675459025503
pooled_equal_year,604,Peru,A008,4090,4088.277939,4374.973546867816,3,2006,2018,3820.3697296593223,3801.783450713589
pooled_equal_year,604,Peru,A165,4071,4071.626021,4359.658387485086,3,2006,2018,3802.6232749047026,3786.833915426839
pooled_equal_year,604,Peru,E018,3992,3992.554204,4277.799567336064,3,2006,2018,3726.3291140601,3704.002623574542
pooled_equal_year,604,Peru,E025,3921,3924.871256,4205.855354958338,3,2006,2018,3662.659096921704,3635.6901985557224
pooled_equal_year,604,Peru,F063,4089,4086.519037999999,4372.522723077937,3,2006,2018,3819.222656018838,3804.140611743716
pooled_equal_year,604,Peru,F118,2458,2466.670114,2722.7467918289894,2,2012,2018,2234.677667993347,2248.510747328614
pooled_equal_year,604,Peru,F120,2541,2543.390987,2801.298744457873,2,2012,2018,2309.228076994954,2323.0353019509
pooled_equal_year,604,Peru,G006,2598,2598.257437,2858.1941461514225,2,2012,2018,2361.9605120302963,2375.954934912462
pooled_equal_year,604,Peru,Y002,3916,3914.607281000001,4195.38186945369,3,2006,2018,3652.6234419880543,3637.2776891242434
pooled_equal_year,608,Philippines,A008,2399,2398.2129760000003,2899.69280655022,2,2012,2019,1983.4602704337085,1983.4298291099544
pooled_equal_year,608,Philippines,A165,2393,2392.2155410000005,2892.0885456196984,2,2012,2019,1978.7413505265629,1978.80827271915
pooled_equal_year,608,Philippines,E018,2400,2400.0,2902.886261326793,2,2012,2019,1984.2320647338536,1984.2320647338536
pooled_equal_year,608,Philippines,E025,2393,2394.025675,2897.672095189564,2,2012,2019,1977.918392517171,1978.0007816442276
pooled_equal_year,608,Philippines,F063,2399,2399.237105,2902.3042525457704,2,2012,2019,1983.368449727344,1983.3551438394777
pooled_equal_year,608,Philippines,F118,2399,2399.072076,2902.025218377021,2,2012,2019,1983.2862889667729,1983.301616359095
pooled_equal_year,608,Philippines,F120,2398,2398.856254,2902.232183870539,2,2012,2019,1982.7880620083447,1982.8065597996551
pooled_equal_year,608,Philippines,G006,2398,2398.309181,2901.4432095959987,2,2012,2019,1982.422715924808,1982.4255175038377
pooled_equal_year,608,Philippines,Y002,2381,2383.614971,2885.721885376394,2,2012,2019,1968.8731470511264,1969.034745914878
pooled_equal_year,616,Poland,A008,4699,4703.711878883152,5169.268945044871,4,2005,2017,4280.08402634087,4140.47668360038
pooled_equal_year,616,Poland,A165,4598,4601.082038423077,5056.568463024072,4,2005,2017,4186.624996596764,4071.040018596421
pooled_equal_year,616,Poland,E018,4415,4420.386256525907,4857.71135282013,4,2005,2017,4022.432219143556,3886.903708433083
pooled_equal_year,616,Poland,E025,4587,4589.57644850717,5043.682383248973,4,2005,2017,4176.355760753283,4057.725850914808
pooled_equal_year,616,Poland,F063,4704,4714.26657970798,5186.858692678708,4,2005,2017,4284.733921115175,4150.257347883876
pooled_equal_year,616,Poland,F118,4425,4439.80686287381,4887.8746617850065,4,2005,2017,4032.813102540315,3860.929463778503
pooled_equal_year,616,Poland,F120,4576,4588.090012356863,5049.088538745187,4,2005,2017,4169.182180101032,4019.282507976744
pooled_equal_year,616,Poland,G006,4632,4632.170274671989,5087.379425315961,4,2005,2017,4217.692383386982,4122.307601926827
pooled_equal_year,616,Poland,Y002,4573,4576.72013223557,5029.895346877001,4,2005,2017,4164.374350614614,4011.3552186593206
pooled_equal_year,620,Portugal,A008,2757,2759.560138670932,4339.763292837279,2,2008,2020,1754.7436680498847,1766.3535872534785
pooled_equal_year,620,Portugal,A165,2727,2720.493468777901,4268.299933764499,2,2008,2020,1733.965473025159,1745.9064902197993
pooled_equal_year,620,Portugal,E018,2723,2724.1843701719663,4272.8321985197745,2,2008,2020,1736.8293763701115,1748.9284886141745
pooled_equal_year,620,Portugal,E025,2721,2728.522049368972,4293.372979545707,2,2008,2020,1734.0288415101577,1744.890491425629
pooled_equal_year,620,Portugal,F063,2729,2718.5252672416054,4264.5740948642,2,2008,2020,1732.9701546354256,1744.549510993795
pooled_equal_year,620,Portugal,F118,2546,2559.2662719316477,4019.5550377063582,2,2008,2020,1629.4947548185312,1641.0552273480769
pooled_equal_year,620,Portugal,F120,2632,2652.5224720037136,4173.213248913603,2,2008,2020,1685.961163455118,1698.1394127045342
pooled_equal_year,620,Portugal,G006,2650,2611.6780348618186,4089.358652498285,2,2008,2020,1667.9540087814664,1677.897210517313
pooled_equal_year,620,Portugal,Y002,2595,2633.476669714737,4150.645694446779,2,2008,2020,1670.8724088906324,1678.84364246181
pooled_equal_year,630,Puerto Rico,A008,1122,1122.0,1122.0,1,2018,2018,1122.0,1122.0
pooled_equal_year,630,Puerto Rico,A165,1116,1116.0,1116.0,1,2018,2018,1116.0,1116.0
pooled_equal_year,630,Puerto Rico,E018,1117,1117.0,1117.0,1,2018,2018,1117.0,1117.0
pooled_equal_year,630,Puerto Rico,E025,1111,1111.0,1111.0,1,2018,2018,1111.0,1111.0
pooled_equal_year,630,Puerto Rico,F063,1109,1109.0,1109.0,1,2018,2018,1109.0,1109.0
pooled_equal_year,630,Puerto Rico,F118,1099,1099.0,1099.0,1,2018,2018,1099.0,1099.0
pooled_equal_year,630,Puerto Rico,F120,1117,1117.0,1117.0,1,2018,2018,1117.0,1117.0
pooled_equal_year,630,Puerto Rico,G006,1090,1090.0,1090.0,1,2018,2018,1090.0,1090.0
pooled_equal_year,630,Puerto Rico,Y002,972,972.0,972.0,1,2018,2018,972.0,972.0
pooled_equal_year,642,Romania,A008,7578,7584.104468556907,8501.38890008613,4,2005,2018,6765.793362235446,6516.346100124059
pooled_equal_year,642,Romania,A165,7354,7360.31786311215,8265.958947042496,4,2005,2018,6553.901294831738,6268.747424707979
pooled_equal_year,642,Romania,E018,6920,6929.404689914256,7791.974890784184,4,2005,2018,6162.320853137823,5873.034974231628
pooled_equal_year,642,Romania,E025,7180,7185.0956203650585,8046.883310151988,4,2005,2018,6415.601803080459,6182.178179545173
pooled_equal_year,642,Romania,F063,7566,7569.995391702975,8488.684546889739,4,2005,2018,6750.731507793021,6494.012103243311
pooled_equal_year,642,Romania,F118,7114,7110.939443656998,7980.425631151298,4,2005,2018,6336.185826226672,6087.861372296412
pooled_equal_year,642,Romania,F120,7203,7205.93949062301,8082.636053262361,4,2005,2018,6424.335278780949,6160.742199779929
pooled_equal_year,642,Romania,G006,7442,7448.248901654511,8357.925903635018,4,2005,2018,6637.581182296664,6361.338822631783
pooled_equal_year,642,Romania,Y002,7202,7196.139679864733,8067.90760733272,4,2005,2018,6418.569573734102,6161.014703285759
pooled_equal_year,643,Russia,A008,9310,9303.038695471154,11901.17900218018,4,2006,2017,7272.097071523684,7124.057697827511
pooled_equal_year,643,Russia,A165,9231,9240.63737953495,11873.626353021711,4,2006,2017,7191.516445043588,7068.835756811991
pooled_equal_year,643,Russia,E018,8636,8644.02439617078,11111.644362006566,4,2006,2017,6724.401477163788,6511.747458352435
pooled_equal_year,643,Russia,E025,9202,9201.702226758049,11795.035064870814,4,2006,2017,7178.556350553025,6997.950182172685
pooled_equal_year,643,Russia,F063,8876,8881.217050792638,11395.361573161576,4,2006,2017,6921.76512319356,6807.645279498998
pooled_equal_year,643,Russia,F118,8872,8894.285903282675,11459.910810266036,4,2006,2017,6903.048639651363,6779.298233713445
pooled_equal_year,643,Russia,F120,8865,8885.530569191615,11443.530889719828,4,2006,2017,6899.326288092159,6758.685199556897
pooled_equal_year,643,Russia,G006,9265,9269.75374478057,11896.154347493895,4,2006,2017,7223.202724078264,7086.0045398123775
pooled_equal_year,643,Russia,Y002,9374,9382.886563823808,12015.46962736282,4,2006,2017,7327.101062208604,7197.547686585938
pooled_equal_year,646,Rwanda,A008,3030,3030.0,3030.0,2,2007,2012,3030.0,3029.809900990099
pooled_equal_year,646,Rwanda,A165,3026,3026.0,3026.0,2,2007,2012,3026.0,3025.7409120951756
pooled_equal_year,646,Rwanda,E018,3021,3021.0,3021.0,2,2007,2012,3021.0,3020.639523336644
pooled_equal_year,646,Rwanda,E025,2865,2865.0,2865.0,2,2007,2012,2865.0,2852.531937172775
pooled_equal_year,646,Rwanda,F063,3030,3030.0,3030.0,2,2007,2012,3030.0,3029.809900990099
pooled_equal_year,646,Rwanda,F118,3019,3019.0,3019.0,2,2007,2012,3019.0,3018.594236502153
pooled_equal_year,646,Rwanda,F120,3031,3031.0,3031.0,2,2007,2012,3031.0,3030.825470141868
pooled_equal_year,646,Rwanda,G006,3032,3032.0,3032.0,2,2007,2012,3032.0,3031.8403693931396
pooled_equal_year,646,Rwanda,Y002,3019,3019.0,3019.0,2,2007,2012,3019.0,3018.824776416032
pooled_equal_year,688,Serbia,A008,5196,5218.765598462308,7594.810123623713,4,2006,2018,3586.0691614892894,3819.854652826506
pooled_equal_year,688,Serbia,A165,5035,5037.721916668748,7292.517831301016,4,2006,2018,3480.093254041038,3685.907100924778
pooled_equal_year,688,Serbia,E018,4711,4699.264764981726,6711.133621667517,4,2006,2018,3290.515518883644,3499.444262210403
pooled_equal_year,688,Serbia,E025,4878,4873.558170749338,6987.101558585195,4,2006,2018,3399.3450709892145,3551.830428154896
pooled_equal_year,688,Serbia,F063,5102,5139.876180644581,7538.414922244882,4,2006,2018,3504.493640221431,3756.588083267192
pooled_equal_year,688,Serbia,F118,4975,5003.277562593821,7297.573465786824,4,2006,2018,3430.289052342652,3647.5566388713623
pooled_equal_year,688,Serbia,F120,4947,4967.20301788532,7207.164909615356,4,2006,2018,3423.413523946385,3637.347836292085
pooled_equal_year,688,Serbia,G006,4868,4878.641334695916,7128.928085973226,4,2006,2018,3338.670412377188,3598.2168911378735
pooled_equal_year,688,Serbia,Y002,4774,4787.615529716931,7085.542567866463,4,2006,2018,3234.9339857665377,3484.598565478843
pooled_equal_year,702,Singapore,A008,3981,3981.344763,4380.826521041179,2,2012,2020,3618.291216448406,3614.110712652132
pooled_equal_year,702,Singapore,A165,3966,3965.988879,4364.399222565028,2,2012,2020,3603.9479860202728,3600.5054427262803
pooled_equal_year,702,Singapore,E018,3958,3957.384097,4355.1636291224795,2,2012,2020,3595.9358189129653,3593.9506248047346
pooled_equal_year,702,Singapore,E025,1995,1995.237419,2071.7092060115156,1,2020,2020,1921.5883902171809,1921.5883902171809
pooled_equal_year,702,Singapore,F063,3970,3969.477599,4367.4944881895035,2,2012,2020,3607.732637458827,3604.083268905631
pooled_equal_year,702,Singapore,F118,3957,3958.612113,4358.079922032788,2,2012,2020,3595.760091953731,3593.5391919391304
pooled_equal_year,702,Singapore,F120,3957,3958.252278,4357.385245667625,2,2012,2020,3595.6795676650395,3593.49595520434
pooled_equal_year,702,Singapore,G006,3868,3860.466265,4241.011314422294,2,2012,2020,3514.0674424805557,3521.2483619489863
pooled_equal_year,702,Singapore,Y002,3944,3945.866086,4344.028271322553,2,2012,2020,3584.1983974714476,3581.0724957419484
pooled_equal_year,703,Slovakia,A008,4101,4099.896423710634,5299.49406733773,3,2008,2022,3171.840645837263,3160.234928367361
pooled_equal_year,703,Slovakia,A165,4037,4038.571329023175,5212.581495922503,3,2008,2022,3128.9790658172765,3113.3571225959745
pooled_equal_year,703,Slovakia,E018,3703,3726.3555894321134,4840.932699705432,3,2008,2022,2868.398889275385,2842.158050572682
pooled_equal_year,703,Slovakia,E025,3920,3923.5245015943265,5062.354093198726,3,2008,2022,3040.8865581514556,3028.602116628081
pooled_equal_year,703,Slovakia,F063,3979,3964.6692291424233,5098.684310425084,3,2008,2022,3082.874157234947,3071.861449283494
pooled_equal_year,703,Slovakia,F118,3781,3810.486629738312,4957.34608186436,3,2008,2022,2928.9478918029927,2911.9715963126464
pooled_equal_year,703,Slovakia,F120,3918,3919.8846314792263,5063.638345842042,3,2008,2022,3034.4772818786037,3017.082458060301
pooled_equal_year,703,Slovakia,G006,3985,3977.7038021676926,5123.822909052966,3,2008,2022,3087.953627324664,3077.6963283074483
pooled_equal_year,703,Slovakia,Y002,3985,3989.359848913933,5159.418404506963,3,2008,2022,3084.6484538304167,3071.7139568641073
pooled_equal_year,704,Vietnam,A008,2681,2681.0,2681.0,2,2006,2020,2681.0,2651.547929876911
pooled_equal_year,704,Vietnam,A165,2660,2660.0,2660.0,2,2006,2020,2660.0,2634.5864661654136
pooled_equal_year,704,Vietnam,E018,2617,2617.0,2617.0,2,2006,2020,2617.0,2599.006495987772
pooled_equal_year,704,Vietnam,E025,2669,2669.0,2669.0,2,2006,2020,2669.0,2641.888347695766
pooled_equal_year,704,Vietnam,F063,2646,2646.0,2646.0,2,2006,2020,2646.0,2623.12925170068
pooled_equal_year,704,Vietnam,F118,2532,2532.0,2532.0,2,2006,2020,2532.0,2525.118483412322
pooled_equal_year,704,Vietnam,F120,2655,2655.0,2655.0,2,2006,2020,2655.0,2630.508474576271
pooled_equal_year,704,Vietnam,G006,2684,2684.0,2684.0,2,2006,2020,2684.0,2653.949329359165
pooled_equal_year,704,Vietnam,Y002,2630,2630.0,2630.0,2,2006,2020,2630.0,2609.885931558935
pooled_equal_year,705,Slovenia,A008,4512,4518.852518397533,4661.650279182689,4,2005,2017,4380.429002625202,4321.631696112601
pooled_equal_year,705,Slovenia,A165,4455,4458.713811448313,4596.557727222444,4,2005,2017,4325.003629273006,4266.991362989616
pooled_equal_year,705,Slovenia,E018,4196,4206.678783416022,4347.548693935066,4,2005,2017,4070.373360401702,4018.477380694229
pooled_equal_year,705,Slovenia,E025,4390,4398.96020423358,4541.638216526791,4,2005,2017,4260.764498593035,4207.244574216377
pooled_equal_year,705,Slovenia,F063,4363,4370.174842020563,4510.981853137083,4,2005,2017,4233.76301914134,4168.088914922939
pooled_equal_year,705,Slovenia,F118,4270,4273.62145586546,4408.308988022212,4,2005,2017,4143.049046166722,4069.14312634315
pooled_equal_year,705,Slovenia,F120,4376,4381.778477325474,4521.499149844837,4,2005,2017,4246.375369773459,4177.283516898839
pooled_equal_year,705,Slovenia,G006,4362,4359.855511343759,4484.729776571736,4,2005,2017,4238.458285512378,4171.388386322334
pooled_equal_year,705,Slovenia,Y002,4208,4214.029407607988,4345.8680373549105,4,2005,2017,4086.190306642001,4016.75534099951
pooled_equal_year,710,South Africa,A008,6497,6496.5781099999995,10741.796706174218,2,2006,2013,3929.0938279507823,3791.860812007469
pooled_equal_year,710,South Africa,A165,3513,3511.228255,4878.085139587998,1,2013,2013,2527.3695529946463,2527.3695529946463
pooled_equal_year,710,South Africa,E018,6284,6258.85591,10375.038779773053,2,2006,2013,3775.7234583559625,3708.316273188946
pooled_equal_year,710,South Africa,E025,5973,5926.8787839999995,9795.930612618671,2,2006,2013,3585.9678380101186,3487.434013118638
pooled_equal_year,710,South Africa,F063,6467,6461.984057000001,10667.71952768236,2,2006,2013,3914.354688887688,3781.737374180363
pooled_equal_year,710,South Africa,F118,6323,6334.559463,10498.096056287077,2,2006,2013,3822.278189791557,3687.6503941931414
pooled_equal_year,710,South Africa,F120,6369,6355.231715,10484.603059159344,2,2006,2013,3852.21738233171,3716.3976987841006
pooled_equal_year,710,South Africa,G006,6444,6419.252651,10566.880562884697,2,2006,2013,3899.6186577622593,3771.66120001978
pooled_equal_year,710,South Africa,Y002,6433,6394.508803000001,10496.739360497246,2,2006,2013,3895.4709102834663,3719.7693560109874
pooled_equal_year,716,Zimbabwe,A008,2714,2713.062,3800.3722709999993,2,2012,2020,1936.8379966384616,2025.6641462760103
pooled_equal_year,716,Zimbabwe,A165,2714,2713.062,3800.3722709999993,2,2012,2020,1936.8379966384616,2025.6641462760103
pooled_equal_year,716,Zimbabwe,E018,2708,2707.062,3794.3722709999993,2,2012,2020,1931.3299140025265,2021.4758091851136
pooled_equal_year,716,Zimbabwe,E025,2700,2699.062,3786.3722709999993,2,2012,2020,1923.9882289545749,2015.8535696350627
pooled_equal_year,716,Zimbabwe,F063,2714,2713.062,3800.3722709999993,2,2012,2020,1936.8379966384616,2025.6641462760103
pooled_equal_year,716,Zimbabwe,F118,2712,2711.062,3798.3722709999993,2,2012,2020,1935.0017964166,2024.2707176384856
pooled_equal_year,716,Zimbabwe,F120,2713,2712.062,3799.3722709999993,2,2012,2020,1935.9198749713676,2024.9677666173227
pooled_equal_year,716,Zimbabwe,G006,2707,2705.349,3789.986012579999,2,2012,2020,1931.118792393304,2020.3659816421552
pooled_equal_year,716,Zimbabwe,Y002,2705,2699.5087000000003,3775.389444549999,2,2012,2020,1930.223975143919,2017.412828098859
pooled_equal_year,724,Spain,A008,5081,5081.938788703379,5231.273277305391,4,2007,2017,4936.867275538489,4898.814378942564
pooled_equal_year,724,Spain,A165,5002,5002.581744280475,5149.501557799127,4,2007,2017,4859.853682402651,4822.209444930922
pooled_equal_year,724,Spain,E018,4798,4799.991772516262,4944.304147952932,4,2007,2017,4659.891529076528,4626.350897909299
pooled_equal_year,724,Spain,E025,4715,4720.59003850591,4862.840968489674,4,2007,2017,4582.500323583952,4562.021194064226
pooled_equal_year,724,Spain,F063,4983,4982.420898318509,5127.44583741213,4,2007,2017,4841.497851985149,4802.630420303357
pooled_equal_year,724,Spain,F118,4824,4828.068877992614,4972.837744362889,4,2007,2017,4687.514511621639,4653.551861806803
pooled_equal_year,724,Spain,F120,4890,4888.040473759435,5028.534484974683,4,2007,2017,4751.471774629911,4716.839693469612
pooled_equal_year,724,Spain,G006,4775,4766.755832094652,4896.105526761237,4,2007,2017,4640.823413346424,4617.415337181702
pooled_equal_year,724,Spain,Y002,4880,4880.8591556083475,5024.916454238129,4,2007,2017,4740.931777441424,4715.781288113882
pooled_equal_year,752,Sweden,A008,4547,4552.182561242496,5407.434316896424,4,2006,2017,3832.199312367018,3843.67225618101
pooled_equal_year,752,Sweden,A165,4367,4367.357457636419,5199.182154695502,4,2006,2017,3668.617600856021,3687.678147588797
pooled_equal_year,752,Sweden,E018,4115,4135.451160015097,4955.006347608967,4,2006,2017,3451.449927026378,3469.3935166716747
pooled_equal_year,752,Sweden,E025,4514,4518.485564211482,5368.953760479098,4,2006,2017,3802.7356361820616,3816.1222142745064
pooled_equal_year,752,Sweden,F063,4436,4442.262637370788,5277.779273707847,4,2006,2017,3739.0152782037,3755.8838188588866
pooled_equal_year,752,Sweden,F118,4332,4336.227380558963,5162.740520097328,4,2006,2017,3642.03233199773,3659.830444610053
pooled_equal_year,752,Sweden,F120,4385,4394.604048226188,5233.43918942162,4,2006,2017,3690.220530262882,3707.0709901414734
pooled_equal_year,752,Sweden,G006,4248,4250.18846678664,5053.917041598434,4,2006,2017,3574.277506837137,3590.0737200238837
pooled_equal_year,752,Sweden,Y002,4145,4176.210734952497,5022.259179091385,4,2006,2017,3472.6873864538006,3472.2277300873993
pooled_equal_year,756,Switzerland,A008,5655,5654.063141647748,6066.965661665057,3,2007,2017,5269.2617351926765,4239.901907338714
pooled_equal_year,756,Switzerland,A165,5547,5533.597737252041,5921.732046882355,3,2007,2017,5170.903322760433,4103.613892318372
pooled_equal_year,756,Switzerland,E018,4269,4266.828659181841,4426.216436316237,2,2008,2017,4113.180425936761,3272.6572547691744
pooled_equal_year,756,Switzerland,E025,5566,5564.513355356777,5972.404823949835,3,2007,2017,5184.479249929025,4145.643698497199
pooled_equal_year,756,Switzerland,F063,5565,5568.661022482176,5978.879941219362,3,2007,2017,5186.587770315372,4150.199117600216
pooled_equal_year,756,Switzerland,F118,5488,5505.43355072074,5918.931358025418,3,2007,2017,5120.8227884421785,4065.745698635789
pooled_equal_year,756,Switzerland,F120,5548,5552.671124134189,5956.8692089043325,3,2007,2017,5175.899542448525,4130.74349616507
pooled_equal_year,756,Switzerland,G006,4692,4703.660969621156,5062.645715952573,3,2007,2017,4370.13130257616,3534.9824877163433
pooled_equal_year,756,Switzerland,Y002,5473,5483.503197399979,5893.667884025157,3,2007,2017,5101.883565139051,4120.95920005321
pooled_equal_year,764,Thailand,A008,4224,4223.797742000001,4374.200106862393,3,2007,2018,4078.566807525695,4047.1639980644472
pooled_equal_year,764,Thailand,A165,4135,4127.128841,4260.882565887455,3,2007,2018,3997.573790599492,3961.484364565423
pooled_equal_year,764,Thailand,E018,4070,4072.628406,4212.870301879329,3,2007,2018,3937.055011154527,3897.46930547266
pooled_equal_year,764,Thailand,E025,4224,4224.700667,4376.453747080019,3,2007,2018,4078.209609243223,4045.97225446402
pooled_equal_year,764,Thailand,F063,4113,4112.892554,4263.01804732464,3,2007,2018,3968.053846585194,3904.989932694002
pooled_equal_year,764,Thailand,F118,4195,4197.595244,4350.74641238679,3,2007,2018,4049.835169038343,4013.908341036099
pooled_equal_year,764,Thailand,F120,4205,4206.119789,4356.687960191391,3,2007,2018,4060.755289584755,4026.613485346595
pooled_equal_year,764,Thailand,G006,4221,4220.907038,4371.40657065455,3,2007,2018,4075.5889289817896,4043.682298425467
pooled_equal_year,764,Thailand,Y002,3924,3921.244941,4053.715738805833,3,2007,2018,3793.1031374804024,3751.67121948591
pooled_equal_year,780,Trinidad and Tobago,A008,2001,2001.000053,2178.665210360385,2,2006,2010,1837.8230822548817,1838.2677809809504
pooled_equal_year,780,Trinidad and Tobago,A165,1994,1993.499994,2170.523360239424,2,2006,2010,1830.9142849490615,1831.7224114530609
pooled_equal_year,780,Trinidad and Tobago,E018,1978,1979.294537,2156.930804764767,2,2006,2010,1816.28768783118,1818.475997580462
pooled_equal_year,780,Trinidad and Tobago,E025,1917,1914.235451,2087.1812077900913,2,2006,2010,1755.6201388689838,1761.681199295713
pooled_equal_year,780,Trinidad and Tobago,F063,1995,1994.958517,2172.5727799187853,2,2006,2010,1831.8647464135188,1832.596346204316
pooled_equal_year,780,Trinidad and Tobago,F118,1949,1949.447193,2125.035536462535,2,2006,2010,1788.3674381379362,1791.8783195106805
pooled_equal_year,780,Trinidad and Tobago,F120,1964,1965.565517,2143.662413189377,2,2006,2010,1802.2650291616465,1806.3049556721455
pooled_equal_year,780,Trinidad and Tobago,G006,1985,1984.06105,2160.1712916953184,2,2006,2010,1822.30838140512,1822.9078833821827
pooled_equal_year,780,Trinidad and Tobago,Y002,1987,1987.771868,2165.161461778828,2,2006,2010,1824.9156328350673,1824.8812868460896
pooled_equal_year,788,Tunisia,A008,2408,2408.0,2408.0,2,2013,2019,2408.0,2407.9933554817276
pooled_equal_year,788,Tunisia,A165,2341,2341.0,2341.0,2,2013,2019,2341.0,2340.9961554891074
pooled_equal_year,788,Tunisia,E018,2329,2329.0,2329.0,2,2013,2019,2329.0,2328.532417346501
pooled_equal_year,788,Tunisia,E025,2183,2183.0,2183.0,2,2013,2019,2183.0,2182.834631241411
pooled_equal_year,788,Tunisia,F063,2362,2362.0,2362.0,2,2013,2019,2362.0,2361.3226079593564
pooled_equal_year,788,Tunisia,F118,2286,2286.0,2286.0,2,2013,2019,2286.0,2280.5126859142606
pooled_equal_year,788,Tunisia,F120,2346,2346.0,2346.0,2,2013,2019,2346.0,2344.6632566069907
pooled_equal_year,788,Tunisia,G006,2397,2397.0,2397.0,2,2013,2019,2397.0,2396.999582811848
pooled_equal_year,788,Tunisia,Y002,2185,2185.0,2185.0,2,2013,2019,2185.0,2172.2361556064075
pooled_equal_year,792,Turkey,A008,7673,7673.157596284789,8066.515686913928,4,2007,2018,7298.981342457185,6781.581558688377
pooled_equal_year,792,Turkey,A165,7525,7521.784454751038,7898.386077352469,4,2007,2018,7163.139510989693,6639.584328168499
pooled_equal_year,792,Turkey,E018,7187,7173.555723738916,7526.716772508037,4,2007,2018,6836.965343182429,6398.943454464417
pooled_equal_year,792,Turkey,E025,7419,7414.664481785905,7789.367755220892,4,2007,2018,7057.98610427765,6586.522994343824
pooled_equal_year,792,Turkey,F063,7612,7613.441943937025,8004.266097544924,4,2007,2018,7241.700554093086,6724.3418721468715
pooled_equal_year,792,Turkey,F118,7508,7510.958271375352,7899.9268779672275,4,2007,2018,7141.141307482348,6647.783860686647
pooled_equal_year,792,Turkey,F120,7548,7548.926781671531,7939.10258500947,4,2007,2018,7177.926591179036,6681.721858344528
pooled_equal_year,792,Turkey,G006,7324,7329.53682138509,7707.6439389526995,4,2007,2018,6969.978172517854,6434.746834179745
pooled_equal_year,792,Turkey,Y002,7518,7508.478850118505,7880.298320814354,4,2007,2018,7154.203095810064,6630.255416322749
pooled_equal_year,804,Ukraine,A008,6673,6694.948915320037,16063.239362695516,4,2006,2020,2790.367494792996,3725.3551002370073
pooled_equal_year,804,Ukraine,A165,6520,6557.6585164392945,16005.94737231116,4,2006,2020,2686.6816576330816,3581.404200576736
pooled_equal_year,804,Ukraine,E018,6088,6083.482841212843,14537.901667846749,4,2006,2020,2545.674356924754,3425.0117054497837
pooled_equal_year,804,Ukraine,E025,6584,6626.468979025286,16067.564562438074,4,2006,2020,2732.8404973480033,3613.1766263726945
pooled_equal_year,804,Ukraine,F063,6622,6652.765329036336,16110.222522126438,4,2006,2020,2747.279651937795,3656.7278792971815
pooled_equal_year,804,Ukraine,F118,6277,6304.587614032357,15525.685871126823,4,2006,2020,2560.133272883576,3440.264510132378
pooled_equal_year,804,Ukraine,F120,6447,6487.8399848271965,15877.671312287825,4,2006,2020,2651.0227375816285,3544.2685611312245
pooled_equal_year,804,Ukraine,G006,6440,6451.202309799686,15093.695211724902,4,2006,2020,2757.3109605151963,3595.635838459272
pooled_equal_year,804,Ukraine,Y002,6710,6689.891535353874,15468.375114891882,4,2006,2020,2893.299937607069,3763.131196363002
pooled_equal_year,807,North Macedonia,A008,2538,2532.6617369004443,2879.529840895724,2,2008,2019,2227.5773574078607,2133.234130336585
pooled_equal_year,807,North Macedonia,A165,2412,2406.632139024903,2740.0090392214397,2,2008,2019,2113.8172063232737,2040.8247054869848
pooled_equal_year,807,North Macedonia,E018,2300,2291.034119705355,2603.9977749596237,2,2008,2019,2015.6842636839335,1934.421924103917
pooled_equal_year,807,North Macedonia,E025,2390,2355.834973408757,2641.886993327764,2,2008,2019,2100.7554206340296,1993.9740016902297
pooled_equal_year,807,North Macedonia,F063,2486,2488.3844603089515,2849.3082414890187,2,2008,2019,2173.179135954475,2096.6687354551923
pooled_equal_year,807,North Macedonia,F118,2495,2494.0805568774667,2846.3710628736444,2,2008,2019,2185.3924477134665,2093.1169446992176
pooled_equal_year,807,North Macedonia,F120,2493,2492.3642011023912,2846.33632786546,2,2008,2019,2182.4122645390985,2093.4366014029656
pooled_equal_year,807,North Macedonia,G006,2451,2444.497611158358,2781.9921860783174,2,2008,2019,2147.945850050168,2048.723875335541
pooled_equal_year,807,North Macedonia,Y002,2433,2422.770102313256,2755.384266822044,2,2008,2019,2130.3072095395996,2055.559408313942
pooled_equal_year,826,United Kingdom,A008,6969,6979.502673299197,10119.694377436928,4,2005,2022,4813.728137403353,4981.150132214474
pooled_equal_year,826,United Kingdom,A165,6873,6881.219612627829,9981.84004771788,4,2005,2022,4743.732932089976,4907.468151094282
pooled_equal_year,826,United Kingdom,E018,6821,6842.131670584833,9970.54653415256,4,2005,2022,4695.305882908552,4854.003158319551
pooled_equal_year,826,United Kingdom,E025,6916,6919.42264165766,10039.254474990728,4,2005,2022,4769.120039058367,4928.635994050781
pooled_equal_year,826,United Kingdom,F063,6922,6930.457355236933,10062.953166419227,4,2005,2022,4773.075891184834,4935.136751810198
pooled_equal_year,826,United Kingdom,F118,6697,6724.968615346901,9800.089364756588,4,2005,2022,4614.774538693618,4702.033618575949
pooled_equal_year,826,United Kingdom,F120,6796,6822.738972340972,9951.442071256011,4,2005,2022,4677.690605179306,4806.483260210187
pooled_equal_year,826,United Kingdom,G006,6375,6365.858980439223,9218.62799050384,4,2005,2022,4395.899324778358,4585.469895013077
pooled_equal_year,826,United Kingdom,Y002,6717,6719.603702521205,9685.30284043994,4,2005,2022,4662.019831781086,4803.14716856241
pooled_equal_year,840,United States,A008,6056,6058.908351,9245.536406233565,3,2006,2017,3970.6047105137695,3631.145243502216
pooled_equal_year,840,United States,A165,6039,6038.202374999999,9212.809114010504,3,2006,2017,3957.521258744932,3615.608682835168
pooled_equal_year,840,United States,E018,5991,5983.792841,9119.563907198606,3,2006,2017,3926.259756317872,3578.809101694924
pooled_equal_year,840,United States,E025,5999,5999.468313,9158.897729688422,3,2006,2017,3929.90740818279,3581.277836756515
pooled_equal_year,840,United States,F063,5978,5974.752784,9113.106118022122,3,2006,2017,3917.179320376822,3553.7347087454295
pooled_equal_year,840,United States,F118,5886,5872.069722,8942.950289592309,3,2006,2017,3855.68539502651,3493.876940662915
pooled_equal_year,840,United States,F120,5910,5900.830162,8993.797691795091,3,2006,2017,3871.534338884955,3504.039447350923
pooled_equal_year,840,United States,G006,5843,5826.904328,8876.74848853067,3,2006,2017,3824.9156311609313,3500.338408771544
pooled_equal_year,840,United States,Y002,5903,5876.971868999999,8938.134065876176,3,2006,2017,3864.206790193364,3542.4574593091215
pooled_equal_year,854,Burkina Faso,A008,1523,1523.0,1523.0,1,2007,2007,1523.0,1523.0000000000002
pooled_equal_year,854,Burkina Faso,A165,1443,1443.0,1443.0,1,2007,2007,1443.0,1443.0
pooled_equal_year,854,Burkina Faso,E018,1410,1410.0,1410.0,1,2007,2007,1410.0,1410.0
pooled_equal_year,854,Burkina Faso,E025,1177,1177.0,1177.0,1,2007,2007,1177.0,1177.0
pooled_equal_year,854,Burkina Faso,F063,1506,1506.0,1506.0,1,2007,2007,1506.0,1506.0
pooled_equal_year,854,Burkina Faso,F118,1422,1422.0,1422.0,1,2007,2007,1422.0,1422.0
pooled_equal_year,854,Burkina Faso,F120,1454,1454.0,1454.0,1,2007,2007,1454.0,1454.0
pooled_equal_year,854,Burkina Faso,G006,1503,1503.0,1503.0,1,2007,2007,1503.0,1503.0
pooled_equal_year,854,Burkina Faso,Y002,1469,1469.0,1469.0,1,2007,2007,1469.0,1469.0
pooled_equal_year,858,Uruguay,A008,2968,2970.049237,3596.125687005771,3,2006,2022,2452.9711244739724,2444.1690695382586
pooled_equal_year,858,Uruguay,A165,2766,2763.5430189999997,3389.9528658217914,3,2006,2022,2252.883836487276,2306.4391458576656
pooled_equal_year,858,Uruguay,E018,2825,2832.301548,3467.563587800222,3,2006,2022,2313.420318239126,2343.156387556628
pooled_equal_year,858,Uruguay,E025,2893,2887.55386,3453.327872934698,3,2006,2022,2414.4731115019063,2401.872507601752
pooled_equal_year,858,Uruguay,F063,2905,2905.567995,3538.1435458761307,3,2006,2022,2386.088993875966,2406.433359632746
pooled_equal_year,858,Uruguay,F118,2804,2812.324603,3427.338333190535,3,2006,2022,2307.6711149425396,2296.562373607642
pooled_equal_year,858,Uruguay,F120,2883,2886.2570889999997,3508.747798333449,3,2006,2022,2374.203123906336,2378.8365602560757
pooled_equal_year,858,Uruguay,G006,2930,2925.553266,3537.094341779036,3,2006,2022,2419.7437459071148,2414.7342437780703
pooled_equal_year,858,Uruguay,Y002,2728,2724.429566,3343.143740741012,3,2006,2022,2220.2205575670932,2266.1353313958293
pooled_equal_year,862,Venezuela,A008,1190,1190.0,1190.0,1,2021,2021,1190.0,1190.0
pooled_equal_year,862,Venezuela,A165,1190,1190.0,1190.0,1,2021,2021,1190.0,1190.0
pooled_equal_year,862,Venezuela,E018,1190,1190.0,1190.0,1,2021,2021,1190.0,1190.0
pooled_equal_year,862,Venezuela,E025,1190,1190.0,1190.0,1,2021,2021,1190.0,1190.0
pooled_equal_year,862,Venezuela,F063,1190,1190.0,1190.0,1,2021,2021,1190.0,1190.0
pooled_equal_year,862,Venezuela,F118,1190,1190.0,1190.0,1,2021,2021,1190.0,1190.0
pooled_equal_year,862,Venezuela,F120,1190,1190.0,1190.0,1,2021,2021,1190.0,1190.0
pooled_equal_year,862,Venezuela,G006,1181,1181.0,1181.0,1,2021,2021,1181.0,1181.0
pooled_equal_year,862,Venezuela,Y002,1190,1190.0,1190.0,1,2021,2021,1190.0,1190.0
pooled_equal_year,887,Yemen,A008,1000,1000.0,1000.0,1,2014,2014,1000.0,1000.0
pooled_equal_year,887,Yemen,A165,953,953.0,953.0,1,2014,2014,953.0,953.0
pooled_equal_year,887,Yemen,E018,936,936.0,936.0,1,2014,2014,936.0,936.0
pooled_equal_year,887,Yemen,E025,769,769.0,769.0,1,2014,2014,769.0,769.0
pooled_equal_year,887,Yemen,F063,978,978.0,978.0,1,2014,2014,978.0,978.0
pooled_equal_year,887,Yemen,F118,654,654.0,654.0,1,2014,2014,654.0,654.0
pooled_equal_year,887,Yemen,F120,925,925.0,925.0,1,2014,2014,925.0,925.0
pooled_equal_year,887,Yemen,G006,992,992.0,992.0,1,2014,2014,992.0,992.0
pooled_equal_year,887,Yemen,Y002,972,972.0,972.0,1,2014,2014,972.0,972.0
pooled_equal_year,894,Zambia,A008,1341,1341.0,1341.0,1,2007,2007,1341.0,1341.0
pooled_equal_year,894,Zambia,A165,1403,1403.0,1403.0,1,2007,2007,1403.0,1403.0
pooled_equal_year,894,Zambia,E018,1422,1422.0,1422.0,1,2007,2007,1422.0,1422.0
pooled_equal_year,894,Zambia,E025,1410,1410.0,1410.0,1,2007,2007,1410.0,1410.0
pooled_equal_year,894,Zambia,F063,1480,1480.0,1480.0,1,2007,2007,1480.0,1480.0
pooled_equal_year,894,Zambia,F118,1450,1450.0,1450.0,1,2007,2007,1450.0,1450.0
pooled_equal_year,894,Zambia,F120,1462,1462.0,1462.0,1,2007,2007,1462.0,1462.0
pooled_equal_year,894,Zambia,G006,1459,1459.0,1459.0,1,2007,2007,1459.0,1459.0
pooled_equal_year,894,Zambia,Y002,1451,1451.0,1451.0,1,2007,2007,1451.0,1451.0
pooled_equal_year,909,Northern Ireland,A008,932,933.5030048185948,1302.3902792931551,2,2008,2022,669.0988667992012,657.3492982228969
pooled_equal_year,909,Northern Ireland,A165,923,921.1415607710844,1277.393305132585,2,2008,2022,664.2447330595022,650.2785509285447
pooled_equal_year,909,Northern Ireland,E018,914,912.7088194542688,1272.7141116458815,2,2008,2022,654.5361456174288,646.1128442553791
pooled_equal_year,909,Northern Ireland,E025,919,917.8606029592486,1280.4334998618338,2,2008,2022,657.9553616455854,649.839682822368
pooled_equal_year,909,Northern Ireland,F063,934,935.5885549065932,1303.571298211347,2,2008,2022,671.4829831504094,659.4322165435949
pooled_equal_year,909,Northern Ireland,F118,897,905.092152792333,1274.7415613416847,2,2008,2022,642.63363640866,634.6169667184298
pooled_equal_year,909,Northern Ireland,F120,909,911.9738104457612,1276.1401398387568,2,2008,2022,651.7279763992441,644.7725098201066
pooled_equal_year,909,Northern Ireland,G006,749,746.413766513012,1027.2344895697004,2,2008,2022,542.3625437980763,468.90798112812865
pooled_equal_year,909,Northern Ireland,Y002,915,920.5122786717188,1289.4025643151797,2,2008,2022,657.159275649057,644.1729941816355
pooled_equal_year,915,Kosovo,A008,1574,1572.389173007305,1626.210692230627,1,2008,2008,1520.348945682595,1520.348945682595
pooled_equal_year,915,Kosovo,A165,1544,1544.6243722040324,1599.5025539880785,1,2008,2008,1491.6290350759164,1491.629035075916
pooled_equal_year,915,Kosovo,E018,1318,1313.3490766875502,1354.8042226169032,1,2008,2008,1273.1624012097468,1273.1624012097468
pooled_equal_year,915,Kosovo,E025,1462,1462.645824446804,1515.5837257660482,1,2008,2008,1411.5569937849195,1411.5569937849195
pooled_equal_year,915,Kosovo,F063,1555,1554.315612088198,1608.1585557587573,1,2008,2008,1502.2753902778245,1502.2753902778245
pooled_equal_year,915,Kosovo,F118,1577,1576.890862044052,1633.152918318735,1,2008,2008,1522.5670314803542,1522.5670314803542
pooled_equal_year,915,Kosovo,F120,1568,1568.1805923921777,1623.3383616100784,1,2008,2008,1514.8969731217203,1514.8969731217203
pooled_equal_year,915,Kosovo,G006,1222,1221.6560223551835,1261.155354019883,1,2008,2008,1183.3938080662183,1183.3938080662183
pooled_equal_year,915,Kosovo,Y002,1500,1498.5148583623688,1550.061743169857,1,2008,2008,1448.6821512933254,1448.6821512933254
latest_available,8,Albania,A008,1430,1450.0977042616496,1745.312040992807,1,2018,2018,1204.8179938693113,1204.8179938693113
latest_available,8,Albania,A165,1430,1447.4004153484275,1739.2244492131465,1,2018,2018,1204.5414628908873,1204.5414628908873
latest_available,8,Albania,E018,1414,1436.7048505970115,1732.8363154122658,1,2018,2018,1191.1804994910317,1191.1804994910317
latest_available,8,Albania,E025,1345,1367.3460720153837,1646.0407549060978,1,2018,2018,1135.8377823169733,1135.8377823169733
latest_available,8,Albania,F063,1415,1436.5861343852116,1731.2972649880844,1,2018,2018,1192.0423853508769,1192.0423853508769
latest_available,8,Albania,F118,1391,1412.731187236319,1704.96726775445,1,2018,2018,1170.58517493931,1170.58517493931
latest_available,8,Albania,F120,1426,1447.5677889465253,1743.753873872787,1,2018,2018,1201.6905223795377,1201.6905223795377
latest_available,8,Albania,G006,1423,1446.4599586635877,1743.335988199532,1,2018,2018,1200.1395176714504,1200.1395176714504
latest_available,8,Albania,Y002,1432,1451.679527806133,1746.573968647498,1,2018,2018,1206.5755526422577,1206.5755526422577
latest_available,12,Algeria,A008,1134,1134.0,1134.0,1,2014,2014,1134.0,1134.0
latest_available,12,Algeria,A165,1149,1149.0,1149.0,1,2014,2014,1149.0,1149.0
latest_available,12,Algeria,E018,1076,1076.0,1076.0,1,2014,2014,1076.0,1076.0
latest_available,12,Algeria,E025,838,838.0,838.0,1,2014,2014,838.0,838.0
latest_available,12,Algeria,F063,1175,1175.0,1175.0,1,2014,2014,1175.0,1175.0
latest_available,12,Algeria,F118,1052,1052.0,1052.0,1,2014,2014,1052.0,1052.0
latest_available,12,Algeria,F120,1116,1116.0,1116.0,1,2014,2014,1116.0,1116.0
latest_available,12,Algeria,G006,1168,1168.0,1168.0,1,2014,2014,1168.0,1168.0
latest_available,12,Algeria,Y002,1090,1090.0,1090.0,1,2014,2014,1090.0,1090.0
latest_available,20,Andorra,A008,1004,1004.0,1004.0,1,2018,2018,1004.0,1004.0
latest_available,20,Andorra,A165,1001,1001.0,1001.0,1,2018,2018,1001.0,1001.0
latest_available,20,Andorra,E018,999,999.0,999.0,1,2018,2018,999.0,999.0
latest_available,20,Andorra,E025,1000,1000.0,1000.0,1,2018,2018,1000.0,1000.0
latest_available,20,Andorra,F063,996,996.0,996.0,1,2018,2018,996.0,996.0
latest_available,20,Andorra,F118,999,999.0,999.0,1,2018,2018,999.0,999.0
latest_available,20,Andorra,F120,999,999.0,999.0,1,2018,2018,999.0,999.0
latest_available,20,Andorra,G006,477,477.0,477.0,1,2018,2018,477.0,477.0
latest_available,20,Andorra,Y002,996,996.0,996.0,1,2018,2018,996.0,996.0
latest_available,31,Azerbaijan,A008,1712,1721.3038011427034,2014.1198461476683,1,2018,2018,1471.0578327775886,1471.0578327775886
latest_available,31,Azerbaijan,A165,1693,1693.1021479416577,1954.2823675420905,1,2018,2018,1466.8273791826634,1466.8273791826634
latest_available,31,Azerbaijan,E018,1627,1632.048939343903,1902.5998002035217,1,2018,2018,1399.9705771695312,1399.9705771695312
latest_available,31,Azerbaijan,E025,1600,1610.2538305819428,1880.6507178082284,1,2018,2018,1378.7341659729834,1378.7341659729834
latest_available,31,Azerbaijan,F063,1743,1760.24445219074,2068.590136582938,1,2018,2018,1497.8610197699977,1497.8610197699977
latest_available,31,Azerbaijan,F118,1689,1693.8284583839477,1962.269376018753,1,2018,2018,1462.1105957696616,1462.1105957696616
latest_available,31,Azerbaijan,F120,1669,1669.8516989762618,1945.8889606128664,1,2018,2018,1432.9721546370702,1432.9721546370702
latest_available,31,Azerbaijan,G006,1766,1783.802342797075,2094.6917067009867,1,2018,2018,1519.054468965132,1519.054468965132
latest_available,31,Azerbaijan,Y002,1756,1760.852124384161,2045.5720107884565,1,2018,2018,1515.7619421831553,1515.7619421831553
latest_available,32,Argentina,A008,983,984.944925,1329.821196034055,1,2017,2017,729.5089807384993,729.5089807384993
latest_available,32,Argentina,A165,952,956.952711,1295.143046325873,1,2017,2017,707.0713105306161,707.0713105306161
latest_available,32,Argentina,E018,944,949.652655,1289.739033991917,1,2017,2017,699.2423594075707,699.2423594075707
latest_available,32,Argentina,E025,954,939.141529,1247.130546847007,1,2017,2017,707.2129006239925,707.2129006239925
latest_available,32,Argentina,F063,995,997.776973,1345.977636904539,1,2017,2017,739.6548505357158,739.6548505357158
latest_available,32,Argentina,F118,897,888.959178,1195.350150988992,1,2017,2017,661.1020373374371,661.1020373374371
latest_available,32,Argentina,F120,952,950.324479,1285.119201043543,1,2017,2017,702.7492972272707,702.7492972272707
latest_available,32,Argentina,G006,982,988.840676,1335.2736448591,1,2017,2017,732.2887606422549,732.2887606422549
latest_available,32,Argentina,Y002,961,951.608577,1276.612077824177,1,2017,2017,709.3453834177841,709.3453834177841
latest_available,36,Australia,A008,1805,1808.371022,3239.498652486536,1,2018,2018,1009.4789669689222,1009.478966968922
latest_available,36,Australia,A165,1792,1798.304702,3226.546332355674,1,2018,2018,1002.279052622271,1002.279052622271
latest_available,36,Australia,E018,1772,1779.0154080000002,3202.204666882302,1,2018,2018,988.3490129888484,988.3490129888484
latest_available,36,Australia,E025,1798,1798.448023,3217.907541353021,1,2018,2018,1005.129964073687,1005.129964073687
latest_available,36,Australia,F063,1798,1801.447398,3230.53196081073,1,2018,2018,1004.5443806556724,1004.5443806556722
latest_available,36,Australia,F118,1759,1750.837158,3111.4119518024117,1,2018,2018,985.221758262432,985.221758262432
latest_available,36,Australia,F120,1773,1768.229987,3146.434988110153,1,2018,2018,993.7078944078156,993.7078944078154
latest_available,36,Australia,G006,1720,1687.535083,2945.1023960026487,1,2018,2018,966.9526805659004,966.9526805659004
latest_available,36,Australia,Y002,1779,1784.1783220000002,3203.0625329876657,1,2018,2018,993.8277045517158,993.827704551716
latest_available,40,Austria,A008,1639,1646.6458207303865,2129.872815521743,1,2018,2018,1273.0536955863447,1273.0536955863447
latest_available,40,Austria,A165,1595,1605.8606783714426,2083.1747266956,1,2018,2018,1237.9127325676368,1237.9127325676368
latest_available,40,Austria,E018,1595,1598.2169139219764,2063.0996011740745,1,2018,2018,1238.0872462447664,1238.0872462447664
latest_available,40,Austria,E025,1627,1634.5251097997009,2114.6031042933446,1,2018,2018,1263.439143327343,1263.439143327343
latest_available,40,Austria,F063,1623,1629.9827069873584,2109.887697751833,1,2018,2018,1259.2346160929828,1259.2346160929828
latest_available,40,Austria,F118,1576,1582.714098334804,2050.655182129355,1,2018,2018,1221.5529645830711,1221.5529645830711
latest_available,40,Austria,F120,1581,1590.674912248397,2063.2029896408276,1,2018,2018,1226.3682677664806,1226.3682677664806
latest_available,40,Austria,G006,1491,1476.9109851398866,1887.2775483804155,1,2018,2018,1155.7738605531251,1155.7738605531251
latest_available,40,Austria,Y002,1614,1621.5577449803643,2097.876954111507,1,2018,2018,1253.3859601024258,1253.3859601024258
latest_available,50,Bangladesh,A008,1200,1200.0,1200.0,1,2018,2018,1200.0,1200.0
latest_available,50,Bangladesh,A165,1199,1199.0,1199.0,1,2018,2018,1199.0,1199.0
latest_available,50,Bangladesh,E018,1123,1123.0,1123.0,1,2018,2018,1123.0,1123.0
latest_available,50,Bangladesh,E025,1075,1075.0,1075.0,1,2018,2018,1075.0,1075.0
latest_available,50,Bangladesh,F063,1200,1200.0,1200.0,1,2018,2018,1200.0,1200.0
latest_available,50,Bangladesh,F118,1200,1200.0,1200.0,1,2018,2018,1200.0,1200.0
latest_available,50,Bangladesh,F120,1200,1200.0,1200.0,1,2018,2018,1200.0,1200.0
latest_available,50,Bangladesh,G006,1199,1199.0,1199.0,1,2018,2018,1199.0,1199.0
latest_available,50,Bangladesh,Y002,1200,1200.0,1200.0,1,2018,2018,1200.0,1200.0
latest_available,51,Armenia,A008,1213,1213.9307990000002,1446.537697935955,1,2021,2021,1018.7276742690348,1018.7276742690348
latest_available,51,Armenia,A165,1221,1221.270098,1454.970063600918,1,2021,2021,1025.1074503743407,1025.1074503743407
latest_available,51,Armenia,E018,1170,1163.998531,1375.054513870895,1,2021,2021,985.3373568121458,985.3373568121458
latest_available,51,Armenia,E025,1164,1161.7100329999998,1377.684095806399,1,2021,2021,979.5933660560388,979.5933660560388
latest_available,51,Armenia,F063,1211,1211.8708390000002,1445.324281794255,1,2021,2021,1016.1255497592388,1016.1255497592388
latest_available,51,Armenia,F118,1212,1214.291954,1449.462149491322,1,2021,2021,1017.2773052863814,1017.2773052863814
latest_available,51,Armenia,F120,1194,1189.078361,1406.678555533911,1,2021,2021,1005.1389089825084,1005.1389089825084
latest_available,51,Armenia,G006,1205,1208.3889880000002,1444.34139972631,1,2021,2021,1010.9825465062212,1010.9825465062212
latest_available,51,Armenia,Y002,1156,1151.675757,1365.578156089113,1,2021,2021,971.2787535061958,971.2787535061958
latest_available,56,Belgium,A008,1508,1505.0073323094755,1638.9751915415427,1,2009,2009,1381.9898446265609,1381.9898446265609
latest_available,56,Belgium,A165,1498,1495.5482495879778,1630.4696925048156,1,2009,2009,1371.7915623500976,1371.7915623500976
latest_available,56,Belgium,E018,1506,1504.660344141323,1641.103661085664,1,2009,2009,1379.5610874048905,1379.5610874048905
latest_available,56,Belgium,E025,1503,1500.4445175706935,1634.5393563415437,1,2009,2009,1377.3505921245785,1377.3505921245785
latest_available,56,Belgium,F063,1506,1504.457725711506,1640.7502549977448,1,2009,2009,1379.486635189429,1379.486635189429
latest_available,56,Belgium,F118,1490,1491.1770008334192,1629.1862360243558,1,2009,2009,1364.8586015805922,1364.8586015805922
latest_available,56,Belgium,F120,1506,1503.8291318287677,1639.369951561078,1,2009,2009,1379.494637914625,1379.494637914625
latest_available,56,Belgium,G006,1410,1402.4467356397267,1519.828919474638,1,2009,2009,1294.1304255392197,1294.1304255392197
latest_available,56,Belgium,Y002,1497,1497.206107778501,1634.7090168139462,1,2009,2009,1371.2692021104683,1371.2692021104683
latest_available,68,Bolivia,A008,2061,2061.0,2061.0,1,2017,2017,2061.0,2061.0
latest_available,68,Bolivia,A165,2047,2047.0,2047.0,1,2017,2017,2047.0,2047.0
latest_available,68,Bolivia,E018,2050,2050.0,2050.0,1,2017,2017,2050.0,2050.0
latest_available,68,Bolivia,E025,1997,1997.0,1997.0,1,2017,2017,1997.0,1997.0
latest_available,68,Bolivia,F063,2065,2065.0,2065.0,1,2017,2017,2065.0,2065.0
latest_available,68,Bolivia,F118,1880,1880.0,1880.0,1,2017,2017,1880.0,1880.0
latest_available,68,Bolivia,F120,2036,2036.0,2036.0,1,2017,2017,2036.0,2036.0
latest_available,68,Bolivia,G006,2059,2059.0,2059.0,1,2017,2017,2059.0,2059.0
latest_available,68,Bolivia,Y002,2000,2000.0,2000.0,1,2017,2017,2000.0,2000.0
latest_available,70,Bosnia Herzegovina,A008,1722,1732.845992240987,2117.1421224348283,1,2019,2019,1418.305932797898,1418.305932797898
latest_available,70,Bosnia Herzegovina,A165,1706,1717.948437426827,2100.7361907177,1,2019,2019,1404.9107387677136,1404.9107387677136
latest_available,70,Bosnia Herzegovina,E018,1661,1670.1357428364772,2040.3200186617785,1,2019,2019,1367.1156357763205,1367.1156357763205
latest_available,70,Bosnia Herzegovina,E025,1670,1680.5059917346327,2055.885898873837,1,2019,2019,1373.6659168696926,1373.6659168696926
latest_available,70,Bosnia Herzegovina,F063,1689,1695.3190735569844,2064.783929954901,1,2019,2019,1391.9649022204896,1391.9649022204896
latest_available,70,Bosnia Herzegovina,F118,1695,1710.1974303541551,2095.440213870691,1,2019,2019,1395.7808156155022,1395.7808156155022
latest_available,70,Bosnia Herzegovina,F120,1649,1665.8209709414227,2048.507180223252,1,2019,2019,1354.6252285656142,1354.6252285656142
latest_available,70,Bosnia Herzegovina,G006,1669,1684.461229316816,2063.75013936243,1,2019,2019,1374.8804077358418,1374.8804077358418
latest_available,70,Bosnia Herzegovina,Y002,1709,1718.4982018441497,2098.145319785169,1,2019,2019,1407.5460083212731,1407.5460083212731
latest_available,76,Brazil,A008,1745,1744.153416,1764.186647935352,1,2018,2018,1724.3476715486083,1724.3476715486083
latest_available,76,Brazil,A165,1730,1729.350364,1749.4556480685078,1,2018,2018,1709.476136059106,1709.476136059106
latest_available,76,Brazil,E018,1690,1690.174361,1710.709489520551,1,2018,2018,1669.8857334230272,1669.8857334230272
latest_available,76,Brazil,E025,1659,1659.5829049999998,1680.166774495443,1,2018,2018,1639.2512102825829,1639.251210282583
latest_available,76,Brazil,F063,1745,1744.7287299999998,1765.3309157097478,1,2018,2018,1724.36698082951,1724.36698082951
latest_available,76,Brazil,F118,1506,1505.9544339999998,1524.375576547792,1,2018,2018,1487.7558996453502,1487.7558996453502
latest_available,76,Brazil,F120,1677,1678.11708,1699.4383565069538,1,2018,2018,1657.063301769842,1657.0633017698417
latest_available,76,Brazil,G006,1724,1723.991832,1744.565869757604,1,2018,2018,1703.6604282621192,1703.6604282621192
latest_available,76,Brazil,Y002,1561,1562.234986,1582.3032432627,1,2018,2018,1542.42125324218,1542.42125324218
latest_available,100,Bulgaria,A008,1539,1545.516578554632,2231.8227770143044,1,2017,2017,1070.255899880489,1070.255899880489
latest_available,100,Bulgaria,A165,1518,1525.2216299918707,2198.5268663727993,1,2017,2017,1058.118077234628,1058.118077234628
latest_available,100,Bulgaria,E018,1283,1294.5860349008235,1886.1489702114256,1,2017,2017,888.5581299404856,888.5581299404856
latest_available,100,Bulgaria,E025,1342,1348.6653558938556,1942.297848043484,1,2017,2017,936.4672076533026,936.4672076533028
latest_available,100,Bulgaria,F063,1470,1481.7640974354986,2153.3887952814302,1,2017,2017,1019.6137572833836,1019.6137572833836
latest_available,100,Bulgaria,F118,1443,1458.596364166559,2114.5739552431723,1,2017,2017,1006.1144223802974,1006.1144223802976
latest_available,100,Bulgaria,F120,1424,1417.3844481218712,2030.8699046095296,1,2017,2017,989.2207616144684,989.2207616144684
latest_available,100,Bulgaria,G006,1498,1507.0658020084736,2185.525308848838,1,2017,2017,1039.2226172753667,1039.2226172753667
latest_available,100,Bulgaria,Y002,1499,1504.4850229878043,2170.801784928516,1,2017,2017,1042.69086201675,1042.69086201675
latest_available,104,Myanmar,A008,1200,1200.0,1200.0,1,2020,2020,1200.0,1200.0
latest_available,104,Myanmar,A165,1200,1200.0,1200.0,1,2020,2020,1200.0,1200.0
latest_available,104,Myanmar,E018,1200,1200.0,1200.0,1,2020,2020,1200.0,1200.0
latest_available,104,Myanmar,E025,1153,1153.0,1153.0,1,2020,2020,1153.0,1153.0
latest_available,104,Myanmar,F063,1200,1200.0,1200.0,1,2020,2020,1200.0,1200.0
latest_available,104,Myanmar,F118,1199,1199.0,1199.0,1,2020,2020,1199.0,1199.0
latest_available,104,Myanmar,F120,1199,1199.0,1199.0,1,2020,2020,1199.0,1199.0
latest_available,104,Myanmar,G006,1200,1200.0,1200.0,1,2020,2020,1200.0,1200.0
latest_available,104,Myanmar,Y002,1200,1200.0,1200.0,1,2020,2020,1200.0,1200.0
latest_available,112,Belarus,A008,1506,1507.4009709699028,1544.638805907348,1,2018,2018,1471.0608581054269,1471.0608581054269
latest_available,112,Belarus,A165,1468,1468.6821454333513,1504.5561047729284,1,2018,2018,1433.66354865195,1433.66354865195
latest_available,112,Belarus,E018,1395,1398.8365027069767,1435.8241898328752,1,2018,2018,1362.8016404524035,1362.8016404524035
latest_available,112,Belarus,E025,1481,1483.8072021502253,1522.2807379210044,1,2018,2018,1446.3060316717554,1446.3060316717554
latest_available,112,Belarus,F063,1498,1499.0750851359803,1535.721950827672,1,2018,2018,1463.3027219962005,1463.3027219962005
latest_available,112,Belarus,F118,1476,1479.767081476809,1517.9582752160425,1,2018,2018,1442.5367621588568,1442.5367621588568
latest_available,112,Belarus,F120,1492,1493.57601053295,1530.0923148623665,1,2018,2018,1457.9311833483612,1457.9311833483612
latest_available,112,Belarus,G006,1418,1420.5012955221334,1456.2644580697315,1,2018,2018,1385.616410122837,1385.616410122837
latest_available,112,Belarus,Y002,1508,1509.2602796232727,1546.373002962468,1,2018,2018,1473.0382561546862,1473.0382561546862
latest_available,124,Canada,A008,4018,4018.000095,5878.11651797866,1,2020,2020,2746.51322648018,2746.51322648018
latest_available,124,Canada,A165,4018,4018.000095,5878.11651797866,1,2020,2020,2746.51322648018,2746.51322648018
latest_available,124,Canada,E018,4018,4018.000095,5878.11651797866,1,2020,2020,2746.51322648018,2746.51322648018
latest_available,124,Canada,E025,4018,4018.000095,5878.11651797866,1,2020,2020,2746.51322648018,2746.51322648018
latest_available,124,Canada,F063,4018,4018.000095,5878.11651797866,1,2020,2020,2746.51322648018,2746.51322648018
latest_available,124,Canada,F118,4018,4018.000095,5878.11651797866,1,2020,2020,2746.51322648018,2746.51322648018
latest_available,124,Canada,F120,4018,4018.000095,5878.11651797866,1,2020,2020,2746.51322648018,2746.51322648018
latest_available,124,Canada,G006,3927,3937.689971,5760.505566268703,1,2020,2020,2691.6738694790315,2691.6738694790315
latest_available,124,Canada,Y002,4018,4018.000095,5878.11651797866,1,2020,2020,2746.51322648018,2746.51322648018
latest_available,152,Chile,A008,982,986.51393,2296.8827009798297,1,2018,2018,423.7089398030131,423.7089398030131
latest_available,152,Chile,A165,974,978.076666,2282.2935550314605,1,2018,2018,419.1546536442322,419.1546536442322
latest_available,152,Chile,E018,959,964.52582,2271.3048246431545,1,2018,2018,409.5927800412407,409.59278004124064
latest_available,152,Chile,E025,945,955.270175,2264.9239386599734,1,2018,2018,402.90143596805694,402.90143596805694
latest_available,152,Chile,F063,982,985.711231,2295.6413955798653,1,2018,2018,423.2484362716017,423.2484362716017
latest_available,152,Chile,F118,933,929.841009,2175.4318499873893,1,2018,2018,397.440306862819,397.44030686281894
latest_available,152,Chile,F120,964,969.147498,2276.707047094568,1,2018,2018,412.5462140938532,412.5462140938532
latest_available,152,Chile,G006,970,963.290655,2199.775697269281,1,2018,2018,421.82886517121955,421.82886517121955
latest_available,152,Chile,Y002,894,876.839913,1756.4440818527164,1,2018,2018,437.72998011918384,437.72998011918384
latest_available,156,China,A008,3035,3035.102481,4140.876373302462,1,2018,2018,2224.612917585283,2224.612917585283
latest_available,156,China,A165,3009,3012.744591,4112.420227807497,1,2018,2018,2207.126088239987,2207.126088239987
latest_available,156,China,E018,3004,3001.91788,4093.3937312120006,1,2018,2018,2201.4767085685407,2201.4767085685407
latest_available,156,China,E025,3013,3011.307675,4111.0276298896315,1,2018,2018,2205.7681752329536,2205.7681752329536
latest_available,156,China,F063,3025,3024.286318,4123.913885651888,1,2018,2018,2217.8706895564073,2217.8706895564073
latest_available,156,China,F118,3025,3026.543374,4130.235486677375,1,2018,2018,2217.7826964709375,2217.7826964709375
latest_available,156,China,F120,3019,3017.426743,4113.310090119519,1,2018,2018,2213.5127062854217,2213.5127062854217
latest_available,156,China,G006,3001,3001.121781,4095.64212946273,1,2018,2018,2199.101303212281,2199.101303212281
latest_available,156,China,Y002,2962,2969.7720959999997,4058.98995651419,1,2018,2018,2172.842602881025,2172.842602881025
latest_available,158,Taiwan ROC,A008,1223,1223.000007,1805.571979715819,1,2019,2019,828.3962278576204,828.3962278576204
latest_available,158,Taiwan ROC,A165,1223,1223.000007,1805.571979715819,1,2019,2019,828.3962278576204,828.3962278576204
latest_available,158,Taiwan ROC,E018,1183,1182.744252,1750.091099603832,1,2019,2019,799.3206559108293,799.3206559108293
latest_available,158,Taiwan ROC,E025,1223,1223.000007,1805.571979715819,1,2019,2019,828.3962278576204,828.3962278576204
latest_available,158,Taiwan ROC,F063,1223,1223.000007,1805.571979715819,1,2019,2019,828.3962278576204,828.3962278576204
latest_available,158,Taiwan ROC,F118,1223,1223.000007,1805.571979715819,1,2019,2019,828.3962278576204,828.3962278576204
latest_available,158,Taiwan ROC,F120,1223,1223.000007,1805.571979715819,1,2019,2019,828.3962278576204,828.3962278576204
latest_available,158,Taiwan ROC,G006,1221,1222.147444,1805.183387028522,1,2019,2019,827.4197433948207,827.4197433948207
latest_available,158,Taiwan ROC,Y002,1212,1214.367805,1796.549526880833,1,2019,2019,820.8452612942273,820.8452612942273
latest_available,170,Colombia,A008,1520,1520.0,1520.0,1,2018,2018,1520.0,1520.0
latest_available,170,Colombia,A165,1520,1520.0,1520.0,1,2018,2018,1520.0,1520.0
latest_available,170,Colombia,E018,1520,1520.0,1520.0,1,2018,2018,1520.0,1520.0
latest_available,170,Colombia,E025,1520,1520.0,1520.0,1,2018,2018,1520.0,1520.0
latest_available,170,Colombia,F063,1520,1520.0,1520.0,1,2018,2018,1520.0,1520.0
latest_available,170,Colombia,F118,1520,1520.0,1520.0,1,2018,2018,1520.0,1520.0
latest_available,170,Colombia,F120,1520,1520.0,1520.0,1,2018,2018,1520.0,1520.0
latest_available,170,Colombia,G006,1499,1499.0,1499.0,1,2018,2018,1499.0,1499.0000000000002
latest_available,170,Colombia,Y002,1520,1520.0,1520.0,1,2018,2018,1520.0,1520.0
latest_available,191,Croatia,A008,1472,1479.4655200223044,2273.4619911909053,1,2017,2017,962.7687788122208,962.7687788122208
latest_available,191,Croatia,A165,1449,1451.5541723843594,2202.887326266781,1,2017,2017,956.476298284932,956.476298284932
latest_available,191,Croatia,E018,1367,1373.9749740026366,2101.2280493006547,1,2017,2017,898.4304344375466,898.4304344375468
latest_available,191,Croatia,E025,1447,1443.4094692894694,2194.94065752447,1,2017,2017,949.1969128606296,949.1969128606296
latest_available,191,Croatia,F063,1460,1465.7520998513996,2240.709599750008,1,2017,2017,958.816447458646,958.816447458646
latest_available,191,Croatia,F118,1418,1423.352590805469,2170.5234683605513,1,2017,2017,933.3843320675434,933.3843320675434
latest_available,191,Croatia,F120,1443,1436.5583421526096,2158.434357237297,1,2017,2017,956.1096280220916,956.1096280220916
latest_available,191,Croatia,G006,1426,1432.9296702034958,2184.7340417043088,1,2017,2017,939.834048700835,939.834048700835
latest_available,191,Croatia,Y002,1441,1441.9487651685272,2193.5429185196344,1,2017,2017,947.8803554818292,947.8803554818292
latest_available,196,Cyprus,A008,995,997.398965,1228.8482462347552,1,2019,2019,809.5423486432899,809.54234864329
latest_available,196,Cyprus,A165,960,976.3129620000002,1213.61919393504,1,2019,2019,785.4086393266402,785.4086393266402
latest_available,196,Cyprus,E018,917,915.560621,1125.2158550525332,1,2019,2019,744.9692847482762,744.9692847482762
latest_available,196,Cyprus,E025,968,970.8787580000002,1196.5923965178322,1,2019,2019,787.7415613526136,787.7415613526136
latest_available,196,Cyprus,F063,955,966.9948250000002,1198.8319133207951,1,2019,2019,779.991741283053,779.991741283053
latest_available,196,Cyprus,F118,920,929.59586,1150.97693702108,1,2019,2019,750.7956372833152,750.7956372833152
latest_available,196,Cyprus,F120,936,944.6362740000002,1168.740986186664,1,2019,2019,763.5033773121095,763.5033773121095
latest_available,196,Cyprus,G006,942,958.312962,1191.4755701237582,1,2019,2019,770.7784835586881,770.7784835586881
latest_available,196,Cyprus,Y002,966,976.5554460000002,1209.485369872134,1,2019,2019,788.4845595222699,788.4845595222698
latest_available,197,Northern Cyprus,A008,490,489.52883589703583,597.9947842630381,1,2008,2008,400.7367413246501,400.7367413246501
latest_available,197,Northern Cyprus,A165,486,486.68608021268386,595.8491897864562,1,2008,2008,397.5223004963309,397.5223004963309
latest_available,197,Northern Cyprus,E018,446,436.953021947736,520.2163429830252,1,2008,2008,367.016426847414,367.016426847414
latest_available,197,Northern Cyprus,E025,484,483.0743308020395,581.3784316438405,1,2008,2008,401.39227115807074,401.39227115807074
latest_available,197,Northern Cyprus,F063,478,477.74398724439385,584.7560994872518,1,2008,2008,390.3154110719069,390.3154110719069
latest_available,197,Northern Cyprus,F118,477,479.6371251942968,589.9594695912353,1,2008,2008,389.9450449096873,389.9450449096872
latest_available,197,Northern Cyprus,F120,479,478.83816339867184,586.2885596828905,1,2008,2008,391.0804380201934,391.0804380201934
latest_available,197,Northern Cyprus,G006,343,365.8796390483768,476.8927016790393,1,2008,2008,280.7086579409784,280.7086579409784
latest_available,197,Northern Cyprus,Y002,481,485.5025962199524,598.0719152530867,1,2008,2008,394.1211164155189,394.1211164155189
latest_available,203,Czechia,A008,1192,1193.034144,1310.82423959876,1,2022,2022,1085.8286151204302,1085.8286151204302
latest_available,203,Czechia,A165,1191,1190.855928,1307.776509600616,1,2022,2022,1084.3885257472843,1084.3885257472843
latest_available,203,Czechia,E018,1178,1180.387623,1298.7238881398112,1,2022,2022,1072.8338434794357,1072.8338434794357
latest_available,203,Czechia,E025,1185,1184.7879,1300.408304974778,1,2022,2022,1079.4474032628052,1079.4474032628052
latest_available,203,Czechia,F063,1191,1192.05469,1310.2904909032618,1,2022,2022,1084.4880534631825,1084.4880534631825
latest_available,203,Czechia,F118,1177,1177.699435,1294.583068728463,1,2022,2022,1071.3688388969929,1071.3688388969929
latest_available,203,Czechia,F120,1192,1192.500842,1309.775331503844,1,2022,2022,1085.7268601462702,1085.7268601462702
latest_available,203,Czechia,G006,1185,1183.967885,1298.6368146474729,1,2022,2022,1079.4241599348927,1079.4241599348927
latest_available,203,Czechia,Y002,1185,1183.561529,1297.7685640060631,1,2022,2022,1079.405012404256,1079.405012404256
latest_available,208,Denmark,A008,3351,3361.006032199787,6383.340373109756,1,2017,2017,1769.6630428905262,1769.6630428905262
latest_available,208,Denmark,A165,3344,3359.2713611702893,6388.525069285397,1,2017,2017,1766.4020968209436,1766.4020968209436
latest_available,208,Denmark,E018,3316,3328.99420881997,6325.560554108637,1,2017,2017,1751.971599601348,1751.971599601348
latest_available,208,Denmark,E025,3305,3313.6523245227027,6289.17558846791,1,2017,2017,1745.9031908647337,1745.9031908647337
latest_available,208,Denmark,F063,3315,3331.946985489278,6334.720355200097,1,2017,2017,1752.5431418606652,1752.5431418606652
latest_available,208,Denmark,F118,3346,3350.880816335075,6347.9400135571195,1,2017,2017,1768.8261422291691,1768.8261422291691
latest_available,208,Denmark,F120,3355,3363.28329718679,6384.084556956665,1,2017,2017,1771.855375068527,1771.855375068527
latest_available,208,Denmark,G006,3199,3169.8704125172917,5968.299574159088,1,2017,2017,1683.5747447493509,1683.5747447493509
latest_available,208,Denmark,Y002,3109,3150.0843064115315,6027.5846231753785,1,2017,2017,1646.269900441927,1646.269900441927
latest_available,218,Ecuador,A008,1180,1180.0,1180.0,1,2018,2018,1180.0,1180.0
latest_available,218,Ecuador,A165,1177,1177.0,1177.0,1,2018,2018,1177.0,1177.0
latest_available,218,Ecuador,E018,1192,1192.0,1192.0,1,2018,2018,1192.0,1192.0
latest_available,218,Ecuador,E025,1178,1178.0,1178.0,1,2018,2018,1178.0,1178.0
latest_available,218,Ecuador,F063,1200,1200.0,1200.0,1,2018,2018,1200.0,1200.0
latest_available,218,Ecuador,F118,1151,1151.0,1151.0,1,2018,2018,1151.0,1151.0
latest_available,218,Ecuador,F120,1187,1187.0,1187.0,1,2018,2018,1187.0,1187.0
latest_available,218,Ecuador,G006,1192,1192.0,1192.0,1,2018,2018,1192.0,1192.0
latest_available,218,Ecuador,Y002,1186,1186.0,1186.0,1,2018,2018,1186.0,1186.0
latest_available,231,Ethiopia,A008,1230,1230.0,1230.0,1,2020,2020,1230.0,1230.0
latest_available,231,Ethiopia,A165,1226,1226.0,1226.0,1,2020,2020,1226.0,1226.0
latest_available,231,Ethiopia,E018,1210,1210.0,1210.0,1,2020,2020,1210.0,1210.0
latest_available,231,Ethiopia,E025,1189,1189.0,1189.0,1,2020,2020,1189.0,1189.0
latest_available,231,Ethiopia,F063,1230,1230.0,1230.0,1,2020,2020,1230.0,1230.0
latest_available,231,Ethiopia,F118,1055,1055.0,1055.0,1,2020,2020,1055.0,1055.0
latest_available,231,Ethiopia,F120,1225,1225.0,1225.0,1,2020,2020,1225.0,1225.0
latest_available,231,Ethiopia,G006,1229,1229.0,1229.0,1,2020,2020,1229.0,1229.0
latest_available,231,Ethiopia,Y002,1194,1194.0,1194.0,1,2020,2020,1194.0,1194.0
latest_available,233,Estonia,A008,1295,1297.5147286468214,1443.3530408256545,1,2018,2018,1166.4121136242463,1166.4121136242463
latest_available,233,Estonia,A165,1283,1285.2582320979886,1430.1106268766443,1,2018,2018,1155.077580804616,1155.077580804616
latest_available,233,Estonia,E018,1059,1071.887359175641,1204.3280641167412,1,2018,2018,954.011240785266,954.011240785266
latest_available,233,Estonia,E025,1207,1213.1784063652726,1352.544161902979,1,2018,2018,1088.1728575872985,1088.1728575872985
latest_available,233,Estonia,F063,1248,1248.117762874981,1385.9937083883533,1,2018,2018,1123.957446975333,1123.957446975333
latest_available,233,Estonia,F118,1200,1209.8527126743552,1353.8427843365223,1,2018,2018,1081.1769308079834,1081.1769308079834
latest_available,233,Estonia,F120,1241,1240.0704612456354,1374.7668987010964,1,2018,2018,1118.5712649227148,1118.5712649227148
latest_available,233,Estonia,G006,1110,1117.3262709081196,1246.3950125330527,1,2018,2018,1001.6230674128584,1001.6230674128586
latest_available,233,Estonia,Y002,1266,1264.7584632951102,1403.8808418807914,1,2018,2018,1139.4228931378475,1139.4228931378475
latest_available,246,Finland,A008,1195,1216.8483456110234,1567.5787589125052,1,2017,2017,944.5904314520834,944.5904314520834
latest_available,246,Finland,A165,1177,1195.4564758655667,1540.0706077703494,1,2017,2017,927.9549771798684,927.9549771798684
latest_available,246,Finland,E018,1136,1145.799575539868,1465.745964836916,1,2017,2017,895.6918175472616,895.6918175472616
latest_available,246,Finland,E025,1168,1185.1347925515547,1525.83146758183,1,2017,2017,920.510886265944,920.510886265944
latest_available,246,Finland,F063,1174,1193.7217776201696,1539.961649338077,1,2017,2017,925.3293307512914,925.3293307512912
latest_available,246,Finland,F118,1163,1177.4755309010125,1512.9767223110416,1,2017,2017,916.3714189553748,916.3714189553748
latest_available,246,Finland,F120,1166,1181.0426680810342,1510.246944376016,1,2017,2017,923.5984810446206,923.5984810446206
latest_available,246,Finland,G006,1178,1195.5657689502111,1539.2314562898785,1,2017,2017,928.6306500848434,928.6306500848432
latest_available,246,Finland,Y002,1149,1160.899979878261,1493.47942895488,1,2017,2017,902.381872259496,902.381872259496
latest_available,250,France,A008,1866,1876.4841722989024,2718.3526676563915,1,2018,2018,1295.3407005589409,1295.3407005589409
latest_available,250,France,A165,1844,1852.739050512413,2678.1686976965075,1,2018,2018,1281.7123851257215,1281.7123851257215
latest_available,250,France,E018,1808,1815.932587683695,2632.902234961147,1,2018,2018,1252.462442100613,1252.462442100613
latest_available,250,France,E025,1858,1866.7887037177693,2704.1799758501575,1,2018,2018,1288.7086271810235,1288.7086271810235
latest_available,250,France,F063,1843,1857.4867003080424,2699.248705645732,1,2018,2018,1278.228580643467,1278.228580643467
latest_available,250,France,F118,1724,1733.6358545917994,2529.604597670323,1,2018,2018,1188.127693590608,1188.127693590608
latest_available,250,France,F120,1804,1815.400024306413,2640.265579323117,1,2018,2018,1248.23702360148,1248.23702360148
latest_available,250,France,G006,1760,1738.783703175474,2467.728599184855,1,2018,2018,1225.162591796886,1225.162591796886
latest_available,250,France,Y002,1824,1832.3440196786903,2657.299752383753,1,2018,2018,1263.494870475339,1263.494870475339
latest_available,268,Georgia,A008,2192,2208.5896785647965,3099.1373997164005,1,2018,2018,1573.9438879700272,1573.9438879700272
latest_available,268,Georgia,A165,2173,2188.8559188730324,3070.1461081036477,1,2018,2018,1560.5414416400015,1560.5414416400015
latest_available,268,Georgia,E018,2093,2102.5319184870727,2940.277410172979,1,2018,2018,1503.4773429752197,1503.4773429752197
latest_available,268,Georgia,E025,2066,2077.0000764121887,2903.9060951579904,1,2018,2018,1485.560888008513,1485.560888008513
latest_available,268,Georgia,F063,2186,2203.730680229401,3091.6209679951744,1,2018,2018,1570.83580466644,1570.83580466644
latest_available,268,Georgia,F118,2159,2179.2564912036205,3061.3949687865156,1,2018,2018,1551.3055005560425,1551.3055005560425
latest_available,268,Georgia,F120,2157,2164.597435032358,3022.9203393990356,1,2018,2018,1549.9852889541078,1549.9852889541075
latest_available,268,Georgia,G006,2177,2195.443640436516,3083.2057479561513,1,2018,2018,1563.2991024125747,1563.2991024125747
latest_available,268,Georgia,Y002,2134,2140.9157888370564,2992.6995644648127,1,2018,2018,1531.5671741047186,1531.5671741047186
latest_available,275,Palestine,A008,996,996.0,996.0,1,2013,2013,996.0,996.0
latest_available,275,Palestine,A165,892,892.0,892.0,1,2013,2013,892.0,892.0
latest_available,275,Palestine,E018,963,963.0,963.0,1,2013,2013,963.0,963.0
latest_available,275,Palestine,E025,967,967.0,967.0,1,2013,2013,967.0,967.0
latest_available,275,Palestine,F063,997,997.0,997.0,1,2013,2013,997.0,997.0
latest_available,275,Palestine,F118,947,947.0,947.0,1,2013,2013,947.0,947.0
latest_available,275,Palestine,F120,989,989.0,989.0,1,2013,2013,989.0,989.0
latest_available,275,Palestine,G006,991,991.0,991.0,1,2013,2013,991.0,991.0
latest_available,275,Palestine,Y002,963,963.0,963.0,1,2013,2013,963.0,963.0
latest_available,276,Germany,A008,1521,1521.0,1521.0,1,2018,2018,1521.0,1521.0
latest_available,276,Germany,A165,1482,1482.0,1482.0,1,2018,2018,1482.0,1482.0
latest_available,276,Germany,E018,1471,1471.0,1471.0,1,2018,2018,1471.0,1471.0
latest_available,276,Germany,E025,1512,1512.0,1512.0,1,2018,2018,1512.0,1512.0
latest_available,276,Germany,F063,1508,1508.0,1508.0,1,2018,2018,1508.0,1508.0
latest_available,276,Germany,F118,1486,1486.0,1486.0,1,2018,2018,1486.0,1486.0
latest_available,276,Germany,F120,1480,1480.0,1480.0,1,2018,2018,1480.0,1480.0
latest_available,276,Germany,G006,1336,1336.0,1336.0,1,2018,2018,1336.0,1336.0
latest_available,276,Germany,Y002,1486,1486.0,1486.0,1,2018,2018,1486.0,1486.0
latest_available,288,Ghana,A008,1552,1551.9552,2170.7582284799964,1,2012,2012,1109.5500692831922,1109.5500692831922
latest_available,288,Ghana,A165,1552,1551.9552,2170.7582284799964,1,2012,2012,1109.5500692831922,1109.5500692831922
latest_available,288,Ghana,E018,1552,1551.9552,2170.7582284799964,1,2012,2012,1109.5500692831922,1109.5500692831922
latest_available,288,Ghana,E025,1552,1551.9552,2170.7582284799964,1,2012,2012,1109.5500692831922,1109.5500692831922
latest_available,288,Ghana,F063,1552,1551.9552,2170.7582284799964,1,2012,2012,1109.5500692831922,1109.5500692831922
latest_available,288,Ghana,F118,1552,1551.9552,2170.7582284799964,1,2012,2012,1109.5500692831922,1109.5500692831922
latest_available,288,Ghana,F120,1552,1551.9552,2170.7582284799964,1,2012,2012,1109.5500692831922,1109.5500692831922
latest_available,288,Ghana,G006,1550,1549.6751999999997,2167.322328,1,2012,2012,1108.046179596706,1108.046179596706
latest_available,288,Ghana,Y002,1552,1551.9552,2170.7582284799964,1,2012,2012,1109.5500692831922,1109.5500692831922
latest_available,300,Greece,A008,1196,1196.8957810000002,1425.1355520000152,1,2017,2017,1005.2092999610924,1005.2092999610924
latest_available,300,Greece,A165,1188,1189.023922,1417.411451713714,1,2017,2017,997.436478574334,997.4364785743342
latest_available,300,Greece,E018,1123,1119.89736,1305.909221773838,1,2017,2017,960.3807646226816,960.3807646226816
latest_available,300,Greece,E025,1187,1185.025228,1404.3823943880898,1,2017,2017,999.9305008436248,999.9305008436248
latest_available,300,Greece,F063,1185,1187.043462,1415.41660270904,1,2017,2017,995.517629212522,995.517629212522
latest_available,300,Greece,F118,1157,1153.208851,1361.809121123689,1,2017,2017,976.5617173480148,976.5617173480148
latest_available,300,Greece,F120,1179,1174.752792,1386.1931729642242,1,2017,2017,995.5640737724312,995.5640737724312
latest_available,300,Greece,G006,1139,1119.90684,1256.363934671334,1,2017,2017,998.2707205033572,998.2707205033572
latest_available,300,Greece,Y002,1180,1181.704648,1410.3725844679798,1,2017,2017,990.1113297884776,990.1113297884776
latest_available,320,Guatemala,A008,1229,1229.0,1229.0,1,2020,2020,1229.0,1229.0
latest_available,320,Guatemala,A165,1229,1229.0,1229.0,1,2020,2020,1229.0,1229.0
latest_available,320,Guatemala,E018,1229,1229.0,1229.0,1,2020,2020,1229.0,1229.0
latest_available,320,Guatemala,E025,1199,1199.0,1199.0,1,2020,2020,1199.0,1199.0
latest_available,320,Guatemala,F063,1211,1211.0,1211.0,1,2020,2020,1211.0,1211.0
latest_available,320,Guatemala,F118,1205,1205.0,1205.0,1,2020,2020,1205.0,1205.0
latest_available,320,Guatemala,F120,1205,1205.0,1205.0,1,2020,2020,1205.0,1205.0
latest_available,320,Guatemala,G006,1209,1209.0,1209.0,1,2020,2020,1209.0,1209.0
latest_available,320,Guatemala,Y002,1001,1001.0,1001.0,1,2020,2020,1001.0,1001.0
latest_available,332,Haiti,A008,1975,1975.0,1975.0,1,2016,2016,1975.0,1975.0
latest_available,332,Haiti,A165,1967,1967.0,1967.0,1,2016,2016,1967.0,1967.0
latest_available,332,Haiti,E018,1975,1975.0,1975.0,1,2016,2016,1975.0,1975.0
latest_available,332,Haiti,E025,1741,1741.0,1741.0,1,2016,2016,1741.0,1741.0
latest_available,332,Haiti,F063,1935,1935.0,1935.0,1,2016,2016,1935.0,1935.0
latest_available,332,Haiti,F118,1931,1931.0,1931.0,1,2016,2016,1931.0,1931.0
latest_available,332,Haiti,F120,1935,1935.0,1935.0,1,2016,2016,1935.0,1935.0
latest_available,332,Haiti,G006,1935,1935.0,1935.0,1,2016,2016,1935.0,1935.0
latest_available,332,Haiti,Y002,1981,1981.0,1981.0,1,2016,2016,1981.0,1981.0
latest_available,344,Hong Kong SAR,A008,2071,2068.5644190000003,2437.090893521921,1,2018,2018,1755.7649437396008,1755.7649437396008
latest_available,344,Hong Kong SAR,A165,2066,2064.026639,2432.727404262719,1,2018,2018,1751.2056464019518,1751.2056464019518
latest_available,344,Hong Kong SAR,E018,2052,2042.424552,2396.7027200036637,1,2018,2018,1740.515423876193,1740.515423876193
latest_available,344,Hong Kong SAR,E025,2068,2068.301026,2440.294349560886,1,2018,2018,1753.013580071775,1753.013580071775
latest_available,344,Hong Kong SAR,F063,2058,2053.3824000000004,2416.9678270431305,1,2018,2018,1744.491272681935,1744.491272681935
latest_available,344,Hong Kong SAR,F118,2052,2046.731875,2407.9435559783674,1,2018,2018,1739.704968474207,1739.7049684742071
latest_available,344,Hong Kong SAR,F120,2062,2059.770495,2425.291524409238,1,2018,2018,1749.3379453037044,1749.3379453037044
latest_available,344,Hong Kong SAR,G006,2049,2045.764166,2409.91458943867,1,2018,2018,1736.638734514032,1736.638734514032
latest_available,344,Hong Kong SAR,Y002,2058,2054.675231,2420.217707416381,1,2018,2018,1744.3432018318808,1744.3432018318806
latest_available,348,Hungary,A008,1508,1512.5257502593508,1702.0887899563677,1,2018,2018,1344.0745034554027,1344.0745034554027
latest_available,348,Hungary,A165,1497,1503.6069161083433,1694.5609885725926,1,2018,2018,1334.1707813498338,1334.1707813498338
latest_available,348,Hungary,E018,1437,1444.1981337613986,1628.062778922165,1,2018,2018,1281.0981717429345,1281.0981717429345
latest_available,348,Hungary,E025,1483,1485.631195559319,1670.7143081988206,1,2018,2018,1321.05174319029,1321.05174319029
latest_available,348,Hungary,F063,1476,1483.8870549984294,1675.1541433464604,1,2018,2018,1314.4586131000028,1314.4586131000028
latest_available,348,Hungary,F118,1461,1461.584934503427,1637.291566820325,1,2018,2018,1304.7343332476923,1304.7343332476923
latest_available,348,Hungary,F120,1483,1486.6920516853058,1671.4890838772678,1,2018,2018,1322.3258697072986,1322.3258697072986
latest_available,348,Hungary,G006,1472,1476.490292269405,1662.7040703916389,1,2018,2018,1311.1314406371205,1311.1314406371205
latest_available,348,Hungary,Y002,1468,1473.5459283016587,1660.2833775965855,1,2018,2018,1307.811444789389,1307.811444789389
latest_available,352,Iceland,A008,1619,1628.1297735454036,2272.49269148298,1,2017,2017,1166.4752848006513,1166.4752848006513
latest_available,352,Iceland,A165,1598,1607.6425224726909,2244.3650649926835,1,2017,2017,1151.5570797172347,1151.5570797172347
latest_available,352,Iceland,E018,1541,1556.35766314711,2181.060245371802,1,2017,2017,1110.5833416462165,1110.5833416462165
latest_available,352,Iceland,E025,1614,1624.5828004543896,2270.0434981030735,1,2017,2017,1162.6514107494818,1162.6514107494818
latest_available,352,Iceland,F063,1604,1613.7155268642991,2253.522889976148,1,2017,2017,1155.5586203388798,1155.5586203388798
latest_available,352,Iceland,F118,1580,1592.7088833203843,2226.135005299394,1,2017,2017,1139.5183045812178,1139.5183045812178
latest_available,352,Iceland,F120,1591,1599.399631170847,2234.0024663149925,1,2017,2017,1145.0655130247087,1145.0655130247087
latest_available,352,Iceland,G006,1566,1577.829866880613,2199.9662096452985,1,2017,2017,1131.6296940860216,1131.6296940860216
latest_available,352,Iceland,Y002,1597,1608.2999067571131,2250.4963241570267,1,2017,2017,1149.3591712680611,1149.3591712680611
latest_available,356,India,A008,4064,4064.0,4064.0,1,2012,2012,4064.0,4064.0
latest_available,356,India,A165,3856,3856.0,3856.0,1,2012,2012,3856.0,3856.0
latest_available,356,India,E018,3395,3395.0,3395.0,1,2012,2012,3395.0,3395.0
latest_available,356,India,E025,3125,3125.0,3125.0,1,2012,2012,3125.0,3124.9999999999995
latest_available,356,India,F063,4050,4050.0,4050.0,1,2012,2012,4050.0,4050.0
latest_available,356,India,F118,3608,3608.0,3608.0,1,2012,2012,3608.0,3608.0
latest_available,356,India,F120,3854,3854.0,3854.0,1,2012,2012,3854.0,3854.0
latest_available,356,India,G006,3997,3997.0,3997.0,1,2012,2012,3997.0,3997.0
latest_available,356,India,Y002,3951,3951.0,3951.0,1,2012,2012,3951.0,3951.0
latest_available,360,Indonesia,A008,3199,3198.377834,5513.3298899836445,1,2018,2018,1855.4341882583915,1855.4341882583913
latest_available,360,Indonesia,A165,3199,3199.491032,5515.702188392713,1,2018,2018,1855.9274076455224,1855.9274076455229
latest_available,360,Indonesia,E018,3166,3171.456422,5474.10924341146,1,2018,2018,1837.4013724243512,1837.4013724243512
latest_available,360,Indonesia,E025,3183,3178.1459680000003,5472.800834735503,1,2018,2018,1845.60193197727,1845.6019319772704
latest_available,360,Indonesia,F063,3200,3199.9999660000003,5515.961202209066,1,2018,2018,1856.430712075898,1856.430712075898
latest_available,360,Indonesia,F118,3189,3185.1129739999997,5487.823529882008,1,2018,2018,1848.62807666872,1848.6280766687205
latest_available,360,Indonesia,F120,3193,3192.8278360000004,5507.940012458048,1,2018,2018,1850.809843113572,1850.809843113572
latest_available,360,Indonesia,G006,3196,3195.475001,5508.298389012825,1,2018,2018,1853.759502641239,1853.759502641239
latest_available,360,Indonesia,Y002,3159,3150.8708530000004,5427.402306878257,1,2018,2018,1829.2336869339888,1829.2336869339888
latest_available,364,Iran,A008,1497,1497.0,1497.0,1,2020,2020,1497.0,1496.9999999999998
latest_available,364,Iran,A165,1496,1496.0,1496.0,1,2020,2020,1496.0,1496.0
latest_available,364,Iran,E018,1487,1487.0,1487.0,1,2020,2020,1487.0,1487.0
latest_available,364,Iran,E025,1475,1475.0,1475.0,1,2020,2020,1475.0,1475.0
latest_available,364,Iran,F063,1498,1498.0,1498.0,1,2020,2020,1498.0,1498.0
latest_available,364,Iran,F118,1490,1490.0,1490.0,1,2020,2020,1490.0,1490.0
latest_available,364,Iran,F120,1494,1494.0,1494.0,1,2020,2020,1494.0,1494.0
latest_available,364,Iran,G006,1480,1480.0,1480.0,1,2020,2020,1480.0,1480.0
latest_available,364,Iran,Y002,1485,1485.0,1485.0,1,2020,2020,1485.0,1485.0
latest_available,368,Iraq,A008,1179,1179.0,1179.0,1,2018,2018,1179.0,1179.0
latest_available,368,Iraq,A165,1174,1174.0,1174.0,1,2018,2018,1174.0,1174.0
latest_available,368,Iraq,E018,1162,1162.0,1162.0,1,2018,2018,1162.0,1162.0
latest_available,368,Iraq,E025,1166,1166.0,1166.0,1,2018,2018,1166.0,1166.0
latest_available,368,Iraq,F118,835,835.0,835.0,1,2018,2018,835.0,835.0
latest_available,368,Iraq,F120,1200,1200.0,1200.0,1,2018,2018,1200.0,1200.0
latest_available,368,Iraq,G006,1193,1193.0,1193.0,1,2018,2018,1193.0,1193.0
latest_available,368,Iraq,Y002,1200,1200.0,1200.0,1,2018,2018,1200.0,1200.0
latest_available,372,Ireland,A008,979,978.8814773554366,1083.3636828805547,1,2008,2008,884.4757876337346,884.4757876337347
latest_available,372,Ireland,A165,954,952.0962321302748,1051.649587476329,1,2008,2008,861.9669955008368,861.9669955008367
latest_available,372,Ireland,E018,851,846.5174420855834,930.4637969042456,1,2008,2008,770.1447193746797,770.1447193746797
latest_available,372,Ireland,E025,938,932.7179824434932,1025.4565957927662,1,2008,2008,848.3663163733462,848.3663163733462
latest_available,372,Ireland,F063,940,937.7650681391718,1035.2900050577375,1,2008,2008,849.4270385359526,849.4270385359526
latest_available,372,Ireland,F118,907,913.8816497537284,1018.5036791031848,1,2008,2008,820.0065320254816,820.0065320254816
latest_available,372,Ireland,F120,923,920.9780007290904,1016.5828464831244,1,2008,2008,834.364342032042,834.364342032042
latest_available,372,Ireland,G006,910,904.6793837523646,995.75199258751,1,2008,2008,821.9363792180717,821.9363792180717
latest_available,372,Ireland,Y002,936,937.4427294502804,1038.782705943918,1,2008,2008,845.9891235873506,845.9891235873506
latest_available,380,Italy,A008,2258,2263.305930576282,2601.8049651400443,1,2018,2018,1968.8461679548088,1968.8461679548088
latest_available,380,Italy,A165,2230,2232.2558575497183,2562.337698132525,1,2018,2018,1944.6953526838788,1944.6953526838788
latest_available,380,Italy,E018,2140,2145.8400531172815,2468.2825488290273,1,2018,2018,1865.5196244639212,1865.5196244639217
latest_available,380,Italy,E025,2134,2123.747324190841,2427.8445987754667,1,2018,2018,1857.7394530451504,1857.7394530451504
latest_available,380,Italy,F063,2217,2216.9065100807925,2541.248087679458,1,2018,2018,1933.960914035133,1933.960914035133
latest_available,380,Italy,F118,2150,2147.9975803195093,2463.647565081271,1,2018,2018,1872.7896272396672,1872.7896272396672
latest_available,380,Italy,F120,2193,2198.7627308586225,2532.0212159680013,1,2018,2018,1909.366918461857,1909.366918461857
latest_available,380,Italy,G006,2237,2238.8060673082964,2569.2432073652717,1,2018,2018,1950.8673186904896,1950.8673186904896
latest_available,380,Italy,Y002,2166,2170.3025473132975,2495.9946793512777,1,2018,2018,1887.1086488448757,1887.1086488448757
latest_available,392,Japan,A008,1324,1324.0,1324.0,1,2019,2019,1324.0,1324.0
latest_available,392,Japan,A165,1281,1281.0,1281.0,1,2019,2019,1281.0,1281.0
latest_available,392,Japan,E018,1342,1342.0,1342.0,1,2019,2019,1342.0,1342.0
latest_available,392,Japan,E025,1211,1211.0,1211.0,1,2019,2019,1211.0,1211.0
latest_available,392,Japan,F063,1246,1246.0,1246.0,1,2019,2019,1246.0,1246.0
latest_available,392,Japan,F118,1218,1218.0,1218.0,1,2019,2019,1218.0,1218.0
latest_available,392,Japan,F120,1242,1242.0,1242.0,1,2019,2019,1242.0,1242.0
latest_available,392,Japan,G006,1283,1283.0,1283.0,1,2019,2019,1283.0,1283.0
latest_available,392,Japan,Y002,1137,1137.0,1137.0,1,2019,2019,1137.0,1137.0
latest_available,398,Kazakhstan,A008,1211,1211.0,1211.0,1,2018,2018,1211.0,1211.0
latest_available,398,Kazakhstan,A165,1218,1218.0,1218.0,1,2018,2018,1218.0,1218.0
latest_available,398,Kazakhstan,E018,1156,1156.0,1156.0,1,2018,2018,1156.0,1156.0
latest_available,398,Kazakhstan,E025,1174,1174.0,1174.0,1,2018,2018,1174.0,1174.0
latest_available,398,Kazakhstan,F063,1234,1234.0,1234.0,1,2018,2018,1234.0,1234.0
latest_available,398,Kazakhstan,F118,1151,1151.0,1151.0,1,2018,2018,1151.0,1151.0
latest_available,398,Kazakhstan,F120,1133,1133.0,1133.0,1,2018,2018,1133.0,1133.0
latest_available,398,Kazakhstan,G006,1250,1250.0,1250.0,1,2018,2018,1250.0,1250.0
latest_available,398,Kazakhstan,Y002,1180,1180.0,1180.0,1,2018,2018,1180.0,1180.0
latest_available,400,Jordan,A008,1199,1199.0,1199.0,1,2018,2018,1199.0,1199.0
latest_available,400,Jordan,A165,1196,1196.0,1196.0,1,2018,2018,1196.0,1196.0
latest_available,400,Jordan,E018,1193,1193.0,1193.0,1,2018,2018,1193.0,1193.0
latest_available,400,Jordan,E025,1143,1143.0,1143.0,1,2018,2018,1143.0,1143.0
latest_available,400,Jordan,F063,1197,1197.0,1197.0,1,2018,2018,1197.0,1197.0
latest_available,400,Jordan,F118,1195,1195.0,1195.0,1,2018,2018,1195.0,1195.0
latest_available,400,Jordan,F120,1196,1196.0,1196.0,1,2018,2018,1196.0,1196.0
latest_available,400,Jordan,G006,1195,1195.0,1195.0,1,2018,2018,1195.0,1195.0
latest_available,400,Jordan,Y002,1188,1188.0,1188.0,1,2018,2018,1188.0,1188.0
latest_available,404,Kenya,A008,1253,1253.0,1253.0,1,2021,2021,1253.0,1253.0
latest_available,404,Kenya,A165,1252,1252.0,1252.0,1,2021,2021,1252.0,1252.0
latest_available,404,Kenya,E018,1250,1250.0,1250.0,1,2021,2021,1250.0,1250.0
latest_available,404,Kenya,E025,1189,1189.0,1189.0,1,2021,2021,1189.0,1189.0
latest_available,404,Kenya,F063,1259,1259.0,1259.0,1,2021,2021,1259.0,1259.0
latest_available,404,Kenya,F118,1215,1215.0,1215.0,1,2021,2021,1215.0,1215.0
latest_available,404,Kenya,F120,1224,1224.0,1224.0,1,2021,2021,1224.0,1224.0
latest_available,404,Kenya,G006,1250,1250.0,1250.0,1,2021,2021,1250.0,1250.0
latest_available,404,Kenya,Y002,1237,1237.0,1237.0,1,2021,2021,1237.0,1237.0
latest_available,410,South Korea,A008,1245,1245.0,1245.0,1,2018,2018,1245.0,1245.0
latest_available,410,South Korea,A165,1245,1245.0,1245.0,1,2018,2018,1245.0,1245.0
latest_available,410,South Korea,E018,1245,1245.0,1245.0,1,2018,2018,1245.0,1245.0
latest_available,410,South Korea,E025,1245,1245.0,1245.0,1,2018,2018,1245.0,1245.0
latest_available,410,South Korea,F063,1245,1245.0,1245.0,1,2018,2018,1245.0,1245.0
latest_available,410,South Korea,F118,1245,1245.0,1245.0,1,2018,2018,1245.0,1245.0
latest_available,410,South Korea,F120,1245,1245.0,1245.0,1,2018,2018,1245.0,1245.0
latest_available,410,South Korea,G006,1245,1245.0,1245.0,1,2018,2018,1245.0,1245.0
latest_available,410,South Korea,Y002,1245,1245.0,1245.0,1,2018,2018,1245.0,1245.0
latest_available,417,Kyrgyzstan,A008,1199,1197.67605,1507.8209345630642,1,2020,2020,951.3251128584913,951.3251128584913
latest_available,417,Kyrgyzstan,A165,1190,1190.282449,1500.054394905685,1,2020,2020,944.4806223087104,944.4806223087106
latest_available,417,Kyrgyzstan,E018,1166,1166.176506,1469.846731239556,1,2020,2020,925.2445266857692,925.2445266857692
latest_available,417,Kyrgyzstan,E025,1160,1157.039679,1458.3237747220192,1,2020,2020,917.9997213140198,917.9997213140198
latest_available,417,Kyrgyzstan,F063,1197,1197.256949,1509.9340364842533,1,2020,2020,949.3290218600472,949.3290218600472
latest_available,417,Kyrgyzstan,F118,1136,1134.137027,1425.406237292253,1,2020,2020,902.3861144706592,902.3861144706592
latest_available,417,Kyrgyzstan,F120,1150,1146.3888860000002,1448.588280183314,1,2020,2020,907.2332669832264,907.2332669832264
latest_available,417,Kyrgyzstan,G006,1194,1195.2189600000002,1508.5477156053362,1,2020,2020,946.9692920984254,946.9692920984254
latest_available,417,Kyrgyzstan,Y002,1135,1131.027364,1428.806721960948,1,2020,2020,895.3085665506494,895.3085665506494
latest_available,422,Lebanon,A008,1200,1200.0,1200.0,1,2018,2018,1200.0,1200.0
latest_available,422,Lebanon,A165,1200,1200.0,1200.0,1,2018,2018,1200.0,1200.0
latest_available,422,Lebanon,E018,1184,1184.0,1184.0,1,2018,2018,1184.0,1184.0
latest_available,422,Lebanon,E025,1185,1185.0,1185.0,1,2018,2018,1185.0,1185.0
latest_available,422,Lebanon,F063,1200,1200.0,1200.0,1,2018,2018,1200.0,1200.0
latest_available,422,Lebanon,F118,1192,1192.0,1192.0,1,2018,2018,1192.0,1192.0
latest_available,422,Lebanon,F120,1200,1200.0,1200.0,1,2018,2018,1200.0,1200.0
latest_available,422,Lebanon,G006,1200,1200.0,1200.0,1,2018,2018,1200.0,1200.0
latest_available,422,Lebanon,Y002,1200,1200.0,1200.0,1,2018,2018,1200.0,1200.0
latest_available,428,Latvia,A008,1309,1305.9633522397978,1426.5665110678033,1,2021,2021,1195.556088104712,1195.556088104712
latest_available,428,Latvia,A165,1289,1287.672948676855,1409.562032670899,1,2021,2021,1176.3239817209774,1176.3239817209774
latest_available,428,Latvia,E018,1149,1151.0303564990008,1262.1931055623322,1,2021,2021,1049.6578342439611,1049.6578342439611
latest_available,428,Latvia,E025,1295,1293.0152238132878,1413.012511385288,1,2021,2021,1183.2084681075062,1183.2084681075062
latest_available,428,Latvia,F063,1286,1283.9479084480554,1404.0705574723452,1,2021,2021,1174.1021295794856,1174.1021295794856
latest_available,428,Latvia,F118,1227,1227.1390254038042,1344.250636969272,1,2021,2021,1120.230220655957,1120.230220655957
latest_available,428,Latvia,F120,1212,1201.083128636364,1304.2314019279925,1,2021,2021,1106.0925843085656,1106.0925843085656
latest_available,428,Latvia,G006,1223,1218.6596595594456,1331.5754602788882,1,2021,2021,1115.3189662465652,1115.3189662465652
latest_available,428,Latvia,Y002,1276,1273.414070850013,1393.3296374774068,1,2021,2021,1163.8189213965509,1163.8189213965509
latest_available,434,Libya,A008,1191,1191.0,1191.0,1,2022,2022,1191.0,1191.0
latest_available,434,Libya,A165,1176,1176.0,1176.0,1,2022,2022,1176.0,1176.0
latest_available,434,Libya,E018,1162,1162.0,1162.0,1,2022,2022,1162.0,1162.0
latest_available,434,Libya,E025,1129,1129.0,1129.0,1,2022,2022,1129.0,1129.0
latest_available,434,Libya,F063,1190,1190.0,1190.0,1,2022,2022,1190.0,1190.0
latest_available,434,Libya,F118,1118,1118.0,1118.0,1,2022,2022,1118.0,1118.0
latest_available,434,Libya,F120,1126,1126.0,1126.0,1,2022,2022,1126.0,1126.0
latest_available,434,Libya,G006,1193,1193.0,1193.0,1,2022,2022,1193.0,1193.0
latest_available,434,Libya,Y002,1174,1174.0,1174.0,1,2022,2022,1174.0,1174.0
latest_available,440,Lithuania,A008,1285,1287.607884061703,1387.9770852070817,1,2018,2018,1194.496710909675,1194.496710909675
latest_available,440,Lithuania,A165,1400,1399.4103681172344,1506.8625889732111,1,2018,2018,1299.6204117911304,1299.6204117911304
latest_available,440,Lithuania,E018,1228,1220.9472979998875,1307.168170511497,1,2018,2018,1140.4135581957355,1140.4135581957355
latest_available,440,Lithuania,E025,1285,1283.0151797282845,1378.6465272940998,1,2018,2018,1194.0174067997648,1194.0174067997648
latest_available,440,Lithuania,F063,1349,1353.9461923189042,1465.8304295830726,1,2018,2018,1250.60188047554,1250.60188047554
latest_available,440,Lithuania,F118,1324,1331.076849809491,1442.7418541144762,1,2018,2018,1228.054467988128,1228.054467988128
latest_available,440,Lithuania,F120,1318,1322.9584563650817,1430.0623613359203,1,2018,2018,1223.8760522533282,1223.8760522533282
latest_available,440,Lithuania,G006,1333,1331.348660197305,1431.927176810762,1,2018,2018,1237.834775199189,1237.834775199189
latest_available,440,Lithuania,Y002,1392,1391.0772170678465,1497.4242732077987,1,2018,2018,1292.2829277368671,1292.2829277368671
latest_available,442,Luxembourg,A008,1605,1603.731813615333,2007.5788669171716,1,2008,2008,1281.1231341319149,1281.1231341319149
latest_available,442,Luxembourg,A165,1528,1532.309938766135,1921.1067225431143,1,2008,2008,1222.1984967775688,1222.1984967775688
latest_available,442,Luxembourg,E018,1521,1507.8290565327752,1870.8153489386057,1,2008,2008,1215.2714403451955,1215.2714403451955
latest_available,442,Luxembourg,E025,1586,1590.862828868631,1997.15327395594,1,2008,2008,1267.225992756596,1267.225992756596
latest_available,442,Luxembourg,F063,1583,1584.7572275367083,1988.3639898626593,1,2008,2008,1263.0763195441425,1263.0763195441425
latest_available,442,Luxembourg,F118,1536,1526.7814099469108,1903.005487942256,1,2008,2008,1224.936811023117,1224.936811023117
latest_available,442,Luxembourg,F120,1564,1561.706463993899,1960.2674280482192,1,2008,2008,1244.1807912447412,1244.1807912447412
latest_available,442,Luxembourg,G006,739,783.0421215650701,1040.3951392579402,1,2008,2008,589.348163028191,589.348163028191
latest_available,442,Luxembourg,Y002,1563,1559.3920603861047,1954.07046080799,1,2008,2008,1244.4298436350823,1244.4298436350823
latest_available,446,Macau SAR,A008,1023,1023.0,1023.0,1,2019,2019,1023.0,1023.0
latest_available,446,Macau SAR,A165,968,968.0,968.0,1,2019,2019,968.0,968.0
latest_available,446,Macau SAR,E018,1016,1016.0,1016.0,1,2019,2019,1016.0,1016.0
latest_available,446,Macau SAR,E025,1021,1021.0,1021.0,1,2019,2019,1021.0,1021.0
latest_available,446,Macau SAR,F063,1022,1022.0,1022.0,1,2019,2019,1022.0,1022.0
latest_available,446,Macau SAR,F118,1021,1021.0,1021.0,1,2019,2019,1021.0,1021.0
latest_available,446,Macau SAR,F120,1022,1022.0,1022.0,1,2019,2019,1022.0,1022.0
latest_available,446,Macau SAR,G006,1003,1003.0,1003.0,1,2019,2019,1003.0,1003.0
latest_available,446,Macau SAR,Y002,979,979.0,979.0,1,2019,2019,979.0,979.0
latest_available,458,Malaysia,A008,1313,1313.0,1313.0,1,2018,2018,1313.0,1313.0
latest_available,458,Malaysia,A165,1313,1313.0,1313.0,1,2018,2018,1313.0,1313.0
latest_available,458,Malaysia,E018,1313,1313.0,1313.0,1,2018,2018,1313.0,1313.0
latest_available,458,Malaysia,E025,1313,1313.0,1313.0,1,2018,2018,1313.0,1313.0
latest_available,458,Malaysia,F063,1313,1313.0,1313.0,1,2018,2018,1313.0,1313.0
latest_available,458,Malaysia,F118,1313,1313.0,1313.0,1,2018,2018,1313.0,1313.0
latest_available,458,Malaysia,F120,1313,1313.0,1313.0,1,2018,2018,1313.0,1313.0
latest_available,458,Malaysia,G006,1312,1312.0,1312.0,1,2018,2018,1312.0,1312.0
latest_available,458,Malaysia,Y002,1313,1313.0,1313.0,1,2018,2018,1313.0,1313.0
latest_available,462,Maldives,A008,1035,1035.0,1035.0,1,2021,2021,1035.0,1035.0
latest_available,462,Maldives,A165,1027,1027.0,1027.0,1,2021,2021,1027.0,1027.0
latest_available,462,Maldives,E018,1035,1035.0,1035.0,1,2021,2021,1035.0,1035.0
latest_available,462,Maldives,E025,1034,1034.0,1034.0,1,2021,2021,1034.0,1034.0
latest_available,462,Maldives,F063,1039,1039.0,1039.0,1,2021,2021,1039.0,1039.0
latest_available,462,Maldives,F118,1038,1038.0,1038.0,1,2021,2021,1038.0,1038.0
latest_available,462,Maldives,F120,1037,1037.0,1037.0,1,2021,2021,1037.0,1037.0
latest_available,462,Maldives,G006,1033,1033.0,1033.0,1,2021,2021,1033.0,1033.0
latest_available,462,Maldives,Y002,999,999.0,999.0,1,2021,2021,999.0,999.0
latest_available,466,Mali,A008,1516,1516.0,1516.0,1,2007,2007,1516.0,1516.0
latest_available,466,Mali,A165,1303,1303.0,1303.0,1,2007,2007,1303.0,1303.0
latest_available,466,Mali,E018,1408,1408.0,1408.0,1,2007,2007,1408.0,1408.0
latest_available,466,Mali,E025,1178,1178.0,1178.0,1,2007,2007,1178.0,1178.0
latest_available,466,Mali,F063,1466,1466.0,1466.0,1,2007,2007,1466.0,1466.0
latest_available,466,Mali,F118,1320,1320.0,1320.0,1,2007,2007,1320.0,1320.0
latest_available,466,Mali,F120,1333,1333.0,1333.0,1,2007,2007,1333.0,1333.0
latest_available,466,Mali,G006,1500,1500.0,1500.0,1,2007,2007,1500.0,1500.0
latest_available,466,Mali,Y002,1459,1459.0,1459.0,1,2007,2007,1459.0,1459.0
latest_available,470,Malta,A008,1496,1495.5732464544071,1720.913016311708,1,2008,2008,1299.7399138185351,1299.7399138185351
latest_available,470,Malta,A165,1422,1413.599813763551,1618.114733705761,1,2008,2008,1234.93371134195,1234.93371134195
latest_available,470,Malta,E018,1302,1314.6915246452702,1528.814748699031,1,2008,2008,1130.5580394517556,1130.5580394517556
latest_available,470,Malta,E025,1354,1352.84349744753,1557.8848631051496,1,2008,2008,1174.7886971173018,1174.7886971173018
latest_available,470,Malta,F063,1488,1485.2548583171647,1706.9124111607216,1,2008,2008,1292.3814835083692,1292.3814835083692
latest_available,470,Malta,F118,1295,1298.3834985366802,1495.3784022254065,1,2008,2008,1127.33988050353,1127.33988050353
latest_available,470,Malta,F120,1484,1482.6037671646031,1705.0861876074102,1,2008,2008,1289.15121498643,1289.15121498643
latest_available,470,Malta,G006,1459,1454.30876622323,1668.5428378953384,1,2008,2008,1267.5814725749349,1267.5814725749349
latest_available,470,Malta,Y002,1443,1444.1135761039,1664.512106535904,1,2008,2008,1252.898078961861,1252.898078961861
latest_available,484,Mexico,A008,1741,1741.144054,1809.851688524843,1,2018,2018,1675.044776321152,1675.044776321152
latest_available,484,Mexico,A165,1738,1738.338664,1807.171837484104,1,2018,2018,1672.1272698473451,1672.1272698473451
latest_available,484,Mexico,E018,1727,1727.767046,1796.7552425853578,1,2018,2018,1661.427719530781,1661.427719530781
latest_available,484,Mexico,E025,1733,1733.409267,1802.213377955261,1,2018,2018,1667.2319291795134,1667.2319291795134
latest_available,484,Mexico,F063,1739,1739.195933,1807.915159381709,1,2018,2018,1673.0887385214448,1673.0887385214448
latest_available,484,Mexico,F118,1689,1690.402921,1758.7047913692268,1,2018,2018,1624.75365356836,1624.75365356836
latest_available,484,Mexico,F120,1712,1711.753041,1779.3883970589186,1,2018,2018,1646.688535350569,1646.688535350569
latest_available,484,Mexico,G006,1739,1739.1045149999998,1807.7542212837568,1,2018,2018,1673.0617904161663,1673.0617904161663
latest_available,484,Mexico,Y002,1734,1733.963985,1802.3687301773189,1,2018,2018,1668.1553840435772,1668.1553840435772
latest_available,496,Mongolia,A008,1638,1637.9997089999997,1820.7947132848851,1,2020,2020,1473.5560396282242,1473.5560396282242
latest_available,496,Mongolia,A165,1633,1633.594215,1816.4855267853932,1,2020,2020,1469.1171605446814,1469.1171605446812
latest_available,496,Mongolia,E018,1632,1632.938567,1816.171514610875,1,2020,2020,1468.1919312930772,1468.1919312930772
latest_available,496,Mongolia,E025,1638,1637.9997089999997,1820.7947132848851,1,2020,2020,1473.5560396282242,1473.5560396282242
latest_available,496,Mongolia,F063,1636,1635.147128,1816.722964060604,1,2020,2020,1471.7192346325494,1471.7192346325494
latest_available,496,Mongolia,F118,1638,1637.9997089999997,1820.7947132848851,1,2020,2020,1473.5560396282242,1473.5560396282242
latest_available,496,Mongolia,F120,1638,1637.9997089999997,1820.7947132848851,1,2020,2020,1473.5560396282242,1473.5560396282242
latest_available,496,Mongolia,G006,1608,1615.952859,1804.592593454139,1,2020,2020,1447.0322287603008,1447.0322287603008
latest_available,496,Mongolia,Y002,1638,1637.9997089999997,1820.7947132848851,1,2020,2020,1473.5560396282242,1473.5560396282242
latest_available,498,Moldova,A008,1537,1535.1585866061455,1591.392220915538,1,2008,2008,1480.9120310232177,1480.9120310232177
latest_available,498,Moldova,A165,1500,1500.7014747158453,1558.3674750338744,1,2008,2008,1445.1693533743437,1445.1693533743437
latest_available,498,Moldova,E018,1270,1277.0156805135964,1331.9693774245052,1,2008,2008,1224.3292345285424,1224.3292345285424
latest_available,498,Moldova,E025,1377,1379.441797001845,1433.3137674359236,1,2008,2008,1327.5946373694117,1327.5946373694117
latest_available,498,Moldova,F063,1517,1516.1132035586595,1572.9299827368768,1,2008,2008,1461.3487384895354,1461.3487384895354
latest_available,498,Moldova,F118,1446,1457.5689978923556,1522.551770808202,1,2008,2008,1395.3597009638584,1395.3597009638584
latest_available,498,Moldova,F120,1496,1498.344574749833,1557.2930257413468,1,2008,2008,1441.6275084860874,1441.6275084860874
latest_available,498,Moldova,G006,1421,1425.4004948080733,1483.9144104280745,1,2008,2008,1369.1939078972778,1369.1939078972778
latest_available,498,Moldova,Y002,1493,1493.134909346189,1549.5366086412987,1,2008,2008,1438.7861797361038,1438.7861797361038
latest_available,499,Montenegro,A008,993,991.3896558787242,1320.3689279637751,1,2019,2019,744.377899970015,744.377899970015
latest_available,499,Montenegro,A165,978,976.4264075016414,1297.3069166365412,1,2019,2019,734.9136253265443,734.9136253265443
latest_available,499,Montenegro,E018,850,847.9349437903245,1139.6119571863242,1,2019,2019,630.9109555816523,630.9109555816523
latest_available,499,Montenegro,E025,966,968.4152045897298,1298.7857396823829,1,2019,2019,722.0806171693212,722.0806171693212
latest_available,499,Montenegro,F063,984,988.577107692868,1326.9282433516437,1,2019,2019,736.5015423787389,736.5015423787389
latest_available,499,Montenegro,F118,981,981.1552813616396,1313.113971021623,1,2019,2019,733.1166276411402,733.1166276411402
latest_available,499,Montenegro,F120,986,989.9438816268404,1327.0571201910475,1,2019,2019,738.4677523370909,738.4677523370909
latest_available,499,Montenegro,G006,943,935.99020354575,1231.9154166598605,1,2019,2019,711.1508219524989,711.1508219524989
latest_available,499,Montenegro,Y002,933,939.3737862249502,1266.6605224043824,1,2019,2019,696.653203157842,696.653203157842
latest_available,504,Morocco,A008,1200,1200.0,1200.0,1,2021,2021,1200.0,1200.0
latest_available,504,Morocco,A165,1200,1200.0,1200.0,1,2021,2021,1200.0,1200.0
latest_available,504,Morocco,E018,1200,1200.0,1200.0,1,2021,2021,1200.0,1200.0
latest_available,504,Morocco,E025,1200,1200.0,1200.0,1,2021,2021,1200.0,1200.0
latest_available,504,Morocco,F063,1200,1200.0,1200.0,1,2021,2021,1200.0,1200.0
latest_available,504,Morocco,F118,1200,1200.0,1200.0,1,2021,2021,1200.0,1200.0
latest_available,504,Morocco,F120,1200,1200.0,1200.0,1,2021,2021,1200.0,1200.0
latest_available,504,Morocco,G006,1200,1200.0,1200.0,1,2021,2021,1200.0,1200.0
latest_available,504,Morocco,Y002,1191,1191.0,1191.0,1,2021,2021,1191.0,1191.0
latest_available,528,Netherlands,A008,2036,2036.0,2036.0,1,2022,2022,2036.0,2036.0
latest_available,528,Netherlands,A165,1941,1941.0,1941.0,1,2022,2022,1941.0,1941.0
latest_available,528,Netherlands,E018,1895,1895.0,1895.0,1,2022,2022,1895.0,1895.0
latest_available,528,Netherlands,E025,1921,1921.0,1921.0,1,2022,2022,1921.0,1921.0
latest_available,528,Netherlands,F063,1937,1937.0,1937.0,1,2022,2022,1937.0,1937.0
latest_available,528,Netherlands,F118,1882,1882.0,1882.0,1,2022,2022,1882.0,1882.0
latest_available,528,Netherlands,F120,1900,1900.0,1900.0,1,2022,2022,1900.0,1900.0
latest_available,528,Netherlands,G006,1812,1812.0,1812.0,1,2022,2022,1812.0,1812.0
latest_available,528,Netherlands,Y002,1901,1901.0,1901.0,1,2022,2022,1901.0,1901.0
latest_available,554,New Zealand,A008,1014,1014.0,1014.0,1,2020,2020,1014.0,1014.0
latest_available,554,New Zealand,A165,1005,1005.0,1005.0,1,2020,2020,1005.0,1005.0
latest_available,554,New Zealand,E018,1002,1002.0,1002.0,1,2020,2020,1002.0,1002.0
latest_available,554,New Zealand,E025,1023,1023.0,1023.0,1,2020,2020,1023.0,1023.0
latest_available,554,New Zealand,F063,995,995.0,995.0,1,2020,2020,995.0,995.0
latest_available,554,New Zealand,F118,924,924.0,924.0,1,2020,2020,924.0,924.0
latest_available,554,New Zealand,F120,983,983.0,983.0,1,2020,2020,983.0,983.0
latest_available,554,New Zealand,G006,974,974.0,974.0,1,2020,2020,974.0,974.0
latest_available,554,New Zealand,Y002,703,703.0,703.0,1,2020,2020,703.0,703.0
latest_available,558,Nicaragua,A008,1200,1200.0,1200.0,1,2020,2020,1200.0,1200.0
latest_available,558,Nicaragua,A165,1200,1200.0,1200.0,1,2020,2020,1200.0,1200.0
latest_available,558,Nicaragua,E018,1200,1200.0,1200.0,1,2020,2020,1200.0,1200.0
latest_available,558,Nicaragua,E025,1200,1200.0,1200.0,1,2020,2020,1200.0,1200.0
latest_available,558,Nicaragua,F063,1200,1200.0,1200.0,1,2020,2020,1200.0,1200.0
latest_available,558,Nicaragua,F118,1200,1200.0,1200.0,1,2020,2020,1200.0,1200.0
latest_available,558,Nicaragua,F120,1200,1200.0,1200.0,1,2020,2020,1200.0,1200.0
latest_available,558,Nicaragua,G006,1200,1200.0,1200.0,1,2020,2020,1200.0,1200.0
latest_available,558,Nicaragua,Y002,1136,1136.0,1136.0,1,2020,2020,1136.0,1136.0
latest_available,566,Nigeria,A008,1233,1232.739086,1271.997895092546,1,2018,2018,1194.6919566573272,1194.6919566573272
latest_available,566,Nigeria,A165,1230,1229.840268,1269.259699903032,1,2018,2018,1191.6450864309825,1191.6450864309825
latest_available,566,Nigeria,E018,1234,1234.300877,1274.206472008705,1,2018,2018,1195.6450453130026,1195.6450453130026
latest_available,566,Nigeria,E025,1176,1174.628244,1211.4337223020443,1,2018,2018,1138.9409805933344,1138.9409805933344
latest_available,566,Nigeria,F063,1237,1237.081428,1276.9359130013731,1,2018,2018,1198.4708425229117,1198.4708425229117
latest_available,566,Nigeria,F118,1236,1236.198775,1276.1568366829651,1,2018,2018,1197.4918500484807,1197.4918500484807
latest_available,566,Nigeria,F120,1229,1229.563305,1269.779066098145,1,2018,2018,1190.6212359037818,1190.6212359037818
latest_available,566,Nigeria,G006,1236,1236.183992,1276.130521627278,1,2018,2018,1197.4879028270636,1197.4879028270636
latest_available,566,Nigeria,Y002,1180,1181.164386,1220.176650597934,1,2018,2018,1143.3994463597382,1143.3994463597382
latest_available,578,Norway,A008,1119,1119.3926455711646,1208.2339459938498,1,2018,2018,1037.0838355547985,1037.0838355547985
latest_available,578,Norway,A165,1109,1111.461361085407,1202.209864331544,1,2018,2018,1027.5629853301075,1027.5629853301075
latest_available,578,Norway,E018,1097,1097.5975339806048,1185.0649187812433,1,2018,2018,1016.5859502779608,1016.5859502779608
latest_available,578,Norway,E025,1116,1116.3693423786117,1204.9262371884436,1,2018,2018,1034.320998363274,1034.320998363274
latest_available,578,Norway,F063,1117,1117.535475259769,1206.3799915808968,1,2018,2018,1035.2339620847656,1035.2339620847656
latest_available,578,Norway,F118,1106,1104.7256739663435,1189.91258529855,1,2018,2018,1025.6373701721866,1025.6373701721866
latest_available,578,Norway,F120,1114,1114.4897022311964,1203.1754510413343,1,2018,2018,1032.3409568441316,1032.3409568441316
latest_available,578,Norway,G006,1015,1011.9841229556894,1087.164389596521,1,2018,2018,942.0027687758188,942.002768775819
latest_available,578,Norway,Y002,1114,1113.2211910211688,1200.487407893147,1,2018,2018,1032.2985580610884,1032.2985580610884
latest_available,586,Pakistan,A008,1993,1993.0,1993.0,1,2018,2018,1993.0,1993.0
latest_available,586,Pakistan,A165,1979,1979.0,1979.0,1,2018,2018,1979.0,1979.0
latest_available,586,Pakistan,E018,1920,1920.0,1920.0,1,2018,2018,1920.0,1920.0
latest_available,586,Pakistan,E025,1760,1760.0,1760.0,1,2018,2018,1760.0,1760.0
latest_available,586,Pakistan,F063,1979,1979.0,1979.0,1,2018,2018,1979.0,1979.0
latest_available,586,Pakistan,F118,1911,1911.0,1911.0,1,2018,2018,1911.0,1911.0
latest_available,586,Pakistan,F120,1869,1869.0,1869.0,1,2018,2018,1869.0,1869.0
latest_available,586,Pakistan,G006,1974,1974.0,1974.0,1,2018,2018,1974.0,1974.0
latest_available,586,Pakistan,Y002,1844,1844.0,1844.0,1,2018,2018,1844.0,1844.0
latest_available,604,Peru,A008,1395,1393.308535,1639.774132654407,1,2018,2018,1183.887850798894,1183.887850798894
latest_available,604,Peru,A165,1395,1395.990435,1644.466059890109,1,2018,2018,1185.0589940066727,1185.0589940066727
latest_available,604,Peru,E018,1374,1373.251537,1617.925666736891,1,2018,2018,1165.5787547250384,1165.5787547250384
latest_available,604,Peru,E025,1355,1360.657546,1604.571432860224,1,2018,2018,1153.8214625861524,1153.8214625861524
latest_available,604,Peru,F063,1398,1397.1619469999998,1644.726161547581,1,2018,2018,1186.861102949847,1186.861102949847
latest_available,604,Peru,F118,1330,1338.655282,1583.6568134767458,1,2018,2018,1131.5570070338429,1131.5570070338429
latest_available,604,Peru,F120,1372,1374.007364,1620.3847010383458,1,2018,2018,1165.0913731266785,1165.0913731266785
latest_available,604,Peru,G006,1395,1395.382876,1643.8143286886698,1,2018,2018,1184.497139763527,1184.497139763527
latest_available,604,Peru,Y002,1383,1380.249291,1622.4941877194028,1,2018,2018,1174.17253000075,1174.17253000075
latest_available,608,Philippines,A008,1199,1198.2129760000005,1463.1571076192238,1,2019,2019,981.244138704216,981.244138704216
latest_available,608,Philippines,A165,1197,1197.9995270000002,1464.9352593917506,1,2019,2019,979.7039544861036,979.7039544861036
latest_available,608,Philippines,E018,1200,1200.0,1466.3505623958,1,2019,2019,982.0298344259868,982.0298344259868
latest_available,608,Philippines,E025,1200,1200.0,1466.3505623958,1,2019,2019,982.0298344259868,982.0298344259868
latest_available,608,Philippines,F063,1199,1199.2371050000002,1465.7685536147749,1,2019,2019,981.1710248948028,981.1710248948028
latest_available,608,Philippines,F118,1200,1200.0,1466.3505623958,1,2019,2019,982.0298344259868,982.0298344259868
latest_available,608,Philippines,F120,1200,1200.0,1466.3505623958,1,2019,2019,982.0298344259868,982.0298344259868
latest_available,608,Philippines,G006,1199,1199.2371050000002,1465.7685536147749,1,2019,2019,981.1710248948028,981.1710248948028
latest_available,608,Philippines,Y002,1200,1200.0,1466.3505623958,1,2019,2019,982.0298344259868,982.0298344259868
latest_available,616,Poland,A008,1346,1351.9239512767294,1620.8282349128376,1,2017,2017,1127.6323614475853,1127.6323614475853
latest_available,616,Poland,A165,1314,1318.951694355942,1577.955142271081,1,2017,2017,1102.4607261906272,1102.4607261906272
latest_available,616,Poland,E018,1227,1240.833111618496,1497.095255370186,1,2017,2017,1028.4361034249127,1028.4361034249127
latest_available,616,Poland,E025,1312,1312.285036473417,1566.7349503373223,1,2017,2017,1099.1597631630457,1099.1597631630457
latest_available,616,Poland,F063,1329,1338.6609923795434,1608.4061901357054,1,2017,2017,1114.1546603767963,1114.1546603767963
latest_available,616,Poland,F118,1271,1288.4305268299931,1553.430775411034,1,2017,2017,1068.636754687809,1068.636754687809
latest_available,616,Poland,F120,1293,1302.4155842199202,1562.8768422486214,1,2017,2017,1085.36150012841,1085.36150012841
latest_available,616,Poland,G006,1323,1324.2436666973665,1581.4191642254957,1,2017,2017,1108.8908800766471,1108.8908800766471
latest_available,616,Poland,Y002,1275,1283.2347721470528,1544.6815748028898,1,2017,2017,1066.0394396543677,1066.0394396543677
latest_available,620,Portugal,A008,1210,1212.4155147297147,1719.9416671168956,1,2020,2020,854.6518806195152,854.6518806195153
latest_available,620,Portugal,A165,1207,1210.182655385879,1717.8661545678224,1,2020,2020,852.5356038376943,852.5356038376943
latest_available,620,Portugal,E018,1198,1197.4065030613751,1691.4977494365703,1,2020,2020,847.6406983404246,847.6406983404246
latest_available,620,Portugal,E025,1194,1196.45919731014,1699.935732957435,1,2020,2020,842.0992529744465,842.0992529744465
latest_available,620,Portugal,F063,1198,1195.455443855135,1691.6774377722709,1,2020,2020,844.7909077305205,844.7909077305204
latest_available,620,Portugal,F118,1155,1165.8210703120244,1664.0191770678773,1,2020,2020,816.7807118535588,816.7807118535588
latest_available,620,Portugal,F120,1186,1193.469182204068,1701.0347794475483,1,2020,2020,837.3542423003513,837.3542423003512
latest_available,620,Portugal,G006,1150,1134.4290736497558,1599.82446134076,1,2020,2020,804.4190811180059,804.4190811180059
latest_available,620,Portugal,Y002,1121,1129.2784548929158,1601.9130900206178,1,2020,2020,796.091770914312,796.091770914312
latest_available,630,Puerto Rico,A008,1122,1122.0,1122.0,1,2018,2018,1122.0,1122.0
latest_available,630,Puerto Rico,A165,1116,1116.0,1116.0,1,2018,2018,1116.0,1116.0
latest_available,630,Puerto Rico,E018,1117,1117.0,1117.0,1,2018,2018,1117.0,1117.0
latest_available,630,Puerto Rico,E025,1111,1111.0,1111.0,1,2018,2018,1111.0,1111.0
latest_available,630,Puerto Rico,F063,1109,1109.0,1109.0,1,2018,2018,1109.0,1109.0
latest_available,630,Puerto Rico,F118,1099,1099.0,1099.0,1,2018,2018,1099.0,1099.0
latest_available,630,Puerto Rico,F120,1117,1117.0,1117.0,1,2018,2018,1117.0,1117.0
latest_available,630,Puerto Rico,G006,1090,1090.0,1090.0,1,2018,2018,1090.0,1090.0
latest_available,630,Puerto Rico,Y002,972,972.0,972.0,1,2018,2018,972.0,972.0
latest_available,642,Romania,A008,2841,2846.330759241635,3523.9087304988543,1,2018,2018,2299.037634229016,2299.037634229016
latest_available,642,Romania,A165,2819,2826.3305192018092,3505.5948518464247,1,2018,2018,2278.6843720871366,2278.6843720871366
latest_available,642,Romania,E018,2668,2666.171625275627,3302.188319785019,1,2018,2018,2152.654678364212,2152.654678364212
latest_available,642,Romania,E025,2674,2676.4785835519956,3310.5908636190316,1,2018,2018,2163.82449638659,2163.82449638659
latest_available,642,Romania,F063,2849,2851.543311715085,3530.4432707873357,1,2018,2018,2303.194991368222,2303.194991368222
latest_available,642,Romania,F118,2721,2716.384730596233,3357.0994026134813,1,2018,2018,2197.9527918869667,2197.9527918869667
latest_available,642,Romania,F120,2744,2745.1033401751347,3393.0638327162396,1,2018,2018,2220.8813979807255,2220.8813979807255
latest_available,642,Romania,G006,2825,2827.886190636877,3501.975175857142,1,2018,2018,2283.5513976016177,2283.5513976016177
latest_available,642,Romania,Y002,2758,2753.7774662018796,3401.463810977085,1,2018,2018,2229.4196718744192,2229.4196718744192
latest_available,643,Russia,A008,3540,3539.2417194812697,5457.184542795897,1,2017,2017,2295.365284183542,2295.365284183542
latest_available,643,Russia,A165,3534,3539.305573584225,5490.330819625318,1,2017,2017,2281.590008825594,2281.590008825594
latest_available,643,Russia,E018,3302,3307.263884213332,5119.979198718771,1,2017,2017,2136.3357106136273,2136.3357106136273
latest_available,643,Russia,E025,3464,3471.419112698186,5391.596996221826,1,2017,2017,2235.098555112864,2235.098555112864
latest_available,643,Russia,F063,3421,3431.2411813938547,5300.740204292123,1,2017,2017,2221.089053819296,2221.089053819296
latest_available,643,Russia,F118,3421,3439.0610150238363,5350.962668939199,1,2017,2017,2210.2827840137875,2210.2827840137875
latest_available,643,Russia,F120,3437,3459.2185193405394,5380.722687432719,1,2017,2017,2223.9006653319893,2223.9006653319893
latest_available,643,Russia,G006,3520,3526.865715315532,5463.457481955345,1,2017,2017,2276.7234512121354,2276.7234512121354
latest_available,643,Russia,Y002,3531,3534.125802919458,5460.733433142263,1,2017,2017,2287.246822021483,2287.246822021483
latest_available,646,Rwanda,A008,1527,1527.0,1527.0,1,2012,2012,1527.0,1527.0
latest_available,646,Rwanda,A165,1527,1527.0,1527.0,1,2012,2012,1527.0,1527.0
latest_available,646,Rwanda,E018,1527,1527.0,1527.0,1,2012,2012,1527.0,1527.0
latest_available,646,Rwanda,E025,1527,1527.0,1527.0,1,2012,2012,1527.0,1527.0
latest_available,646,Rwanda,F063,1527,1527.0,1527.0,1,2012,2012,1527.0,1527.0
latest_available,646,Rwanda,F118,1527,1527.0,1527.0,1,2012,2012,1527.0,1527.0
latest_available,646,Rwanda,F120,1527,1527.0,1527.0,1,2012,2012,1527.0,1527.0
latest_available,646,Rwanda,G006,1527,1527.0,1527.0,1,2012,2012,1527.0,1527.0
latest_available,646,Rwanda,Y002,1521,1521.0,1521.0,1,2012,2012,1521.0,1521.0
latest_available,688,Serbia,A008,1481,1506.203912937323,3768.439492292875,1,2018,2018,602.0131760076,602.0131760076
latest_available,688,Serbia,A165,1442,1443.452642509545,3578.524429905304,1,2018,2018,582.2387333046443,582.2387333046443
latest_available,688,Serbia,E018,1356,1350.8761553048853,3274.6863243950684,1,2018,2018,557.2644846551572,557.2644846551572
latest_available,688,Serbia,E025,1356,1354.2716866206022,3363.1523413383616,1,2018,2018,545.3371167992801,545.3371167992801
latest_available,688,Serbia,F063,1462,1499.776495071861,3778.0026232530936,1,2018,2018,595.3753238088607,595.3753238088607
latest_available,688,Serbia,F118,1421,1450.4336590835635,3629.7819364474935,1,2018,2018,579.5824201664042,579.5824201664042
latest_available,688,Serbia,F120,1417,1438.3682597419502,3564.0839307531805,1,2018,2018,580.4866806814717,580.4866806814717
latest_available,688,Serbia,G006,1442,1454.2768761313168,3596.6249634940696,1,2018,2018,588.0294036539316,588.0294036539316
latest_available,688,Serbia,Y002,1426,1442.1122886527555,3630.060659319477,1,2018,2018,572.9071903369144,572.9071903369144
latest_available,702,Singapore,A008,2009,2009.345345,2086.201267131269,1,2020,2020,1935.3208048929453,1935.3208048929453
latest_available,702,Singapore,A165,1998,1998.612953,2075.5436317310314,1,2020,2020,1924.5337341176255,1924.5337341176255
latest_available,702,Singapore,E018,1988,1987.935874,2064.1102481882663,1,2020,2020,1914.5726555085123,1914.5726555085123
latest_available,702,Singapore,E025,1995,1995.237419,2071.7092060115156,1,2020,2020,1921.5883902171809,1921.5883902171809
latest_available,702,Singapore,F063,2001,2001.224557,2077.8695648780513,1,2020,2020,1927.40670311271,1927.40670311271
latest_available,702,Singapore,F118,1988,1989.648453,2067.2613423995435,1,2020,2020,1914.9494480123587,1914.949448012359
latest_available,702,Singapore,F120,1988,1989.288618,2066.5666660343804,1,2020,2020,1914.9003372333088,1914.900337233309
latest_available,702,Singapore,G006,1900,1891.582758,1948.9288592457203,1,2020,2020,1835.9240325209648,1835.9240325209648
latest_available,702,Singapore,Y002,1986,1987.168887,2064.157494893675,1,2020,2020,1913.0517875837872,1913.0517875837877
latest_available,703,Slovakia,A008,1196,1196.651256,1519.451957409964,1,2022,2022,942.4281047538352,942.4281047538352
latest_available,703,Slovakia,A165,1190,1191.932888,1515.765838744752,1,2022,2022,937.2846208702956,937.2846208702956
latest_available,703,Slovakia,E018,1148,1152.430209,1468.0981303330689,1,2022,2022,904.636658255588,904.636658255588
latest_available,703,Slovakia,E025,1185,1184.9040370000002,1501.039158563105,1,2022,2022,935.3503996810438,935.350399681044
latest_available,703,Slovakia,F063,1180,1178.066794,1488.212669143432,1,2022,2022,932.555810000083,932.555810000083
latest_available,703,Slovakia,F118,1116,1114.187209,1411.399627452675,1,2022,2022,879.5617573881177,879.5617573881178
latest_available,703,Slovakia,F120,1151,1146.171248,1449.210123395946,1,2022,2022,906.4996914756938,906.4996914756938
latest_available,703,Slovakia,G006,1167,1158.302594,1444.33621580007,1,2022,2022,928.914531526811,928.9145315268112
latest_available,703,Slovakia,Y002,1189,1188.183145,1505.9750809657412,1,2022,2022,937.4518900782576,937.4518900782574
latest_available,704,Vietnam,A008,1200,1200.0,1200.0,1,2020,2020,1200.0,1200.0
latest_available,704,Vietnam,A165,1200,1200.0,1200.0,1,2020,2020,1200.0,1200.0
latest_available,704,Vietnam,E018,1200,1200.0,1200.0,1,2020,2020,1200.0,1200.0
latest_available,704,Vietnam,E025,1200,1200.0,1200.0,1,2020,2020,1200.0,1200.0
latest_available,704,Vietnam,F063,1200,1200.0,1200.0,1,2020,2020,1200.0,1200.0
latest_available,704,Vietnam,F118,1200,1200.0,1200.0,1,2020,2020,1200.0,1200.0
latest_available,704,Vietnam,F120,1200,1200.0,1200.0,1,2020,2020,1200.0,1200.0
latest_available,704,Vietnam,G006,1200,1200.0,1200.0,1,2020,2020,1200.0,1200.0
latest_available,704,Vietnam,Y002,1200,1200.0,1200.0,1,2020,2020,1200.0,1200.0
latest_available,705,Slovenia,A008,1072,1078.3382390873326,1203.8918393126537,1,2017,2017,965.8785946600173,965.8785946600174
latest_available,705,Slovenia,A165,1060,1064.1532418724223,1185.9068294774995,1,2017,2017,954.899739203392,954.899739203392
latest_available,705,Slovenia,E018,1002,1010.9448586429304,1134.4947096315489,1,2017,2017,900.849954204276,900.8499542042762
latest_available,705,Slovenia,E025,1048,1053.9589769644808,1177.5289999514175,1,2017,2017,943.3564058038872,943.356405803887
latest_available,705,Slovenia,F063,1059,1065.4526193670074,1189.037151267807,1,2017,2017,954.7130490461338,954.713049046134
latest_available,705,Slovenia,F118,1030,1032.5340191573173,1149.7732532185237,1,2017,2017,927.2493491501818,927.2493491501818
latest_available,705,Slovenia,F120,1050,1055.1529728548855,1177.710667423892,1,2017,2017,945.3491650541166,945.3491650541166
latest_available,705,Slovenia,G006,1022,1020.9011886647191,1130.4805504991946,1,2017,2017,921.9435368054828,921.9435368054828
latest_available,705,Slovenia,Y002,998,1002.2579312455402,1116.4957363190229,1,2017,2017,899.7087297945242,899.7087297945242
latest_available,710,South Africa,A008,3519,3518.6537989999997,4888.335894102995,1,2013,2013,2532.7483269209797,2532.7483269209797
latest_available,710,South Africa,A165,3513,3511.228255,4878.085139587998,1,2013,2013,2527.3695529946463,2527.3695529946463
latest_available,710,South Africa,E018,3298,3271.763032,4508.871573902098,1,2013,2013,2374.0825530539405,2374.0825530539405
latest_available,710,South Africa,E025,3189,3162.135395,4367.109742196971,1,2013,2013,2289.637963455788,2289.637963455788
latest_available,710,South Africa,F063,3497,3495.1294790000006,4857.716046988851,1,2013,2013,2514.7476626483954,2514.7476626483954
latest_available,710,South Africa,F118,3427,3432.490901,4778.513797063333,1,2013,2013,2465.6188693414456,2465.6188693414456
latest_available,710,South Africa,F120,3450,3445.466525,4783.231219433186,1,2013,2013,2481.845227691568,2481.845227691568
latest_available,710,South Africa,G006,3480,3456.323388,4739.086455945686,1,2013,2013,2520.7751480136135,2520.7751480136135
latest_available,710,South Africa,Y002,3531,3531.0000400000004,4905.447874010744,1,2013,2013,2541.6560531681016,2541.6560531681016
latest_available,716,Zimbabwe,A008,1214,1214.0,1214.0,1,2020,2020,1214.0,1214.0
latest_available,716,Zimbabwe,A165,1214,1214.0,1214.0,1,2020,2020,1214.0,1214.0
latest_available,716,Zimbabwe,E018,1208,1208.0,1208.0,1,2020,2020,1208.0,1208.0
latest_available,716,Zimbabwe,E025,1200,1200.0,1200.0,1,2020,2020,1200.0,1200.0
latest_available,716,Zimbabwe,F063,1214,1214.0,1214.0,1,2020,2020,1214.0,1214.0
latest_available,716,Zimbabwe,F118,1212,1212.0,1212.0,1,2020,2020,1212.0,1212.0
latest_available,716,Zimbabwe,F120,1213,1213.0,1213.0,1,2020,2020,1213.0,1213.0
latest_available,716,Zimbabwe,G006,1209,1209.0,1209.0,1,2020,2020,1209.0,1209.0
latest_available,716,Zimbabwe,Y002,1210,1210.0,1210.0,1,2020,2020,1210.0,1210.0
latest_available,724,Spain,A008,1207,1207.5146695417548,1272.7906597922158,1,2017,2017,1145.5864056989292,1145.5864056989292
latest_available,724,Spain,A165,1194,1193.8851018652344,1257.3727748502006,1,2017,2017,1133.6030690067823,1133.6030690067823
latest_available,724,Spain,E018,1145,1146.097248557004,1209.8152229126615,1,2017,2017,1085.7351422538356,1085.7351422538356
latest_available,724,Spain,E025,1135,1137.2026512605626,1201.9889123163728,1,2017,2017,1075.9083189393552,1075.9083189393552
latest_available,724,Spain,F063,1196,1196.3230851844642,1260.915715475736,1,2017,2017,1135.039326244971,1135.039326244971
latest_available,724,Spain,F118,1166,1165.61067783821,1228.0342975445578,1,2017,2017,1106.3601847334842,1106.3601847334842
latest_available,724,Spain,F120,1167,1164.4070358349325,1224.354434926974,1,2017,2017,1107.3948085815218,1107.3948085815218
latest_available,724,Spain,G006,1130,1127.9674740470405,1185.1641179277217,1,2017,2017,1073.5311702928673,1073.5311702928673
latest_available,724,Spain,Y002,1164,1163.3721118967142,1225.5964472567653,1,2017,2017,1104.3069468489357,1104.3069468489357
latest_available,752,Sweden,A008,1192,1196.5014719536862,1509.1103054137557,1,2017,2017,948.6488610220104,948.6488610220104
latest_available,752,Sweden,A165,1174,1178.6737476672329,1488.0363997845193,1,2017,2017,933.6275669339128,933.6275669339128
latest_available,752,Sweden,E018,1144,1150.8480741159387,1456.394442162197,1,2017,2017,909.4042460983674,909.4042460983673
latest_available,752,Sweden,E025,1187,1191.336420815065,1503.1440946316472,1,2017,2017,944.2091896773547,944.209189677355
latest_available,752,Sweden,F063,1183,1189.2802167514224,1501.990371572932,1,2017,2017,941.6754332953004,941.6754332953006
latest_available,752,Sweden,F118,1164,1168.4789157908615,1475.6558358048292,1,2017,2017,925.2448596207556,925.2448596207556
latest_available,752,Sweden,F120,1167,1172.3050908127516,1481.6753509342798,1,2017,2017,927.530599114658,927.530599114658
latest_available,752,Sweden,G006,1137,1135.6911223477716,1429.5503535938583,1,2017,2017,902.2377715741362,902.237771574136
latest_available,752,Sweden,Y002,1165,1173.198504634475,1485.8608869540326,1,2017,2017,926.328126247494,926.328126247494
latest_available,756,Switzerland,A008,3156,3155.142349181399,3271.3930779394764,1,2017,2017,3043.022653171394,3043.022653171394
latest_available,756,Switzerland,A165,3136,3133.70184000961,3247.796628261708,1,2017,2017,3023.6151908734323,3023.6151908734323
latest_available,756,Switzerland,E018,3097,3093.246477865231,3204.024460820423,1,2017,2017,2986.298603468099,2986.298603468099
latest_available,756,Switzerland,E025,3135,3131.1386453953173,3243.4442101572113,1,2017,2017,3022.7217061374445,3022.7217061374445
latest_available,756,Switzerland,F063,3130,3128.259354669318,3242.5976656970183,1,2017,2017,3017.952764723442,3017.952764723442
latest_available,756,Switzerland,F118,3106,3103.020959940337,3215.406111280467,1,2017,2017,2994.5639040894307,2994.5639040894307
latest_available,756,Switzerland,F120,3124,3121.741439520075,3235.3674778942154,1,2017,2017,3012.105945244809,3012.105945244809
latest_available,756,Switzerland,G006,2625,2621.911428744825,2717.3731908011696,1,2017,2017,2529.8032539122564,2529.8032539122564
latest_available,756,Switzerland,Y002,3047,3045.058927429911,3156.3894740558085,1,2017,2017,2937.655174602402,2937.655174602402
latest_available,764,Thailand,A008,1494,1493.797868,1644.139782789376,1,2018,2018,1357.2033800286706,1357.2033800286706
latest_available,764,Thailand,A165,1425,1417.243047,1551.051572871601,1,2018,2018,1294.9781228429326,1294.9781228429326
latest_available,764,Thailand,E018,1358,1360.674529,1500.9026794903348,1,2018,2018,1233.5477837231049,1233.5477837231049
latest_available,764,Thailand,E025,1494,1494.721021,1646.4340835929909,1,2018,2018,1356.9877791545946,1356.9877791545946
latest_available,764,Thailand,F063,1481,1481.292157,1631.760267353307,1,2018,2018,1344.6990334853035,1344.6990334853035
latest_available,764,Thailand,F118,1485,1487.675742,1640.8474857877177,1,2018,2018,1348.8024526988715,1348.8024526988715
latest_available,764,Thailand,F120,1484,1485.159561,1635.7071662824949,1,2018,2018,1348.4680920256951,1348.4680920256951
latest_available,764,Thailand,G006,1493,1492.907053,1643.346231425151,1,2018,2018,1356.239741983221,1356.239741983221
latest_available,764,Thailand,Y002,1333,1330.400029,1462.969079423579,1,2018,2018,1209.8439140358182,1209.8439140358182
latest_available,780,Trinidad and Tobago,A008,999,999.0,999.0,1,2010,2010,999.0,999.0
latest_available,780,Trinidad and Tobago,A165,994,994.0,994.0,1,2010,2010,994.0,994.0
latest_available,780,Trinidad and Tobago,E018,982,982.0,982.0,1,2010,2010,982.0,982.0
latest_available,780,Trinidad and Tobago,E025,933,933.0,933.0,1,2010,2010,933.0,933.0
latest_available,780,Trinidad and Tobago,F063,995,995.0,995.0,1,2010,2010,995.0,995.0
latest_available,780,Trinidad and Tobago,F118,962,962.0,962.0,1,2010,2010,962.0,962.0
latest_available,780,Trinidad and Tobago,F120,968,968.0,968.0,1,2010,2010,968.0,968.0
latest_available,780,Trinidad and Tobago,G006,990,990.0,990.0,1,2010,2010,990.0,990.0
latest_available,780,Trinidad and Tobago,Y002,994,994.0,994.0,1,2010,2010,994.0,994.0
latest_available,788,Tunisia,A008,1206,1206.0,1206.0,1,2019,2019,1206.0,1206.0
latest_available,788,Tunisia,A165,1172,1172.0,1172.0,1,2019,2019,1172.0,1172.0
latest_available,788,Tunisia,E018,1181,1181.0,1181.0,1,2019,2019,1181.0,1181.0
latest_available,788,Tunisia,E025,1082,1082.0,1082.0,1,2019,2019,1082.0,1082.0
latest_available,788,Tunisia,F063,1201,1201.0,1201.0,1,2019,2019,1201.0,1201.0
latest_available,788,Tunisia,F118,1199,1199.0,1199.0,1,2019,2019,1199.0,1199.0
latest_available,788,Tunisia,F120,1201,1201.0,1201.0,1,2019,2019,1201.0,1201.0
latest_available,788,Tunisia,G006,1199,1199.0,1199.0,1,2019,2019,1199.0,1199.0
latest_available,788,Tunisia,Y002,1009,1009.0,1009.0,1,2019,2019,1009.0,1009.0
latest_available,792,Turkey,A008,2407,2407.0,2407.0,1,2018,2018,2407.0,2407.0
latest_available,792,Turkey,A165,2370,2370.0,2370.0,1,2018,2018,2370.0,2370.0
latest_available,792,Turkey,E018,2338,2338.0,2338.0,1,2018,2018,2338.0,2338.0
latest_available,792,Turkey,E025,2313,2313.0,2313.0,1,2018,2018,2313.0,2313.0
latest_available,792,Turkey,F063,2398,2398.0,2398.0,1,2018,2018,2398.0,2398.0
latest_available,792,Turkey,F118,2363,2363.0,2363.0,1,2018,2018,2363.0,2363.0
latest_available,792,Turkey,F120,2366,2366.0,2366.0,1,2018,2018,2366.0,2366.0
latest_available,792,Turkey,G006,2288,2288.0,2288.0,1,2018,2018,2288.0,2288.0
latest_available,792,Turkey,Y002,2360,2360.0,2360.0,1,2018,2018,2360.0,2360.0
latest_available,804,Ukraine,A008,2805,2830.8397802952604,11685.954102905112,1,2020,2020,685.7509272357945,685.7509272357945
latest_available,804,Ukraine,A165,2790,2832.3816263559515,11796.813825604037,1,2020,2020,680.0468156839809,680.0468156839809
latest_available,804,Ukraine,E018,2494,2499.4088036434905,10527.439002722684,1,2020,2020,593.4058954048489,593.4058954048489
latest_available,804,Ukraine,E025,2692,2732.3020420791177,11652.612182401102,1,2020,2020,640.6696054318872,640.6696054318872
latest_available,804,Ukraine,F063,2743,2783.946343816381,11752.379327710947,1,2020,2020,659.471331645501,659.471331645501
latest_available,804,Ukraine,F118,2547,2591.0311600799496,11381.56093002732,1,2020,2020,589.8525267121804,589.8525267121804
latest_available,804,Ukraine,F120,2644,2702.855949632539,11641.99285769675,1,2020,2020,627.5068515983712,627.5068515983712
latest_available,804,Ukraine,G006,2700,2711.1400510989333,10846.297056331425,1,2020,2020,677.6764769117282,677.6764769117282
latest_available,804,Ukraine,Y002,2768,2747.8464825798483,11003.599536196189,1,2020,2020,686.199117569542,686.199117569542
latest_available,807,North Macedonia,A008,1094,1093.126802036588,1370.3584734038986,1,2019,2019,871.9807470249765,871.9807470249764
latest_available,807,North Macedonia,A165,1063,1060.8559416793446,1329.0323957746243,1,2019,2019,846.7929996096314,846.7929996096314
latest_available,807,North Macedonia,E018,998,993.6104946237672,1243.5674988642672,1,2019,2019,793.894835566336,793.8948355663362
latest_available,807,North Macedonia,E025,1014,993.2528189200208,1227.5155703214373,1,2019,2019,803.697473290892,803.6974732908922
latest_available,807,North Macedonia,F063,1094,1095.1652938371744,1380.7489543300874,1,2019,2019,868.6495956155794,868.6495956155793
latest_available,807,North Macedonia,F118,1077,1074.6634940461245,1348.3353673978186,1,2019,2019,856.5388503190375,856.5388503190375
latest_available,807,North Macedonia,F120,1080,1079.1167408932838,1356.254517997887,1,2019,2019,858.6094461054225,858.6094461054225
latest_available,807,North Macedonia,G006,1050,1043.4441849408297,1308.4382078583626,1,2019,2019,832.1185979954897,832.1185979954898
latest_available,807,North Macedonia,Y002,1071,1066.4874431637345,1335.1531037544191,1,2019,2019,851.8839249428326,851.8839249428326
latest_available,826,United Kingdom,A008,2595,2600.466371,5142.017350024969,1,2022,2022,1315.1307913554729,1315.1307913554729
latest_available,826,United Kingdom,A165,2567,2570.357888,5080.661895450595,1,2022,2022,1300.369874704658,1300.369874704658
latest_available,826,United Kingdom,E018,2561,2573.351127,5109.208130691555,1,2022,2022,1296.117882348988,1296.117882348988
latest_available,826,United Kingdom,E025,2592,2598.649827,5141.135110751979,1,2022,2022,1313.51944228118,1313.51944228118
latest_available,826,United Kingdom,F063,2590,2592.7006229999997,5129.665357879738,1,2022,2022,1310.4356817699029,1310.4356817699029
latest_available,826,United Kingdom,F118,2522,2534.7079679999997,5024.144457259308,1,2022,2022,1278.773836560307,1278.773836560307
latest_available,826,United Kingdom,F120,2551,2567.559667,5104.073213784881,1,2022,2022,1291.5885739649573,1291.5885739649573
latest_available,826,United Kingdom,G006,2332,2368.407574,4749.418723049292,1,2022,2022,1181.0612547927053,1181.0612547927053
latest_available,826,United Kingdom,Y002,2477,2470.9086770000004,4851.237861368648,1,2022,2022,1258.5220235627487,1258.5220235627487
latest_available,840,United States,A008,2588,2589.4484190000003,4246.432762626146,1,2017,2017,1579.0296207386173,1579.0296207386173
latest_available,840,United States,A165,2587,2584.802938,4236.531438369921,1,2017,2017,1577.046299664459,1577.046299664459
latest_available,840,United States,E018,2580,2574.574978,4210.24878995266,1,2017,2017,1574.3573950218342,1574.3573950218342
latest_available,840,United States,E025,2571,2570.22044,4214.024327523116,1,2017,2017,1567.6305110646176,1567.6305110646176
latest_available,840,United States,F063,2578,2578.937138,4231.163524033453,1,2017,2017,1571.88837632432,1571.88837632432
latest_available,840,United States,F118,2552,2550.926633,4185.560924800908,1,2017,2017,1554.6844984124182,1554.6844984124182
latest_available,840,United States,F120,2567,2566.836746,4211.711940596304,1,2017,2017,1564.3640812916165,1564.3640812916165
latest_available,840,United States,G006,2519,2514.598837,4124.489266877085,1,2017,2017,1533.088560036297,1533.088560036297
latest_available,840,United States,Y002,2494,2476.8040819999997,4056.234246326189,1,2017,2017,1512.3777592894326,1512.3777592894326
latest_available,854,Burkina Faso,A008,1523,1523.0,1523.0,1,2007,2007,1523.0,1523.0000000000002
latest_available,854,Burkina Faso,A165,1443,1443.0,1443.0,1,2007,2007,1443.0,1443.0
latest_available,854,Burkina Faso,E018,1410,1410.0,1410.0,1,2007,2007,1410.0,1410.0
latest_available,854,Burkina Faso,E025,1177,1177.0,1177.0,1,2007,2007,1177.0,1177.0
latest_available,854,Burkina Faso,F063,1506,1506.0,1506.0,1,2007,2007,1506.0,1506.0
latest_available,854,Burkina Faso,F118,1422,1422.0,1422.0,1,2007,2007,1422.0,1422.0
latest_available,854,Burkina Faso,F120,1454,1454.0,1454.0,1,2007,2007,1454.0,1454.0
latest_available,854,Burkina Faso,G006,1503,1503.0,1503.0,1,2007,2007,1503.0,1503.0
latest_available,854,Burkina Faso,Y002,1469,1469.0,1469.0,1,2007,2007,1469.0,1469.0
latest_available,858,Uruguay,A008,978,980.049237,1606.125687005771,1,2022,2022,598.0207618339592,598.0207618339592
latest_available,858,Uruguay,A165,996,993.543019,1619.9528658217912,1,2022,2022,609.3558346235408,609.3558346235408
latest_available,858,Uruguay,E018,973,980.301548,1615.563587800222,1,2022,2022,594.8333648195784,594.8333648195784
latest_available,858,Uruguay,E025,954,948.55386,1514.327872934698,1,2022,2022,594.160908877162,594.160908877162
latest_available,858,Uruguay,F063,994,994.567995,1627.143545876131,1,2022,2022,607.915324487064,607.915324487064
latest_available,858,Uruguay,F118,918,926.324603,1541.3383331905352,1,2022,2022,556.709225771935,556.709225771935
latest_available,858,Uruguay,F120,965,968.257089,1590.7477983334488,1,2022,2022,589.3591626409611,589.3591626409611
latest_available,858,Uruguay,G006,974,969.553266,1581.094341779036,1,2022,2022,594.5461385647283,594.5461385647283
latest_available,858,Uruguay,Y002,972,968.429566,1587.143740741012,1,2022,2022,590.9079311651248,590.9079311651248
latest_available,862,Venezuela,A008,1190,1190.0,1190.0,1,2021,2021,1190.0,1190.0
latest_available,862,Venezuela,A165,1190,1190.0,1190.0,1,2021,2021,1190.0,1190.0
latest_available,862,Venezuela,E018,1190,1190.0,1190.0,1,2021,2021,1190.0,1190.0
latest_available,862,Venezuela,E025,1190,1190.0,1190.0,1,2021,2021,1190.0,1190.0
latest_available,862,Venezuela,F063,1190,1190.0,1190.0,1,2021,2021,1190.0,1190.0
latest_available,862,Venezuela,F118,1190,1190.0,1190.0,1,2021,2021,1190.0,1190.0
latest_available,862,Venezuela,F120,1190,1190.0,1190.0,1,2021,2021,1190.0,1190.0
latest_available,862,Venezuela,G006,1181,1181.0,1181.0,1,2021,2021,1181.0,1181.0
latest_available,862,Venezuela,Y002,1190,1190.0,1190.0,1,2021,2021,1190.0,1190.0
latest_available,887,Yemen,A008,1000,1000.0,1000.0,1,2014,2014,1000.0,1000.0
latest_available,887,Yemen,A165,953,953.0,953.0,1,2014,2014,953.0,953.0
latest_available,887,Yemen,E018,936,936.0,936.0,1,2014,2014,936.0,936.0
latest_available,887,Yemen,E025,769,769.0,769.0,1,2014,2014,769.0,769.0
latest_available,887,Yemen,F063,978,978.0,978.0,1,2014,2014,978.0,978.0
latest_available,887,Yemen,F118,654,654.0,654.0,1,2014,2014,654.0,654.0
latest_available,887,Yemen,F120,925,925.0,925.0,1,2014,2014,925.0,925.0
latest_available,887,Yemen,G006,992,992.0,992.0,1,2014,2014,992.0,992.0
latest_available,887,Yemen,Y002,972,972.0,972.0,1,2014,2014,972.0,972.0
latest_available,894,Zambia,A008,1341,1341.0,1341.0,1,2007,2007,1341.0,1341.0
latest_available,894,Zambia,A165,1403,1403.0,1403.0,1,2007,2007,1403.0,1403.0
latest_available,894,Zambia,E018,1422,1422.0,1422.0,1,2007,2007,1422.0,1422.0
latest_available,894,Zambia,E025,1410,1410.0,1410.0,1,2007,2007,1410.0,1410.0
latest_available,894,Zambia,F063,1480,1480.0,1480.0,1,2007,2007,1480.0,1480.0
latest_available,894,Zambia,F118,1450,1450.0,1450.0,1,2007,2007,1450.0,1450.0
latest_available,894,Zambia,F120,1462,1462.0,1462.0,1,2007,2007,1462.0,1462.0
latest_available,894,Zambia,G006,1459,1459.0,1459.0,1,2007,2007,1459.0,1459.0
latest_available,894,Zambia,Y002,1451,1451.0,1451.0,1,2007,2007,1451.0,1451.0
latest_available,909,Northern Ireland,A008,445,445.531194,734.297489715748,1,2022,2022,270.32374154500474,270.32374154500474
latest_available,909,Northern Ireland,A165,437,435.820352,714.157244947758,1,2022,2022,265.962966225034,265.962966225034
latest_available,909,Northern Ireland,E018,441,440.9083820000001,726.3357965566881,1,2022,2022,267.64507854279447,267.64507854279447
latest_available,909,Northern Ireland,E025,444,443.84273,729.996877472098,1,2022,2022,269.8591939955011,269.8591939955011
latest_available,909,Northern Ireland,F063,445,446.191917,735.085228477699,1,2022,2022,270.83556992218183,270.83556992218183
latest_available,909,Northern Ireland,F118,433,437.518585,726.6008944204411,1,2022,2022,263.4493209275315,263.4493209275315
latest_available,909,Northern Ireland,F120,438,443.201281,733.7881655774411,1,2022,2022,267.68948409717956,267.68948409717956
latest_available,909,Northern Ireland,G006,286,288.09139799999997,499.477027802672,1,2022,2022,166.16710875917164,166.16710875917164
latest_available,909,Northern Ireland,Y002,433,437.396795,726.907749311155,1,2022,2022,263.19152114910065,263.19152114910065
latest_available,915,Kosovo,A008,1574,1572.389173007305,1626.210692230627,1,2008,2008,1520.348945682595,1520.348945682595
latest_available,915,Kosovo,A165,1544,1544.6243722040324,1599.5025539880785,1,2008,2008,1491.6290350759164,1491.629035075916
latest_available,915,Kosovo,E018,1318,1313.3490766875502,1354.8042226169032,1,2008,2008,1273.1624012097468,1273.1624012097468
latest_available,915,Kosovo,E025,1462,1462.645824446804,1515.5837257660482,1,2008,2008,1411.5569937849195,1411.5569937849195
latest_available,915,Kosovo,F063,1555,1554.315612088198,1608.1585557587573,1,2008,2008,1502.2753902778245,1502.2753902778245
latest_available,915,Kosovo,F118,1577,1576.890862044052,1633.152918318735,1,2008,2008,1522.5670314803542,1522.5670314803542
latest_available,915,Kosovo,F120,1568,1568.1805923921777,1623.3383616100784,1,2008,2008,1514.8969731217203,1514.8969731217203
latest_available,915,Kosovo,G006,1222,1221.6560223551835,1261.155354019883,1,2008,2008,1183.3938080662183,1183.3938080662183
latest_available,915,Kosovo,Y002,1500,1498.5148583623688,1550.061743169857,1,2008,2008,1448.6821512933254,1448.6821512933254
wave7,8,Albania,A008,1430,1450.0977042616496,1745.312040992807,1,2018,2018,1204.8179938693113,1204.8179938693113
wave7,8,Albania,A165,1430,1447.4004153484275,1739.2244492131465,1,2018,2018,1204.5414628908873,1204.5414628908873
wave7,8,Albania,E018,1414,1436.7048505970115,1732.8363154122658,1,2018,2018,1191.1804994910317,1191.1804994910317
wave7,8,Albania,E025,1345,1367.3460720153837,1646.0407549060978,1,2018,2018,1135.8377823169733,1135.8377823169733
wave7,8,Albania,F063,1415,1436.5861343852116,1731.2972649880844,1,2018,2018,1192.0423853508769,1192.0423853508769
wave7,8,Albania,F118,1391,1412.731187236319,1704.96726775445,1,2018,2018,1170.58517493931,1170.58517493931
wave7,8,Albania,F120,1426,1447.5677889465253,1743.753873872787,1,2018,2018,1201.6905223795377,1201.6905223795377
wave7,8,Albania,G006,1423,1446.4599586635877,1743.335988199532,1,2018,2018,1200.1395176714504,1200.1395176714504
wave7,8,Albania,Y002,1432,1451.679527806133,1746.573968647498,1,2018,2018,1206.5755526422577,1206.5755526422577
wave7,20,Andorra,A008,1004,1004.0,1004.0,1,2018,2018,1004.0,1004.0
wave7,20,Andorra,A165,1001,1001.0,1001.0,1,2018,2018,1001.0,1001.0
wave7,20,Andorra,E018,999,999.0,999.0,1,2018,2018,999.0,999.0
wave7,20,Andorra,E025,1000,1000.0,1000.0,1,2018,2018,1000.0,1000.0
wave7,20,Andorra,F063,996,996.0,996.0,1,2018,2018,996.0,996.0
wave7,20,Andorra,F118,999,999.0,999.0,1,2018,2018,999.0,999.0
wave7,20,Andorra,F120,999,999.0,999.0,1,2018,2018,999.0,999.0
wave7,20,Andorra,G006,477,477.0,477.0,1,2018,2018,477.0,477.0
wave7,20,Andorra,Y002,996,996.0,996.0,1,2018,2018,996.0,996.0
wave7,31,Azerbaijan,A008,1712,1721.3038011427034,2014.1198461476683,1,2018,2018,1471.0578327775886,1471.0578327775886
wave7,31,Azerbaijan,A165,1693,1693.1021479416577,1954.2823675420905,1,2018,2018,1466.8273791826634,1466.8273791826634
wave7,31,Azerbaijan,E018,1627,1632.048939343903,1902.5998002035217,1,2018,2018,1399.9705771695312,1399.9705771695312
wave7,31,Azerbaijan,E025,1600,1610.2538305819428,1880.6507178082284,1,2018,2018,1378.7341659729834,1378.7341659729834
wave7,31,Azerbaijan,F063,1743,1760.24445219074,2068.590136582938,1,2018,2018,1497.8610197699977,1497.8610197699977
wave7,31,Azerbaijan,F118,1689,1693.8284583839477,1962.269376018753,1,2018,2018,1462.1105957696616,1462.1105957696616
wave7,31,Azerbaijan,F120,1669,1669.8516989762618,1945.8889606128664,1,2018,2018,1432.9721546370702,1432.9721546370702
wave7,31,Azerbaijan,G006,1766,1783.802342797075,2094.6917067009867,1,2018,2018,1519.054468965132,1519.054468965132
wave7,31,Azerbaijan,Y002,1756,1760.852124384161,2045.5720107884565,1,2018,2018,1515.7619421831553,1515.7619421831553
wave7,32,Argentina,A008,983,984.944925,1329.821196034055,1,2017,2017,729.5089807384993,729.5089807384993
wave7,32,Argentina,A165,952,956.952711,1295.143046325873,1,2017,2017,707.0713105306161,707.0713105306161
wave7,32,Argentina,E018,944,949.652655,1289.739033991917,1,2017,2017,699.2423594075707,699.2423594075707
wave7,32,Argentina,E025,954,939.141529,1247.130546847007,1,2017,2017,707.2129006239925,707.2129006239925
wave7,32,Argentina,F063,995,997.776973,1345.977636904539,1,2017,2017,739.6548505357158,739.6548505357158
wave7,32,Argentina,F118,897,888.959178,1195.350150988992,1,2017,2017,661.1020373374371,661.1020373374371
wave7,32,Argentina,F120,952,950.324479,1285.119201043543,1,2017,2017,702.7492972272707,702.7492972272707
wave7,32,Argentina,G006,982,988.840676,1335.2736448591,1,2017,2017,732.2887606422549,732.2887606422549
wave7,32,Argentina,Y002,961,951.608577,1276.612077824177,1,2017,2017,709.3453834177841,709.3453834177841
wave7,36,Australia,A008,1805,1808.371022,3239.498652486536,1,2018,2018,1009.4789669689222,1009.478966968922
wave7,36,Australia,A165,1792,1798.304702,3226.546332355674,1,2018,2018,1002.279052622271,1002.279052622271
wave7,36,Australia,E018,1772,1779.0154080000002,3202.204666882302,1,2018,2018,988.3490129888484,988.3490129888484
wave7,36,Australia,E025,1798,1798.448023,3217.907541353021,1,2018,2018,1005.129964073687,1005.129964073687
wave7,36,Australia,F063,1798,1801.447398,3230.53196081073,1,2018,2018,1004.5443806556724,1004.5443806556722
wave7,36,Australia,F118,1759,1750.837158,3111.4119518024117,1,2018,2018,985.221758262432,985.221758262432
wave7,36,Australia,F120,1773,1768.229987,3146.434988110153,1,2018,2018,993.7078944078156,993.7078944078154
wave7,36,Australia,G006,1720,1687.535083,2945.1023960026487,1,2018,2018,966.9526805659004,966.9526805659004
wave7,36,Australia,Y002,1779,1784.1783220000002,3203.0625329876657,1,2018,2018,993.8277045517158,993.827704551716
wave7,40,Austria,A008,1639,1646.6458207303865,2129.872815521743,1,2018,2018,1273.0536955863447,1273.0536955863447
wave7,40,Austria,A165,1595,1605.8606783714426,2083.1747266956,1,2018,2018,1237.9127325676368,1237.9127325676368
wave7,40,Austria,E018,1595,1598.2169139219764,2063.0996011740745,1,2018,2018,1238.0872462447664,1238.0872462447664
wave7,40,Austria,E025,1627,1634.5251097997009,2114.6031042933446,1,2018,2018,1263.439143327343,1263.439143327343
wave7,40,Austria,F063,1623,1629.9827069873584,2109.887697751833,1,2018,2018,1259.2346160929828,1259.2346160929828
wave7,40,Austria,F118,1576,1582.714098334804,2050.655182129355,1,2018,2018,1221.5529645830711,1221.5529645830711
wave7,40,Austria,F120,1581,1590.674912248397,2063.2029896408276,1,2018,2018,1226.3682677664806,1226.3682677664806
wave7,40,Austria,G006,1491,1476.9109851398866,1887.2775483804155,1,2018,2018,1155.7738605531251,1155.7738605531251
wave7,40,Austria,Y002,1614,1621.5577449803643,2097.876954111507,1,2018,2018,1253.3859601024258,1253.3859601024258
wave7,50,Bangladesh,A008,1200,1200.0,1200.0,1,2018,2018,1200.0,1200.0
wave7,50,Bangladesh,A165,1199,1199.0,1199.0,1,2018,2018,1199.0,1199.0
wave7,50,Bangladesh,E018,1123,1123.0,1123.0,1,2018,2018,1123.0,1123.0
wave7,50,Bangladesh,E025,1075,1075.0,1075.0,1,2018,2018,1075.0,1075.0
wave7,50,Bangladesh,F063,1200,1200.0,1200.0,1,2018,2018,1200.0,1200.0
wave7,50,Bangladesh,F118,1200,1200.0,1200.0,1,2018,2018,1200.0,1200.0
wave7,50,Bangladesh,F120,1200,1200.0,1200.0,1,2018,2018,1200.0,1200.0
wave7,50,Bangladesh,G006,1199,1199.0,1199.0,1,2018,2018,1199.0,1199.0
wave7,50,Bangladesh,Y002,1200,1200.0,1200.0,1,2018,2018,1200.0,1200.0
wave7,51,Armenia,A008,2698,2698.0693097099593,4118.945213812865,2,2018,2021,1767.340331594298,1822.4260615857077
wave7,51,Armenia,A165,2704,2714.6527567543408,4146.011641919988,2,2018,2021,1777.4527006251374,1833.0555365106984
wave7,51,Armenia,E018,2597,2590.816076886172,3954.806378514791,2,2018,2021,1697.258298337386,1752.7955044410585
wave7,51,Armenia,E025,2639,2635.6605120478766,4036.5543782400914,2,2018,2021,1720.9495237364272,1781.9827181693854
wave7,51,Armenia,F063,2705,2707.57981230059,4141.036454379351,2,2018,2021,1770.326950931527,1827.227489721464
wave7,51,Armenia,F118,2698,2698.2758431545544,4129.0072763276,2,2018,2021,1763.3033895321628,1818.3719966082112
wave7,51,Armenia,F120,2664,2659.0462542785144,4070.349654482163,2,2018,2021,1737.0809838429282,1795.647531153129
wave7,51,Armenia,G006,2691,2693.3812499845126,4113.930805837409,2,2018,2021,1763.35064932904,1818.4099533630476
wave7,51,Armenia,Y002,2595,2583.074304021456,3945.5766643616857,2,2018,2021,1691.076724059896,1747.6552117996057
wave7,68,Bolivia,A008,2061,2061.0,2061.0,1,2017,2017,2061.0,2061.0
wave7,68,Bolivia,A165,2047,2047.0,2047.0,1,2017,2017,2047.0,2047.0
wave7,68,Bolivia,E018,2050,2050.0,2050.0,1,2017,2017,2050.0,2050.0
wave7,68,Bolivia,E025,1997,1997.0,1997.0,1,2017,2017,1997.0,1997.0
wave7,68,Bolivia,F063,2065,2065.0,2065.0,1,2017,2017,2065.0,2065.0
wave7,68,Bolivia,F118,1880,1880.0,1880.0,1,2017,2017,1880.0,1880.0
wave7,68,Bolivia,F120,2036,2036.0,2036.0,1,2017,2017,2036.0,2036.0
wave7,68,Bolivia,G006,2059,2059.0,2059.0,1,2017,2017,2059.0,2059.0
wave7,68,Bolivia,Y002,2000,2000.0,2000.0,1,2017,2017,2000.0,2000.0
wave7,70,Bosnia Herzegovina,A008,1722,1732.845992240987,2117.1421224348283,1,2019,2019,1418.305932797898,1418.305932797898
wave7,70,Bosnia Herzegovina,A165,1706,1717.948437426827,2100.7361907177,1,2019,2019,1404.9107387677136,1404.9107387677136
wave7,70,Bosnia Herzegovina,E018,1661,1670.1357428364772,2040.3200186617785,1,2019,2019,1367.1156357763205,1367.1156357763205
wave7,70,Bosnia Herzegovina,E025,1670,1680.5059917346327,2055.885898873837,1,2019,2019,1373.6659168696926,1373.6659168696926
wave7,70,Bosnia Herzegovina,F063,1689,1695.3190735569844,2064.783929954901,1,2019,2019,1391.9649022204896,1391.9649022204896
wave7,70,Bosnia Herzegovina,F118,1695,1710.1974303541551,2095.440213870691,1,2019,2019,1395.7808156155022,1395.7808156155022
wave7,70,Bosnia Herzegovina,F120,1649,1665.8209709414227,2048.507180223252,1,2019,2019,1354.6252285656142,1354.6252285656142
wave7,70,Bosnia Herzegovina,G006,1669,1684.461229316816,2063.75013936243,1,2019,2019,1374.8804077358418,1374.8804077358418
wave7,70,Bosnia Herzegovina,Y002,1709,1718.4982018441497,2098.145319785169,1,2019,2019,1407.5460083212731,1407.5460083212731
wave7,76,Brazil,A008,1745,1744.153416,1764.186647935352,1,2018,2018,1724.3476715486083,1724.3476715486083
wave7,76,Brazil,A165,1730,1729.350364,1749.4556480685078,1,2018,2018,1709.476136059106,1709.476136059106
wave7,76,Brazil,E018,1690,1690.174361,1710.709489520551,1,2018,2018,1669.8857334230272,1669.8857334230272
wave7,76,Brazil,E025,1659,1659.5829049999998,1680.166774495443,1,2018,2018,1639.2512102825829,1639.251210282583
wave7,76,Brazil,F063,1745,1744.7287299999998,1765.3309157097478,1,2018,2018,1724.36698082951,1724.36698082951
wave7,76,Brazil,F118,1506,1505.9544339999998,1524.375576547792,1,2018,2018,1487.7558996453502,1487.7558996453502
wave7,76,Brazil,F120,1677,1678.11708,1699.4383565069538,1,2018,2018,1657.063301769842,1657.0633017698417
wave7,76,Brazil,G006,1724,1723.991832,1744.565869757604,1,2018,2018,1703.6604282621192,1703.6604282621192
wave7,76,Brazil,Y002,1561,1562.234986,1582.3032432627,1,2018,2018,1542.42125324218,1542.42125324218
wave7,100,Bulgaria,A008,1539,1545.516578554632,2231.8227770143044,1,2017,2017,1070.255899880489,1070.255899880489
wave7,100,Bulgaria,A165,1518,1525.2216299918707,2198.5268663727993,1,2017,2017,1058.118077234628,1058.118077234628
wave7,100,Bulgaria,E018,1283,1294.5860349008235,1886.1489702114256,1,2017,2017,888.5581299404856,888.5581299404856
wave7,100,Bulgaria,E025,1342,1348.6653558938556,1942.297848043484,1,2017,2017,936.4672076533026,936.4672076533028
wave7,100,Bulgaria,F063,1470,1481.7640974354986,2153.3887952814302,1,2017,2017,1019.6137572833836,1019.6137572833836
wave7,100,Bulgaria,F118,1443,1458.596364166559,2114.5739552431723,1,2017,2017,1006.1144223802974,1006.1144223802976
wave7,100,Bulgaria,F120,1424,1417.3844481218712,2030.8699046095296,1,2017,2017,989.2207616144684,989.2207616144684
wave7,100,Bulgaria,G006,1498,1507.0658020084736,2185.525308848838,1,2017,2017,1039.2226172753667,1039.2226172753667
wave7,100,Bulgaria,Y002,1499,1504.4850229878043,2170.801784928516,1,2017,2017,1042.69086201675,1042.69086201675
wave7,104,Myanmar,A008,1200,1200.0,1200.0,1,2020,2020,1200.0,1200.0
wave7,104,Myanmar,A165,1200,1200.0,1200.0,1,2020,2020,1200.0,1200.0
wave7,104,Myanmar,E018,1200,1200.0,1200.0,1,2020,2020,1200.0,1200.0
wave7,104,Myanmar,E025,1153,1153.0,1153.0,1,2020,2020,1153.0,1153.0
wave7,104,Myanmar,F063,1200,1200.0,1200.0,1,2020,2020,1200.0,1200.0
wave7,104,Myanmar,F118,1199,1199.0,1199.0,1,2020,2020,1199.0,1199.0
wave7,104,Myanmar,F120,1199,1199.0,1199.0,1,2020,2020,1199.0,1199.0
wave7,104,Myanmar,G006,1200,1200.0,1200.0,1,2020,2020,1200.0,1200.0
wave7,104,Myanmar,Y002,1200,1200.0,1200.0,1,2020,2020,1200.0,1200.0
wave7,112,Belarus,A008,1506,1507.4009709699028,1544.638805907348,1,2018,2018,1471.0608581054269,1471.0608581054269
wave7,112,Belarus,A165,1468,1468.6821454333513,1504.5561047729284,1,2018,2018,1433.66354865195,1433.66354865195
wave7,112,Belarus,E018,1395,1398.8365027069767,1435.8241898328752,1,2018,2018,1362.8016404524035,1362.8016404524035
wave7,112,Belarus,E025,1481,1483.8072021502253,1522.2807379210044,1,2018,2018,1446.3060316717554,1446.3060316717554
wave7,112,Belarus,F063,1498,1499.0750851359803,1535.721950827672,1,2018,2018,1463.3027219962005,1463.3027219962005
wave7,112,Belarus,F118,1476,1479.767081476809,1517.9582752160425,1,2018,2018,1442.5367621588568,1442.5367621588568
wave7,112,Belarus,F120,1492,1493.57601053295,1530.0923148623665,1,2018,2018,1457.9311833483612,1457.9311833483612
wave7,112,Belarus,G006,1418,1420.5012955221334,1456.2644580697315,1,2018,2018,1385.616410122837,1385.616410122837
wave7,112,Belarus,Y002,1508,1509.2602796232727,1546.373002962468,1,2018,2018,1473.0382561546862,1473.0382561546862
wave7,124,Canada,A008,4018,4018.000095,5878.11651797866,1,2020,2020,2746.51322648018,2746.51322648018
wave7,124,Canada,A165,4018,4018.000095,5878.11651797866,1,2020,2020,2746.51322648018,2746.51322648018
wave7,124,Canada,E018,4018,4018.000095,5878.11651797866,1,2020,2020,2746.51322648018,2746.51322648018
wave7,124,Canada,E025,4018,4018.000095,5878.11651797866,1,2020,2020,2746.51322648018,2746.51322648018
wave7,124,Canada,F063,4018,4018.000095,5878.11651797866,1,2020,2020,2746.51322648018,2746.51322648018
wave7,124,Canada,F118,4018,4018.000095,5878.11651797866,1,2020,2020,2746.51322648018,2746.51322648018
wave7,124,Canada,F120,4018,4018.000095,5878.11651797866,1,2020,2020,2746.51322648018,2746.51322648018
wave7,124,Canada,G006,3927,3937.689971,5760.505566268703,1,2020,2020,2691.6738694790315,2691.6738694790315
wave7,124,Canada,Y002,4018,4018.000095,5878.11651797866,1,2020,2020,2746.51322648018,2746.51322648018
wave7,152,Chile,A008,982,986.51393,2296.8827009798297,1,2018,2018,423.7089398030131,423.7089398030131
wave7,152,Chile,A165,974,978.076666,2282.2935550314605,1,2018,2018,419.1546536442322,419.1546536442322
wave7,152,Chile,E018,959,964.52582,2271.3048246431545,1,2018,2018,409.5927800412407,409.59278004124064
wave7,152,Chile,E025,945,955.270175,2264.9239386599734,1,2018,2018,402.90143596805694,402.90143596805694
wave7,152,Chile,F063,982,985.711231,2295.6413955798653,1,2018,2018,423.2484362716017,423.2484362716017
wave7,152,Chile,F118,933,929.841009,2175.4318499873893,1,2018,2018,397.440306862819,397.44030686281894
wave7,152,Chile,F120,964,969.147498,2276.707047094568,1,2018,2018,412.5462140938532,412.5462140938532
wave7,152,Chile,G006,970,963.290655,2199.775697269281,1,2018,2018,421.82886517121955,421.82886517121955
wave7,152,Chile,Y002,894,876.839913,1756.4440818527164,1,2018,2018,437.72998011918384,437.72998011918384
wave7,156,China,A008,3035,3035.102481,4140.876373302462,1,2018,2018,2224.612917585283,2224.612917585283
wave7,156,China,A165,3009,3012.744591,4112.420227807497,1,2018,2018,2207.126088239987,2207.126088239987
wave7,156,China,E018,3004,3001.91788,4093.3937312120006,1,2018,2018,2201.4767085685407,2201.4767085685407
wave7,156,China,E025,3013,3011.307675,4111.0276298896315,1,2018,2018,2205.7681752329536,2205.7681752329536
wave7,156,China,F063,3025,3024.286318,4123.913885651888,1,2018,2018,2217.8706895564073,2217.8706895564073
wave7,156,China,F118,3025,3026.543374,4130.235486677375,1,2018,2018,2217.7826964709375,2217.7826964709375
wave7,156,China,F120,3019,3017.426743,4113.310090119519,1,2018,2018,2213.5127062854217,2213.5127062854217
wave7,156,China,G006,3001,3001.121781,4095.64212946273,1,2018,2018,2199.101303212281,2199.101303212281
wave7,156,China,Y002,2962,2969.7720959999997,4058.98995651419,1,2018,2018,2172.842602881025,2172.842602881025
wave7,158,Taiwan ROC,A008,1223,1223.000007,1805.5719797158192,1,2019,2019,828.3962278576203,828.3962278576204
wave7,158,Taiwan ROC,A165,1223,1223.000007,1805.5719797158192,1,2019,2019,828.3962278576203,828.3962278576204
wave7,158,Taiwan ROC,E018,1183,1182.744252,1750.091099603832,1,2019,2019,799.3206559108293,799.3206559108293
wave7,158,Taiwan ROC,E025,1223,1223.000007,1805.5719797158192,1,2019,2019,828.3962278576203,828.3962278576204
wave7,158,Taiwan ROC,F063,1223,1223.000007,1805.5719797158192,1,2019,2019,828.3962278576203,828.3962278576204
wave7,158,Taiwan ROC,F118,1223,1223.000007,1805.5719797158192,1,2019,2019,828.3962278576203,828.3962278576204
wave7,158,Taiwan ROC,F120,1223,1223.000007,1805.5719797158192,1,2019,2019,828.3962278576203,828.3962278576204
wave7,158,Taiwan ROC,G006,1221,1222.147444,1805.183387028522,1,2019,2019,827.4197433948207,827.4197433948207
wave7,158,Taiwan ROC,Y002,1212,1214.367805,1796.549526880833,1,2019,2019,820.8452612942273,820.8452612942273
wave7,170,Colombia,A008,1520,1520.0,1520.0,1,2018,2018,1520.0,1520.0
wave7,170,Colombia,A165,1520,1520.0,1520.0,1,2018,2018,1520.0,1520.0
wave7,170,Colombia,E018,1520,1520.0,1520.0,1,2018,2018,1520.0,1520.0
wave7,170,Colombia,E025,1520,1520.0,1520.0,1,2018,2018,1520.0,1520.0
wave7,170,Colombia,F063,1520,1520.0,1520.0,1,2018,2018,1520.0,1520.0
wave7,170,Colombia,F118,1520,1520.0,1520.0,1,2018,2018,1520.0,1520.0
wave7,170,Colombia,F120,1520,1520.0,1520.0,1,2018,2018,1520.0,1520.0
wave7,170,Colombia,G006,1499,1499.0,1499.0,1,2018,2018,1499.0,1499.0000000000002
wave7,170,Colombia,Y002,1520,1520.0,1520.0,1,2018,2018,1520.0,1520.0
wave7,191,Croatia,A008,1472,1479.4655200223044,2273.4619911909053,1,2017,2017,962.7687788122208,962.7687788122208
wave7,191,Croatia,A165,1449,1451.5541723843594,2202.887326266781,1,2017,2017,956.476298284932,956.476298284932
wave7,191,Croatia,E018,1367,1373.9749740026366,2101.2280493006547,1,2017,2017,898.4304344375466,898.4304344375468
wave7,191,Croatia,E025,1447,1443.4094692894694,2194.94065752447,1,2017,2017,949.1969128606296,949.1969128606296
wave7,191,Croatia,F063,1460,1465.7520998513996,2240.709599750008,1,2017,2017,958.816447458646,958.816447458646
wave7,191,Croatia,F118,1418,1423.352590805469,2170.5234683605513,1,2017,2017,933.3843320675434,933.3843320675434
wave7,191,Croatia,F120,1443,1436.5583421526096,2158.434357237297,1,2017,2017,956.1096280220916,956.1096280220916
wave7,191,Croatia,G006,1426,1432.9296702034958,2184.7340417043088,1,2017,2017,939.834048700835,939.834048700835
wave7,191,Croatia,Y002,1441,1441.9487651685272,2193.5429185196344,1,2017,2017,947.8803554818292,947.8803554818292
wave7,196,Cyprus,A008,995,997.398965,1228.8482462347552,1,2019,2019,809.5423486432899,809.54234864329
wave7,196,Cyprus,A165,960,976.3129620000002,1213.61919393504,1,2019,2019,785.4086393266402,785.4086393266402
wave7,196,Cyprus,E018,917,915.560621,1125.2158550525332,1,2019,2019,744.9692847482762,744.9692847482762
wave7,196,Cyprus,E025,968,970.8787580000002,1196.5923965178322,1,2019,2019,787.7415613526136,787.7415613526136
wave7,196,Cyprus,F063,955,966.9948250000002,1198.8319133207951,1,2019,2019,779.991741283053,779.991741283053
wave7,196,Cyprus,F118,920,929.59586,1150.97693702108,1,2019,2019,750.7956372833152,750.7956372833152
wave7,196,Cyprus,F120,936,944.6362740000002,1168.740986186664,1,2019,2019,763.5033773121095,763.5033773121095
wave7,196,Cyprus,G006,942,958.312962,1191.4755701237582,1,2019,2019,770.7784835586881,770.7784835586881
wave7,196,Cyprus,Y002,966,976.5554460000002,1209.485369872134,1,2019,2019,788.4845595222699,788.4845595222698
wave7,203,Czechia,A008,2984,3003.724509800015,3655.7895052172616,2,2017,2022,2467.965105183797,2444.7046671618427
wave7,203,Czechia,A165,2912,2917.2559575973373,3529.9003295878833,2,2017,2022,2410.941252590763,2398.450388319093
wave7,203,Czechia,E018,2700,2723.0548030064274,3285.2463850303593,2,2017,2022,2257.068904774961,2263.9204592519613
wave7,203,Czechia,E025,2879,2893.6321956110787,3515.4441392450035,2,2017,2022,2381.8063811633338,2373.9785562632383
wave7,203,Czechia,F063,2844,2857.16434611818,3451.0121703839736,2,2017,2022,2365.5054510632554,2361.002189893971
wave7,203,Czechia,F118,2835,2865.9896373628953,3504.010501003959,2,2017,2022,2344.141548410908,2341.1870464519184
wave7,203,Czechia,F120,2857,2881.1526340004593,3513.203892311146,2,2017,2022,2362.8120527177775,2361.615341874609
wave7,203,Czechia,G006,2812,2819.31619228836,3416.137656654221,2,2017,2022,2326.763318982928,2328.021480933512
wave7,203,Czechia,Y002,2839,2839.368922374917,3429.9762900650376,2,2017,2022,2350.4581943321914,2347.235549946008
wave7,208,Denmark,A008,3351,3361.006032199787,6383.340373109756,1,2017,2017,1769.6630428905262,1769.6630428905262
wave7,208,Denmark,A165,3344,3359.2713611702893,6388.525069285397,1,2017,2017,1766.4020968209436,1766.4020968209436
wave7,208,Denmark,E018,3316,3328.99420881997,6325.560554108637,1,2017,2017,1751.971599601348,1751.971599601348
wave7,208,Denmark,E025,3305,3313.6523245227027,6289.17558846791,1,2017,2017,1745.9031908647337,1745.9031908647337
wave7,208,Denmark,F063,3315,3331.946985489278,6334.720355200097,1,2017,2017,1752.5431418606652,1752.5431418606652
wave7,208,Denmark,F118,3346,3350.880816335075,6347.9400135571195,1,2017,2017,1768.8261422291691,1768.8261422291691
wave7,208,Denmark,F120,3355,3363.28329718679,6384.084556956665,1,2017,2017,1771.855375068527,1771.855375068527
wave7,208,Denmark,G006,3199,3169.8704125172917,5968.299574159088,1,2017,2017,1683.5747447493509,1683.5747447493509
wave7,208,Denmark,Y002,3109,3150.0843064115315,6027.5846231753785,1,2017,2017,1646.269900441927,1646.269900441927
wave7,218,Ecuador,A008,1180,1180.0,1180.0,1,2018,2018,1180.0,1180.0
wave7,218,Ecuador,A165,1177,1177.0,1177.0,1,2018,2018,1177.0,1177.0
wave7,218,Ecuador,E018,1192,1192.0,1192.0,1,2018,2018,1192.0,1192.0
wave7,218,Ecuador,E025,1178,1178.0,1178.0,1,2018,2018,1178.0,1178.0
wave7,218,Ecuador,F063,1200,1200.0,1200.0,1,2018,2018,1200.0,1200.0
wave7,218,Ecuador,F118,1151,1151.0,1151.0,1,2018,2018,1151.0,1151.0
wave7,218,Ecuador,F120,1187,1187.0,1187.0,1,2018,2018,1187.0,1187.0
wave7,218,Ecuador,G006,1192,1192.0,1192.0,1,2018,2018,1192.0,1192.0
wave7,218,Ecuador,Y002,1186,1186.0,1186.0,1,2018,2018,1186.0,1186.0
wave7,231,Ethiopia,A008,1230,1230.0,1230.0,1,2020,2020,1230.0,1230.0
wave7,231,Ethiopia,A165,1226,1226.0,1226.0,1,2020,2020,1226.0,1226.0
wave7,231,Ethiopia,E018,1210,1210.0,1210.0,1,2020,2020,1210.0,1210.0
wave7,231,Ethiopia,E025,1189,1189.0,1189.0,1,2020,2020,1189.0,1189.0
wave7,231,Ethiopia,F063,1230,1230.0,1230.0,1,2020,2020,1230.0,1230.0
wave7,231,Ethiopia,F118,1055,1055.0,1055.0,1,2020,2020,1055.0,1055.0
wave7,231,Ethiopia,F120,1225,1225.0,1225.0,1,2020,2020,1225.0,1225.0
wave7,231,Ethiopia,G006,1229,1229.0,1229.0,1,2020,2020,1229.0,1229.0
wave7,231,Ethiopia,Y002,1194,1194.0,1194.0,1,2020,2020,1194.0,1194.0
wave7,233,Estonia,A008,1295,1297.5147286468214,1443.3530408256545,1,2018,2018,1166.4121136242463,1166.4121136242463
wave7,233,Estonia,A165,1283,1285.2582320979886,1430.1106268766443,1,2018,2018,1155.077580804616,1155.077580804616
wave7,233,Estonia,E018,1059,1071.887359175641,1204.3280641167412,1,2018,2018,954.011240785266,954.011240785266
wave7,233,Estonia,E025,1207,1213.1784063652726,1352.544161902979,1,2018,2018,1088.1728575872985,1088.1728575872985
wave7,233,Estonia,F063,1248,1248.117762874981,1385.9937083883533,1,2018,2018,1123.957446975333,1123.957446975333
wave7,233,Estonia,F118,1200,1209.8527126743552,1353.8427843365223,1,2018,2018,1081.1769308079834,1081.1769308079834
wave7,233,Estonia,F120,1241,1240.0704612456354,1374.7668987010964,1,2018,2018,1118.5712649227148,1118.5712649227148
wave7,233,Estonia,G006,1110,1117.3262709081196,1246.3950125330527,1,2018,2018,1001.6230674128584,1001.6230674128586
wave7,233,Estonia,Y002,1266,1264.7584632951102,1403.8808418807914,1,2018,2018,1139.4228931378475,1139.4228931378475
wave7,246,Finland,A008,1195,1216.8483456110234,1567.5787589125052,1,2017,2017,944.5904314520834,944.5904314520834
wave7,246,Finland,A165,1177,1195.4564758655667,1540.0706077703494,1,2017,2017,927.9549771798684,927.9549771798684
wave7,246,Finland,E018,1136,1145.799575539868,1465.745964836916,1,2017,2017,895.6918175472616,895.6918175472616
wave7,246,Finland,E025,1168,1185.1347925515547,1525.83146758183,1,2017,2017,920.510886265944,920.510886265944
wave7,246,Finland,F063,1174,1193.7217776201696,1539.961649338077,1,2017,2017,925.3293307512914,925.3293307512912
wave7,246,Finland,F118,1163,1177.4755309010125,1512.9767223110416,1,2017,2017,916.3714189553748,916.3714189553748
wave7,246,Finland,F120,1166,1181.0426680810342,1510.246944376016,1,2017,2017,923.5984810446206,923.5984810446206
wave7,246,Finland,G006,1178,1195.5657689502111,1539.2314562898785,1,2017,2017,928.6306500848434,928.6306500848432
wave7,246,Finland,Y002,1149,1160.899979878261,1493.47942895488,1,2017,2017,902.381872259496,902.381872259496
wave7,250,France,A008,1866,1876.4841722989024,2718.3526676563915,1,2018,2018,1295.3407005589409,1295.3407005589409
wave7,250,France,A165,1844,1852.739050512413,2678.1686976965075,1,2018,2018,1281.7123851257215,1281.7123851257215
wave7,250,France,E018,1808,1815.932587683695,2632.902234961147,1,2018,2018,1252.462442100613,1252.462442100613
wave7,250,France,E025,1858,1866.7887037177693,2704.1799758501575,1,2018,2018,1288.7086271810235,1288.7086271810235
wave7,250,France,F063,1843,1857.4867003080424,2699.248705645732,1,2018,2018,1278.228580643467,1278.228580643467
wave7,250,France,F118,1724,1733.6358545917994,2529.604597670323,1,2018,2018,1188.127693590608,1188.127693590608
wave7,250,France,F120,1804,1815.400024306413,2640.265579323117,1,2018,2018,1248.23702360148,1248.23702360148
wave7,250,France,G006,1760,1738.783703175474,2467.728599184855,1,2018,2018,1225.162591796886,1225.162591796886
wave7,250,France,Y002,1824,1832.3440196786903,2657.299752383753,1,2018,2018,1263.494870475339,1263.494870475339
wave7,268,Georgia,A008,2192,2208.5896785647965,3099.1373997164005,1,2018,2018,1573.9438879700272,1573.9438879700272
wave7,268,Georgia,A165,2173,2188.8559188730324,3070.1461081036477,1,2018,2018,1560.5414416400015,1560.5414416400015
wave7,268,Georgia,E018,2093,2102.5319184870727,2940.277410172979,1,2018,2018,1503.4773429752197,1503.4773429752197
wave7,268,Georgia,E025,2066,2077.0000764121887,2903.9060951579904,1,2018,2018,1485.560888008513,1485.560888008513
wave7,268,Georgia,F063,2186,2203.730680229401,3091.6209679951744,1,2018,2018,1570.83580466644,1570.83580466644
wave7,268,Georgia,F118,2159,2179.2564912036205,3061.3949687865156,1,2018,2018,1551.3055005560425,1551.3055005560425
wave7,268,Georgia,F120,2157,2164.597435032358,3022.9203393990356,1,2018,2018,1549.9852889541078,1549.9852889541075
wave7,268,Georgia,G006,2177,2195.443640436516,3083.2057479561513,1,2018,2018,1563.2991024125747,1563.2991024125747
wave7,268,Georgia,Y002,2134,2140.9157888370564,2992.6995644648127,1,2018,2018,1531.5671741047186,1531.5671741047186
wave7,276,Germany,A008,3654,3661.245267851161,3927.555828972908,2,2017,2018,3412.9920732070095,3381.701450697034
wave7,276,Germany,A165,3547,3561.3846240109597,3830.794615127633,2,2017,2018,3310.9215487709207,3284.117073427073
wave7,276,Germany,E018,3492,3493.211046788206,3735.83652663446,2,2017,2018,3266.342981125077,3242.4130345999506
wave7,276,Germany,E025,3609,3604.898367763504,3848.9976763071422,2,2017,2018,3376.2795758224765,3347.5337378013173
wave7,276,Germany,F063,3609,3616.9945799661086,3883.0085019390062,2,2017,2018,3369.204518859873,3341.4174568028134
wave7,276,Germany,F118,3588,3591.0981573663876,3845.085794738194,2,2017,2018,3353.8877060917,3318.676713641103
wave7,276,Germany,F120,3555,3556.9559048358024,3810.980661638176,2,2017,2018,3319.8634242105445,3289.3740655324737
wave7,276,Germany,G006,3176,3167.544057476867,3373.301291560636,2,2017,2018,2974.337151904731,2950.2286803619086
wave7,276,Germany,Y002,3473,3460.773120866255,3681.253641828127,2,2017,2018,3253.497791628004,3236.5806296740075
wave7,300,Greece,A008,1196,1196.8957810000002,1425.1355520000152,1,2017,2017,1005.2092999610924,1005.2092999610924
wave7,300,Greece,A165,1188,1189.023922,1417.411451713714,1,2017,2017,997.436478574334,997.4364785743342
wave7,300,Greece,E018,1123,1119.89736,1305.909221773838,1,2017,2017,960.3807646226816,960.3807646226816
wave7,300,Greece,E025,1187,1185.025228,1404.3823943880898,1,2017,2017,999.9305008436248,999.9305008436248
wave7,300,Greece,F063,1185,1187.043462,1415.41660270904,1,2017,2017,995.517629212522,995.517629212522
wave7,300,Greece,F118,1157,1153.208851,1361.809121123689,1,2017,2017,976.5617173480148,976.5617173480148
wave7,300,Greece,F120,1179,1174.752792,1386.1931729642242,1,2017,2017,995.5640737724312,995.5640737724312
wave7,300,Greece,G006,1139,1119.90684,1256.363934671334,1,2017,2017,998.2707205033572,998.2707205033572
wave7,300,Greece,Y002,1180,1181.704648,1410.3725844679798,1,2017,2017,990.1113297884776,990.1113297884776
wave7,320,Guatemala,A008,1229,1229.0,1229.0,1,2020,2020,1229.0,1229.0
wave7,320,Guatemala,A165,1229,1229.0,1229.0,1,2020,2020,1229.0,1229.0
wave7,320,Guatemala,E018,1229,1229.0,1229.0,1,2020,2020,1229.0,1229.0
wave7,320,Guatemala,E025,1199,1199.0,1199.0,1,2020,2020,1199.0,1199.0
wave7,320,Guatemala,F063,1211,1211.0,1211.0,1,2020,2020,1211.0,1211.0
wave7,320,Guatemala,F118,1205,1205.0,1205.0,1,2020,2020,1205.0,1205.0
wave7,320,Guatemala,F120,1205,1205.0,1205.0,1,2020,2020,1205.0,1205.0
wave7,320,Guatemala,G006,1209,1209.0,1209.0,1,2020,2020,1209.0,1209.0
wave7,320,Guatemala,Y002,1001,1001.0,1001.0,1,2020,2020,1001.0,1001.0
wave7,344,Hong Kong SAR,A008,2071,2068.5644190000003,2437.090893521921,1,2018,2018,1755.7649437396008,1755.7649437396008
wave7,344,Hong Kong SAR,A165,2066,2064.026639,2432.727404262719,1,2018,2018,1751.2056464019518,1751.2056464019518
wave7,344,Hong Kong SAR,E018,2052,2042.424552,2396.7027200036637,1,2018,2018,1740.515423876193,1740.515423876193
wave7,344,Hong Kong SAR,E025,2068,2068.301026,2440.294349560886,1,2018,2018,1753.013580071775,1753.013580071775
wave7,344,Hong Kong SAR,F063,2058,2053.3824000000004,2416.9678270431305,1,2018,2018,1744.491272681935,1744.491272681935
wave7,344,Hong Kong SAR,F118,2052,2046.731875,2407.9435559783674,1,2018,2018,1739.704968474207,1739.7049684742071
wave7,344,Hong Kong SAR,F120,2062,2059.770495,2425.291524409238,1,2018,2018,1749.3379453037044,1749.3379453037044
wave7,344,Hong Kong SAR,G006,2049,2045.764166,2409.91458943867,1,2018,2018,1736.638734514032,1736.638734514032
wave7,344,Hong Kong SAR,Y002,2058,2054.675231,2420.217707416381,1,2018,2018,1744.3432018318808,1744.3432018318806
wave7,348,Hungary,A008,1508,1512.5257502593508,1702.0887899563677,1,2018,2018,1344.0745034554027,1344.0745034554027
wave7,348,Hungary,A165,1497,1503.6069161083433,1694.5609885725926,1,2018,2018,1334.1707813498338,1334.1707813498338
wave7,348,Hungary,E018,1437,1444.1981337613986,1628.062778922165,1,2018,2018,1281.0981717429345,1281.0981717429345
wave7,348,Hungary,E025,1483,1485.631195559319,1670.7143081988206,1,2018,2018,1321.05174319029,1321.05174319029
wave7,348,Hungary,F063,1476,1483.8870549984294,1675.1541433464604,1,2018,2018,1314.4586131000028,1314.4586131000028
wave7,348,Hungary,F118,1461,1461.584934503427,1637.291566820325,1,2018,2018,1304.7343332476923,1304.7343332476923
wave7,348,Hungary,F120,1483,1486.6920516853058,1671.4890838772678,1,2018,2018,1322.3258697072986,1322.3258697072986
wave7,348,Hungary,G006,1472,1476.490292269405,1662.7040703916389,1,2018,2018,1311.1314406371205,1311.1314406371205
wave7,348,Hungary,Y002,1468,1473.5459283016587,1660.2833775965855,1,2018,2018,1307.811444789389,1307.811444789389
wave7,352,Iceland,A008,1619,1628.1297735454036,2272.49269148298,1,2017,2017,1166.4752848006513,1166.4752848006513
wave7,352,Iceland,A165,1598,1607.6425224726909,2244.3650649926835,1,2017,2017,1151.5570797172347,1151.5570797172347
wave7,352,Iceland,E018,1541,1556.35766314711,2181.060245371802,1,2017,2017,1110.5833416462165,1110.5833416462165
wave7,352,Iceland,E025,1614,1624.5828004543896,2270.0434981030735,1,2017,2017,1162.6514107494818,1162.6514107494818
wave7,352,Iceland,F063,1604,1613.7155268642991,2253.522889976148,1,2017,2017,1155.5586203388798,1155.5586203388798
wave7,352,Iceland,F118,1580,1592.7088833203843,2226.135005299394,1,2017,2017,1139.5183045812178,1139.5183045812178
wave7,352,Iceland,F120,1591,1599.399631170847,2234.0024663149925,1,2017,2017,1145.0655130247087,1145.0655130247087
wave7,352,Iceland,G006,1566,1577.829866880613,2199.9662096452985,1,2017,2017,1131.6296940860216,1131.6296940860216
wave7,352,Iceland,Y002,1597,1608.2999067571131,2250.4963241570267,1,2017,2017,1149.3591712680611,1149.3591712680611
wave7,360,Indonesia,A008,3199,3198.377834,5513.3298899836445,1,2018,2018,1855.4341882583915,1855.4341882583913
wave7,360,Indonesia,A165,3199,3199.491032,5515.702188392713,1,2018,2018,1855.9274076455224,1855.9274076455229
wave7,360,Indonesia,E018,3166,3171.456422,5474.10924341146,1,2018,2018,1837.4013724243512,1837.4013724243512
wave7,360,Indonesia,E025,3183,3178.1459680000003,5472.800834735503,1,2018,2018,1845.60193197727,1845.6019319772704
wave7,360,Indonesia,F063,3200,3199.9999660000003,5515.961202209066,1,2018,2018,1856.430712075898,1856.430712075898
wave7,360,Indonesia,F118,3189,3185.1129739999997,5487.823529882008,1,2018,2018,1848.62807666872,1848.6280766687205
wave7,360,Indonesia,F120,3193,3192.8278360000004,5507.940012458048,1,2018,2018,1850.809843113572,1850.809843113572
wave7,360,Indonesia,G006,3196,3195.475001,5508.298389012825,1,2018,2018,1853.759502641239,1853.759502641239
wave7,360,Indonesia,Y002,3159,3150.8708530000004,5427.402306878257,1,2018,2018,1829.2336869339888,1829.2336869339888
wave7,364,Iran,A008,1497,1497.0,1497.0,1,2020,2020,1497.0,1496.9999999999998
wave7,364,Iran,A165,1496,1496.0,1496.0,1,2020,2020,1496.0,1496.0
wave7,364,Iran,E018,1487,1487.0,1487.0,1,2020,2020,1487.0,1487.0
wave7,364,Iran,E025,1475,1475.0,1475.0,1,2020,2020,1475.0,1475.0
wave7,364,Iran,F063,1498,1498.0,1498.0,1,2020,2020,1498.0,1498.0
wave7,364,Iran,F118,1490,1490.0,1490.0,1,2020,2020,1490.0,1490.0
wave7,364,Iran,F120,1494,1494.0,1494.0,1,2020,2020,1494.0,1494.0
wave7,364,Iran,G006,1480,1480.0,1480.0,1,2020,2020,1480.0,1480.0
wave7,364,Iran,Y002,1485,1485.0,1485.0,1,2020,2020,1485.0,1485.0
wave7,368,Iraq,A008,1179,1179.0,1179.0,1,2018,2018,1179.0,1179.0
wave7,368,Iraq,A165,1174,1174.0,1174.0,1,2018,2018,1174.0,1174.0
wave7,368,Iraq,E018,1162,1162.0,1162.0,1,2018,2018,1162.0,1162.0
wave7,368,Iraq,E025,1166,1166.0,1166.0,1,2018,2018,1166.0,1166.0
wave7,368,Iraq,F118,835,835.0,835.0,1,2018,2018,835.0,835.0
wave7,368,Iraq,F120,1200,1200.0,1200.0,1,2018,2018,1200.0,1200.0
wave7,368,Iraq,G006,1193,1193.0,1193.0,1,2018,2018,1193.0,1193.0
wave7,368,Iraq,Y002,1200,1200.0,1200.0,1,2018,2018,1200.0,1200.0
wave7,380,Italy,A008,2258,2263.305930576282,2601.8049651400443,1,2018,2018,1968.8461679548088,1968.8461679548088
wave7,380,Italy,A165,2230,2232.2558575497183,2562.337698132525,1,2018,2018,1944.6953526838788,1944.6953526838788
wave7,380,Italy,E018,2140,2145.8400531172815,2468.2825488290273,1,2018,2018,1865.5196244639212,1865.5196244639217
wave7,380,Italy,E025,2134,2123.747324190841,2427.8445987754667,1,2018,2018,1857.7394530451504,1857.7394530451504
wave7,380,Italy,F063,2217,2216.9065100807925,2541.248087679458,1,2018,2018,1933.960914035133,1933.960914035133
wave7,380,Italy,F118,2150,2147.9975803195093,2463.647565081271,1,2018,2018,1872.7896272396672,1872.7896272396672
wave7,380,Italy,F120,2193,2198.7627308586225,2532.0212159680013,1,2018,2018,1909.366918461857,1909.366918461857
wave7,380,Italy,G006,2237,2238.8060673082964,2569.2432073652717,1,2018,2018,1950.8673186904896,1950.8673186904896
wave7,380,Italy,Y002,2166,2170.3025473132975,2495.9946793512777,1,2018,2018,1887.1086488448757,1887.1086488448757
wave7,392,Japan,A008,1324,1324.0,1324.0,1,2019,2019,1324.0,1324.0
wave7,392,Japan,A165,1281,1281.0,1281.0,1,2019,2019,1281.0,1281.0
wave7,392,Japan,E018,1342,1342.0,1342.0,1,2019,2019,1342.0,1342.0
wave7,392,Japan,E025,1211,1211.0,1211.0,1,2019,2019,1211.0,1211.0
wave7,392,Japan,F063,1246,1246.0,1246.0,1,2019,2019,1246.0,1246.0
wave7,392,Japan,F118,1218,1218.0,1218.0,1,2019,2019,1218.0,1218.0
wave7,392,Japan,F120,1242,1242.0,1242.0,1,2019,2019,1242.0,1242.0
wave7,392,Japan,G006,1283,1283.0,1283.0,1,2019,2019,1283.0,1283.0
wave7,392,Japan,Y002,1137,1137.0,1137.0,1,2019,2019,1137.0,1137.0
wave7,398,Kazakhstan,A008,1211,1211.0,1211.0,1,2018,2018,1211.0,1211.0
wave7,398,Kazakhstan,A165,1218,1218.0,1218.0,1,2018,2018,1218.0,1218.0
wave7,398,Kazakhstan,E018,1156,1156.0,1156.0,1,2018,2018,1156.0,1156.0
wave7,398,Kazakhstan,E025,1174,1174.0,1174.0,1,2018,2018,1174.0,1174.0
wave7,398,Kazakhstan,F063,1234,1234.0,1234.0,1,2018,2018,1234.0,1234.0
wave7,398,Kazakhstan,F118,1151,1151.0,1151.0,1,2018,2018,1151.0,1151.0
wave7,398,Kazakhstan,F120,1133,1133.0,1133.0,1,2018,2018,1133.0,1133.0
wave7,398,Kazakhstan,G006,1250,1250.0,1250.0,1,2018,2018,1250.0,1250.0
wave7,398,Kazakhstan,Y002,1180,1180.0,1180.0,1,2018,2018,1180.0,1180.0
wave7,400,Jordan,A008,1199,1199.0,1199.0,1,2018,2018,1199.0,1199.0
wave7,400,Jordan,A165,1196,1196.0,1196.0,1,2018,2018,1196.0,1196.0
wave7,400,Jordan,E018,1193,1193.0,1193.0,1,2018,2018,1193.0,1193.0
wave7,400,Jordan,E025,1143,1143.0,1143.0,1,2018,2018,1143.0,1143.0
wave7,400,Jordan,F063,1197,1197.0,1197.0,1,2018,2018,1197.0,1197.0
wave7,400,Jordan,F118,1195,1195.0,1195.0,1,2018,2018,1195.0,1195.0
wave7,400,Jordan,F120,1196,1196.0,1196.0,1,2018,2018,1196.0,1196.0
wave7,400,Jordan,G006,1195,1195.0,1195.0,1,2018,2018,1195.0,1195.0
wave7,400,Jordan,Y002,1188,1188.0,1188.0,1,2018,2018,1188.0,1188.0
wave7,404,Kenya,A008,1253,1253.0,1253.0,1,2021,2021,1253.0,1253.0
wave7,404,Kenya,A165,1252,1252.0,1252.0,1,2021,2021,1252.0,1252.0
wave7,404,Kenya,E018,1250,1250.0,1250.0,1,2021,2021,1250.0,1250.0
wave7,404,Kenya,E025,1189,1189.0,1189.0,1,2021,2021,1189.0,1189.0
wave7,404,Kenya,F063,1259,1259.0,1259.0,1,2021,2021,1259.0,1259.0
wave7,404,Kenya,F118,1215,1215.0,1215.0,1,2021,2021,1215.0,1215.0
wave7,404,Kenya,F120,1224,1224.0,1224.0,1,2021,2021,1224.0,1224.0
wave7,404,Kenya,G006,1250,1250.0,1250.0,1,2021,2021,1250.0,1250.0
wave7,404,Kenya,Y002,1237,1237.0,1237.0,1,2021,2021,1237.0,1237.0
wave7,410,South Korea,A008,1245,1245.0,1245.0,1,2018,2018,1245.0,1245.0
wave7,410,South Korea,A165,1245,1245.0,1245.0,1,2018,2018,1245.0,1245.0
wave7,410,South Korea,E018,1245,1245.0,1245.0,1,2018,2018,1245.0,1245.0
wave7,410,South Korea,E025,1245,1245.0,1245.0,1,2018,2018,1245.0,1245.0
wave7,410,South Korea,F063,1245,1245.0,1245.0,1,2018,2018,1245.0,1245.0
wave7,410,South Korea,F118,1245,1245.0,1245.0,1,2018,2018,1245.0,1245.0
wave7,410,South Korea,F120,1245,1245.0,1245.0,1,2018,2018,1245.0,1245.0
wave7,410,South Korea,G006,1245,1245.0,1245.0,1,2018,2018,1245.0,1245.0
wave7,410,South Korea,Y002,1245,1245.0,1245.0,1,2018,2018,1245.0,1245.0
wave7,417,Kyrgyzstan,A008,1199,1197.67605,1507.8209345630642,1,2020,2020,951.3251128584913,951.3251128584913
wave7,417,Kyrgyzstan,A165,1190,1190.282449,1500.054394905685,1,2020,2020,944.4806223087104,944.4806223087106
wave7,417,Kyrgyzstan,E018,1166,1166.176506,1469.846731239556,1,2020,2020,925.2445266857692,925.2445266857692
wave7,417,Kyrgyzstan,E025,1160,1157.039679,1458.3237747220192,1,2020,2020,917.9997213140198,917.9997213140198
wave7,417,Kyrgyzstan,F063,1197,1197.256949,1509.9340364842533,1,2020,2020,949.3290218600472,949.3290218600472
wave7,417,Kyrgyzstan,F118,1136,1134.137027,1425.406237292253,1,2020,2020,902.3861144706592,902.3861144706592
wave7,417,Kyrgyzstan,F120,1150,1146.3888860000002,1448.588280183314,1,2020,2020,907.2332669832264,907.2332669832264
wave7,417,Kyrgyzstan,G006,1194,1195.2189600000002,1508.5477156053362,1,2020,2020,946.9692920984254,946.9692920984254
wave7,417,Kyrgyzstan,Y002,1135,1131.027364,1428.806721960948,1,2020,2020,895.3085665506494,895.3085665506494
wave7,422,Lebanon,A008,1200,1200.0,1200.0,1,2018,2018,1200.0,1200.0
wave7,422,Lebanon,A165,1200,1200.0,1200.0,1,2018,2018,1200.0,1200.0
wave7,422,Lebanon,E018,1184,1184.0,1184.0,1,2018,2018,1184.0,1184.0
wave7,422,Lebanon,E025,1185,1185.0,1185.0,1,2018,2018,1185.0,1185.0
wave7,422,Lebanon,F063,1200,1200.0,1200.0,1,2018,2018,1200.0,1200.0
wave7,422,Lebanon,F118,1192,1192.0,1192.0,1,2018,2018,1192.0,1192.0
wave7,422,Lebanon,F120,1200,1200.0,1200.0,1,2018,2018,1200.0,1200.0
wave7,422,Lebanon,G006,1200,1200.0,1200.0,1,2018,2018,1200.0,1200.0
wave7,422,Lebanon,Y002,1200,1200.0,1200.0,1,2018,2018,1200.0,1200.0
wave7,428,Latvia,A008,1309,1305.9633522397978,1426.5665110678033,1,2021,2021,1195.556088104712,1195.556088104712
wave7,428,Latvia,A165,1289,1287.672948676855,1409.562032670899,1,2021,2021,1176.3239817209774,1176.3239817209774
wave7,428,Latvia,E018,1149,1151.0303564990008,1262.1931055623322,1,2021,2021,1049.6578342439611,1049.6578342439611
wave7,428,Latvia,E025,1295,1293.0152238132878,1413.012511385288,1,2021,2021,1183.2084681075062,1183.2084681075062
wave7,428,Latvia,F063,1286,1283.9479084480554,1404.0705574723452,1,2021,2021,1174.1021295794856,1174.1021295794856
wave7,428,Latvia,F118,1227,1227.1390254038042,1344.250636969272,1,2021,2021,1120.230220655957,1120.230220655957
wave7,428,Latvia,F120,1212,1201.083128636364,1304.2314019279925,1,2021,2021,1106.0925843085656,1106.0925843085656
wave7,428,Latvia,G006,1223,1218.6596595594456,1331.5754602788882,1,2021,2021,1115.3189662465652,1115.3189662465652
wave7,428,Latvia,Y002,1276,1273.414070850013,1393.3296374774068,1,2021,2021,1163.8189213965509,1163.8189213965509
wave7,434,Libya,A008,1191,1191.0,1191.0,1,2022,2022,1191.0,1191.0
wave7,434,Libya,A165,1176,1176.0,1176.0,1,2022,2022,1176.0,1176.0
wave7,434,Libya,E018,1162,1162.0,1162.0,1,2022,2022,1162.0,1162.0
wave7,434,Libya,E025,1129,1129.0,1129.0,1,2022,2022,1129.0,1129.0
wave7,434,Libya,F063,1190,1190.0,1190.0,1,2022,2022,1190.0,1190.0
wave7,434,Libya,F118,1118,1118.0,1118.0,1,2022,2022,1118.0,1118.0
wave7,434,Libya,F120,1126,1126.0,1126.0,1,2022,2022,1126.0,1126.0
wave7,434,Libya,G006,1193,1193.0,1193.0,1,2022,2022,1193.0,1193.0
wave7,434,Libya,Y002,1174,1174.0,1174.0,1,2022,2022,1174.0,1174.0
wave7,440,Lithuania,A008,1285,1287.607884061703,1387.9770852070817,1,2018,2018,1194.496710909675,1194.496710909675
wave7,440,Lithuania,A165,1400,1399.4103681172344,1506.8625889732111,1,2018,2018,1299.6204117911304,1299.6204117911304
wave7,440,Lithuania,E018,1228,1220.9472979998875,1307.168170511497,1,2018,2018,1140.4135581957355,1140.4135581957355
wave7,440,Lithuania,E025,1285,1283.0151797282845,1378.6465272940998,1,2018,2018,1194.0174067997648,1194.0174067997648
wave7,440,Lithuania,F063,1349,1353.9461923189042,1465.8304295830726,1,2018,2018,1250.60188047554,1250.60188047554
wave7,440,Lithuania,F118,1324,1331.076849809491,1442.7418541144762,1,2018,2018,1228.054467988128,1228.054467988128
wave7,440,Lithuania,F120,1318,1322.9584563650817,1430.0623613359203,1,2018,2018,1223.8760522533282,1223.8760522533282
wave7,440,Lithuania,G006,1333,1331.348660197305,1431.927176810762,1,2018,2018,1237.834775199189,1237.834775199189
wave7,440,Lithuania,Y002,1392,1391.0772170678465,1497.4242732077987,1,2018,2018,1292.2829277368671,1292.2829277368671
wave7,446,Macau SAR,A008,1023,1023.0,1023.0,1,2019,2019,1023.0,1023.0
wave7,446,Macau SAR,A165,968,968.0,968.0,1,2019,2019,968.0,968.0
wave7,446,Macau SAR,E018,1016,1016.0,1016.0,1,2019,2019,1016.0,1016.0
wave7,446,Macau SAR,E025,1021,1021.0,1021.0,1,2019,2019,1021.0,1021.0
wave7,446,Macau SAR,F063,1022,1022.0,1022.0,1,2019,2019,1022.0,1022.0
wave7,446,Macau SAR,F118,1021,1021.0,1021.0,1,2019,2019,1021.0,1021.0
wave7,446,Macau SAR,F120,1022,1022.0,1022.0,1,2019,2019,1022.0,1022.0
wave7,446,Macau SAR,G006,1003,1003.0,1003.0,1,2019,2019,1003.0,1003.0
wave7,446,Macau SAR,Y002,979,979.0,979.0,1,2019,2019,979.0,979.0
wave7,458,Malaysia,A008,1313,1313.0,1313.0,1,2018,2018,1313.0,1313.0
wave7,458,Malaysia,A165,1313,1313.0,1313.0,1,2018,2018,1313.0,1313.0
wave7,458,Malaysia,E018,1313,1313.0,1313.0,1,2018,2018,1313.0,1313.0
wave7,458,Malaysia,E025,1313,1313.0,1313.0,1,2018,2018,1313.0,1313.0
wave7,458,Malaysia,F063,1313,1313.0,1313.0,1,2018,2018,1313.0,1313.0
wave7,458,Malaysia,F118,1313,1313.0,1313.0,1,2018,2018,1313.0,1313.0
wave7,458,Malaysia,F120,1313,1313.0,1313.0,1,2018,2018,1313.0,1313.0
wave7,458,Malaysia,G006,1312,1312.0,1312.0,1,2018,2018,1312.0,1312.0
wave7,458,Malaysia,Y002,1313,1313.0,1313.0,1,2018,2018,1313.0,1313.0
wave7,462,Maldives,A008,1035,1035.0,1035.0,1,2021,2021,1035.0,1035.0
wave7,462,Maldives,A165,1027,1027.0,1027.0,1,2021,2021,1027.0,1027.0
wave7,462,Maldives,E018,1035,1035.0,1035.0,1,2021,2021,1035.0,1035.0
wave7,462,Maldives,E025,1034,1034.0,1034.0,1,2021,2021,1034.0,1034.0
wave7,462,Maldives,F063,1039,1039.0,1039.0,1,2021,2021,1039.0,1039.0
wave7,462,Maldives,F118,1038,1038.0,1038.0,1,2021,2021,1038.0,1038.0
wave7,462,Maldives,F120,1037,1037.0,1037.0,1,2021,2021,1037.0,1037.0
wave7,462,Maldives,G006,1033,1033.0,1033.0,1,2021,2021,1033.0,1033.0
wave7,462,Maldives,Y002,999,999.0,999.0,1,2021,2021,999.0,999.0
wave7,484,Mexico,A008,1741,1741.144054,1809.8516885248428,1,2018,2018,1675.044776321152,1675.044776321152
wave7,484,Mexico,A165,1738,1738.338664,1807.171837484104,1,2018,2018,1672.1272698473451,1672.1272698473451
wave7,484,Mexico,E018,1727,1727.767046,1796.7552425853578,1,2018,2018,1661.427719530781,1661.427719530781
wave7,484,Mexico,E025,1733,1733.409267,1802.213377955261,1,2018,2018,1667.2319291795134,1667.2319291795134
wave7,484,Mexico,F063,1739,1739.195933,1807.915159381709,1,2018,2018,1673.0887385214448,1673.0887385214448
wave7,484,Mexico,F118,1689,1690.402921,1758.7047913692268,1,2018,2018,1624.75365356836,1624.75365356836
wave7,484,Mexico,F120,1712,1711.753041,1779.3883970589186,1,2018,2018,1646.688535350569,1646.688535350569
wave7,484,Mexico,G006,1739,1739.1045149999998,1807.7542212837568,1,2018,2018,1673.0617904161663,1673.0617904161663
wave7,484,Mexico,Y002,1734,1733.963985,1802.3687301773189,1,2018,2018,1668.1553840435772,1668.1553840435772
wave7,496,Mongolia,A008,1638,1637.9997089999997,1820.7947132848851,1,2020,2020,1473.5560396282242,1473.5560396282242
wave7,496,Mongolia,A165,1633,1633.594215,1816.4855267853932,1,2020,2020,1469.1171605446814,1469.1171605446812
wave7,496,Mongolia,E018,1632,1632.938567,1816.171514610875,1,2020,2020,1468.1919312930772,1468.1919312930772
wave7,496,Mongolia,E025,1638,1637.9997089999997,1820.7947132848851,1,2020,2020,1473.5560396282242,1473.5560396282242
wave7,496,Mongolia,F063,1636,1635.147128,1816.722964060604,1,2020,2020,1471.7192346325494,1471.7192346325494
wave7,496,Mongolia,F118,1638,1637.9997089999997,1820.7947132848851,1,2020,2020,1473.5560396282242,1473.5560396282242
wave7,496,Mongolia,F120,1638,1637.9997089999997,1820.7947132848851,1,2020,2020,1473.5560396282242,1473.5560396282242
wave7,496,Mongolia,G006,1608,1615.952859,1804.592593454139,1,2020,2020,1447.0322287603008,1447.0322287603008
wave7,496,Mongolia,Y002,1638,1637.9997089999997,1820.7947132848851,1,2020,2020,1473.5560396282242,1473.5560396282242
wave7,499,Montenegro,A008,993,991.3896558787242,1320.3689279637751,1,2019,2019,744.377899970015,744.377899970015
wave7,499,Montenegro,A165,978,976.4264075016414,1297.3069166365412,1,2019,2019,734.9136253265443,734.9136253265443
wave7,499,Montenegro,E018,850,847.9349437903245,1139.6119571863242,1,2019,2019,630.9109555816523,630.9109555816523
wave7,499,Montenegro,E025,966,968.4152045897298,1298.7857396823829,1,2019,2019,722.0806171693212,722.0806171693212
wave7,499,Montenegro,F063,984,988.577107692868,1326.9282433516437,1,2019,2019,736.5015423787389,736.5015423787389
wave7,499,Montenegro,F118,981,981.1552813616396,1313.113971021623,1,2019,2019,733.1166276411402,733.1166276411402
wave7,499,Montenegro,F120,986,989.9438816268404,1327.0571201910475,1,2019,2019,738.4677523370909,738.4677523370909
wave7,499,Montenegro,G006,943,935.99020354575,1231.9154166598605,1,2019,2019,711.1508219524989,711.1508219524989
wave7,499,Montenegro,Y002,933,939.3737862249502,1266.6605224043824,1,2019,2019,696.653203157842,696.653203157842
wave7,504,Morocco,A008,1200,1200.0,1200.0,1,2021,2021,1200.0,1200.0
wave7,504,Morocco,A165,1200,1200.0,1200.0,1,2021,2021,1200.0,1200.0
wave7,504,Morocco,E018,1200,1200.0,1200.0,1,2021,2021,1200.0,1200.0
wave7,504,Morocco,E025,1200,1200.0,1200.0,1,2021,2021,1200.0,1200.0
wave7,504,Morocco,F063,1200,1200.0,1200.0,1,2021,2021,1200.0,1200.0
wave7,504,Morocco,F118,1200,1200.0,1200.0,1,2021,2021,1200.0,1200.0
wave7,504,Morocco,F120,1200,1200.0,1200.0,1,2021,2021,1200.0,1200.0
wave7,504,Morocco,G006,1200,1200.0,1200.0,1,2021,2021,1200.0,1200.0
wave7,504,Morocco,Y002,1191,1191.0,1191.0,1,2021,2021,1191.0,1191.0
wave7,528,Netherlands,A008,4426,4429.898803921553,4898.624675701455,2,2017,2022,4006.0230599674505,4037.6344585440743
wave7,528,Netherlands,A165,4306,4308.034883698892,4769.880768318028,2,2017,2022,3890.9074378626296,3921.190731963743
wave7,528,Netherlands,E018,4181,4183.242278792433,4629.7101344949115,2,2017,2022,3779.8297203731217,3809.5631106421706
wave7,528,Netherlands,E025,4275,4278.248359010812,4741.912527901093,2,2017,2022,3859.9212688303896,3890.1832048605784
wave7,528,Netherlands,F063,4294,4294.527455089787,4750.3759515705115,2,2017,2022,3882.422412571909,3912.160008921925
wave7,528,Netherlands,F118,4200,4191.442565546833,4629.568081115518,2,2017,2022,3794.7796581586663,3822.264204001109
wave7,528,Netherlands,F120,4232,4225.968023619432,4669.758279324528,2,2017,2022,3824.3533537322983,3852.5481316080886
wave7,528,Netherlands,G006,4100,4096.265695386554,4530.357394585029,2,2017,2022,3703.76797805323,3728.397069057581
wave7,528,Netherlands,Y002,4222,4219.718764140898,4667.088188455457,2,2017,2022,3815.2324810334426,3844.229687912269
wave7,554,New Zealand,A008,1014,1014.0,1014.0,1,2020,2020,1014.0,1014.0
wave7,554,New Zealand,A165,1005,1005.0,1005.0,1,2020,2020,1005.0,1005.0
wave7,554,New Zealand,E018,1002,1002.0,1002.0,1,2020,2020,1002.0,1002.0
wave7,554,New Zealand,E025,1023,1023.0,1023.0,1,2020,2020,1023.0,1023.0
wave7,554,New Zealand,F063,995,995.0,995.0,1,2020,2020,995.0,995.0
wave7,554,New Zealand,F118,924,924.0,924.0,1,2020,2020,924.0,924.0
wave7,554,New Zealand,F120,983,983.0,983.0,1,2020,2020,983.0,983.0
wave7,554,New Zealand,G006,974,974.0,974.0,1,2020,2020,974.0,974.0
wave7,554,New Zealand,Y002,703,703.0,703.0,1,2020,2020,703.0,703.0
wave7,558,Nicaragua,A008,1200,1200.0,1200.0,1,2020,2020,1200.0,1200.0
wave7,558,Nicaragua,A165,1200,1200.0,1200.0,1,2020,2020,1200.0,1200.0
wave7,558,Nicaragua,E018,1200,1200.0,1200.0,1,2020,2020,1200.0,1200.0
wave7,558,Nicaragua,E025,1200,1200.0,1200.0,1,2020,2020,1200.0,1200.0
wave7,558,Nicaragua,F063,1200,1200.0,1200.0,1,2020,2020,1200.0,1200.0
wave7,558,Nicaragua,F118,1200,1200.0,1200.0,1,2020,2020,1200.0,1200.0
wave7,558,Nicaragua,F120,1200,1200.0,1200.0,1,2020,2020,1200.0,1200.0
wave7,558,Nicaragua,G006,1200,1200.0,1200.0,1,2020,2020,1200.0,1200.0
wave7,558,Nicaragua,Y002,1136,1136.0,1136.0,1,2020,2020,1136.0,1136.0
wave7,566,Nigeria,A008,1233,1232.739086,1271.997895092546,1,2018,2018,1194.6919566573272,1194.6919566573272
wave7,566,Nigeria,A165,1230,1229.840268,1269.259699903032,1,2018,2018,1191.6450864309825,1191.6450864309825
wave7,566,Nigeria,E018,1234,1234.300877,1274.206472008705,1,2018,2018,1195.6450453130026,1195.6450453130026
wave7,566,Nigeria,E025,1176,1174.628244,1211.4337223020443,1,2018,2018,1138.9409805933344,1138.9409805933344
wave7,566,Nigeria,F063,1237,1237.081428,1276.935913001374,1,2018,2018,1198.4708425229107,1198.4708425229107
wave7,566,Nigeria,F118,1236,1236.198775,1276.1568366829651,1,2018,2018,1197.4918500484807,1197.4918500484807
wave7,566,Nigeria,F120,1229,1229.563305,1269.779066098145,1,2018,2018,1190.6212359037818,1190.6212359037818
wave7,566,Nigeria,G006,1236,1236.183992,1276.130521627278,1,2018,2018,1197.4879028270636,1197.4879028270636
wave7,566,Nigeria,Y002,1180,1181.164386,1220.176650597934,1,2018,2018,1143.3994463597382,1143.3994463597382
wave7,578,Norway,A008,1119,1119.3926455711646,1208.2339459938498,1,2018,2018,1037.0838355547985,1037.0838355547985
wave7,578,Norway,A165,1109,1111.461361085407,1202.209864331544,1,2018,2018,1027.5629853301075,1027.5629853301075
wave7,578,Norway,E018,1097,1097.5975339806048,1185.0649187812433,1,2018,2018,1016.5859502779608,1016.5859502779608
wave7,578,Norway,E025,1116,1116.3693423786117,1204.9262371884436,1,2018,2018,1034.320998363274,1034.320998363274
wave7,578,Norway,F063,1117,1117.535475259769,1206.3799915808968,1,2018,2018,1035.2339620847656,1035.2339620847656
wave7,578,Norway,F118,1106,1104.7256739663435,1189.91258529855,1,2018,2018,1025.6373701721866,1025.6373701721866
wave7,578,Norway,F120,1114,1114.4897022311964,1203.1754510413343,1,2018,2018,1032.3409568441316,1032.3409568441316
wave7,578,Norway,G006,1015,1011.9841229556894,1087.164389596521,1,2018,2018,942.0027687758188,942.002768775819
wave7,578,Norway,Y002,1114,1113.2211910211688,1200.487407893147,1,2018,2018,1032.2985580610884,1032.2985580610884
wave7,586,Pakistan,A008,1993,1993.0,1993.0,1,2018,2018,1993.0,1993.0
wave7,586,Pakistan,A165,1979,1979.0,1979.0,1,2018,2018,1979.0,1979.0
wave7,586,Pakistan,E018,1920,1920.0,1920.0,1,2018,2018,1920.0,1920.0
wave7,586,Pakistan,E025,1760,1760.0,1760.0,1,2018,2018,1760.0,1760.0
wave7,586,Pakistan,F063,1979,1979.0,1979.0,1,2018,2018,1979.0,1979.0
wave7,586,Pakistan,F118,1911,1911.0,1911.0,1,2018,2018,1911.0,1911.0
wave7,586,Pakistan,F120,1869,1869.0,1869.0,1,2018,2018,1869.0,1869.0
wave7,586,Pakistan,G006,1974,1974.0,1974.0,1,2018,2018,1974.0,1974.0
wave7,586,Pakistan,Y002,1844,1844.0,1844.0,1,2018,2018,1844.0,1844.0
wave7,604,Peru,A008,1395,1393.308535,1639.774132654407,1,2018,2018,1183.887850798894,1183.887850798894
wave7,604,Peru,A165,1395,1395.990435,1644.466059890109,1,2018,2018,1185.0589940066727,1185.0589940066727
wave7,604,Peru,E018,1374,1373.251537,1617.925666736891,1,2018,2018,1165.5787547250384,1165.5787547250384
wave7,604,Peru,E025,1355,1360.657546,1604.571432860224,1,2018,2018,1153.8214625861524,1153.8214625861524
wave7,604,Peru,F063,1398,1397.1619469999998,1644.726161547581,1,2018,2018,1186.861102949847,1186.861102949847
wave7,604,Peru,F118,1330,1338.655282,1583.6568134767458,1,2018,2018,1131.5570070338429,1131.5570070338429
wave7,604,Peru,F120,1372,1374.007364,1620.3847010383458,1,2018,2018,1165.0913731266785,1165.0913731266785
wave7,604,Peru,G006,1395,1395.382876,1643.8143286886698,1,2018,2018,1184.497139763527,1184.497139763527
wave7,604,Peru,Y002,1383,1380.249291,1622.4941877194028,1,2018,2018,1174.17253000075,1174.17253000075
wave7,608,Philippines,A008,1199,1198.2129760000005,1463.1571076192238,1,2019,2019,981.244138704216,981.244138704216
wave7,608,Philippines,A165,1197,1197.9995270000002,1464.9352593917506,1,2019,2019,979.7039544861036,979.7039544861036
wave7,608,Philippines,E018,1200,1200.0,1466.3505623957972,1,2019,2019,982.0298344259886,982.0298344259888
wave7,608,Philippines,E025,1200,1200.0,1466.3505623957972,1,2019,2019,982.0298344259886,982.0298344259888
wave7,608,Philippines,F063,1199,1199.2371050000002,1465.7685536147749,1,2019,2019,981.1710248948028,981.1710248948028
wave7,608,Philippines,F118,1200,1200.0,1466.3505623957972,1,2019,2019,982.0298344259886,982.0298344259888
wave7,608,Philippines,F120,1200,1200.0,1466.3505623957972,1,2019,2019,982.0298344259886,982.0298344259888
wave7,608,Philippines,G006,1199,1199.2371050000002,1465.7685536147749,1,2019,2019,981.1710248948028,981.1710248948028
wave7,608,Philippines,Y002,1200,1200.0,1466.3505623957972,1,2019,2019,982.0298344259886,982.0298344259888
wave7,616,Poland,A008,1346,1351.9239512767294,1620.8282349128376,1,2017,2017,1127.6323614475853,1127.6323614475853
wave7,616,Poland,A165,1314,1318.951694355942,1577.955142271081,1,2017,2017,1102.4607261906272,1102.4607261906272
wave7,616,Poland,E018,1227,1240.833111618496,1497.095255370186,1,2017,2017,1028.4361034249127,1028.4361034249127
wave7,616,Poland,E025,1312,1312.285036473417,1566.7349503373223,1,2017,2017,1099.1597631630457,1099.1597631630457
wave7,616,Poland,F063,1329,1338.6609923795434,1608.4061901357054,1,2017,2017,1114.1546603767963,1114.1546603767963
wave7,616,Poland,F118,1271,1288.4305268299931,1553.430775411034,1,2017,2017,1068.636754687809,1068.636754687809
wave7,616,Poland,F120,1293,1302.4155842199202,1562.8768422486214,1,2017,2017,1085.36150012841,1085.36150012841
wave7,616,Poland,G006,1323,1324.2436666973665,1581.4191642254957,1,2017,2017,1108.8908800766471,1108.8908800766471
wave7,616,Poland,Y002,1275,1283.2347721470528,1544.6815748028898,1,2017,2017,1066.0394396543677,1066.0394396543677
wave7,620,Portugal,A008,1210,1212.4155147297147,1719.9416671168956,1,2020,2020,854.6518806195152,854.6518806195153
wave7,620,Portugal,A165,1207,1210.182655385879,1717.8661545678224,1,2020,2020,852.5356038376943,852.5356038376943
wave7,620,Portugal,E018,1198,1197.4065030613751,1691.4977494365703,1,2020,2020,847.6406983404246,847.6406983404246
wave7,620,Portugal,E025,1194,1196.45919731014,1699.935732957435,1,2020,2020,842.0992529744465,842.0992529744465
wave7,620,Portugal,F063,1198,1195.455443855135,1691.6774377722709,1,2020,2020,844.7909077305205,844.7909077305204
wave7,620,Portugal,F118,1155,1165.8210703120244,1664.0191770678773,1,2020,2020,816.7807118535588,816.7807118535588
wave7,620,Portugal,F120,1186,1193.469182204068,1701.0347794475483,1,2020,2020,837.3542423003513,837.3542423003512
wave7,620,Portugal,G006,1150,1134.4290736497558,1599.82446134076,1,2020,2020,804.4190811180059,804.4190811180059
wave7,620,Portugal,Y002,1121,1129.2784548929158,1601.9130900206178,1,2020,2020,796.091770914312,796.091770914312
wave7,630,Puerto Rico,A008,1122,1122.0,1122.0,1,2018,2018,1122.0,1122.0
wave7,630,Puerto Rico,A165,1116,1116.0,1116.0,1,2018,2018,1116.0,1116.0
wave7,630,Puerto Rico,E018,1117,1117.0,1117.0,1,2018,2018,1117.0,1117.0
wave7,630,Puerto Rico,E025,1111,1111.0,1111.0,1,2018,2018,1111.0,1111.0
wave7,630,Puerto Rico,F063,1109,1109.0,1109.0,1,2018,2018,1109.0,1109.0
wave7,630,Puerto Rico,F118,1099,1099.0,1099.0,1,2018,2018,1099.0,1099.0
wave7,630,Puerto Rico,F120,1117,1117.0,1117.0,1,2018,2018,1117.0,1117.0
wave7,630,Puerto Rico,G006,1090,1090.0,1090.0,1,2018,2018,1090.0,1090.0
wave7,630,Puerto Rico,Y002,972,972.0,972.0,1,2018,2018,972.0,972.0
wave7,642,Romania,A008,2841,2846.330759241635,3523.9087304988543,1,2018,2018,2299.037634229016,2299.037634229016
wave7,642,Romania,A165,2819,2826.3305192018092,3505.5948518464247,1,2018,2018,2278.6843720871366,2278.6843720871366
wave7,642,Romania,E018,2668,2666.171625275627,3302.188319785019,1,2018,2018,2152.654678364212,2152.654678364212
wave7,642,Romania,E025,2674,2676.4785835519956,3310.5908636190316,1,2018,2018,2163.82449638659,2163.82449638659
wave7,642,Romania,F063,2849,2851.543311715085,3530.4432707873357,1,2018,2018,2303.194991368222,2303.194991368222
wave7,642,Romania,F118,2721,2716.384730596233,3357.0994026134813,1,2018,2018,2197.9527918869667,2197.9527918869667
wave7,642,Romania,F120,2744,2745.1033401751347,3393.0638327162396,1,2018,2018,2220.8813979807255,2220.8813979807255
wave7,642,Romania,G006,2825,2827.886190636877,3501.975175857142,1,2018,2018,2283.5513976016177,2283.5513976016177
wave7,642,Romania,Y002,2758,2753.7774662018796,3401.463810977085,1,2018,2018,2229.4196718744192,2229.4196718744192
wave7,643,Russia,A008,3540,3539.2417194812697,5457.184542795897,1,2017,2017,2295.365284183542,2295.365284183542
wave7,643,Russia,A165,3534,3539.305573584225,5490.330819625318,1,2017,2017,2281.590008825594,2281.590008825594
wave7,643,Russia,E018,3302,3307.263884213332,5119.979198718771,1,2017,2017,2136.3357106136273,2136.3357106136273
wave7,643,Russia,E025,3464,3471.419112698186,5391.596996221826,1,2017,2017,2235.098555112864,2235.098555112864
wave7,643,Russia,F063,3421,3431.2411813938547,5300.740204292123,1,2017,2017,2221.089053819296,2221.089053819296
wave7,643,Russia,F118,3421,3439.0610150238363,5350.962668939199,1,2017,2017,2210.2827840137875,2210.2827840137875
wave7,643,Russia,F120,3437,3459.2185193405394,5380.722687432719,1,2017,2017,2223.9006653319893,2223.9006653319893
wave7,643,Russia,G006,3520,3526.865715315532,5463.457481955345,1,2017,2017,2276.7234512121354,2276.7234512121354
wave7,643,Russia,Y002,3531,3534.125802919458,5460.733433142263,1,2017,2017,2287.246822021483,2287.246822021483
wave7,688,Serbia,A008,2523,2548.2039129373225,4810.439492292875,2,2017,2018,1349.8440615067498,1526.2596153232273
wave7,688,Serbia,A165,2471,2472.452642509545,4607.524429905304,2,2017,2018,1326.7476195623926,1487.3616036816063
wave7,688,Serbia,E018,2327,2321.8761553048853,4245.686324395068,2,2017,2018,1269.7850167585163,1416.2569896329276
wave7,688,Serbia,E025,2324,2322.271686620602,4331.152341338362,2,2017,2018,1245.15264332938,1395.2907734878977
wave7,688,Serbia,F063,2495,2532.776495071861,4811.002623253094,2,2017,2018,1333.3929071214784,1510.764012453789
wave7,688,Serbia,F118,2404,2433.4336590835637,4612.7819364474935,2,2017,2018,1283.7371145537622,1458.43063807899
wave7,688,Serbia,F120,2393,2414.36825974195,4540.0839307531805,2,2017,2018,1283.9353154165892,1455.984191517947
wave7,688,Serbia,G006,2416,2428.276876131317,4570.62496349407,2,2017,2018,1290.0924127991448,1466.657766669853
wave7,688,Serbia,Y002,2405,2421.1122886527555,4609.060659319477,2,2017,2018,1271.7959574719223,1445.643509694867
wave7,702,Singapore,A008,2009,2009.345345,2086.201267131269,1,2020,2020,1935.3208048929453,1935.3208048929453
wave7,702,Singapore,A165,1998,1998.612953,2075.5436317310314,1,2020,2020,1924.5337341176255,1924.5337341176255
wave7,702,Singapore,E018,1988,1987.935874,2064.1102481882663,1,2020,2020,1914.5726555085123,1914.5726555085123
wave7,702,Singapore,E025,1995,1995.237419,2071.7092060115156,1,2020,2020,1921.5883902171809,1921.5883902171809
wave7,702,Singapore,F063,2001,2001.224557,2077.8695648780513,1,2020,2020,1927.40670311271,1927.40670311271
wave7,702,Singapore,F118,1988,1989.648453,2067.2613423995435,1,2020,2020,1914.9494480123587,1914.949448012359
wave7,702,Singapore,F120,1988,1989.288618,2066.5666660343804,1,2020,2020,1914.9003372333088,1914.900337233309
wave7,702,Singapore,G006,1900,1891.582758,1948.9288592457203,1,2020,2020,1835.9240325209648,1835.9240325209648
wave7,702,Singapore,Y002,1986,1987.168887,2064.157494893675,1,2020,2020,1913.0517875837872,1913.0517875837877
wave7,703,Slovakia,A008,2610,2612.3503425821227,3189.17916331112,2,2017,2022,2139.852909769931,2111.707935324555
wave7,703,Slovakia,A165,2606,2610.9340914473805,3193.0405453254325,2,2017,2022,2134.9484083007083,2105.3743735131984
wave7,703,Slovakia,E018,2491,2501.762127684673,3066.1833030800553,2,2017,2022,2041.239262254873,2016.9941900563867
wave7,703,Slovakia,E025,2564,2565.9084597557403,3129.296106993694,2,2017,2022,2103.951175835257,2080.2215029844247
wave7,703,Slovakia,F063,2568,2561.518238648843,3114.017608105853,2,2017,2022,2107.045146389434,2081.4066128589743
wave7,703,Slovakia,F118,2464,2471.606856188122,3019.916854566677,2,2017,2022,2022.8505438215711,1990.1526419507168
wave7,703,Slovakia,F120,2539,2535.5242386179034,3086.303817071462,2,2017,2022,2083.0363909924945,2049.9713107187977
wave7,703,Slovakia,G006,2561,2551.760577548564,3088.401828879744,2,2017,2022,2108.366205537733,2079.8356638406267
wave7,703,Slovakia,Y002,2592,2591.8507167116213,3159.6182680554007,2,2017,2022,2126.108145922632,2098.6207216407624
wave7,704,Vietnam,A008,1200,1200.0,1200.0,1,2020,2020,1200.0,1200.0
wave7,704,Vietnam,A165,1200,1200.0,1200.0,1,2020,2020,1200.0,1200.0
wave7,704,Vietnam,E018,1200,1200.0,1200.0,1,2020,2020,1200.0,1200.0
wave7,704,Vietnam,E025,1200,1200.0,1200.0,1,2020,2020,1200.0,1200.0
wave7,704,Vietnam,F063,1200,1200.0,1200.0,1,2020,2020,1200.0,1200.0
wave7,704,Vietnam,F118,1200,1200.0,1200.0,1,2020,2020,1200.0,1200.0
wave7,704,Vietnam,F120,1200,1200.0,1200.0,1,2020,2020,1200.0,1200.0
wave7,704,Vietnam,G006,1200,1200.0,1200.0,1,2020,2020,1200.0,1200.0
wave7,704,Vietnam,Y002,1200,1200.0,1200.0,1,2020,2020,1200.0,1200.0
wave7,705,Slovenia,A008,1072,1078.3382390873326,1203.8918393126537,1,2017,2017,965.8785946600173,965.8785946600174
wave7,705,Slovenia,A165,1060,1064.1532418724223,1185.9068294774995,1,2017,2017,954.899739203392,954.899739203392
wave7,705,Slovenia,E018,1002,1010.9448586429304,1134.4947096315489,1,2017,2017,900.849954204276,900.8499542042762
wave7,705,Slovenia,E025,1048,1053.9589769644808,1177.5289999514175,1,2017,2017,943.3564058038872,943.356405803887
wave7,705,Slovenia,F063,1059,1065.4526193670074,1189.037151267807,1,2017,2017,954.7130490461338,954.713049046134
wave7,705,Slovenia,F118,1030,1032.5340191573173,1149.7732532185237,1,2017,2017,927.2493491501818,927.2493491501818
wave7,705,Slovenia,F120,1050,1055.1529728548855,1177.710667423892,1,2017,2017,945.3491650541166,945.3491650541166
wave7,705,Slovenia,G006,1022,1020.9011886647191,1130.4805504991946,1,2017,2017,921.9435368054828,921.9435368054828
wave7,705,Slovenia,Y002,998,1002.2579312455402,1116.4957363190229,1,2017,2017,899.7087297945242,899.7087297945242
wave7,716,Zimbabwe,A008,1214,1214.0,1214.0,1,2020,2020,1214.0,1214.0
wave7,716,Zimbabwe,A165,1214,1214.0,1214.0,1,2020,2020,1214.0,1214.0
wave7,716,Zimbabwe,E018,1208,1208.0,1208.0,1,2020,2020,1208.0,1208.0
wave7,716,Zimbabwe,E025,1200,1200.0,1200.0,1,2020,2020,1200.0,1200.0
wave7,716,Zimbabwe,F063,1214,1214.0,1214.0,1,2020,2020,1214.0,1214.0
wave7,716,Zimbabwe,F118,1212,1212.0,1212.0,1,2020,2020,1212.0,1212.0
wave7,716,Zimbabwe,F120,1213,1213.0,1213.0,1,2020,2020,1213.0,1213.0
wave7,716,Zimbabwe,G006,1209,1209.0,1209.0,1,2020,2020,1209.0,1209.0
wave7,716,Zimbabwe,Y002,1210,1210.0,1210.0,1,2020,2020,1210.0,1210.0
wave7,724,Spain,A008,1207,1207.5146695417548,1272.7906597922158,1,2017,2017,1145.5864056989292,1145.5864056989292
wave7,724,Spain,A165,1194,1193.8851018652344,1257.3727748502006,1,2017,2017,1133.6030690067823,1133.6030690067823
wave7,724,Spain,E018,1145,1146.097248557004,1209.8152229126615,1,2017,2017,1085.7351422538356,1085.7351422538356
wave7,724,Spain,E025,1135,1137.2026512605626,1201.9889123163728,1,2017,2017,1075.9083189393552,1075.9083189393552
wave7,724,Spain,F063,1196,1196.3230851844642,1260.915715475736,1,2017,2017,1135.039326244971,1135.039326244971
wave7,724,Spain,F118,1166,1165.61067783821,1228.0342975445578,1,2017,2017,1106.3601847334842,1106.3601847334842
wave7,724,Spain,F120,1167,1164.4070358349325,1224.354434926974,1,2017,2017,1107.3948085815218,1107.3948085815218
wave7,724,Spain,G006,1130,1127.9674740470405,1185.1641179277217,1,2017,2017,1073.5311702928673,1073.5311702928673
wave7,724,Spain,Y002,1164,1163.3721118967142,1225.5964472567653,1,2017,2017,1104.3069468489357,1104.3069468489357
wave7,752,Sweden,A008,1192,1196.5014719536862,1509.1103054137557,1,2017,2017,948.6488610220104,948.6488610220104
wave7,752,Sweden,A165,1174,1178.6737476672329,1488.0363997845193,1,2017,2017,933.6275669339128,933.6275669339128
wave7,752,Sweden,E018,1144,1150.8480741159387,1456.394442162197,1,2017,2017,909.4042460983674,909.4042460983673
wave7,752,Sweden,E025,1187,1191.336420815065,1503.1440946316472,1,2017,2017,944.2091896773547,944.209189677355
wave7,752,Sweden,F063,1183,1189.2802167514224,1501.990371572932,1,2017,2017,941.6754332953004,941.6754332953006
wave7,752,Sweden,F118,1164,1168.4789157908615,1475.6558358048292,1,2017,2017,925.2448596207556,925.2448596207556
wave7,752,Sweden,F120,1167,1172.3050908127516,1481.6753509342798,1,2017,2017,927.530599114658,927.530599114658
wave7,752,Sweden,G006,1137,1135.6911223477716,1429.5503535938583,1,2017,2017,902.2377715741362,902.237771574136
wave7,752,Sweden,Y002,1165,1173.198504634475,1485.8608869540326,1,2017,2017,926.328126247494,926.328126247494
wave7,756,Switzerland,A008,3156,3155.142349181399,3271.3930779394764,1,2017,2017,3043.022653171394,3043.022653171394
wave7,756,Switzerland,A165,3136,3133.70184000961,3247.796628261708,1,2017,2017,3023.6151908734323,3023.6151908734323
wave7,756,Switzerland,E018,3097,3093.246477865231,3204.024460820423,1,2017,2017,2986.298603468099,2986.298603468099
wave7,756,Switzerland,E025,3135,3131.1386453953173,3243.4442101572113,1,2017,2017,3022.7217061374445,3022.7217061374445
wave7,756,Switzerland,F063,3130,3128.259354669318,3242.5976656970183,1,2017,2017,3017.952764723442,3017.952764723442
wave7,756,Switzerland,F118,3106,3103.020959940337,3215.406111280467,1,2017,2017,2994.5639040894307,2994.5639040894307
wave7,756,Switzerland,F120,3124,3121.741439520075,3235.3674778942154,1,2017,2017,3012.105945244809,3012.105945244809
wave7,756,Switzerland,G006,2625,2621.911428744825,2717.3731908011696,1,2017,2017,2529.8032539122564,2529.8032539122564
wave7,756,Switzerland,Y002,3047,3045.058927429911,3156.3894740558085,1,2017,2017,2937.655174602402,2937.655174602402
wave7,764,Thailand,A008,1494,1493.797868,1644.139782789376,1,2018,2018,1357.2033800286706,1357.2033800286706
wave7,764,Thailand,A165,1425,1417.243047,1551.051572871601,1,2018,2018,1294.9781228429326,1294.9781228429326
wave7,764,Thailand,E018,1358,1360.674529,1500.9026794903348,1,2018,2018,1233.5477837231049,1233.5477837231049
wave7,764,Thailand,E025,1494,1494.721021,1646.4340835929909,1,2018,2018,1356.9877791545946,1356.9877791545946
wave7,764,Thailand,F063,1481,1481.292157,1631.760267353307,1,2018,2018,1344.6990334853035,1344.6990334853035
wave7,764,Thailand,F118,1485,1487.675742,1640.8474857877177,1,2018,2018,1348.8024526988715,1348.8024526988715
wave7,764,Thailand,F120,1484,1485.159561,1635.7071662824949,1,2018,2018,1348.4680920256951,1348.4680920256951
wave7,764,Thailand,G006,1493,1492.907053,1643.346231425151,1,2018,2018,1356.239741983221,1356.239741983221
wave7,764,Thailand,Y002,1333,1330.400029,1462.969079423579,1,2018,2018,1209.8439140358182,1209.8439140358182
wave7,788,Tunisia,A008,1206,1206.0,1206.0,1,2019,2019,1206.0,1206.0
wave7,788,Tunisia,A165,1172,1172.0,1172.0,1,2019,2019,1172.0,1172.0
wave7,788,Tunisia,E018,1181,1181.0,1181.0,1,2019,2019,1181.0,1181.0
wave7,788,Tunisia,E025,1082,1082.0,1082.0,1,2019,2019,1082.0,1082.0
wave7,788,Tunisia,F063,1201,1201.0,1201.0,1,2019,2019,1201.0,1201.0
wave7,788,Tunisia,F118,1199,1199.0,1199.0,1,2019,2019,1199.0,1199.0
wave7,788,Tunisia,F120,1201,1201.0,1201.0,1,2019,2019,1201.0,1201.0
wave7,788,Tunisia,G006,1199,1199.0,1199.0,1,2019,2019,1199.0,1199.0
wave7,788,Tunisia,Y002,1009,1009.0,1009.0,1,2019,2019,1009.0,1009.0
wave7,792,Turkey,A008,2407,2407.0,2407.0,1,2018,2018,2407.0,2407.0
wave7,792,Turkey,A165,2370,2370.0,2370.0,1,2018,2018,2370.0,2370.0
wave7,792,Turkey,E018,2338,2338.0,2338.0,1,2018,2018,2338.0,2338.0
wave7,792,Turkey,E025,2313,2313.0,2313.0,1,2018,2018,2313.0,2313.0
wave7,792,Turkey,F063,2398,2398.0,2398.0,1,2018,2018,2398.0,2398.0
wave7,792,Turkey,F118,2363,2363.0,2363.0,1,2018,2018,2363.0,2363.0
wave7,792,Turkey,F120,2366,2366.0,2366.0,1,2018,2018,2366.0,2366.0
wave7,792,Turkey,G006,2288,2288.0,2288.0,1,2018,2018,2288.0,2288.0
wave7,792,Turkey,Y002,2360,2360.0,2360.0,1,2018,2018,2360.0,2360.0
wave7,804,Ukraine,A008,2805,2830.8397802952604,11685.954102905112,1,2020,2020,685.7509272357945,685.7509272357945
wave7,804,Ukraine,A165,2790,2832.3816263559515,11796.813825604037,1,2020,2020,680.0468156839809,680.0468156839809
wave7,804,Ukraine,E018,2494,2499.4088036434905,10527.439002722684,1,2020,2020,593.4058954048489,593.4058954048489
wave7,804,Ukraine,E025,2692,2732.3020420791177,11652.612182401102,1,2020,2020,640.6696054318872,640.6696054318872
wave7,804,Ukraine,F063,2743,2783.946343816381,11752.379327710947,1,2020,2020,659.471331645501,659.471331645501
wave7,804,Ukraine,F118,2547,2591.0311600799496,11381.56093002732,1,2020,2020,589.8525267121804,589.8525267121804
wave7,804,Ukraine,F120,2644,2702.855949632539,11641.99285769675,1,2020,2020,627.5068515983712,627.5068515983712
wave7,804,Ukraine,G006,2700,2711.1400510989333,10846.297056331425,1,2020,2020,677.6764769117282,677.6764769117282
wave7,804,Ukraine,Y002,2768,2747.8464825798483,11003.599536196189,1,2020,2020,686.199117569542,686.199117569542
wave7,807,North Macedonia,A008,1094,1093.126802036588,1370.3584734038986,1,2019,2019,871.9807470249765,871.9807470249764
wave7,807,North Macedonia,A165,1063,1060.8559416793446,1329.0323957746243,1,2019,2019,846.7929996096314,846.7929996096314
wave7,807,North Macedonia,E018,998,993.6104946237672,1243.5674988642672,1,2019,2019,793.894835566336,793.8948355663362
wave7,807,North Macedonia,E025,1014,993.2528189200208,1227.5155703214373,1,2019,2019,803.697473290892,803.6974732908922
wave7,807,North Macedonia,F063,1094,1095.1652938371744,1380.7489543300874,1,2019,2019,868.6495956155794,868.6495956155793
wave7,807,North Macedonia,F118,1077,1074.6634940461245,1348.3353673978186,1,2019,2019,856.5388503190375,856.5388503190375
wave7,807,North Macedonia,F120,1080,1079.1167408932838,1356.254517997887,1,2019,2019,858.6094461054225,858.6094461054225
wave7,807,North Macedonia,G006,1050,1043.4441849408297,1308.4382078583626,1,2019,2019,832.1185979954897,832.1185979954898
wave7,807,North Macedonia,Y002,1071,1066.4874431637345,1335.1531037544191,1,2019,2019,851.8839249428326,851.8839249428326
wave7,826,United Kingdom,A008,4383,4393.968961604703,7288.085013385362,2,2018,2022,2649.1133404846632,2801.993467911205
wave7,826,United Kingdom,A165,4345,4354.426181737118,7215.620394615236,2,2018,2022,2627.775067871869,2778.2197120934916
wave7,826,United Kingdom,E018,4328,4347.2139064133835,7233.486491113125,2,2018,2022,2612.608563150264,2765.0282110760845
wave7,826,United Kingdom,E025,4379,4390.5199365959825,7284.537779868539,2,2018,2022,2646.244126417952,2799.406952060144
wave7,826,United Kingdom,F063,4371,4379.924559338891,7269.15449610822,2,2018,2022,2639.0605889269,2791.5108925630743
wave7,826,United Kingdom,F118,4271,4293.04196912047,7133.830748181595,2,2018,2022,2583.494057989475,2731.5657962261303
wave7,826,United Kingdom,F120,4315,4339.044199491707,7228.207514118307,2,2018,2022,2604.698955912471,2756.504000942318
wave7,826,United Kingdom,G006,3975,3977.4795493584234,6615.551839303749,2,2018,2022,2391.3868336083497,2551.9028372283974
wave7,826,United Kingdom,Y002,4227,4227.397124401856,6953.5524321880675,2,2018,2022,2570.036915904532,2710.044278949945
wave7,840,United States,A008,2588,2589.4484190000003,4246.432762626146,1,2017,2017,1579.0296207386173,1579.0296207386173
wave7,840,United States,A165,2587,2584.802938,4236.531438369921,1,2017,2017,1577.046299664459,1577.046299664459
wave7,840,United States,E018,2580,2574.574978,4210.24878995266,1,2017,2017,1574.3573950218342,1574.3573950218342
wave7,840,United States,E025,2571,2570.22044,4214.024327523116,1,2017,2017,1567.6305110646176,1567.6305110646176
wave7,840,United States,F063,2578,2578.937138,4231.163524033453,1,2017,2017,1571.88837632432,1571.88837632432
wave7,840,United States,F118,2552,2550.926633,4185.560924800908,1,2017,2017,1554.6844984124182,1554.6844984124182
wave7,840,United States,F120,2567,2566.836746,4211.711940596304,1,2017,2017,1564.3640812916165,1564.3640812916165
wave7,840,United States,G006,2519,2514.598837,4124.489266877085,1,2017,2017,1533.088560036297,1533.088560036297
wave7,840,United States,Y002,2494,2476.8040819999997,4056.234246326189,1,2017,2017,1512.3777592894326,1512.3777592894326
wave7,858,Uruguay,A008,978,980.049237,1606.125687005771,1,2022,2022,598.0207618339592,598.0207618339592
wave7,858,Uruguay,A165,996,993.543019,1619.9528658217912,1,2022,2022,609.3558346235408,609.3558346235408
wave7,858,Uruguay,E018,973,980.301548,1615.563587800222,1,2022,2022,594.8333648195784,594.8333648195784
wave7,858,Uruguay,E025,954,948.55386,1514.327872934698,1,2022,2022,594.160908877162,594.160908877162
wave7,858,Uruguay,F063,994,994.567995,1627.143545876131,1,2022,2022,607.915324487064,607.915324487064
wave7,858,Uruguay,F118,918,926.324603,1541.3383331905352,1,2022,2022,556.709225771935,556.709225771935
wave7,858,Uruguay,F120,965,968.257089,1590.7477983334488,1,2022,2022,589.3591626409611,589.3591626409611
wave7,858,Uruguay,G006,974,969.553266,1581.094341779036,1,2022,2022,594.5461385647283,594.5461385647283
wave7,858,Uruguay,Y002,972,968.429566,1587.143740741012,1,2022,2022,590.9079311651248,590.9079311651248
wave7,862,Venezuela,A008,1190,1190.0,1190.0,1,2021,2021,1190.0,1190.0
wave7,862,Venezuela,A165,1190,1190.0,1190.0,1,2021,2021,1190.0,1190.0
wave7,862,Venezuela,E018,1190,1190.0,1190.0,1,2021,2021,1190.0,1190.0
wave7,862,Venezuela,E025,1190,1190.0,1190.0,1,2021,2021,1190.0,1190.0
wave7,862,Venezuela,F063,1190,1190.0,1190.0,1,2021,2021,1190.0,1190.0
wave7,862,Venezuela,F118,1190,1190.0,1190.0,1,2021,2021,1190.0,1190.0
wave7,862,Venezuela,F120,1190,1190.0,1190.0,1,2021,2021,1190.0,1190.0
wave7,862,Venezuela,G006,1181,1181.0,1181.0,1,2021,2021,1181.0,1181.0
wave7,862,Venezuela,Y002,1190,1190.0,1190.0,1,2021,2021,1190.0,1190.0
wave7,909,Northern Ireland,A008,445,445.531194,734.297489715748,1,2022,2022,270.32374154500474,270.32374154500474
wave7,909,Northern Ireland,A165,437,435.820352,714.157244947758,1,2022,2022,265.962966225034,265.962966225034
wave7,909,Northern Ireland,E018,441,440.9083820000001,726.3357965566881,1,2022,2022,267.64507854279447,267.64507854279447
wave7,909,Northern Ireland,E025,444,443.84273,729.996877472098,1,2022,2022,269.8591939955011,269.8591939955011
wave7,909,Northern Ireland,F063,445,446.191917,735.085228477699,1,2022,2022,270.83556992218183,270.83556992218183
wave7,909,Northern Ireland,F118,433,437.518585,726.6008944204411,1,2022,2022,263.4493209275315,263.4493209275315
wave7,909,Northern Ireland,F120,438,443.201281,733.7881655774411,1,2022,2022,267.68948409717956,267.68948409717956
wave7,909,Northern Ireland,G006,286,288.09139799999997,499.477027802672,1,2022,2022,166.16710875917164,166.16710875917164
wave7,909,Northern Ireland,Y002,433,437.396795,726.907749311155,1,2022,2022,263.19152114910065,263.19152114910065
