country,provider,condition,condition_label,variant,representation,survival_self_expression,traditional_secular
Albania,jev,jev,Jev,0,tao_modal_variant,1.2887335216341862,1.2585519285968827
Albania,jev,jev,Jev,1,tao_modal_variant,1.4479006581678617,1.269503651054345
Albania,jev,jev,Jev,2,tao_modal_variant,1.5755967810102711,1.4757582613404225
Albania,jev,jev,Jev,3,tao_modal_variant,1.2887335216341862,1.2585519285968827
Albania,jev,jev,Jev,4,tao_modal_variant,0.9717072409958949,1.3557208700527215
Albania,jev,jev,Jev,5,tao_modal_variant,0.9717072409958949,1.3557208700527215
Albania,jev,jev,Jev,6,tao_modal_variant,1.5755967810102711,1.4757582613404225
Albania,jev,jev,Jev,7,tao_modal_variant,0.8171246248233206,0.6698837790519242
Albania,jev,jev,Jev,8,tao_modal_variant,0.9717072409958949,1.3557208700527215
Albania,jev,jev,Jev,9,tao_modal_variant,2.210303338501384,1.3409565716141265
Algeria,jev,jev,Jev,0,tao_modal_variant,-0.7658055390470669,1.246112934140612
Algeria,jev,jev,Jev,1,tao_modal_variant,-1.0461302909061527,1.1974224264599693
Algeria,jev,jev,Jev,2,tao_modal_variant,-1.1270506699223,0.12093785008659196
Algeria,jev,jev,Jev,3,tao_modal_variant,-0.7658055390470669,1.246112934140612
Algeria,jev,jev,Jev,4,tao_modal_variant,-1.1231201457757285,-0.6134837116421247
Algeria,jev,jev,Jev,5,tao_modal_variant,-1.2816332860948738,-0.5648992409142053
Algeria,jev,jev,Jev,6,tao_modal_variant,-0.7658055390470669,1.246112934140612
Algeria,jev,jev,Jev,7,tao_modal_variant,-1.2816332860948738,-0.5648992409142053
Algeria,jev,jev,Jev,8,tao_modal_variant,-1.1270506699223,0.12093785008659196
Algeria,jev,jev,Jev,9,tao_modal_variant,-0.3221607357343297,-0.3271759896511674
Andorra,jev,jev,Jev,0,tao_modal_variant,2.4415555280778802,1.2385033021078125
Andorra,jev,jev,Jev,1,tao_modal_variant,2.5191482893808783,0.11343425500651587
Andorra,jev,jev,Jev,2,tao_modal_variant,2.518494293166348,0.053898061821134234
Andorra,jev,jev,Jev,3,tao_modal_variant,2.2823883915442043,1.2275515796503502
Andorra,jev,jev,Jev,4,tao_modal_variant,2.397336677840938,0.016159276597953756
Andorra,jev,jev,Jev,5,tao_modal_variant,2.518494293166348,0.053898061821134234
Andorra,jev,jev,Jev,6,tao_modal_variant,2.2823883915442043,1.2275515796503502
Andorra,jev,jev,Jev,7,tao_modal_variant,2.397336677840938,0.016159276597953756
Andorra,jev,jev,Jev,8,tao_modal_variant,2.518494293166348,0.053898061821134234
Andorra,jev,jev,Jev,9,tao_modal_variant,3.563471742904141,0.6932205209142144
Argentina,jev,jev,Jev,0,tao_modal_variant,1.7237476773807647,1.8109738562668103
Argentina,jev,jev,Jev,1,tao_modal_variant,1.7237476773807647,1.8109738562668103
Argentina,jev,jev,Jev,2,tao_modal_variant,2.368162482605999,1.2328359077008255
Argentina,jev,jev,Jev,3,tao_modal_variant,1.7237476773807647,1.8109738562668103
Argentina,jev,jev,Jev,4,tao_modal_variant,2.19666456662069,2.518714392182532
Argentina,jev,jev,Jev,5,tao_modal_variant,2.764743513190879,0.18920649869983489
Argentina,jev,jev,Jev,6,tao_modal_variant,1.7237476773807647,1.8109738562668103
Argentina,jev,jev,Jev,7,tao_modal_variant,1.88226081769991,1.762389385538891
Argentina,jev,jev,Jev,8,tao_modal_variant,2.287242103589852,0.1563513313274482
Argentina,jev,jev,Jev,9,tao_modal_variant,2.845663892207026,1.265691075073212
Armenia,jev,jev,Jev,0,tao_modal_variant,0.0387963662393081,0.4574286431063417
Armenia,jev,jev,Jev,1,tao_modal_variant,-0.08301524530063215,0.3601536646977795
Armenia,jev,jev,Jev,2,tao_modal_variant,0.2817288042800467,-0.2071385983634664
Armenia,jev,jev,Jev,3,tao_modal_variant,0.525352027359927,-0.012588641546342134
Armenia,jev,jev,Jev,4,tao_modal_variant,-0.4026495093093513,-0.44561478063799526
Armenia,jev,jev,Jev,5,tao_modal_variant,0.4035404158199869,-0.10986361995490432
Armenia,jev,jev,Jev,6,tao_modal_variant,0.0387963662393081,0.4574286431063417
Armenia,jev,jev,Jev,7,tao_modal_variant,-0.08301524530063215,0.3601536646977795
Armenia,jev,jev,Jev,8,tao_modal_variant,0.2817288042800467,-0.2071385983634664
Armenia,jev,jev,Jev,9,tao_modal_variant,1.0441314846135685,-0.1356856778036848
Australia,jev,jev,Jev,0,tao_modal_variant,3.4153576353582595,1.1575859310893772
Australia,jev,jev,Jev,1,tao_modal_variant,4.050718189063901,1.082320434548463
Australia,jev,jev,Jev,2,tao_modal_variant,4.050718189063901,1.082320434548463
Australia,jev,jev,Jev,3,tao_modal_variant,3.4153576353582595,1.1575859310893772
Australia,jev,jev,Jev,4,tao_modal_variant,3.769739440990286,0.9740937336824386
Australia,jev,jev,Jev,5,tao_modal_variant,3.9697978100477544,0.005835858175085576
Australia,jev,jev,Jev,6,tao_modal_variant,2.928111189198499,0.7684860174551287
Australia,jev,jev,Jev,7,tao_modal_variant,3.891551052530226,1.0713687120910005
Australia,jev,jev,Jev,8,tao_modal_variant,3.9697978100477544,0.005835858175085576
Australia,jev,jev,Jev,9,tao_modal_variant,4.205300805236476,1.76815752554926
Austria,jev,jev,Jev,0,tao_modal_variant,2.928111189198499,0.7684860174551287
Austria,jev,jev,Jev,1,tao_modal_variant,3.4887606929166703,0.8658670328164141
Austria,jev,jev,Jev,2,tao_modal_variant,3.7323839159965506,1.0604169896335383
Austria,jev,jev,Jev,3,tao_modal_variant,2.6851787511577605,1.4330532589249365
Austria,jev,jev,Jev,4,tao_modal_variant,3.6105723044566105,0.9631420112249763
Austria,jev,jev,Jev,5,tao_modal_variant,3.891551052530226,1.0713687120910005
Austria,jev,jev,Jev,6,tao_modal_variant,3.1717344122783793,0.963035974272253
Austria,jev,jev,Jev,7,tao_modal_variant,3.1240166433359917,1.43315929587766
Austria,jev,jev,Jev,8,tao_modal_variant,4.050718189063901,1.082320434548463
Austria,jev,jev,Jev,9,tao_modal_variant,4.205300805236476,1.76815752554926
Azerbaijan,jev,jev,Jev,0,tao_modal_variant,0.1982883204991907,1.6085318219618654
Azerbaijan,jev,jev,Jev,1,tao_modal_variant,-0.5611626496284972,-0.3970303099100758
Azerbaijan,jev,jev,Jev,2,tao_modal_variant,-0.7196757899476424,-0.3484458391821565
Azerbaijan,jev,jev,Jev,3,tao_modal_variant,-0.08203643135989502,1.5598413142812229
Azerbaijan,jev,jev,Jev,4,tao_modal_variant,-0.4393510380885567,-0.29975533150151373
Azerbaijan,jev,jev,Jev,5,tao_modal_variant,-0.7196757899476424,-0.3484458391821565
Azerbaijan,jev,jev,Jev,6,tao_modal_variant,-0.16714651412062986,1.3167068867361793
Azerbaijan,jev,jev,Jev,7,tao_modal_variant,-0.5611626496284972,-0.3970303099100758
Azerbaijan,jev,jev,Jev,8,tao_modal_variant,-0.7196757899476424,-0.3484458391821565
Azerbaijan,jev,jev,Jev,9,tao_modal_variant,0.0387963662393081,0.4574286431063417
Bangladesh,jev,jev,Jev,0,tao_modal_variant,-0.6439939275071268,1.3433879125491741
Bangladesh,jev,jev,Jev,1,tao_modal_variant,-1.1231201457757285,-0.6134837116421247
Bangladesh,jev,jev,Jev,2,tao_modal_variant,-0.9632990130275229,-0.5429957959992807
Bangladesh,jev,jev,Jev,3,tao_modal_variant,-0.6439939275071268,1.3433879125491741
Bangladesh,jev,jev,Jev,4,tao_modal_variant,-1.0013085342357884,-0.5162087332335626
Bangladesh,jev,jev,Jev,5,tao_modal_variant,-0.8087163968549488,0.14284129500151638
Bangladesh,jev,jev,Jev,6,tao_modal_variant,-0.6439939275071268,1.3433879125491741
Bangladesh,jev,jev,Jev,7,tao_modal_variant,-1.0013085342357884,-0.5162087332335626
Bangladesh,jev,jev,Jev,8,tao_modal_variant,-0.8087163968549488,0.14284129500151638
Bangladesh,jev,jev,Jev,9,tao_modal_variant,-0.16364759541518403,-0.37576046037908684
Belarus,jev,jev,Jev,0,tao_modal_variant,0.772014839251361,2.0429444874489455
Belarus,jev,jev,Jev,1,tao_modal_variant,0.6174322230787868,1.3571073964481477
Belarus,jev,jev,Jev,2,tao_modal_variant,0.772014839251361,2.0429444874489455
Belarus,jev,jev,Jev,3,tao_modal_variant,0.772014839251361,2.0429444874489455
Belarus,jev,jev,Jev,4,tao_modal_variant,0.8879419394888318,2.031239833979992
Belarus,jev,jev,Jev,5,tao_modal_variant,0.3266384395561303,1.8743226254333243
Belarus,jev,jev,Jev,6,tao_modal_variant,0.772014839251361,2.0429444874489455
Belarus,jev,jev,Jev,7,tao_modal_variant,0.8879419394888318,2.031239833979992
Belarus,jev,jev,Jev,8,tao_modal_variant,0.3266384395561303,1.8743226254333243
Belarus,jev,jev,Jev,9,tao_modal_variant,0.9505188752796618,3.1605663583577805
Belgium,jev,jev,Jev,0,tao_modal_variant,3.9289065775239616,0.9850454561399008
Belgium,jev,jev,Jev,1,tao_modal_variant,4.083489193696536,1.6708825471406978
Belgium,jev,jev,Jev,2,tao_modal_variant,4.205300805236476,1.76815752554926
Belgium,jev,jev,Jev,3,tao_modal_variant,3.6112263006711403,1.022678204410358
Belgium,jev,jev,Jev,4,tao_modal_variant,4.205300805236476,1.76815752554926
Belgium,jev,jev,Jev,5,tao_modal_variant,4.050718189063901,1.082320434548463
Belgium,jev,jev,Jev,6,tao_modal_variant,3.770393437204816,1.0336299268678202
Belgium,jev,jev,Jev,7,tao_modal_variant,4.205300805236476,1.76815752554926
Belgium,jev,jev,Jev,8,tao_modal_variant,4.205300805236476,1.76815752554926
Belgium,jev,jev,Jev,9,tao_modal_variant,4.205300805236476,1.76815752554926
Bolivia,jev,jev,Jev,0,tao_modal_variant,0.14987976651766124,1.2195379452803403
Bolivia,jev,jev,Jev,1,tao_modal_variant,0.3083929068368067,1.170953474552421
Bolivia,jev,jev,Jev,2,tao_modal_variant,0.5555150486221331,-0.32696391574572076
Bolivia,jev,jev,Jev,3,tao_modal_variant,0.14987976651766124,1.2195379452803403
Bolivia,jev,jev,Jev,4,tao_modal_variant,-0.009941366230544535,1.1490500296374964
Bolivia,jev,jev,Jev,5,tao_modal_variant,0.39569391587392727,-0.39745183138856466
Bolivia,jev,jev,Jev,6,tao_modal_variant,0.14987976651766124,1.2195379452803403
Bolivia,jev,jev,Jev,7,tao_modal_variant,-0.009941366230544535,1.1490500296374964
Bolivia,jev,jev,Jev,8,tao_modal_variant,0.2371807755547818,-0.34886736066064516
Bolivia,jev,jev,Jev,9,tao_modal_variant,2.368162482605999,1.2328359077008255
Bosnia Herzegovina,jev,jev,Jev,0,tao_modal_variant,0.5044884793699009,2.932408303156778
Bosnia Herzegovina,jev,jev,Jev,1,tao_modal_variant,0.5044884793699009,2.932408303156778
Bosnia Herzegovina,jev,jev,Jev,2,tao_modal_variant,0.5044884793699009,2.932408303156778
Bosnia Herzegovina,jev,jev,Jev,3,tao_modal_variant,0.7913517387459862,3.149614635900318
Bosnia Herzegovina,jev,jev,Jev,4,tao_modal_variant,0.18746219873160985,3.0295772446126166
Bosnia Herzegovina,jev,jev,Jev,5,tao_modal_variant,0.18746219873160985,3.0295772446126166
Bosnia Herzegovina,jev,jev,Jev,6,tao_modal_variant,0.7913517387459862,3.149614635900318
Bosnia Herzegovina,jev,jev,Jev,7,tao_modal_variant,0.18746219873160985,3.0295772446126166
Bosnia Herzegovina,jev,jev,Jev,8,tao_modal_variant,0.18746219873160985,3.0295772446126166
Bosnia Herzegovina,jev,jev,Jev,9,tao_modal_variant,2.2250557176349073,3.122512088608834
Brazil,jev,jev,Jev,0,tao_modal_variant,1.5645805408470892,1.8000221338093483
Brazil,jev,jev,Jev,1,tao_modal_variant,1.1182253272111211,0.4317126222102845
Brazil,jev,jev,Jev,2,tao_modal_variant,1.800686442469233,0.626368615980132
Brazil,jev,jev,Jev,3,tao_modal_variant,1.5645805408470892,1.8000221338093483
Brazil,jev,jev,Jev,4,tao_modal_variant,1.1182253272111211,0.4317126222102845
Brazil,jev,jev,Jev,5,tao_modal_variant,1.9218072689700314,-0.1354736038982381
Brazil,jev,jev,Jev,6,tao_modal_variant,1.5645805408470892,1.8000221338093483
Brazil,jev,jev,Jev,7,tao_modal_variant,1.2773924637447966,0.4426643446677467
Brazil,jev,jev,Jev,8,tao_modal_variant,1.800686442469233,0.626368615980132
Brazil,jev,jev,Jev,9,tao_modal_variant,2.4464092401235273,0.16730305378491045
Bulgaria,jev,jev,Jev,0,tao_modal_variant,1.5755967810102711,1.4757582613404225
Bulgaria,jev,jev,Jev,1,tao_modal_variant,1.6122983097894767,1.3298988122039408
Bulgaria,jev,jev,Jev,2,tao_modal_variant,1.7341099213294169,1.427173790612503
Bulgaria,jev,jev,Jev,3,tao_modal_variant,1.277907399866605,2.6795973512476343
Bulgaria,jev,jev,Jev,4,tao_modal_variant,0.6844868915157994,1.993654223294114
Bulgaria,jev,jev,Jev,5,tao_modal_variant,0.9608811192283141,2.776766292703473
Bulgaria,jev,jev,Jev,6,tao_modal_variant,1.277907399866605,2.6795973512476343
Bulgaria,jev,jev,Jev,7,tao_modal_variant,1.0015131721540906,1.8964852818382747
Bulgaria,jev,jev,Jev,8,tao_modal_variant,1.5755967810102711,1.4757582613404225
Bulgaria,jev,jev,Jev,9,tao_modal_variant,2.210303338501384,1.3409565716141265
Burkina Faso,jev,jev,Jev,0,tao_modal_variant,-1.096265924823367,1.8613899114555885
Burkina Faso,jev,jev,Jev,1,tao_modal_variant,-1.0421997667595813,0.4630008647312526
Burkina Faso,jev,jev,Jev,2,tao_modal_variant,-0.8087163968549488,0.14284129500151638
Burkina Faso,jev,jev,Jev,3,tao_modal_variant,-0.9416833086507926,2.5472270024563857
Burkina Faso,jev,jev,Jev,4,tao_modal_variant,-0.9203881552196412,0.5602758431398147
Burkina Faso,jev,jev,Jev,5,tao_modal_variant,-0.9632990130275229,-0.5429957959992807
Burkina Faso,jev,jev,Jev,6,tao_modal_variant,-1.096265924823367,1.8613899114555885
Burkina Faso,jev,jev,Jev,7,tao_modal_variant,-1.3765906766824525,1.8126994037749458
Burkina Faso,jev,jev,Jev,8,tao_modal_variant,-1.2609883941711888,0.6608432939079311
Burkina Faso,jev,jev,Jev,9,tao_modal_variant,-0.1746638355783663,-0.051496587910161186
Canada,jev,jev,Jev,0,tao_modal_variant,3.92640128961698,0.362462544025488
Canada,jev,jev,Jev,1,tao_modal_variant,4.41364773577674,0.7515624576597364
Canada,jev,jev,Jev,2,tao_modal_variant,4.050718189063901,1.082320434548463
Canada,jev,jev,Jev,3,tao_modal_variant,3.6105723044566105,0.9631420112249763
Canada,jev,jev,Jev,4,tao_modal_variant,4.451003260770476,0.6652392017086366
Canada,jev,jev,Jev,5,tao_modal_variant,3.9697978100477544,0.005835858175085576
Canada,jev,jev,Jev,6,tao_modal_variant,2.928111189198499,0.7684860174551287
Canada,jev,jev,Jev,7,tao_modal_variant,4.572814872310416,0.7625141801171987
Canada,jev,jev,Jev,8,tao_modal_variant,3.9697978100477544,0.005835858175085576
Canada,jev,jev,Jev,9,tao_modal_variant,4.205300805236476,1.76815752554926
Chile,jev,jev,Jev,0,tao_modal_variant,2.210303338501384,1.3409565716141265
Chile,jev,jev,Jev,1,tao_modal_variant,2.051136201967708,1.3300048491566643
Chile,jev,jev,Jev,2,tao_modal_variant,2.368162482605999,1.2328359077008255
Chile,jev,jev,Jev,3,tao_modal_variant,2.051136201967708,1.3300048491566643
Chile,jev,jev,Jev,4,tao_modal_variant,2.210303338501384,1.3409565716141265
Chile,jev,jev,Jev,5,tao_modal_variant,2.287242103589852,0.1563513313274482
Chile,jev,jev,Jev,6,tao_modal_variant,2.051136201967708,1.3300048491566643
Chile,jev,jev,Jev,7,tao_modal_variant,2.051136201967708,1.3300048491566643
Chile,jev,jev,Jev,8,tao_modal_variant,2.287242103589852,0.1563513313274482
Chile,jev,jev,Jev,9,tao_modal_variant,2.5273296191396746,1.2437876301582877
China,jev,jev,Jev,0,tao_modal_variant,1.1348416905007537,1.4318320358830179
China,jev,jev,Jev,1,tao_modal_variant,1.1348416905007537,1.4318320358830179
China,jev,jev,Jev,2,tao_modal_variant,1.0539213114846062,0.35534745950964053
China,jev,jev,Jev,3,tao_modal_variant,1.1348416905007537,1.4318320358830179
China,jev,jev,Jev,4,tao_modal_variant,1.0539213114846062,0.35534745950964053
China,jev,jev,Jev,5,tao_modal_variant,1.0539213114846062,0.35534745950964053
China,jev,jev,Jev,6,tao_modal_variant,1.1348416905007537,1.4318320358830179
China,jev,jev,Jev,7,tao_modal_variant,1.0539213114846062,0.35534745950964053
China,jev,jev,Jev,8,tao_modal_variant,1.0539213114846062,0.35534745950964053
China,jev,jev,Jev,9,tao_modal_variant,1.5294607324420428,0.20959404732588235
Colombia,jev,jev,Jev,0,tao_modal_variant,1.1559056699310635,1.4855408226572462
Colombia,jev,jev,Jev,1,tao_modal_variant,0.6254191874750978,1.0737845330965823
Colombia,jev,jev,Jev,2,tao_modal_variant,1.1483883484733268,0.11733734801090588
Colombia,jev,jev,Jev,3,tao_modal_variant,1.1559056699310635,1.4855408226572462
Colombia,jev,jev,Jev,4,tao_modal_variant,0.47083657130252365,0.3879474420957849
Colombia,jev,jev,Jev,5,tao_modal_variant,0.7030119487780961,-0.0512845140047145
Colombia,jev,jev,Jev,6,tao_modal_variant,1.1559056699310635,1.4855408226572462
Colombia,jev,jev,Jev,7,tao_modal_variant,0.47083657130252365,0.3879474420957849
Colombia,jev,jev,Jev,8,tao_modal_variant,1.1483883484733268,0.11733734801090588
Colombia,jev,jev,Jev,9,tao_modal_variant,1.9598535790029086,0.6373203384375943
Croatia,jev,jev,Jev,0,tao_modal_variant,1.7341099213294169,1.427173790612503
Croatia,jev,jev,Jev,1,tao_modal_variant,1.6122983097894767,1.3298988122039408
Croatia,jev,jev,Jev,2,tao_modal_variant,2.051136201967708,1.3300048491566643
Croatia,jev,jev,Jev,3,tao_modal_variant,1.2475542602087977,1.8971910752651868
Croatia,jev,jev,Jev,4,tao_modal_variant,1.1257426486688575,1.7999160968566248
Croatia,jev,jev,Jev,5,tao_modal_variant,1.7341099213294169,1.427173790612503
Croatia,jev,jev,Jev,6,tao_modal_variant,1.7341099213294169,1.427173790612503
Croatia,jev,jev,Jev,7,tao_modal_variant,1.6122983097894767,1.3298988122039408
Croatia,jev,jev,Jev,8,tao_modal_variant,1.7341099213294169,1.427173790612503
Croatia,jev,jev,Jev,9,tao_modal_variant,3.085970333303114,0.6603653535418276
Cyprus,jev,jev,Jev,0,tao_modal_variant,2.451917772026532,0.8547032364535052
Cyprus,jev,jev,Jev,1,tao_modal_variant,1.7996196780306262,0.345671968484279
Cyprus,jev,jev,Jev,2,tao_modal_variant,2.1166459586689172,0.24850302702844024
Cyprus,jev,jev,Jev,3,tao_modal_variant,1.7996196780306262,0.345671968484279
Cyprus,jev,jev,Jev,4,tao_modal_variant,1.7996196780306262,0.345671968484279
Cyprus,jev,jev,Jev,5,tao_modal_variant,2.03572557965277,-0.827981549344937
Cyprus,jev,jev,Jev,6,tao_modal_variant,2.1650545126504466,0.6374969037099654
Cyprus,jev,jev,Jev,7,tao_modal_variant,1.9587868145643017,0.3566236909417413
Cyprus,jev,jev,Jev,8,tao_modal_variant,2.03572557965277,-0.827981549344937
Cyprus,jev,jev,Jev,9,tao_modal_variant,3.085970333303114,0.6603653535418276
Czechia,jev,jev,Jev,0,tao_modal_variant,2.7303207892937786,2.3186185978406098
Czechia,jev,jev,Jev,1,tao_modal_variant,2.7303207892937786,2.3186185978406098
Czechia,jev,jev,Jev,2,tao_modal_variant,3.886966532169125,1.7462540806343354
Czechia,jev,jev,Jev,3,tao_modal_variant,2.7303207892937786,2.3186185978406098
Czechia,jev,jev,Jev,4,tao_modal_variant,2.7303207892937786,2.3186185978406098
Czechia,jev,jev,Jev,5,tao_modal_variant,4.205300805236476,1.76815752554926
Czechia,jev,jev,Jev,6,tao_modal_variant,2.7303207892937786,2.3186185978406098
Czechia,jev,jev,Jev,7,tao_modal_variant,2.7303207892937786,2.3186185978406098
Czechia,jev,jev,Jev,8,tao_modal_variant,4.205300805236476,1.76815752554926
Czechia,jev,jev,Jev,9,tao_modal_variant,4.205300805236476,1.76815752554926
Denmark,jev,jev,Jev,0,tao_modal_variant,4.727397488482991,1.4483512711179956
Denmark,jev,jev,Jev,1,tao_modal_variant,4.727397488482991,1.4483512711179956
Denmark,jev,jev,Jev,2,tao_modal_variant,4.727397488482991,1.4483512711179956
Denmark,jev,jev,Jev,3,tao_modal_variant,4.727397488482991,1.4483512711179956
Denmark,jev,jev,Jev,4,tao_modal_variant,4.727397488482991,1.4483512711179956
Denmark,jev,jev,Jev,5,tao_modal_variant,4.727397488482991,1.4483512711179956
Denmark,jev,jev,Jev,6,tao_modal_variant,4.205300805236476,1.76815752554926
Denmark,jev,jev,Jev,7,tao_modal_variant,4.727397488482991,1.4483512711179956
Denmark,jev,jev,Jev,8,tao_modal_variant,4.502990186380142,0.5643184356420478
Denmark,jev,jev,Jev,9,tao_modal_variant,5.025086869626657,0.24451218121078366
Ecuador,jev,jev,Jev,0,tao_modal_variant,0.14987976651766124,1.2195379452803403
Ecuador,jev,jev,Jev,1,tao_modal_variant,0.6254191874750978,1.0737845330965823
Ecuador,jev,jev,Jev,2,tao_modal_variant,0.8313620678350359,0.2145062894667447
Ecuador,jev,jev,Jev,3,tao_modal_variant,0.3083929068368067,1.170953474552421
Ecuador,jev,jev,Jev,4,tao_modal_variant,-0.16452398240311872,0.46321293863669927
Ecuador,jev,jev,Jev,5,tao_modal_variant,0.5444988084589507,-0.002700043276795101
Ecuador,jev,jev,Jev,6,tao_modal_variant,0.14987976651766124,1.2195379452803403
Ecuador,jev,jev,Jev,7,tao_modal_variant,0.1538102906642325,0.48511638355162373
Ecuador,jev,jev,Jev,8,tao_modal_variant,0.5444988084589507,-0.002700043276795101
Ecuador,jev,jev,Jev,9,tao_modal_variant,2.287242103589852,0.1563513313274482
Estonia,jev,jev,Jev,0,tao_modal_variant,3.569940251530834,1.8434230220901742
Estonia,jev,jev,Jev,1,tao_modal_variant,3.7291073880645094,1.8543747445476362
Estonia,jev,jev,Jev,2,tao_modal_variant,4.124380426220329,0.6916729491758826
Estonia,jev,jev,Jev,3,tao_modal_variant,3.4481286399908937,1.746148043681612
Estonia,jev,jev,Jev,4,tao_modal_variant,3.7291073880645094,1.8543747445476362
Estonia,jev,jev,Jev,5,tao_modal_variant,3.6527715294094634,0.10300479963092439
Estonia,jev,jev,Jev,6,tao_modal_variant,3.4153576353582595,1.1575859310893772
Estonia,jev,jev,Jev,7,tao_modal_variant,3.8882745245981853,1.8653264670050986
Estonia,jev,jev,Jev,8,tao_modal_variant,4.124380426220329,0.6916729491758826
Estonia,jev,jev,Jev,9,tao_modal_variant,4.205300805236476,1.76815752554926
Ethiopia,jev,jev,Jev,0,tao_modal_variant,-0.4916901162166575,0.04567235354567763
Ethiopia,jev,jev,Jev,1,tao_modal_variant,-0.9632990130275229,-0.5429957959992807
Ethiopia,jev,jev,Jev,2,tao_modal_variant,-0.9632990130275229,-0.5429957959992807
Ethiopia,jev,jev,Jev,3,tao_modal_variant,-0.36987850467671735,0.14294733195423967
Ethiopia,jev,jev,Jev,4,tao_modal_variant,-0.9632990130275229,-0.5429957959992807
Ethiopia,jev,jev,Jev,5,tao_modal_variant,-0.9632990130275229,-0.5429957959992807
Ethiopia,jev,jev,Jev,6,tao_modal_variant,-0.569282877519656,1.1707414006469743
Ethiopia,jev,jev,Jev,7,tao_modal_variant,-0.9632990130275229,-0.5429957959992807
Ethiopia,jev,jev,Jev,8,tao_modal_variant,-0.9632990130275229,-0.5429957959992807
Ethiopia,jev,jev,Jev,9,tao_modal_variant,0.11219942379771886,0.1657097448333786
Finland,jev,jev,Jev,0,tao_modal_variant,4.083489193696536,1.6708825471406978
Finland,jev,jev,Jev,1,tao_modal_variant,4.727397488482991,1.4483512711179956
Finland,jev,jev,Jev,2,tao_modal_variant,4.205300805236476,1.76815752554926
Finland,jev,jev,Jev,3,tao_modal_variant,4.083489193696536,1.6708825471406978
Finland,jev,jev,Jev,4,tao_modal_variant,4.727397488482991,1.4483512711179956
Finland,jev,jev,Jev,5,tao_modal_variant,4.205300805236476,1.76815752554926
Finland,jev,jev,Jev,6,tao_modal_variant,3.9249760533773905,1.7194670178686173
Finland,jev,jev,Jev,7,tao_modal_variant,4.727397488482991,1.4483512711179956
Finland,jev,jev,Jev,8,tao_modal_variant,4.205300805236476,1.76815752554926
Finland,jev,jev,Jev,9,tao_modal_variant,4.727397488482991,1.4483512711179956
France,jev,jev,Jev,0,tao_modal_variant,3.3289798142202156,2.389212550436177
France,jev,jev,Jev,1,tao_modal_variant,3.487492954539361,2.3406280797082575
France,jev,jev,Jev,2,tao_modal_variant,4.205300805236476,1.76815752554926
France,jev,jev,Jev,3,tao_modal_variant,3.207168202680275,2.2919375720276154
France,jev,jev,Jev,4,tao_modal_variant,3.487492954539361,2.3406280797082575
France,jev,jev,Jev,5,tao_modal_variant,4.205300805236476,1.76815752554926
France,jev,jev,Jev,6,tao_modal_variant,3.207168202680275,2.2919375720276154
France,jev,jev,Jev,7,tao_modal_variant,4.205300805236476,1.76815752554926
France,jev,jev,Jev,8,tao_modal_variant,4.205300805236476,1.76815752554926
France,jev,jev,Jev,9,tao_modal_variant,4.205300805236476,1.76815752554926
Georgia,jev,jev,Jev,0,tao_modal_variant,0.5153146011374818,1.5113628805060269
Georgia,jev,jev,Jev,1,tao_modal_variant,-0.4026495093093513,-0.44561478063799526
Georgia,jev,jev,Jev,2,tao_modal_variant,-0.47674335190690376,-1.0130130806519644
Georgia,jev,jev,Jev,3,tao_modal_variant,-0.16714651412062986,1.3167068867361793
Georgia,jev,jev,Jev,4,tao_modal_variant,-0.003175931679587407,-1.0399887797119174
Georgia,jev,jev,Jev,5,tao_modal_variant,-0.7950776249742549,-1.0349165255668888
Georgia,jev,jev,Jev,6,tao_modal_variant,0.14987976651766124,1.2195379452803403
Georgia,jev,jev,Jev,7,tao_modal_variant,-0.5244611208492916,-0.5428897590465575
Georgia,jev,jev,Jev,8,tao_modal_variant,-0.3221607357343297,-0.3271759896511674
Georgia,jev,jev,Jev,9,tao_modal_variant,0.8423783079982182,-0.10975758300218094
Germany,jev,jev,Jev,0,tao_modal_variant,3.606641780310039,1.6975635729536929
Germany,jev,jev,Jev,1,tao_modal_variant,3.7651549206291848,1.6489791022257734
Germany,jev,jev,Jev,2,tao_modal_variant,3.7277993956354494,1.735302358176873
Germany,jev,jev,Jev,3,tao_modal_variant,3.4481286399908937,1.746148043681612
Germany,jev,jev,Jev,4,tao_modal_variant,3.7651549206291848,1.6489791022257734
Germany,jev,jev,Jev,5,tao_modal_variant,3.886966532169125,1.7462540806343354
Germany,jev,jev,Jev,6,tao_modal_variant,3.3263170284509536,1.6488730652730499
Germany,jev,jev,Jev,7,tao_modal_variant,3.7651549206291848,1.6489791022257734
Germany,jev,jev,Jev,8,tao_modal_variant,3.7277993956354494,1.735302358176873
Germany,jev,jev,Jev,9,tao_modal_variant,4.046133668702801,1.7572058030917976
Ghana,jev,jev,Jev,0,tao_modal_variant,-0.6829742611684372,-0.49430528831863807
Ghana,jev,jev,Jev,1,tao_modal_variant,-0.9632990130275229,-0.5429957959992807
Ghana,jev,jev,Jev,2,tao_modal_variant,-0.9632990130275229,-0.5429957959992807
Ghana,jev,jev,Jev,3,tao_modal_variant,-0.8047858727083773,-0.5915802667272003
Ghana,jev,jev,Jev,4,tao_modal_variant,-1.2816332860948738,-0.5648992409142053
Ghana,jev,jev,Jev,5,tao_modal_variant,-0.47674335190690376,-1.0130130806519644
Ghana,jev,jev,Jev,6,tao_modal_variant,-0.9203881552196412,0.5602758431398147
Ghana,jev,jev,Jev,7,tao_modal_variant,-1.2816332860948738,-0.5648992409142053
Ghana,jev,jev,Jev,8,tao_modal_variant,-0.47674335190690376,-1.0130130806519644
Ghana,jev,jev,Jev,9,tao_modal_variant,0.3118918255422527,-0.521513872562845
Greece,jev,jev,Jev,0,tao_modal_variant,1.5254934194708598,0.14443460395304827
Greece,jev,jev,Jev,1,tao_modal_variant,1.753479093201845,0.538552796680882
Greece,jev,jev,Jev,2,tao_modal_variant,1.6316674816619048,0.44127781827231977
Greece,jev,jev,Jev,3,tao_modal_variant,1.3254350504133914,1.1126924794604012
Greece,jev,jev,Jev,4,tao_modal_variant,1.4364528125635538,0.6357217381367207
Greece,jev,jev,Jev,5,tao_modal_variant,1.6316674816619048,0.44127781827231977
Greece,jev,jev,Jev,6,tao_modal_variant,1.484602186947067,1.1236442019178634
Greece,jev,jev,Jev,7,tao_modal_variant,1.2818701963909795,-0.05011535286407593
Greece,jev,jev,Jev,8,tao_modal_variant,1.4770848654893305,-0.2445592727284769
Greece,jev,jev,Jev,9,tao_modal_variant,2.2355570216762812,0.5613152095600209
Guatemala,jev,jev,Jev,0,tao_modal_variant,-0.32303712272226426,0.5117974093646186
Guatemala,jev,jev,Jev,1,tao_modal_variant,-0.6849362498120274,-0.672913867874783
Guatemala,jev,jev,Jev,2,tao_modal_variant,-0.9659149978856433,-0.7811405687408074
Guatemala,jev,jev,Jev,3,tao_modal_variant,-0.32303712272226426,0.5117974093646186
Guatemala,jev,jev,Jev,4,tao_modal_variant,-1.0019625304503186,-0.575744926418944
Guatemala,jev,jev,Jev,5,tao_modal_variant,-1.2829412785239342,-0.6839716272849685
Guatemala,jev,jev,Jev,6,tao_modal_variant,-0.32303712272226426,0.5117974093646186
Guatemala,jev,jev,Jev,7,tao_modal_variant,-1.0019625304503186,-0.575744926418944
Guatemala,jev,jev,Jev,8,tao_modal_variant,-0.9659149978856433,-0.7811405687408074
Guatemala,jev,jev,Jev,9,tao_modal_variant,0.3558226468775992,0.36025970165050286
Haiti,jev,jev,Jev,0,tao_modal_variant,-1.1813760075841016,1.6182554839105447
Haiti,jev,jev,Jev,1,tao_modal_variant,-1.4208095269193945,0.5903553782650873
Haiti,jev,jev,Jev,2,tao_modal_variant,-1.1024752538520435,0.6122588231800117
Haiti,jev,jev,Jev,3,tao_modal_variant,-1.1813760075841016,1.6182554839105447
Haiti,jev,jev,Jev,4,tao_modal_variant,-1.4208095269193945,0.5903553782650873
Haiti,jev,jev,Jev,5,tao_modal_variant,-1.7384898037722163,0.6279881265355445
Haiti,jev,jev,Jev,6,tao_modal_variant,-1.1813760075841016,1.6182554839105447
Haiti,jev,jev,Jev,7,tao_modal_variant,-1.4208095269193945,0.5903553782650873
Haiti,jev,jev,Jev,8,tao_modal_variant,-1.2609883941711888,0.6608432939079311
Haiti,jev,jev,Jev,9,tao_modal_variant,-0.6269358328946067,0.46650541099625353
Hong Kong SAR,jev,jev,Jev,0,tao_modal_variant,2.0518269870068497,2.189122047443597
Hong Kong SAR,jev,jev,Jev,1,tao_modal_variant,2.2109941235405253,2.200073769901059
Hong Kong SAR,jev,jev,Jev,2,tao_modal_variant,2.0518269870068497,2.189122047443597
Hong Kong SAR,jev,jev,Jev,3,tao_modal_variant,2.0518269870068497,2.189122047443597
Hong Kong SAR,jev,jev,Jev,4,tao_modal_variant,2.2109941235405253,2.200073769901059
Hong Kong SAR,jev,jev,Jev,5,tao_modal_variant,2.0518269870068497,2.189122047443597
Hong Kong SAR,jev,jev,Jev,6,tao_modal_variant,2.0518269870068497,2.189122047443597
Hong Kong SAR,jev,jev,Jev,7,tao_modal_variant,2.2109941235405253,2.200073769901059
Hong Kong SAR,jev,jev,Jev,8,tao_modal_variant,2.0518269870068497,2.189122047443597
Hong Kong SAR,jev,jev,Jev,9,tao_modal_variant,3.0099915449383343,2.307772912335871
Hungary,jev,jev,Jev,0,tao_modal_variant,1.2475542602087977,1.8971910752651868
Hungary,jev,jev,Jev,1,tao_modal_variant,1.2475542602087977,1.8971910752651868
Hungary,jev,jev,Jev,2,tao_modal_variant,1.5645805408470892,1.8000221338093483
Hungary,jev,jev,Jev,3,tao_modal_variant,1.2475542602087977,1.8971910752651868
Hungary,jev,jev,Jev,4,tao_modal_variant,1.2475542602087977,1.8971910752651868
Hungary,jev,jev,Jev,5,tao_modal_variant,1.0890411198896524,1.9457755459931065
Hungary,jev,jev,Jev,6,tao_modal_variant,1.2475542602087977,1.8971910752651868
Hungary,jev,jev,Jev,7,tao_modal_variant,1.6503446198223535,2.1026927545397736
Hungary,jev,jev,Jev,8,tao_modal_variant,1.0890411198896524,1.9457755459931065
Hungary,jev,jev,Jev,9,tao_modal_variant,2.368162482605999,1.2328359077008255
Iceland,jev,jev,Jev,0,tao_modal_variant,4.002568814680389,0.5943979707673206
Iceland,jev,jev,Jev,1,tao_modal_variant,4.646477109466844,0.3718666947446183
Iceland,jev,jev,Jev,2,tao_modal_variant,4.422069807363995,-0.5121661407313294
Iceland,jev,jev,Jev,3,tao_modal_variant,3.8479861985078143,-0.09143912023347647
Iceland,jev,jev,Jev,4,tao_modal_variant,4.822354879070569,-0.9292473735711555
Iceland,jev,jev,Jev,5,tao_modal_variant,4.422069807363995,-0.5121661407313294
Iceland,jev,jev,Jev,6,tao_modal_variant,4.002568814680389,0.5943979707673206
Iceland,jev,jev,Jev,7,tao_modal_variant,4.822354879070569,-0.9292473735711555
Iceland,jev,jev,Jev,8,tao_modal_variant,4.422069807363995,-0.5121661407313294
Iceland,jev,jev,Jev,9,tao_modal_variant,4.581236943897671,-0.501214418273867
India,jev,jev,Jev,0,tao_modal_variant,0.5153146011374818,1.5113628805060269
India,jev,jev,Jev,1,tao_modal_variant,-0.08562322867106026,-0.5427837220938342
India,jev,jev,Jev,2,tao_modal_variant,0.4343942221213346,0.43487830413264933
India,jev,jev,Jev,3,tao_modal_variant,0.5153146011374818,1.5113628805060269
India,jev,jev,Jev,4,tao_modal_variant,-0.08562322867106026,-0.5427837220938342
India,jev,jev,Jev,5,tao_modal_variant,-0.3292464517509406,-0.7373336789109584
India,jev,jev,Jev,6,tao_modal_variant,0.5153146011374818,1.5113628805060269
India,jev,jev,Jev,7,tao_modal_variant,-0.08562322867106026,-0.5427837220938342
India,jev,jev,Jev,8,tao_modal_variant,-0.1746638355783663,-0.051496587910161186
India,jev,jev,Jev,9,tao_modal_variant,1.9971023162817256,0.7331027534980062
Indonesia,jev,jev,Jev,0,tao_modal_variant,-0.48548078718798116,1.2948034418212546
Indonesia,jev,jev,Jev,1,tao_modal_variant,-0.8427953939166429,-0.564793203961482
Indonesia,jev,jev,Jev,2,tao_modal_variant,-0.8100243892840088,0.023768908630753142
Indonesia,jev,jev,Jev,3,tao_modal_variant,-0.48548078718798116,1.2948034418212546
Indonesia,jev,jev,Jev,4,tao_modal_variant,-0.8427953939166429,-0.564793203961482
Indonesia,jev,jev,Jev,5,tao_modal_variant,-1.2816332860948738,-0.5648992409142053
Indonesia,jev,jev,Jev,6,tao_modal_variant,-0.48548078718798116,1.2948034418212546
Indonesia,jev,jev,Jev,7,tao_modal_variant,-0.8427953939166429,-0.564793203961482
Indonesia,jev,jev,Jev,8,tao_modal_variant,-1.1270506699223,0.12093785008659196
Indonesia,jev,jev,Jev,9,tao_modal_variant,0.3558226468775992,0.36025970165050286
Iran,jev,jev,Jev,0,tao_modal_variant,-0.09362333705692427,3.103456214758104
Iran,jev,jev,Jev,1,tao_modal_variant,-0.6136407878493192,2.1257941885316214
Iran,jev,jev,Jev,2,tao_modal_variant,-0.3843471216892741,2.6389847676302187
Iran,jev,jev,Jev,3,tao_modal_variant,-0.6136407878493192,2.1257941885316214
Iran,jev,jev,Jev,4,tao_modal_variant,-0.4590581716767449,2.811631279532418
Iran,jev,jev,Jev,5,tao_modal_variant,-0.7026813947566252,2.617081322715294
Iran,jev,jev,Jev,6,tao_modal_variant,-0.6136407878493192,2.1257941885316214
Iran,jev,jev,Jev,7,tao_modal_variant,-0.5808697832166849,2.7143563011238556
Iran,jev,jev,Jev,8,tao_modal_variant,-0.7026813947566252,2.617081322715294
Iran,jev,jev,Jev,9,tao_modal_variant,0.511574195386512,3.342565992416569
Iraq,jev,jev,Jev,0,tao_modal_variant,-1.3398891479032473,1.6668399546384645
Iraq,jev,jev,Jev,1,tao_modal_variant,-1.4984022882223935,1.715424425366384
Iraq,jev,jev,Jev,2,tao_modal_variant,-1.4984022882223935,1.715424425366384
Iraq,jev,jev,Jev,3,tao_modal_variant,-1.185306531730673,2.3526770456392616
Iraq,jev,jev,Jev,4,tao_modal_variant,-1.4984022882223935,1.715424425366384
Iraq,jev,jev,Jev,5,tao_modal_variant,-1.657569424756069,1.7044727029089215
Iraq,jev,jev,Jev,6,tao_modal_variant,-1.2220080605098782,2.498536494775743
Iraq,jev,jev,Jev,7,tao_modal_variant,-1.4984022882223935,1.715424425366384
Iraq,jev,jev,Jev,8,tao_modal_variant,-1.657569424756069,1.7044727029089215
Iraq,jev,jev,Jev,9,tao_modal_variant,-1.1800680151550416,1.7373278702813082
Ireland,jev,jev,Jev,0,tao_modal_variant,3.4887606929166703,0.8658670328164141
Ireland,jev,jev,Jev,1,tao_modal_variant,4.051748608686978,-0.4331488195796652
Ireland,jev,jev,Jev,2,tao_modal_variant,3.492296400446728,-0.027019309197301097
Ireland,jev,jev,Jev,3,tao_modal_variant,2.7689440526648235,0.7575342949976664
Ireland,jev,jev,Jev,4,tao_modal_variant,4.051748608686978,-0.4331488195796652
Ireland,jev,jev,Jev,5,tao_modal_variant,3.005049954286967,-0.41611922283154956
Ireland,jev,jev,Jev,6,tao_modal_variant,2.928111189198499,0.7684860174551287
Ireland,jev,jev,Jev,7,tao_modal_variant,3.5296519254404632,-0.11334256514840103
Ireland,jev,jev,Jev,8,tao_modal_variant,3.005049954286967,-0.41611922283154956
Ireland,jev,jev,Jev,9,tao_modal_variant,4.124380426220329,0.6916729491758826
Italy,jev,jev,Jev,0,tao_modal_variant,2.210303338501384,1.3409565716141265
Italy,jev,jev,Jev,1,tao_modal_variant,1.7237476773807647,1.8109738562668103
Italy,jev,jev,Jev,2,tao_modal_variant,2.287242103589852,0.1563513313274482
Italy,jev,jev,Jev,3,tao_modal_variant,2.210303338501384,1.3409565716141265
Italy,jev,jev,Jev,4,tao_modal_variant,2.210303338501384,1.3409565716141265
Italy,jev,jev,Jev,5,tao_modal_variant,1.9702158229515607,0.253520272783287
Italy,jev,jev,Jev,6,tao_modal_variant,1.7237476773807647,1.8109738562668103
Italy,jev,jev,Jev,7,tao_modal_variant,2.210303338501384,1.3409565716141265
Italy,jev,jev,Jev,8,tao_modal_variant,2.1293829594852363,0.26447199524074927
Italy,jev,jev,Jev,9,tao_modal_variant,2.681912235312249,1.9296247211590847
Japan,jev,jev,Jev,0,tao_modal_variant,2.0439336861496487,1.3993391235883357
Japan,jev,jev,Jev,1,tao_modal_variant,2.330796945525734,1.6165454563318755
Japan,jev,jev,Jev,2,tao_modal_variant,2.7696348377039652,1.616651493284599
Japan,jev,jev,Jev,3,tao_modal_variant,2.452608557065674,1.7138204347404375
Japan,jev,jev,Jev,4,tao_modal_variant,2.330796945525734,1.6165454563318755
Japan,jev,jev,Jev,5,tao_modal_variant,2.4827715783278794,1.399445160541059
Japan,jev,jev,Jev,6,tao_modal_variant,2.330796945525734,1.6165454563318755
Japan,jev,jev,Jev,7,tao_modal_variant,2.452608557065674,1.7138204347404375
Japan,jev,jev,Jev,8,tao_modal_variant,2.007232157370443,1.545198572724817
Japan,jev,jev,Jev,9,tao_modal_variant,3.0866611183422563,1.5194825518287598
Jordan,jev,jev,Jev,0,tao_modal_variant,-0.9203881552196412,0.5602758431398147
Jordan,jev,jev,Jev,1,tao_modal_variant,-1.0421997667595813,0.4630008647312526
Jordan,jev,jev,Jev,2,tao_modal_variant,-1.4408004226285498,-0.5758509633716675
Jordan,jev,jev,Jev,3,tao_modal_variant,-0.9203881552196412,0.5602758431398147
Jordan,jev,jev,Jev,4,tao_modal_variant,-1.3598800436124026,0.5006336130017098
Jordan,jev,jev,Jev,5,tao_modal_variant,-1.4408004226285498,-0.5758509633716675
Jordan,jev,jev,Jev,6,tao_modal_variant,-0.7658055390470669,1.246112934140612
Jordan,jev,jev,Jev,7,tao_modal_variant,-1.2013669032932568,0.45204914227379034
Jordan,jev,jev,Jev,8,tao_modal_variant,-1.4408004226285498,-0.5758509633716675
Jordan,jev,jev,Jev,9,tao_modal_variant,-1.1270506699223,0.12093785008659196
Kazakhstan,jev,jev,Jev,0,tao_modal_variant,0.48515157987527585,1.825738154705405
Kazakhstan,jev,jev,Jev,1,tao_modal_variant,0.367924488696437,1.0535778077535083
Kazakhstan,jev,jev,Jev,2,tao_modal_variant,0.48515157987527585,1.825738154705405
Kazakhstan,jev,jev,Jev,3,tao_modal_variant,0.48515157987527585,1.825738154705405
Kazakhstan,jev,jev,Jev,4,tao_modal_variant,0.33056896370270156,1.139901063704608
Kazakhstan,jev,jev,Jev,5,tao_modal_variant,0.40423120085912867,0.7492535783320278
Kazakhstan,jev,jev,Jev,6,tao_modal_variant,0.48515157987527585,1.825738154705405
Kazakhstan,jev,jev,Jev,7,tao_modal_variant,0.20875735216276137,1.042626085296046
Kazakhstan,jev,jev,Jev,8,tao_modal_variant,0.40423120085912867,0.7492535783320278
Kazakhstan,jev,jev,Jev,9,tao_modal_variant,1.5755967810102711,1.4757582613404225
Kenya,jev,jev,Jev,0,tao_modal_variant,-0.16714651412062986,1.3167068867361793
Kenya,jev,jev,Jev,1,tao_modal_variant,-0.6829742611684372,-0.49430528831863807
Kenya,jev,jev,Jev,2,tao_modal_variant,-0.6462727323892318,-0.6401647374551196
Kenya,jev,jev,Jev,3,tao_modal_variant,-0.16714651412062986,1.3167068867361793
Kenya,jev,jev,Jev,4,tao_modal_variant,-0.6829742611684372,-0.49430528831863807
Kenya,jev,jev,Jev,5,tao_modal_variant,-0.9632990130275229,-0.5429957959992807
Kenya,jev,jev,Jev,6,tao_modal_variant,-0.16714651412062986,1.3167068867361793
Kenya,jev,jev,Jev,7,tao_modal_variant,-0.8047858727083773,-0.5915802667272003
Kenya,jev,jev,Jev,8,tao_modal_variant,-0.47674335190690376,-1.0130130806519644
Kenya,jev,jev,Jev,9,tao_modal_variant,1.3669802791517145,0.19301907468096766
Kosovo,jev,jev,Jev,0,tao_modal_variant,1.0890411198896524,1.9457755459931065
Kosovo,jev,jev,Jev,1,tao_modal_variant,0.35251384656775486,3.149508598947595
Kosovo,jev,jev,Jev,2,tao_modal_variant,1.1776501213558328,0.49644262642288395
Kosovo,jev,jev,Jev,3,tao_modal_variant,0.18746219873160985,3.0295772446126166
Kosovo,jev,jev,Jev,4,tao_modal_variant,-0.258893014904358,1.6612677330135532
Kosovo,jev,jev,Jev,5,tao_modal_variant,1.0230675051832585,-0.18939446457791315
Kosovo,jev,jev,Jev,6,tao_modal_variant,1.25857050037198,1.572927202796261
Kosovo,jev,jev,Jev,7,tao_modal_variant,-0.4134756310769324,0.9754306420127562
Kosovo,jev,jev,Jev,8,tao_modal_variant,0.879960740212167,1.7002817163300954
Kosovo,jev,jev,Jev,9,tao_modal_variant,2.368162482605999,1.2328359077008255
Kyrgyzstan,jev,jev,Jev,0,tao_modal_variant,-0.04533490258068973,1.4139818651447413
Kyrgyzstan,jev,jev,Jev,1,tao_modal_variant,-0.4026495093093513,-0.44561478063799526
Kyrgyzstan,jev,jev,Jev,2,tao_modal_variant,-0.4026495093093513,-0.44561478063799526
Kyrgyzstan,jev,jev,Jev,3,tao_modal_variant,0.07647670895925046,1.5112568435533034
Kyrgyzstan,jev,jev,Jev,4,tao_modal_variant,-0.24348237277567575,-0.43466305818053297
Kyrgyzstan,jev,jev,Jev,5,tao_modal_variant,-0.5611626496284972,-0.3970303099100758
Kyrgyzstan,jev,jev,Jev,6,tao_modal_variant,0.1982883204991907,1.6085318219618654
Kyrgyzstan,jev,jev,Jev,7,tao_modal_variant,-0.5611626496284972,-0.3970303099100758
Kyrgyzstan,jev,jev,Jev,8,tao_modal_variant,-0.5611626496284972,-0.3970303099100758
Kyrgyzstan,jev,jev,Jev,9,tao_modal_variant,1.207813142618039,0.18206735222350537
Latvia,jev,jev,Jev,0,tao_modal_variant,2.1369002809429727,1.6326754698870896
Latvia,jev,jev,Jev,1,tao_modal_variant,1.772156231362294,2.199967732948336
Latvia,jev,jev,Jev,2,tao_modal_variant,2.4574622691113217,0.6426201864175354
Latvia,jev,jev,Jev,3,tao_modal_variant,1.6503446198223535,2.1026927545397736
Latvia,jev,jev,Jev,4,tao_modal_variant,2.413294508655487,2.415787539296449
Latvia,jev,jev,Jev,5,tao_modal_variant,3.017410975703821,0.17827029617183873
Latvia,jev,jev,Jev,6,tao_modal_variant,2.1369002809429727,1.6326754698870896
Latvia,jev,jev,Jev,7,tao_modal_variant,2.413294508655487,2.415787539296449
Latvia,jev,jev,Jev,8,tao_modal_variant,2.2956726008601347,1.4851624120595524
Latvia,jev,jev,Jev,9,tao_modal_variant,3.886966532169125,1.7462540806343354
Lebanon,jev,jev,Jev,0,tao_modal_variant,-0.09940106064447529,2.8123709118690767
Lebanon,jev,jev,Jev,1,tao_modal_variant,-0.6194185114368703,1.8347088856425935
Lebanon,jev,jev,Jev,2,tao_modal_variant,0.06304260382124144,2.0293648794124413
Lebanon,jev,jev,Jev,3,tao_modal_variant,0.37220783616639014,3.4010390614140347
Lebanon,jev,jev,Jev,4,tao_modal_variant,-0.6285875521590728,3.184479622729263
Lebanon,jev,jev,Jev,5,tao_modal_variant,0.06304260382124144,2.0293648794124413
Lebanon,jev,jev,Jev,6,tao_modal_variant,0.21762521999381582,2.715201970413238
Lebanon,jev,jev,Jev,7,tao_modal_variant,-0.6285875521590728,3.184479622729263
Lebanon,jev,jev,Jev,8,tao_modal_variant,0.06304260382124144,2.0293648794124413
Lebanon,jev,jev,Jev,9,tao_modal_variant,0.5044884793699009,2.932408303156778
Libya,jev,jev,Jev,0,tao_modal_variant,-1.3438196720498183,2.401261516367181
Libya,jev,jev,Jev,1,tao_modal_variant,-1.4984022882223935,1.715424425366384
Libya,jev,jev,Jev,2,tao_modal_variant,-1.3438196720498183,2.401261516367181
Libya,jev,jev,Jev,3,tao_modal_variant,-1.3438196720498183,2.401261516367181
Libya,jev,jev,Jev,4,tao_modal_variant,-1.4984022882223935,1.715424425366384
Libya,jev,jev,Jev,5,tao_modal_variant,-1.5029868085834943,2.3903097939097186
Libya,jev,jev,Jev,6,tao_modal_variant,-1.2220080605098782,2.498536494775743
Libya,jev,jev,Jev,7,tao_modal_variant,-1.4984022882223935,1.715424425366384
Libya,jev,jev,Jev,8,tao_modal_variant,-1.5029868085834943,2.3903097939097186
Libya,jev,jev,Jev,9,tao_modal_variant,-0.8572640109291995,1.9312442317144967
Lithuania,jev,jev,Jev,0,tao_modal_variant,1.8932770578630924,1.4381255130699653
Lithuania,jev,jev,Jev,1,tao_modal_variant,2.0478596740356667,2.1239626040707624
Lithuania,jev,jev,Jev,2,tao_modal_variant,1.9669392950195195,1.0474780276973847
Lithuania,jev,jev,Jev,3,tao_modal_variant,1.889346533716521,2.1725470747986817
Lithuania,jev,jev,Jev,4,tao_modal_variant,1.9669392950195195,1.0474780276973847
Lithuania,jev,jev,Jev,5,tao_modal_variant,1.9669392950195195,1.0474780276973847
Lithuania,jev,jev,Jev,6,tao_modal_variant,1.8932770578630924,1.4381255130699653
Lithuania,jev,jev,Jev,7,tao_modal_variant,1.9669392950195195,1.0474780276973847
Lithuania,jev,jev,Jev,8,tao_modal_variant,1.6492590181666982,1.085110775967842
Lithuania,jev,jev,Jev,9,tao_modal_variant,3.399720086009364,1.3571541670000868
Luxembourg,jev,jev,Jev,0,tao_modal_variant,3.6105723044566105,0.9631420112249763
Luxembourg,jev,jev,Jev,1,tao_modal_variant,3.9289065775239616,0.9850454561399008
Luxembourg,jev,jev,Jev,2,tao_modal_variant,3.9697978100477544,0.005835858175085576
Luxembourg,jev,jev,Jev,3,tao_modal_variant,3.6105723044566105,0.9631420112249763
Luxembourg,jev,jev,Jev,4,tao_modal_variant,3.9289065775239616,0.9850454561399008
Luxembourg,jev,jev,Jev,5,tao_modal_variant,3.9697978100477544,0.005835858175085576
Luxembourg,jev,jev,Jev,6,tao_modal_variant,3.6105723044566105,0.9631420112249763
Luxembourg,jev,jev,Jev,7,tao_modal_variant,3.8479861985078143,-0.09143912023347647
Luxembourg,jev,jev,Jev,8,tao_modal_variant,3.9697978100477544,0.005835858175085576
Luxembourg,jev,jev,Jev,9,tao_modal_variant,4.050718189063901,1.082320434548463
Macau SAR,jev,jev,Jev,0,tao_modal_variant,1.8068489705867674,1.3733049918341085
Macau SAR,jev,jev,Jev,1,tao_modal_variant,1.9653621109059127,1.324720521106189
Macau SAR,jev,jev,Jev,2,tao_modal_variant,2.2823883915442043,1.2275515796503502
Macau SAR,jev,jev,Jev,3,tao_modal_variant,1.9653621109059127,1.324720521106189
Macau SAR,jev,jev,Jev,4,tao_modal_variant,2.2089853339857934,1.5192704779233133
Macau SAR,jev,jev,Jev,5,tao_modal_variant,2.2823883915442043,1.2275515796503502
Macau SAR,jev,jev,Jev,6,tao_modal_variant,1.9653621109059127,1.324720521106189
Macau SAR,jev,jev,Jev,7,tao_modal_variant,2.371428998451511,0.7362644454666775
Macau SAR,jev,jev,Jev,8,tao_modal_variant,2.2823883915442043,1.2275515796503502
Macau SAR,jev,jev,Jev,9,tao_modal_variant,2.5994146721824953,1.1303826381945115
Malaysia,jev,jev,Jev,0,tao_modal_variant,0.5153146011374818,1.5113628805060269
Malaysia,jev,jev,Jev,1,tao_modal_variant,0.1982883204991907,1.6085318219618654
Malaysia,jev,jev,Jev,2,tao_modal_variant,0.5153146011374818,1.5113628805060269
Malaysia,jev,jev,Jev,3,tao_modal_variant,0.5153146011374818,1.5113628805060269
Malaysia,jev,jev,Jev,4,tao_modal_variant,0.03912118396551506,1.5975800995044034
Malaysia,jev,jev,Jev,5,tao_modal_variant,0.1982883204991907,1.6085318219618654
Malaysia,jev,jev,Jev,6,tao_modal_variant,0.1982883204991907,1.6085318219618654
Malaysia,jev,jev,Jev,7,tao_modal_variant,-0.12004595256816053,1.586628377046941
Malaysia,jev,jev,Jev,8,tao_modal_variant,0.1982883204991907,1.6085318219618654
Malaysia,jev,jev,Jev,9,tao_modal_variant,0.802177860513567,1.7285692132495662
Maldives,jev,jev,Jev,0,tao_modal_variant,-0.4092428192251846,-0.45153270407240587
Maldives,jev,jev,Jev,1,tao_modal_variant,-0.5684099557588603,-0.46248442652986815
Maldives,jev,jev,Jev,2,tao_modal_variant,-0.7275770922925359,-0.4734361489873304
Maldives,jev,jev,Jev,3,tao_modal_variant,-0.4092428192251846,-0.45153270407240587
Maldives,jev,jev,Jev,4,tao_modal_variant,-0.5684099557588603,-0.46248442652986815
Maldives,jev,jev,Jev,5,tao_modal_variant,-0.7275770922925359,-0.4734361489873304
Maldives,jev,jev,Jev,6,tao_modal_variant,-0.4092428192251846,-0.45153270407240587
Maldives,jev,jev,Jev,7,tao_modal_variant,-0.5684099557588603,-0.46248442652986815
Maldives,jev,jev,Jev,8,tao_modal_variant,-0.7275770922925359,-0.4734361489873304
Maldives,jev,jev,Jev,9,tao_modal_variant,0.19595471321825178,-0.2124229264139416
Mali,jev,jev,Jev,0,tao_modal_variant,-1.3398891479032473,1.6668399546384645
Mali,jev,jev,Jev,1,tao_modal_variant,-1.4984022882223935,1.715424425366384
Mali,jev,jev,Jev,2,tao_modal_variant,-0.9632990130275229,-0.5429957959992807
Mali,jev,jev,Jev,3,tao_modal_variant,-1.0789012955387864,0.6088603138677341
Mali,jev,jev,Jev,4,tao_modal_variant,-1.5793226672385408,0.6389398489930067
Mali,jev,jev,Jev,5,tao_modal_variant,-1.4408004226285498,-0.5758509633716675
Mali,jev,jev,Jev,6,tao_modal_variant,-1.2007129070787266,0.511585335459172
Mali,jev,jev,Jev,7,tao_modal_variant,-1.2816332860948738,-0.5648992409142053
Mali,jev,jev,Jev,8,tao_modal_variant,-1.2816332860948738,-0.5648992409142053
Mali,jev,jev,Jev,9,tao_modal_variant,-0.47235321672203234,1.1523425019970506
Malta,jev,jev,Jev,0,tao_modal_variant,2.03572557965277,-0.827981549344937
Malta,jev,jev,Jev,1,tao_modal_variant,1.5582241700517434,-0.8608367167173236
Malta,jev,jev,Jev,2,tao_modal_variant,1.7160833141563585,-0.9689573806306246
Malta,jev,jev,Jev,3,tao_modal_variant,1.717391306585419,-0.8498849942598613
Malta,jev,jev,Jev,4,tao_modal_variant,1.5582241700517434,-0.8608367167173236
Malta,jev,jev,Jev,5,tao_modal_variant,1.5575701738372127,-0.9203729099027053
Malta,jev,jev,Jev,6,tao_modal_variant,1.717391306585419,-0.8498849942598613
Malta,jev,jev,Jev,7,tao_modal_variant,1.3990570335180674,-0.8717884391747859
Malta,jev,jev,Jev,8,tao_modal_variant,1.4724600910764782,-1.163507337447749
Malta,jev,jev,Jev,9,tao_modal_variant,2.352751860291061,-0.9251504908007757
Mexico,jev,jev,Jev,0,tao_modal_variant,0.3083929068368067,1.170953474552421
Mexico,jev,jev,Jev,1,tao_modal_variant,0.5444988084589507,-0.002700043276795101
Mexico,jev,jev,Jev,2,tao_modal_variant,0.5444988084589507,-0.002700043276795101
Mexico,jev,jev,Jev,3,tao_modal_variant,0.3083929068368067,1.170953474552421
Mexico,jev,jev,Jev,4,tao_modal_variant,0.22747252782065952,0.09446889817904368
Mexico,jev,jev,Jev,5,tao_modal_variant,0.5444988084589507,-0.002700043276795101
Mexico,jev,jev,Jev,6,tao_modal_variant,0.14987976651766124,1.2195379452803403
Mexico,jev,jev,Jev,7,tao_modal_variant,0.07288991164808523,-0.5913681928217535
Mexico,jev,jev,Jev,8,tao_modal_variant,0.5444988084589507,-0.002700043276795101
Mexico,jev,jev,Jev,9,tao_modal_variant,1.800686442469233,0.626368615980132
Moldova,jev,jev,Jev,0,tao_modal_variant,1.453785169470331,1.3784832829318603
Moldova,jev,jev,Jev,1,tao_modal_variant,0.23070223502781467,3.052233620539033
Moldova,jev,jev,Jev,2,tao_modal_variant,1.25857050037198,1.572927202796261
Moldova,jev,jev,Jev,3,tao_modal_variant,0.7913517387459862,3.149614635900318
Moldova,jev,jev,Jev,4,tao_modal_variant,0.8764250326821095,2.5931680583438115
Moldova,jev,jev,Jev,5,tao_modal_variant,0.5954462846084935,2.4849413574777865
Moldova,jev,jev,Jev,6,tao_modal_variant,0.8390695076883739,2.679491314294911
Moldova,jev,jev,Jev,7,tao_modal_variant,0.5626752799758593,1.8963792448855517
Moldova,jev,jev,Jev,8,tao_modal_variant,0.5954462846084935,2.4849413574777865
Moldova,jev,jev,Jev,9,tao_modal_variant,1.8926230616485622,1.3785893198845836
Mongolia,jev,jev,Jev,0,tao_modal_variant,1.4390653321945348,0.07961408271719143
Mongolia,jev,jev,Jev,1,tao_modal_variant,1.5982324687282108,0.09056580517465361
Mongolia,jev,jev,Jev,2,tao_modal_variant,1.4390653321945348,0.07961408271719143
Mongolia,jev,jev,Jev,3,tao_modal_variant,1.519985711210682,1.1560986590905686
Mongolia,jev,jev,Jev,4,tao_modal_variant,1.841855691808091,0.28511576199177785
Mongolia,jev,jev,Jev,5,tao_modal_variant,1.9263117783542958,0.46871399635143984
Mongolia,jev,jev,Jev,6,tao_modal_variant,1.519985711210682,1.1560986590905686
Mongolia,jev,jev,Jev,7,tao_modal_variant,1.5248294111698,0.3822847034476167
Mongolia,jev,jev,Jev,8,tao_modal_variant,1.4390653321945348,0.07961408271719143
Mongolia,jev,jev,Jev,9,tao_modal_variant,2.212484252691239,-0.17319686919195257
Montenegro,jev,jev,Jev,0,tao_modal_variant,1.5755967810102711,1.4757582613404225
Montenegro,jev,jev,Jev,1,tao_modal_variant,1.6122983097894767,1.3298988122039408
Montenegro,jev,jev,Jev,2,tao_modal_variant,1.5755967810102711,1.4757582613404225
Montenegro,jev,jev,Jev,3,tao_modal_variant,1.5755967810102711,1.4757582613404225
Montenegro,jev,jev,Jev,4,tao_modal_variant,1.13675888883204,1.475652224387699
Montenegro,jev,jev,Jev,5,tao_modal_variant,1.1776501213558328,0.49644262642288395
Montenegro,jev,jev,Jev,6,tao_modal_variant,1.5755967810102711,1.4757582613404225
Montenegro,jev,jev,Jev,7,tao_modal_variant,1.13675888883204,1.475652224387699
Montenegro,jev,jev,Jev,8,tao_modal_variant,1.1776501213558328,0.49644262642288395
Montenegro,jev,jev,Jev,9,tao_modal_variant,2.368162482605999,1.2328359077008255
Morocco,jev,jev,Jev,0,tao_modal_variant,-1.0421997667595813,0.4630008647312526
Morocco,jev,jev,Jev,1,tao_modal_variant,-1.1231201457757285,-0.6134837116421247
Morocco,jev,jev,Jev,2,tao_modal_variant,-1.2816332860948738,-0.5648992409142053
Morocco,jev,jev,Jev,3,tao_modal_variant,-0.9203881552196412,0.5602758431398147
Morocco,jev,jev,Jev,4,tao_modal_variant,-1.1231201457757285,-0.6134837116421247
Morocco,jev,jev,Jev,5,tao_modal_variant,-1.2816332860948738,-0.5648992409142053
Morocco,jev,jev,Jev,6,tao_modal_variant,-1.0421997667595813,0.4630008647312526
Morocco,jev,jev,Jev,7,tao_modal_variant,-1.1231201457757285,-0.6134837116421247
Morocco,jev,jev,Jev,8,tao_modal_variant,-1.4408004226285498,-0.5758509633716675
Morocco,jev,jev,Jev,9,tao_modal_variant,-0.3234687281633898,-0.4462483760219306
Myanmar,jev,jev,Jev,0,tao_modal_variant,-0.09940106064447529,2.8123709118690767
Myanmar,jev,jev,Jev,1,tao_modal_variant,-0.4177353337118266,2.7904674669541523
Myanmar,jev,jev,Jev,2,tao_modal_variant,0.38715460047614375,2.342353627216393
Myanmar,jev,jev,Jev,3,tao_modal_variant,-0.09940106064447529,2.8123709118690767
Myanmar,jev,jev,Jev,4,tao_modal_variant,-0.572317949884401,2.104630375953356
Myanmar,jev,jev,Jev,5,tao_modal_variant,0.38715460047614375,2.342353627216393
Myanmar,jev,jev,Jev,6,tao_modal_variant,-0.4177353337118266,2.7904674669541523
Myanmar,jev,jev,Jev,7,tao_modal_variant,-0.572317949884401,2.104630375953356
Myanmar,jev,jev,Jev,8,tao_modal_variant,0.38715460047614375,2.342353627216393
Myanmar,jev,jev,Jev,9,tao_modal_variant,0.8587634972870092,2.931021776761351
Netherlands,jev,jev,Jev,0,tao_modal_variant,4.205300805236476,1.76815752554926
Netherlands,jev,jev,Jev,1,tao_modal_variant,4.727397488482991,1.4483512711179956
Netherlands,jev,jev,Jev,2,tao_modal_variant,4.205300805236476,1.76815752554926
Netherlands,jev,jev,Jev,3,tao_modal_variant,4.205300805236476,1.76815752554926
Netherlands,jev,jev,Jev,4,tao_modal_variant,4.727397488482991,1.4483512711179956
Netherlands,jev,jev,Jev,5,tao_modal_variant,4.205300805236476,1.76815752554926
Netherlands,jev,jev,Jev,6,tao_modal_variant,4.205300805236476,1.76815752554926
Netherlands,jev,jev,Jev,7,tao_modal_variant,4.727397488482991,1.4483512711179956
Netherlands,jev,jev,Jev,8,tao_modal_variant,4.205300805236476,1.76815752554926
Netherlands,jev,jev,Jev,9,tao_modal_variant,4.205300805236476,1.76815752554926
New Zealand,jev,jev,Jev,0,tao_modal_variant,3.4887606929166703,0.8658670328164141
New Zealand,jev,jev,Jev,1,tao_modal_variant,3.7323839159965506,1.0604169896335383
New Zealand,jev,jev,Jev,2,tao_modal_variant,3.492296400446728,-0.027019309197301097
New Zealand,jev,jev,Jev,3,tao_modal_variant,3.6105723044566105,0.9631420112249763
New Zealand,jev,jev,Jev,4,tao_modal_variant,4.254480599243065,0.7406107352022742
New Zealand,jev,jev,Jev,5,tao_modal_variant,3.9697978100477544,0.005835858175085576
New Zealand,jev,jev,Jev,6,tao_modal_variant,3.4520591641374647,1.0117264819528957
New Zealand,jev,jev,Jev,7,tao_modal_variant,3.688819061974139,-0.10239084269093875
New Zealand,jev,jev,Jev,8,tao_modal_variant,3.492296400446728,-0.027019309197301097
New Zealand,jev,jev,Jev,9,tao_modal_variant,3.9697978100477544,0.005835858175085576
Nicaragua,jev,jev,Jev,0,tao_modal_variant,0.14987976651766124,1.2195379452803403
Nicaragua,jev,jev,Jev,1,tao_modal_variant,-0.3276216430833657,1.1866827779079536
Nicaragua,jev,jev,Jev,2,tao_modal_variant,-0.5677091586331886,0.09924647907711409
Nicaragua,jev,jev,Jev,3,tao_modal_variant,0.14987976651766124,1.2195379452803403
Nicaragua,jev,jev,Jev,4,tao_modal_variant,-0.6446479237216566,1.2838517193637924
Nicaragua,jev,jev,Jev,5,tao_modal_variant,-0.5677091586331886,0.09924647907711409
Nicaragua,jev,jev,Jev,6,tao_modal_variant,-0.16845450654969008,1.197634500365416
Nicaragua,jev,jev,Jev,7,tao_modal_variant,-0.6446479237216566,1.2838517193637924
Nicaragua,jev,jev,Jev,8,tao_modal_variant,-0.6895207701731286,0.0019715006685519405
Nicaragua,jev,jev,Jev,9,tao_modal_variant,1.5755967810102711,1.4757582613404225
Nigeria,jev,jev,Jev,0,tao_modal_variant,-1.3765906766824525,1.8126994037749458
Nigeria,jev,jev,Jev,1,tao_modal_variant,-1.4984022882223935,1.715424425366384
Nigeria,jev,jev,Jev,2,tao_modal_variant,-1.5793226672385408,0.6389398489930067
Nigeria,jev,jev,Jev,3,tao_modal_variant,-1.2180775363633072,1.7641149330470265
Nigeria,jev,jev,Jev,4,tao_modal_variant,-1.4984022882223935,1.715424425366384
Nigeria,jev,jev,Jev,5,tao_modal_variant,-1.5793226672385408,0.6389398489930067
Nigeria,jev,jev,Jev,6,tao_modal_variant,-1.3765906766824525,1.8126994037749458
Nigeria,jev,jev,Jev,7,tao_modal_variant,-1.657569424756069,1.7044727029089215
Nigeria,jev,jev,Jev,8,tao_modal_variant,-1.5793226672385408,0.6389398489930067
Nigeria,jev,jev,Jev,9,tao_modal_variant,-0.9632990130275229,-0.5429957959992807
North Macedonia,jev,jev,Jev,0,tao_modal_variant,1.5755967810102711,1.4757582613404225
North Macedonia,jev,jev,Jev,1,tao_modal_variant,1.5755967810102711,1.4757582613404225
North Macedonia,jev,jev,Jev,2,tao_modal_variant,1.5755967810102711,1.4757582613404225
North Macedonia,jev,jev,Jev,3,tao_modal_variant,1.5755967810102711,1.4757582613404225
North Macedonia,jev,jev,Jev,4,tao_modal_variant,1.13675888883204,1.475652224387699
North Macedonia,jev,jev,Jev,5,tao_modal_variant,1.25857050037198,1.572927202796261
North Macedonia,jev,jev,Jev,6,tao_modal_variant,1.5755967810102711,1.4757582613404225
North Macedonia,jev,jev,Jev,7,tao_modal_variant,0.9821762726594656,0.789815133386902
North Macedonia,jev,jev,Jev,8,tao_modal_variant,1.5755967810102711,1.4757582613404225
North Macedonia,jev,jev,Jev,9,tao_modal_variant,2.051136201967708,1.3300048491566643
Northern Cyprus,jev,jev,Jev,0,tao_modal_variant,1.2887335216341862,1.2585519285968827
Northern Cyprus,jev,jev,Jev,1,tao_modal_variant,0.4367430258937464,1.4367442780238802
Northern Cyprus,jev,jev,Jev,2,tao_modal_variant,0.9232986870143655,0.9667269933711963
Northern Cyprus,jev,jev,Jev,3,tao_modal_variant,1.2887335216341862,1.2585519285968827
Northern Cyprus,jev,jev,Jev,4,tao_modal_variant,0.8375245959525703,0.961442665320721
Northern Cyprus,jev,jev,Jev,5,tao_modal_variant,0.7566042169364232,-0.11504191105265617
Northern Cyprus,jev,jev,Jev,6,tao_modal_variant,0.802177860513567,1.7285692132495662
Northern Cyprus,jev,jev,Jev,7,tao_modal_variant,-0.16714651412062986,1.3167068867361793
Northern Cyprus,jev,jev,Jev,8,tao_modal_variant,0.3558226468775992,0.36025970165050286
Northern Cyprus,jev,jev,Jev,9,tao_modal_variant,2.051136201967708,1.3300048491566643
Northern Ireland,jev,jev,Jev,0,tao_modal_variant,1.5645805408470892,1.8000221338093483
Northern Ireland,jev,jev,Jev,1,tao_modal_variant,1.5645805408470892,1.8000221338093483
Northern Ireland,jev,jev,Jev,2,tao_modal_variant,1.8816068214853798,1.7028531923535095
Northern Ireland,jev,jev,Jev,3,tao_modal_variant,1.5645805408470892,1.8000221338093483
Northern Ireland,jev,jev,Jev,4,tao_modal_variant,1.5645805408470892,1.8000221338093483
Northern Ireland,jev,jev,Jev,5,tao_modal_variant,1.5645805408470892,1.8000221338093483
Northern Ireland,jev,jev,Jev,6,tao_modal_variant,1.5645805408470892,1.8000221338093483
Northern Ireland,jev,jev,Jev,7,tao_modal_variant,1.5645805408470892,1.8000221338093483
Northern Ireland,jev,jev,Jev,8,tao_modal_variant,1.8816068214853798,1.7028531923535095
Northern Ireland,jev,jev,Jev,9,tao_modal_variant,3.085970333303114,0.6603653535418276
Norway,jev,jev,Jev,0,tao_modal_variant,4.60558587694305,1.3510762927094335
Norway,jev,jev,Jev,1,tao_modal_variant,4.727397488482991,1.4483512711179956
Norway,jev,jev,Jev,2,tao_modal_variant,4.727397488482991,1.4483512711179956
Norway,jev,jev,Jev,3,tao_modal_variant,4.60558587694305,1.3510762927094335
Norway,jev,jev,Jev,4,tao_modal_variant,4.727397488482991,1.4483512711179956
Norway,jev,jev,Jev,5,tao_modal_variant,4.646477109466844,0.3718666947446183
Norway,jev,jev,Jev,6,tao_modal_variant,4.083489193696536,1.6708825471406978
Norway,jev,jev,Jev,7,tao_modal_variant,4.727397488482991,1.4483512711179956
Norway,jev,jev,Jev,8,tao_modal_variant,4.646477109466844,0.3718666947446183
Norway,jev,jev,Jev,9,tao_modal_variant,5.2139531496036104,0.9783339864653117
Pakistan,jev,jev,Jev,0,tao_modal_variant,-1.657569424756069,1.7044727029089215
Pakistan,jev,jev,Jev,1,tao_modal_variant,-1.5793226672385408,0.6389398489930067
Pakistan,jev,jev,Jev,2,tao_modal_variant,-1.2816332860948738,-0.5648992409142053
Pakistan,jev,jev,Jev,3,tao_modal_variant,-1.3598800436124026,0.5006336130017098
Pakistan,jev,jev,Jev,4,tao_modal_variant,-1.7384898037722163,0.6279881265355445
Pakistan,jev,jev,Jev,5,tao_modal_variant,-1.7384898037722163,0.6279881265355445
Pakistan,jev,jev,Jev,6,tao_modal_variant,-1.657569424756069,1.7044727029089215
Pakistan,jev,jev,Jev,7,tao_modal_variant,-1.7384898037722163,0.6279881265355445
Pakistan,jev,jev,Jev,8,tao_modal_variant,-1.4408004226285498,-0.5758509633716675
Pakistan,jev,jev,Jev,9,tao_modal_variant,-1.7384898037722163,0.6279881265355445
Palestine,jev,jev,Jev,0,tao_modal_variant,0.6174786862592646,1.340074952186862
Palestine,jev,jev,Jev,1,tao_modal_variant,0.055521190112032937,1.1236215504548135
Palestine,jev,jev,Jev,2,tao_modal_variant,0.3436924419171782,1.459900269569117
Palestine,jev,jev,Jev,3,tao_modal_variant,0.6174786862592646,1.340074952186862
Palestine,jev,jev,Jev,4,tao_modal_variant,-0.1029919502071126,1.172206021182733
Palestine,jev,jev,Jev,5,tao_modal_variant,0.3436924419171782,1.459900269569117
Palestine,jev,jev,Jev,6,tao_modal_variant,0.3822452623888355,1.877087539361666
Palestine,jev,jev,Jev,7,tao_modal_variant,0.01881966133282753,1.269480999591295
Palestine,jev,jev,Jev,8,tao_modal_variant,0.3436924419171782,1.459900269569117
Palestine,jev,jev,Jev,9,tao_modal_variant,2.379368762489189,1.5090149250606524
Peru,jev,jev,Jev,0,tao_modal_variant,0.8388793892927724,1.582709764113085
Peru,jev,jev,Jev,1,tao_modal_variant,0.3083929068368067,1.170953474552421
Peru,jev,jev,Jev,2,tao_modal_variant,1.1967969024548566,0.506331224692431
Peru,jev,jev,Jev,3,tao_modal_variant,1.1257426486688575,1.7999160968566248
Peru,jev,jev,Jev,4,tao_modal_variant,0.3083929068368067,1.170953474552421
Peru,jev,jev,Jev,5,tao_modal_variant,0.5444988084589507,-0.002700043276795101
Peru,jev,jev,Jev,6,tao_modal_variant,0.5520161299166871,1.365503431369545
Peru,jev,jev,Jev,7,tao_modal_variant,0.1538102906642325,0.48511638355162373
Peru,jev,jev,Jev,8,tao_modal_variant,0.5444988084589507,-0.002700043276795101
Peru,jev,jev,Jev,9,tao_modal_variant,2.287242103589852,0.1563513313274482
Philippines,jev,jev,Jev,0,tao_modal_variant,-0.4448487342622045,0.4145224309560565
Philippines,jev,jev,Jev,1,tao_modal_variant,-0.5257691132783517,-0.6619621454173207
Philippines,jev,jev,Jev,2,tao_modal_variant,-0.48906758449914634,-0.8078215945538023
Philippines,jev,jev,Jev,3,tao_modal_variant,-0.4448487342622045,0.4145224309560565
Philippines,jev,jev,Jev,4,tao_modal_variant,-0.6475807248182918,-0.7592371238258829
Philippines,jev,jev,Jev,5,tao_modal_variant,-0.6475807248182918,-0.7592371238258829
Philippines,jev,jev,Jev,6,tao_modal_variant,-0.4448487342622045,0.4145224309560565
Philippines,jev,jev,Jev,7,tao_modal_variant,-0.9646070054565831,-0.662068182370044
Philippines,jev,jev,Jev,8,tao_modal_variant,-0.6475807248182918,-0.7592371238258829
Philippines,jev,jev,Jev,9,tao_modal_variant,0.4704049658613982,-0.5700983432907644
Poland,jev,jev,Jev,0,tao_modal_variant,1.2475542602087977,1.8971910752651868
Poland,jev,jev,Jev,1,tao_modal_variant,1.0890411198896524,1.9457755459931065
Poland,jev,jev,Jev,2,tao_modal_variant,1.5755967810102711,1.4757582613404225
Poland,jev,jev,Jev,3,tao_modal_variant,1.2475542602087977,1.8971910752651868
Poland,jev,jev,Jev,4,tao_modal_variant,1.2803252648414318,2.4857531878574215
Poland,jev,jev,Jev,5,tao_modal_variant,1.5755967810102711,1.4757582613404225
Poland,jev,jev,Jev,6,tao_modal_variant,1.0890411198896524,1.9457755459931065
Poland,jev,jev,Jev,7,tao_modal_variant,0.6488952352823607,1.8265971226696196
Poland,jev,jev,Jev,8,tao_modal_variant,1.7301793971828454,2.1615953523412195
Poland,jev,jev,Jev,9,tao_modal_variant,3.085970333303114,0.6603653535418276
Portugal,jev,jev,Jev,0,tao_modal_variant,2.928111189198499,0.7684860174551287
Portugal,jev,jev,Jev,1,tao_modal_variant,3.24579146605132,0.7308532691846715
Portugal,jev,jev,Jev,2,tao_modal_variant,3.482551363887994,-0.3832640554591628
Portugal,jev,jev,Jev,3,tao_modal_variant,2.210303338501384,1.3409565716141265
Portugal,jev,jev,Jev,4,tao_modal_variant,3.4894146891312006,0.9254032260017959
Portugal,jev,jev,Jev,5,tao_modal_variant,3.482551363887994,-0.3832640554591628
Portugal,jev,jev,Jev,6,tao_modal_variant,2.210303338501384,1.3409565716141265
Portugal,jev,jev,Jev,7,tao_modal_variant,3.24579146605132,0.7308532691846715
Portugal,jev,jev,Jev,8,tao_modal_variant,3.482551363887994,-0.3832640554591628
Portugal,jev,jev,Jev,9,tao_modal_variant,3.718054359076715,1.3790576119150113
Puerto Rico,jev,jev,Jev,0,tao_modal_variant,1.0310544695795698,-0.47271732792947885
Puerto Rico,jev,jev,Jev,1,tao_modal_variant,1.748862320276685,-1.0451878820884768
Puerto Rico,jev,jev,Jev,2,tao_modal_variant,1.748862320276685,-1.0451878820884768
Puerto Rico,jev,jev,Jev,3,tao_modal_variant,1.748862320276685,-1.0451878820884768
Puerto Rico,jev,jev,Jev,4,tao_modal_variant,1.748862320276685,-1.0451878820884768
Puerto Rico,jev,jev,Jev,5,tao_modal_variant,1.748862320276685,-1.0451878820884768
Puerto Rico,jev,jev,Jev,6,tao_modal_variant,1.748862320276685,-1.0451878820884768
Puerto Rico,jev,jev,Jev,7,tao_modal_variant,1.748862320276685,-1.0451878820884768
Puerto Rico,jev,jev,Jev,8,tao_modal_variant,2.1142971548965055,-0.7533629468627904
Puerto Rico,jev,jev,Jev,9,tao_modal_variant,2.7181866949108815,-0.6333255555750894
Romania,jev,jev,Jev,0,tao_modal_variant,1.7341099213294169,1.427173790612503
Romania,jev,jev,Jev,1,tao_modal_variant,1.453785169470331,1.3784832829318603
Romania,jev,jev,Jev,2,tao_modal_variant,1.5755967810102711,1.4757582613404225
Romania,jev,jev,Jev,3,tao_modal_variant,1.5755967810102711,1.4757582613404225
Romania,jev,jev,Jev,4,tao_modal_variant,1.3146089286458105,2.5337379021111532
Romania,jev,jev,Jev,5,tao_modal_variant,1.5755967810102711,1.4757582613404225
Romania,jev,jev,Jev,6,tao_modal_variant,1.5755967810102711,1.4757582613404225
Romania,jev,jev,Jev,7,tao_modal_variant,0.8390695076883739,2.679491314294911
Romania,jev,jev,Jev,8,tao_modal_variant,1.5755967810102711,1.4757582613404225
Romania,jev,jev,Jev,9,tao_modal_variant,2.368162482605999,1.2328359077008255
Russia,jev,jev,Jev,0,tao_modal_variant,0.33056896370270156,1.139901063704608
Russia,jev,jev,Jev,1,tao_modal_variant,0.0328795825590355,2.34374015361182
Russia,jev,jev,Jev,2,tao_modal_variant,0.0328795825590355,2.34374015361182
Russia,jev,jev,Jev,3,tao_modal_variant,0.0328795825590355,2.34374015361182
Russia,jev,jev,Jev,4,tao_modal_variant,0.1920467190927111,2.354691876069282
Russia,jev,jev,Jev,5,tao_modal_variant,-0.28414669807925563,2.4409090950676586
Russia,jev,jev,Jev,6,tao_modal_variant,0.0328795825590355,2.34374015361182
Russia,jev,jev,Jev,7,tao_modal_variant,0.0328795825590355,2.34374015361182
Russia,jev,jev,Jev,8,tao_modal_variant,-0.28414669807925563,2.4409090950676586
Russia,jev,jev,Jev,9,tao_modal_variant,0.9344585037170778,1.2599384549923092
Rwanda,jev,jev,Jev,0,tao_modal_variant,-0.4802422706123498,0.6794542664633013
Rwanda,jev,jev,Jev,1,tao_modal_variant,-0.12367955079046744,-1.0181913717497162
Rwanda,jev,jev,Jev,2,tao_modal_variant,-0.24549116233040758,-1.1154663501582784
Rwanda,jev,jev,Jev,3,tao_modal_variant,-0.48417279475892105,1.413875828192018
Rwanda,jev,jev,Jev,4,tao_modal_variant,-0.12367955079046744,-1.0181913717497162
Rwanda,jev,jev,Jev,5,tao_modal_variant,-0.0018679392505272507,-0.920916393341154
Rwanda,jev,jev,Jev,6,tao_modal_variant,-0.4802422706123498,0.6794542664633013
Rwanda,jev,jev,Jev,7,tao_modal_variant,-0.8414874014875827,-0.4457208175907185
Rwanda,jev,jev,Jev,8,tao_modal_variant,-0.9632990130275229,-0.5429957959992807
Rwanda,jev,jev,Jev,9,tao_modal_variant,1.0964605506551393,-0.1837270701709261
Serbia,jev,jev,Jev,0,tao_modal_variant,1.5755967810102711,1.4757582613404225
Serbia,jev,jev,Jev,1,tao_modal_variant,1.1257426486688575,1.7999160968566248
Serbia,jev,jev,Jev,2,tao_modal_variant,1.5755967810102711,1.4757582613404225
Serbia,jev,jev,Jev,3,tao_modal_variant,1.0890411198896524,1.9457755459931065
Serbia,jev,jev,Jev,4,tao_modal_variant,0.3826768678299608,2.835133324748216
Serbia,jev,jev,Jev,5,tao_modal_variant,1.1669219100942458,1.1612769501883204
Serbia,jev,jev,Jev,6,tao_modal_variant,0.7913517387459862,3.149614635900318
Serbia,jev,jev,Jev,7,tao_modal_variant,0.8280532675251915,3.003755186763837
Serbia,jev,jev,Jev,8,tao_modal_variant,1.5755967810102711,1.4757582613404225
Serbia,jev,jev,Jev,9,tao_modal_variant,2.368162482605999,1.2328359077008255
Singapore,jev,jev,Jev,0,tao_modal_variant,1.9653621109059127,1.324720521106189
Singapore,jev,jev,Jev,1,tao_modal_variant,2.12780577537163,0.5417144886495532
Singapore,jev,jev,Jev,2,tao_modal_variant,2.5341318425152437,-0.14567017408957567
Singapore,jev,jev,Jev,3,tao_modal_variant,1.8068489705867674,1.3733049918341085
Singapore,jev,jev,Jev,4,tao_modal_variant,1.8890262522508672,-0.42664942381052284
Singapore,jev,jev,Jev,5,tao_modal_variant,2.0468853963554827,-0.534770087723824
Singapore,jev,jev,Jev,6,tao_modal_variant,1.8068489705867674,1.3733049918341085
Singapore,jev,jev,Jev,7,tao_modal_variant,1.7298591157171916,-0.4376011462679851
Singapore,jev,jev,Jev,8,tao_modal_variant,2.0468853963554827,-0.534770087723824
Singapore,jev,jev,Jev,9,tao_modal_variant,2.518494293166348,0.053898061821134234
Slovakia,jev,jev,Jev,0,tao_modal_variant,1.7341099213294169,1.427173790612503
Slovakia,jev,jev,Jev,1,tao_modal_variant,1.7341099213294169,1.427173790612503
Slovakia,jev,jev,Jev,2,tao_modal_variant,2.051136201967708,1.3300048491566643
Slovakia,jev,jev,Jev,3,tao_modal_variant,1.2475542602087977,1.8971910752651868
Slovakia,jev,jev,Jev,4,tao_modal_variant,1.2475542602087977,1.8971910752651868
Slovakia,jev,jev,Jev,5,tao_modal_variant,1.7341099213294169,1.427173790612503
Slovakia,jev,jev,Jev,6,tao_modal_variant,1.2475542602087977,1.8971910752651868
Slovakia,jev,jev,Jev,7,tao_modal_variant,1.7341099213294169,1.427173790612503
Slovakia,jev,jev,Jev,8,tao_modal_variant,2.051136201967708,1.3300048491566643
Slovakia,jev,jev,Jev,9,tao_modal_variant,3.085970333303114,0.6603653535418276
Slovenia,jev,jev,Jev,0,tao_modal_variant,3.1717344122783793,0.963035974272253
Slovenia,jev,jev,Jev,1,tao_modal_variant,3.1717344122783793,0.963035974272253
Slovenia,jev,jev,Jev,2,tao_modal_variant,3.573216779462875,1.0494652671760762
Slovenia,jev,jev,Jev,3,tao_modal_variant,3.1717344122783793,0.963035974272253
Slovenia,jev,jev,Jev,4,tao_modal_variant,3.3263170284509536,1.6488730652730499
Slovenia,jev,jev,Jev,5,tao_modal_variant,3.573870775677405,1.1090014603614577
Slovenia,jev,jev,Jev,6,tao_modal_variant,3.1717344122783793,0.963035974272253
Slovenia,jev,jev,Jev,7,tao_modal_variant,3.3263170284509536,1.6488730652730499
Slovenia,jev,jev,Jev,8,tao_modal_variant,3.256190498824584,1.146634208631915
Slovenia,jev,jev,Jev,9,tao_modal_variant,4.046133668702801,1.7572058030917976
South Africa,jev,jev,Jev,0,tao_modal_variant,1.5645805408470892,1.8000221338093483
South Africa,jev,jev,Jev,1,tao_modal_variant,1.5645805408470892,1.8000221338093483
South Africa,jev,jev,Jev,2,tao_modal_variant,1.8816068214853798,1.7028531923535095
South Africa,jev,jev,Jev,3,tao_modal_variant,1.5645805408470892,1.8000221338093483
South Africa,jev,jev,Jev,4,tao_modal_variant,1.7237476773807647,1.8109738562668103
South Africa,jev,jev,Jev,5,tao_modal_variant,1.8816068214853798,1.7028531923535095
South Africa,jev,jev,Jev,6,tao_modal_variant,1.0890411198896524,1.9457755459931065
South Africa,jev,jev,Jev,7,tao_modal_variant,1.6019360658408242,1.7136988778582485
South Africa,jev,jev,Jev,8,tao_modal_variant,1.5645805408470892,1.8000221338093483
South Africa,jev,jev,Jev,9,tao_modal_variant,2.040773958019056,1.7138049148109715
South Korea,jev,jev,Jev,0,tao_modal_variant,2.248242860819342,2.2958561849614707
South Korea,jev,jev,Jev,1,tao_modal_variant,1.9505534796756763,3.499695274868683
South Korea,jev,jev,Jev,2,tao_modal_variant,2.2950186046456045,1.4256262188741708
South Korea,jev,jev,Jev,3,tao_modal_variant,1.6374577231839567,2.862442654595805
South Korea,jev,jev,Jev,4,tao_modal_variant,1.9505534796756763,3.499695274868683
South Korea,jev,jev,Jev,5,tao_modal_variant,2.008155345269519,1.208419886130631
South Korea,jev,jev,Jev,6,tao_modal_variant,1.6374577231839567,2.862442654595805
South Korea,jev,jev,Jev,7,tao_modal_variant,1.9505534796756763,3.499695274868683
South Korea,jev,jev,Jev,8,tao_modal_variant,1.8496422049503738,1.2570043568585503
South Korea,jev,jev,Jev,9,tao_modal_variant,3.171993591876395,0.8641073871726356
Spain,jev,jev,Jev,0,tao_modal_variant,2.4539265615812638,1.5355065284312506
Spain,jev,jev,Jev,1,tao_modal_variant,3.9243220571628603,1.6599308246832358
Spain,jev,jev,Jev,2,tao_modal_variant,4.046133668702801,1.7572058030917976
Spain,jev,jev,Jev,3,tao_modal_variant,3.1717344122783793,0.963035974272253
Spain,jev,jev,Jev,4,tao_modal_variant,3.9243220571628603,1.6599308246832358
Spain,jev,jev,Jev,5,tao_modal_variant,4.205300805236476,1.76815752554926
Spain,jev,jev,Jev,6,tao_modal_variant,3.1717344122783793,0.963035974272253
Spain,jev,jev,Jev,7,tao_modal_variant,3.765808916843715,1.7085152954111549
Spain,jev,jev,Jev,8,tao_modal_variant,4.050718189063901,1.082320434548463
Spain,jev,jev,Jev,9,tao_modal_variant,4.205300805236476,1.76815752554926
Sweden,jev,jev,Jev,0,tao_modal_variant,4.727397488482991,1.4483512711179956
Sweden,jev,jev,Jev,1,tao_modal_variant,4.727397488482991,1.4483512711179956
Sweden,jev,jev,Jev,2,tao_modal_variant,4.886564625016666,1.4593029935754578
Sweden,jev,jev,Jev,3,tao_modal_variant,4.727397488482991,1.4483512711179956
Sweden,jev,jev,Jev,4,tao_modal_variant,4.727397488482991,1.4483512711179956
Sweden,jev,jev,Jev,5,tao_modal_variant,4.886564625016666,1.4593029935754578
Sweden,jev,jev,Jev,6,tao_modal_variant,4.727397488482991,1.4483512711179956
Sweden,jev,jev,Jev,7,tao_modal_variant,4.727397488482991,1.4483512711179956
Sweden,jev,jev,Jev,8,tao_modal_variant,4.727397488482991,1.4483512711179956
Sweden,jev,jev,Jev,9,tao_modal_variant,5.3731202861372855,0.989285708922774
Switzerland,jev,jev,Jev,0,tao_modal_variant,3.1240166433359917,1.43315929587766
Switzerland,jev,jev,Jev,1,tao_modal_variant,3.6105723044566105,0.9631420112249763
Switzerland,jev,jev,Jev,2,tao_modal_variant,3.7323839159965506,1.0604169896335383
Switzerland,jev,jev,Jev,3,tao_modal_variant,3.1240166433359917,1.43315929587766
Switzerland,jev,jev,Jev,4,tao_modal_variant,3.6105723044566105,0.9631420112249763
Switzerland,jev,jev,Jev,5,tao_modal_variant,3.9697978100477544,0.005835858175085576
Switzerland,jev,jev,Jev,6,tao_modal_variant,3.6105723044566105,0.9631420112249763
Switzerland,jev,jev,Jev,7,tao_modal_variant,3.769739440990286,0.9740937336824386
Switzerland,jev,jev,Jev,8,tao_modal_variant,3.9697978100477544,0.005835858175085576
Switzerland,jev,jev,Jev,9,tao_modal_variant,4.205300805236476,1.76815752554926
Taiwan ROC,jev,jev,Jev,0,tao_modal_variant,2.6975497846611445,1.7300564852483749
Taiwan ROC,jev,jev,Jev,1,tao_modal_variant,2.6975497846611445,1.7300564852483749
Taiwan ROC,jev,jev,Jev,2,tao_modal_variant,2.8521324008337188,2.4158935762491716
Taiwan ROC,jev,jev,Jev,3,tao_modal_variant,2.6975497846611445,1.7300564852483749
Taiwan ROC,jev,jev,Jev,4,tao_modal_variant,2.8521324008337188,2.4158935762491716
Taiwan ROC,jev,jev,Jev,5,tao_modal_variant,3.569940251530834,1.8434230220901742
Taiwan ROC,jev,jev,Jev,6,tao_modal_variant,2.6975497846611445,1.7300564852483749
Taiwan ROC,jev,jev,Jev,7,tao_modal_variant,2.8521324008337188,2.4158935762491716
Taiwan ROC,jev,jev,Jev,8,tao_modal_variant,3.4153576353582595,1.1575859310893772
Taiwan ROC,jev,jev,Jev,9,tao_modal_variant,4.373522193289744,1.2762367959816514
Thailand,jev,jev,Jev,0,tao_modal_variant,0.5192451252840531,0.7769413187773101
Thailand,jev,jev,Jev,1,tao_modal_variant,0.5192451252840531,0.7769413187773101
Thailand,jev,jev,Jev,2,tao_modal_variant,0.7553510269061969,-0.39671219905190597
Thailand,jev,jev,Jev,3,tao_modal_variant,0.5192451252840531,0.7769413187773101
Thailand,jev,jev,Jev,4,tao_modal_variant,0.6819479693477861,-0.10499330077894282
Thailand,jev,jev,Jev,5,tao_modal_variant,0.7553510269061969,-0.39671219905190597
Thailand,jev,jev,Jev,6,tao_modal_variant,0.3607319849649075,0.8255257895052296
Thailand,jev,jev,Jev,7,tao_modal_variant,0.6819479693477861,-0.10499330077894282
Thailand,jev,jev,Jev,8,tao_modal_variant,0.7553510269061969,-0.39671219905190597
Thailand,jev,jev,Jev,9,tao_modal_variant,2.641247929822413,0.5512796847115888
Trinidad and Tobago,jev,jev,Jev,0,tao_modal_variant,0.5153146011374818,1.5113628805060269
Trinidad and Tobago,jev,jev,Jev,1,tao_modal_variant,-0.08562322867106026,-0.5427837220938342
Trinidad and Tobago,jev,jev,Jev,2,tao_modal_variant,0.4343942221213346,0.43487830413264933
Trinidad and Tobago,jev,jev,Jev,3,tao_modal_variant,0.5153146011374818,1.5113628805060269
Trinidad and Tobago,jev,jev,Jev,4,tao_modal_variant,-0.4026495093093513,-0.44561478063799526
Trinidad and Tobago,jev,jev,Jev,5,tao_modal_variant,0.27981160594876037,-0.25095878686814765
Trinidad and Tobago,jev,jev,Jev,6,tao_modal_variant,0.802177860513567,1.7285692132495662
Trinidad and Tobago,jev,jev,Jev,7,tao_modal_variant,-0.4026495093093513,-0.44561478063799526
Trinidad and Tobago,jev,jev,Jev,8,tao_modal_variant,0.4343942221213346,0.43487830413264933
Trinidad and Tobago,jev,jev,Jev,9,tao_modal_variant,1.4946764019941239,0.3992736849670452
Tunisia,jev,jev,Jev,0,tao_modal_variant,0.47857628353366477,0.8576413245409578
Tunisia,jev,jev,Jev,1,tao_modal_variant,0.2310225363072131,1.3975129294525495
Tunisia,jev,jev,Jev,2,tao_modal_variant,0.07250939598806755,1.446097400180469
Tunisia,jev,jev,Jev,3,tao_modal_variant,0.3194091469999891,0.8466896020834954
Tunisia,jev,jev,Jev,4,tao_modal_variant,0.47464575938709347,1.5920628862696737
Tunisia,jev,jev,Jev,5,tao_modal_variant,0.07250939598806755,1.446097400180469
Tunisia,jev,jev,Jev,6,tao_modal_variant,0.1608960066808435,0.8952740728114148
Tunisia,jev,jev,Jev,7,tao_modal_variant,0.3528341478471533,1.4947879078611115
Tunisia,jev,jev,Jev,8,tao_modal_variant,0.07250939598806755,1.446097400180469
Tunisia,jev,jev,Jev,9,tao_modal_variant,0.993425216640735,1.468965850012331
Turkey,jev,jev,Jev,0,tao_modal_variant,-0.16714651412062986,1.3167068867361793
Turkey,jev,jev,Jev,1,tao_modal_variant,-0.16714651412062986,1.3167068867361793
Turkey,jev,jev,Jev,2,tao_modal_variant,-0.005134455096038493,-0.4243449311070062
Turkey,jev,jev,Jev,3,tao_modal_variant,-0.16714651412062986,1.3167068867361793
Turkey,jev,jev,Jev,4,tao_modal_variant,-0.4648358952642959,2.520545976643391
Turkey,jev,jev,Jev,5,tao_modal_variant,-0.4916901162166575,0.04567235354567763
Turkey,jev,jev,Jev,6,tao_modal_variant,-0.16714651412062986,1.3167068867361793
Turkey,jev,jev,Jev,7,tao_modal_variant,-0.5866475068042359,2.4232709982348286
Turkey,jev,jev,Jev,8,tao_modal_variant,-0.4916901162166575,0.04567235354567763
Turkey,jev,jev,Jev,9,tao_modal_variant,1.2887335216341862,1.2585519285968827
Ukraine,jev,jev,Jev,0,tao_modal_variant,0.8650139759024132,2.7589671505277376
Ukraine,jev,jev,Jev,1,tao_modal_variant,1.024181112436089,2.7699188729852002
Ukraine,jev,jev,Jev,2,tao_modal_variant,1.3515696370230326,2.288949865875054
Ukraine,jev,jev,Jev,3,tao_modal_variant,0.8650139759024132,2.7589671505277376
Ukraine,jev,jev,Jev,4,tao_modal_variant,1.024181112436089,2.7699188729852002
Ukraine,jev,jev,Jev,5,tao_modal_variant,1.510736773556708,2.2999015883325162
Ukraine,jev,jev,Jev,6,tao_modal_variant,0.9459343549185605,3.8354517269011144
Ukraine,jev,jev,Jev,7,tao_modal_variant,0.5853432202578577,2.769812836032477
Ukraine,jev,jev,Jev,8,tao_modal_variant,1.3515696370230326,2.288949865875054
Ukraine,jev,jev,Jev,9,tao_modal_variant,2.3033024751524356,2.0569792346929194
United Kingdom,jev,jev,Jev,0,tao_modal_variant,2.4062087926388767,2.0056298500366583
United Kingdom,jev,jev,Jev,1,tao_modal_variant,3.0501170874253307,1.7830985740139558
United Kingdom,jev,jev,Jev,2,tao_modal_variant,4.095313462709389,0.7296590127448119
United Kingdom,jev,jev,Jev,3,tao_modal_variant,3.329087045944215,1.2105219829022347
United Kingdom,jev,jev,Jev,4,tao_modal_variant,3.646113326582506,1.113353041446396
United Kingdom,jev,jev,Jev,5,tao_modal_variant,3.573216779462875,1.0494652671760762
United Kingdom,jev,jev,Jev,6,tao_modal_variant,3.2935460238183194,1.060310952680815
United Kingdom,jev,jev,Jev,7,tao_modal_variant,3.767924938122446,1.210628019854958
United Kingdom,jev,jev,Jev,8,tao_modal_variant,3.573216779462875,1.0494652671760762
United Kingdom,jev,jev,Jev,9,tao_modal_variant,4.727397488482991,1.4483512711179956
United States,jev,jev,Jev,0,tao_modal_variant,2.5732328852142223,1.0101985947254002
United States,jev,jev,Jev,1,tao_modal_variant,2.5732328852142223,1.0101985947254002
United States,jev,jev,Jev,2,tao_modal_variant,3.762649632722203,1.0263961901113605
United States,jev,jev,Jev,3,tao_modal_variant,2.5732328852142223,1.0101985947254002
United States,jev,jev,Jev,4,tao_modal_variant,2.7278155013867966,1.696035685726197
United States,jev,jev,Jev,5,tao_modal_variant,3.762649632722203,1.0263961901113605
United States,jev,jev,Jev,6,tao_modal_variant,2.5732328852142223,1.0101985947254002
United States,jev,jev,Jev,7,tao_modal_variant,2.5732328852142223,1.0101985947254002
United States,jev,jev,Jev,8,tao_modal_variant,3.085970333303114,0.6603653535418276
United States,jev,jev,Jev,9,tao_modal_variant,4.249205293842823,0.5563789054586765
Uruguay,jev,jev,Jev,0,tao_modal_variant,2.210303338501384,1.3409565716141265
Uruguay,jev,jev,Jev,1,tao_modal_variant,2.7716068384340855,1.4978737801607935
Uruguay,jev,jev,Jev,2,tao_modal_variant,2.5273296191396746,1.2437876301582877
Uruguay,jev,jev,Jev,3,tao_modal_variant,2.210303338501384,1.3409565716141265
Uruguay,jev,jev,Jev,4,tao_modal_variant,2.4539265615812638,1.5355065284312506
Uruguay,jev,jev,Jev,5,tao_modal_variant,3.482551363887994,-0.3832640554591628
Uruguay,jev,jev,Jev,6,tao_modal_variant,2.210303338501384,1.3409565716141265
Uruguay,jev,jev,Jev,7,tao_modal_variant,2.930773974967761,1.5088255026182558
Uruguay,jev,jev,Jev,8,tao_modal_variant,3.482551363887994,-0.3832640554591628
Uruguay,jev,jev,Jev,9,tao_modal_variant,3.563471742904141,0.6932205209142144
Venezuela,jev,jev,Jev,0,tao_modal_variant,-0.0668892356098576,3.4998616115609287
Venezuela,jev,jev,Jev,1,tao_modal_variant,0.2462065208818623,4.137114231833807
Venezuela,jev,jev,Jev,2,tao_modal_variant,0.6590710955424752,3.618245394157575
Venezuela,jev,jev,Jev,3,tao_modal_variant,-0.14780961462600473,2.423377035187552
Venezuela,jev,jev,Jev,4,tao_modal_variant,0.2462065208818623,4.137114231833807
Venezuela,jev,jev,Jev,5,tao_modal_variant,0.37220783616639014,3.4010390614140347
Venezuela,jev,jev,Jev,6,tao_modal_variant,0.298545599009963,3.791686546786616
Venezuela,jev,jev,Jev,7,tao_modal_variant,-0.06295871146328652,2.765440049832213
Venezuela,jev,jev,Jev,8,tao_modal_variant,0.37220783616639014,3.4010390614140347
Venezuela,jev,jev,Jev,9,tao_modal_variant,2.2250557176349073,3.122512088608834
Vietnam,jev,jev,Jev,0,tao_modal_variant,1.0503856039545487,1.2482338015233558
Vietnam,jev,jev,Jev,1,tao_modal_variant,0.9694652249384015,0.17174922514997853
Vietnam,jev,jev,Jev,2,tao_modal_variant,1.213088448018282,0.3662991819671028
Vietnam,jev,jev,Jev,3,tao_modal_variant,0.6475952443409927,1.0427321222487693
Vietnam,jev,jev,Jev,4,tao_modal_variant,0.9694652249384015,0.17174922514997853
Vietnam,jev,jev,Jev,5,tao_modal_variant,1.213088448018282,0.3662991819671028
Vietnam,jev,jev,Jev,6,tao_modal_variant,0.6475952443409927,1.0427321222487693
Vietnam,jev,jev,Jev,7,tao_modal_variant,0.9694652249384015,0.17174922514997853
Vietnam,jev,jev,Jev,8,tao_modal_variant,1.213088448018282,0.3662991819671028
Vietnam,jev,jev,Jev,9,tao_modal_variant,1.6428272983646175,0.7344892798934332
Yemen,jev,jev,Jev,0,tao_modal_variant,-1.657569424756069,1.7044727029089215
Yemen,jev,jev,Jev,1,tao_modal_variant,-1.955258805899735,2.908311792816134
Yemen,jev,jev,Jev,2,tao_modal_variant,-2.0361791849158823,1.8318272164427563
Yemen,jev,jev,Jev,3,tao_modal_variant,-1.657569424756069,1.7044727029089215
Yemen,jev,jev,Jev,4,tao_modal_variant,-1.955258805899735,2.908311792816134
Yemen,jev,jev,Jev,5,tao_modal_variant,-2.195346321449558,1.820875493985294
Yemen,jev,jev,Jev,6,tao_modal_variant,-1.657569424756069,1.7044727029089215
Yemen,jev,jev,Jev,7,tao_modal_variant,-1.955258805899735,2.908311792816134
Yemen,jev,jev,Jev,8,tao_modal_variant,-2.195346321449558,1.820875493985294
Yemen,jev,jev,Jev,9,tao_modal_variant,-1.7960916693660596,2.9192635152735957
Zambia,jev,jev,Jev,0,tao_modal_variant,-0.32172913029320416,0.6308697957353819
Zambia,jev,jev,Jev,1,tao_modal_variant,-0.5653523533730846,0.4363198389182577
Zambia,jev,jev,Jev,2,tao_modal_variant,-0.9632990130275229,-0.5429957959992807
Zambia,jev,jev,Jev,3,tao_modal_variant,-0.16714651412062986,1.3167068867361793
Zambia,jev,jev,Jev,4,tao_modal_variant,-0.5653523533730846,0.4363198389182577
Zambia,jev,jev,Jev,5,tao_modal_variant,-0.9632990130275229,-0.5429957959992807
Zambia,jev,jev,Jev,6,tao_modal_variant,-0.16714651412062986,1.3167068867361793
Zambia,jev,jev,Jev,7,tao_modal_variant,-0.5653523533730846,0.4363198389182577
Zambia,jev,jev,Jev,8,tao_modal_variant,-0.47674335190690376,-1.0130130806519644
Zambia,jev,jev,Jev,9,tao_modal_variant,0.5987550849183378,-0.3043075398193052
Zimbabwe,jev,jev,Jev,0,tao_modal_variant,-0.4648358952642959,2.520545976643391
Zimbabwe,jev,jev,Jev,1,tao_modal_variant,-0.4648358952642959,2.520545976643391
Zimbabwe,jev,jev,Jev,2,tao_modal_variant,-0.7084591183441763,2.325996019826267
Zimbabwe,jev,jev,Jev,3,tao_modal_variant,-0.4648358952642959,2.520545976643391
Zimbabwe,jev,jev,Jev,4,tao_modal_variant,-0.7779316517560159,1.883293356370513
Zimbabwe,jev,jev,Jev,5,tao_modal_variant,-1.1800680151550416,1.7373278702813082
Zimbabwe,jev,jev,Jev,6,tao_modal_variant,-0.4648358952642959,2.520545976643391
Zimbabwe,jev,jev,Jev,7,tao_modal_variant,-0.7412301229768105,1.7374339072340317
Zimbabwe,jev,jev,Jev,8,tao_modal_variant,-1.0254853989824673,2.4231649612821053
Zimbabwe,jev,jev,Jev,9,tao_modal_variant,0.99104414049052,2.462391018504094
__DEFAULT__,jev,jev,Jev,0,tao_modal_variant,2.2823883915442043,1.2275515796503502
__DEFAULT__,jev,jev,Jev,1,tao_modal_variant,2.2823883915442043,1.2275515796503502
__DEFAULT__,jev,jev,Jev,2,tao_modal_variant,3.085970333303114,0.6603653535418276
__DEFAULT__,jev,jev,Jev,3,tao_modal_variant,2.2823883915442043,1.2275515796503502
__DEFAULT__,jev,jev,Jev,4,tao_modal_variant,2.8044850747907186,0.9077453252190861
__DEFAULT__,jev,jev,Jev,5,tao_modal_variant,3.085970333303114,0.6603653535418276
__DEFAULT__,jev,jev,Jev,6,tao_modal_variant,1.8068489705867674,1.3733049918341085
__DEFAULT__,jev,jev,Jev,7,tao_modal_variant,2.8044850747907186,0.9077453252190861
__DEFAULT__,jev,jev,Jev,8,tao_modal_variant,3.085970333303114,0.6603653535418276
__DEFAULT__,jev,jev,Jev,9,tao_modal_variant,4.411046051875116,2.709348058205431
Albania,openai,gpt4o_anchor,GPT-4o historical-generation anchor,0,tao_modal_variant,0.3662916785411699,-0.2056460350153166
Albania,openai,gpt4o_anchor,GPT-4o historical-generation anchor,1,tao_modal_variant,2.1326594874172775,-0.5294857596733489
Albania,openai,gpt4o_anchor,GPT-4o historical-generation anchor,2,tao_modal_variant,1.5236014297175764,-1.0158606517161595
Albania,openai,gpt4o_anchor,GPT-4o historical-generation anchor,3,tao_modal_variant,0.24448006700122973,-0.3029210134238788
Albania,openai,gpt4o_anchor,GPT-4o historical-generation anchor,4,tao_modal_variant,0.07942841916508475,-0.42285236775885643
Albania,openai,gpt4o_anchor,GPT-4o historical-generation anchor,5,tao_modal_variant,1.2367381703414915,-1.2330669844596993
Albania,openai,gpt4o_anchor,GPT-4o historical-generation anchor,6,tao_modal_variant,0.44417246874576355,-0.9901446308201023
Albania,openai,gpt4o_anchor,GPT-4o historical-generation anchor,7,tao_modal_variant,-0.04238319237485544,-0.5201273461674186
Albania,openai,gpt4o_anchor,GPT-4o historical-generation anchor,8,tao_modal_variant,1.5236014297175764,-1.0158606517161595
Albania,openai,gpt4o_anchor,GPT-4o historical-generation anchor,9,tao_modal_variant,1.5236014297175764,-1.0158606517161595
Algeria,openai,gpt4o_anchor,GPT-4o historical-generation anchor,0,tao_modal_variant,-1.5999675591622258,-0.5868026858291299
Algeria,openai,gpt4o_anchor,GPT-4o historical-generation anchor,1,tao_modal_variant,-1.3131042997861404,-0.36959635308559
Algeria,openai,gpt4o_anchor,GPT-4o historical-generation anchor,2,tao_modal_variant,-0.8265486386655213,-0.8396136377382737
Algeria,openai,gpt4o_anchor,GPT-4o historical-generation anchor,3,tao_modal_variant,-1.5999675591622258,-0.5868026858291299
Algeria,openai,gpt4o_anchor,GPT-4o historical-generation anchor,4,tao_modal_variant,-1.5999675591622258,-0.5868026858291299
Algeria,openai,gpt4o_anchor,GPT-4o historical-generation anchor,5,tao_modal_variant,-1.1134118980416066,-1.0568199704818135
Algeria,openai,gpt4o_anchor,GPT-4o historical-generation anchor,6,tao_modal_variant,-1.1134118980416066,-1.0568199704818135
Algeria,openai,gpt4o_anchor,GPT-4o historical-generation anchor,7,tao_modal_variant,-1.1134118980416066,-1.0568199704818135
Algeria,openai,gpt4o_anchor,GPT-4o historical-generation anchor,8,tao_modal_variant,-1.1134118980416066,-1.0568199704818135
Algeria,openai,gpt4o_anchor,GPT-4o historical-generation anchor,9,tao_modal_variant,-0.6673815021318455,-0.8286619152808115
Andorra,openai,gpt4o_anchor,GPT-4o historical-generation anchor,0,tao_modal_variant,2.4303488685609436,-1.7333248495805607
Andorra,openai,gpt4o_anchor,GPT-4o historical-generation anchor,1,tao_modal_variant,2.4303488685609436,-1.7333248495805607
Andorra,openai,gpt4o_anchor,GPT-4o historical-generation anchor,2,tao_modal_variant,2.307846471981861,-2.689717026276055
Andorra,openai,gpt4o_anchor,GPT-4o historical-generation anchor,3,tao_modal_variant,2.4303488685609436,-1.7333248495805607
Andorra,openai,gpt4o_anchor,GPT-4o historical-generation anchor,4,tao_modal_variant,3.1481567192580586,-2.305795403739558
Andorra,openai,gpt4o_anchor,GPT-4o historical-generation anchor,5,tao_modal_variant,2.4303488685609436,-1.7333248495805607
Andorra,openai,gpt4o_anchor,GPT-4o historical-generation anchor,6,tao_modal_variant,2.4303488685609436,-1.7333248495805607
Andorra,openai,gpt4o_anchor,GPT-4o historical-generation anchor,7,tao_modal_variant,2.4303488685609436,-1.7333248495805607
Andorra,openai,gpt4o_anchor,GPT-4o historical-generation anchor,8,tao_modal_variant,3.1481567192580586,-2.305795403739558
Andorra,openai,gpt4o_anchor,GPT-4o historical-generation anchor,9,tao_modal_variant,2.388985776544274,-3.305994470264902
Argentina,openai,gpt4o_anchor,GPT-4o historical-generation anchor,0,tao_modal_variant,1.346211000942106,0.8258308149381182
Argentina,openai,gpt4o_anchor,GPT-4o historical-generation anchor,1,tao_modal_variant,1.8683076841886206,0.5060245605068542
Argentina,openai,gpt4o_anchor,GPT-4o historical-generation anchor,2,tao_modal_variant,2.504976230323323,0.5498314503367031
Argentina,openai,gpt4o_anchor,GPT-4o historical-generation anchor,3,tao_modal_variant,1.4680226124820464,0.9231057933466803
Argentina,openai,gpt4o_anchor,GPT-4o historical-generation anchor,4,tao_modal_variant,2.111930907268501,0.7005745173239782
Argentina,openai,gpt4o_anchor,GPT-4o historical-generation anchor,5,tao_modal_variant,1.5145471781979842,-0.512988199691089
Argentina,openai,gpt4o_anchor,GPT-4o historical-generation anchor,6,tao_modal_variant,1.346211000942106,0.8258308149381182
Argentina,openai,gpt4o_anchor,GPT-4o historical-generation anchor,7,tao_modal_variant,1.8683076841886206,0.5060245605068542
Argentina,openai,gpt4o_anchor,GPT-4o historical-generation anchor,8,tao_modal_variant,3.1300541360539325,-1.134976646680655
Argentina,openai,gpt4o_anchor,GPT-4o historical-generation anchor,9,tao_modal_variant,3.1506990279776175,0.09076588814148148
Armenia,openai,gpt4o_anchor,GPT-4o historical-generation anchor,0,tao_modal_variant,-0.04238319237485544,-0.5201273461674186
Armenia,openai,gpt4o_anchor,GPT-4o historical-generation anchor,1,tao_modal_variant,0.09698316684526653,-0.5786004151648849
Armenia,openai,gpt4o_anchor,GPT-4o historical-generation anchor,2,tao_modal_variant,1.5236014297175764,-1.0158606517161595
Armenia,openai,gpt4o_anchor,GPT-4o historical-generation anchor,3,tao_modal_variant,-0.23105935395620691,-0.1571676012401207
Armenia,openai,gpt4o_anchor,GPT-4o historical-generation anchor,4,tao_modal_variant,-0.6764357536514377,-0.32578946325574093
Armenia,openai,gpt4o_anchor,GPT-4o historical-generation anchor,5,tao_modal_variant,0.44417246874576355,-0.9901446308201023
Armenia,openai,gpt4o_anchor,GPT-4o historical-generation anchor,6,tao_modal_variant,-0.1898800925308186,-0.7958067479084248
Armenia,openai,gpt4o_anchor,GPT-4o historical-generation anchor,7,tao_modal_variant,-0.1898800925308186,-0.7958067479084248
Armenia,openai,gpt4o_anchor,GPT-4o historical-generation anchor,8,tao_modal_variant,0.7310357281218487,-0.7729382980765624
Armenia,openai,gpt4o_anchor,GPT-4o historical-generation anchor,9,tao_modal_variant,2.3548633453092394,0.03600727585417031
Australia,openai,gpt4o_anchor,GPT-4o historical-generation anchor,0,tao_modal_variant,3.4390012129280767,-2.5231483886645085
Australia,openai,gpt4o_anchor,GPT-4o historical-generation anchor,1,tao_modal_variant,3.7481664452732253,-1.151474206662915
Australia,openai,gpt4o_anchor,GPT-4o historical-generation anchor,2,tao_modal_variant,4.56291620522254,-2.090241585200411
Australia,openai,gpt4o_anchor,GPT-4o historical-generation anchor,3,tao_modal_variant,2.90785027816197,-1.7004696822081737
Australia,openai,gpt4o_anchor,GPT-4o historical-generation anchor,4,tao_modal_variant,4.225667854874253,-1.1186190392905282
Australia,openai,gpt4o_anchor,GPT-4o historical-generation anchor,5,tao_modal_variant,3.9165026225291037,-2.4902932212921214
Australia,openai,gpt4o_anchor,GPT-4o historical-generation anchor,6,tao_modal_variant,2.450993760484629,-0.5075823147584245
Australia,openai,gpt4o_anchor,GPT-4o historical-generation anchor,7,tao_modal_variant,4.225667854874253,-1.1186190392905282
Australia,openai,gpt4o_anchor,GPT-4o historical-generation anchor,8,tao_modal_variant,3.9165026225291037,-2.4902932212921214
Australia,openai,gpt4o_anchor,GPT-4o historical-generation anchor,9,tao_modal_variant,5.031248574101364,-0.7076156807413553
Austria,openai,gpt4o_anchor,GPT-4o historical-generation anchor,0,tao_modal_variant,2.036189437657954,2.388690283354306
Austria,openai,gpt4o_anchor,GPT-4o historical-generation anchor,1,tao_modal_variant,2.739514100906092,-0.3616506675789669
Austria,openai,gpt4o_anchor,GPT-4o historical-generation anchor,2,tao_modal_variant,3.739112193753633,-0.6486017546378443
Austria,openai,gpt4o_anchor,GPT-4o historical-generation anchor,3,tao_modal_variant,1.727024205312806,1.0170161013527121
Austria,openai,gpt4o_anchor,GPT-4o historical-generation anchor,4,tao_modal_variant,2.5022149960574986,-0.15396782118211305
Austria,openai,gpt4o_anchor,GPT-4o historical-generation anchor,5,tao_modal_variant,3.4299469614084845,-2.020275936639438
Austria,openai,gpt4o_anchor,GPT-4o historical-generation anchor,6,tao_modal_variant,2.2135798664334247,0.5469988167000283
Austria,openai,gpt4o_anchor,GPT-4o historical-generation anchor,7,tao_modal_variant,1.727024205312806,1.0170161013527121
Austria,openai,gpt4o_anchor,GPT-4o historical-generation anchor,8,tao_modal_variant,3.4299469614084845,-2.020275936639438
Austria,openai,gpt4o_anchor,GPT-4o historical-generation anchor,9,tao_modal_variant,4.225667854874253,-1.1186190392905282
Azerbaijan,openai,gpt4o_anchor,GPT-4o historical-generation anchor,0,tao_modal_variant,-0.6764357536514377,-0.32578946325574093
Azerbaijan,openai,gpt4o_anchor,GPT-4o historical-generation anchor,1,tao_modal_variant,-0.6764357536514377,-0.32578946325574093
Azerbaijan,openai,gpt4o_anchor,GPT-4o historical-generation anchor,2,tao_modal_variant,0.10780928861284722,-1.999645837815637
Azerbaijan,openai,gpt4o_anchor,GPT-4o historical-generation anchor,3,tao_modal_variant,-0.9632990130275229,-0.5429957959992807
Azerbaijan,openai,gpt4o_anchor,GPT-4o historical-generation anchor,4,tao_modal_variant,-1.2816332860948738,-0.5648992409142053
Azerbaijan,openai,gpt4o_anchor,GPT-4o historical-generation anchor,5,tao_modal_variant,-0.665609631883857,-1.746834885906493
Azerbaijan,openai,gpt4o_anchor,GPT-4o historical-generation anchor,6,tao_modal_variant,-0.9632990130275229,-0.5429957959992807
Azerbaijan,openai,gpt4o_anchor,GPT-4o historical-generation anchor,7,tao_modal_variant,-0.9632990130275229,-0.5429957959992807
Azerbaijan,openai,gpt4o_anchor,GPT-4o historical-generation anchor,8,tao_modal_variant,-0.3787463725077719,-1.529628553162953
Azerbaijan,openai,gpt4o_anchor,GPT-4o historical-generation anchor,9,tao_modal_variant,-0.6764357536514377,-0.32578946325574093
Bangladesh,openai,gpt4o_anchor,GPT-4o historical-generation anchor,0,tao_modal_variant,-0.6764357536514377,-0.32578946325574093
Bangladesh,openai,gpt4o_anchor,GPT-4o historical-generation anchor,1,tao_modal_variant,-0.9632990130275229,-0.5429957959992807
Bangladesh,openai,gpt4o_anchor,GPT-4o historical-generation anchor,2,tao_modal_variant,-0.6764357536514377,-0.32578946325574093
Bangladesh,openai,gpt4o_anchor,GPT-4o historical-generation anchor,3,tao_modal_variant,-0.9632990130275229,-0.5429957959992807
Bangladesh,openai,gpt4o_anchor,GPT-4o historical-generation anchor,4,tao_modal_variant,-1.5999675591622258,-0.5868026858291299
Bangladesh,openai,gpt4o_anchor,GPT-4o historical-generation anchor,5,tao_modal_variant,-0.9542447615079307,-1.045868248024351
Bangladesh,openai,gpt4o_anchor,GPT-4o historical-generation anchor,6,tao_modal_variant,-1.4408004226285498,-0.5758509633716675
Bangladesh,openai,gpt4o_anchor,GPT-4o historical-generation anchor,7,tao_modal_variant,-1.5999675591622258,-0.5868026858291299
Bangladesh,openai,gpt4o_anchor,GPT-4o historical-generation anchor,8,tao_modal_variant,-0.9632990130275229,-0.5429957959992807
Bangladesh,openai,gpt4o_anchor,GPT-4o historical-generation anchor,9,tao_modal_variant,0.44417246874576355,-0.9901446308201023
Belarus,openai,gpt4o_anchor,GPT-4o historical-generation anchor,0,tao_modal_variant,1.7301793971828454,2.1615953523412195
Belarus,openai,gpt4o_anchor,GPT-4o historical-generation anchor,1,tao_modal_variant,2.2167350583034646,1.6915780676885355
Belarus,openai,gpt4o_anchor,GPT-4o historical-generation anchor,2,tao_modal_variant,3.0093007598991925,1.4486557140489382
Belarus,openai,gpt4o_anchor,GPT-4o historical-generation anchor,3,tao_modal_variant,1.7301793971828454,2.1615953523412195
Belarus,openai,gpt4o_anchor,GPT-4o historical-generation anchor,4,tao_modal_variant,0.7869616035611147,0.9842590532513029
Belarus,openai,gpt4o_anchor,GPT-4o historical-generation anchor,5,tao_modal_variant,1.7301793971828454,2.1615953523412195
Belarus,openai,gpt4o_anchor,GPT-4o historical-generation anchor,6,tao_modal_variant,1.7301793971828454,2.1615953523412195
Belarus,openai,gpt4o_anchor,GPT-4o historical-generation anchor,7,tao_modal_variant,0.6095711747856443,2.8259505199055805
Belarus,openai,gpt4o_anchor,GPT-4o historical-generation anchor,8,tao_modal_variant,1.7301793971828454,2.1615953523412195
Belarus,openai,gpt4o_anchor,GPT-4o historical-generation anchor,9,tao_modal_variant,2.9283803808830453,0.3721711376755612
Belgium,openai,gpt4o_anchor,GPT-4o historical-generation anchor,0,tao_modal_variant,2.9887706571781174,-0.6239851058347968
Belgium,openai,gpt4o_anchor,GPT-4o historical-generation anchor,1,tao_modal_variant,4.3065882338904,-0.04213446291715093
Belgium,openai,gpt4o_anchor,GPT-4o historical-generation anchor,2,tao_modal_variant,5.18356322112119,-0.6036532946186862
Belgium,openai,gpt4o_anchor,GPT-4o historical-generation anchor,3,tao_modal_variant,3.0002465083796004,1.9515281660740094
Belgium,openai,gpt4o_anchor,GPT-4o historical-generation anchor,4,tao_modal_variant,4.537840423466895,-0.14458773242346462
Belgium,openai,gpt4o_anchor,GPT-4o historical-generation anchor,5,tao_modal_variant,3.5108673404246318,-0.9437913602660609
Belgium,openai,gpt4o_anchor,GPT-4o historical-generation anchor,6,tao_modal_variant,2.841079371845925,1.940576443616547
Belgium,openai,gpt4o_anchor,GPT-4o historical-generation anchor,7,tao_modal_variant,3.5223431916261148,1.631721911642745
Belgium,openai,gpt4o_anchor,GPT-4o historical-generation anchor,8,tao_modal_variant,3.6700344769583073,-0.9328396378085988
Belgium,openai,gpt4o_anchor,GPT-4o historical-generation anchor,9,tao_modal_variant,4.62492250695775,-0.02023101800222648
Bolivia,openai,gpt4o_anchor,GPT-4o historical-generation anchor,0,tao_modal_variant,1.534427551485157,-2.4369060743669113
Bolivia,openai,gpt4o_anchor,GPT-4o historical-generation anchor,1,tao_modal_variant,1.534427551485157,-2.4369060743669113
Bolivia,openai,gpt4o_anchor,GPT-4o historical-generation anchor,2,tao_modal_variant,1.534427551485157,-2.4369060743669113
Bolivia,openai,gpt4o_anchor,GPT-4o historical-generation anchor,3,tao_modal_variant,-0.04238319237485544,-0.5201273461674186
Bolivia,openai,gpt4o_anchor,GPT-4o historical-generation anchor,4,tao_modal_variant,-0.02250281908768259,-2.4440452208432406
Bolivia,openai,gpt4o_anchor,GPT-4o historical-generation anchor,5,tao_modal_variant,1.534427551485157,-2.4369060743669113
Bolivia,openai,gpt4o_anchor,GPT-4o historical-generation anchor,6,tao_modal_variant,0.7611987493840546,-1.087313572275941
Bolivia,openai,gpt4o_anchor,GPT-4o historical-generation anchor,7,tao_modal_variant,-0.4793593367650242,-1.251157853393491
Bolivia,openai,gpt4o_anchor,GPT-4o historical-generation anchor,8,tao_modal_variant,1.534427551485157,-2.4369060743669113
Bolivia,openai,gpt4o_anchor,GPT-4o historical-generation anchor,9,tao_modal_variant,2.130456043206391,-0.8480255596217776
Bosnia Herzegovina,openai,gpt4o_anchor,GPT-4o historical-generation anchor,0,tao_modal_variant,0.8119561071379959,0.30354627829681463
Bosnia Herzegovina,openai,gpt4o_anchor,GPT-4o historical-generation anchor,1,tao_modal_variant,0.8119561071379959,0.30354627829681463
Bosnia Herzegovina,openai,gpt4o_anchor,GPT-4o historical-generation anchor,2,tao_modal_variant,1.5236014297175764,-1.0158606517161595
Bosnia Herzegovina,openai,gpt4o_anchor,GPT-4o historical-generation anchor,3,tao_modal_variant,0.32540044601737683,0.7735635629494985
Bosnia Herzegovina,openai,gpt4o_anchor,GPT-4o historical-generation anchor,4,tao_modal_variant,0.03853718664129169,0.5563572302059586
Bosnia Herzegovina,openai,gpt4o_anchor,GPT-4o historical-generation anchor,5,tao_modal_variant,0.7310357281218487,-0.7729382980765624
Bosnia Herzegovina,openai,gpt4o_anchor,GPT-4o historical-generation anchor,6,tao_modal_variant,0.5250928477619108,0.08633994555327489
Bosnia Herzegovina,openai,gpt4o_anchor,GPT-4o historical-generation anchor,7,tao_modal_variant,0.03853718664129169,0.5563572302059586
Bosnia Herzegovina,openai,gpt4o_anchor,GPT-4o historical-generation anchor,8,tao_modal_variant,1.5236014297175764,-1.0158606517161595
Bosnia Herzegovina,openai,gpt4o_anchor,GPT-4o historical-generation anchor,9,tao_modal_variant,1.6045218087337236,0.06062392465721767
Brazil,openai,gpt4o_anchor,GPT-4o historical-generation anchor,0,tao_modal_variant,1.346211000942106,0.8258308149381182
Brazil,openai,gpt4o_anchor,GPT-4o historical-generation anchor,1,tao_modal_variant,2.1659970653322866,-0.6978145294003579
Brazil,openai,gpt4o_anchor,GPT-4o historical-generation anchor,2,tao_modal_variant,1.8568318329871376,-2.0694887114019513
Brazil,openai,gpt4o_anchor,GPT-4o historical-generation anchor,3,tao_modal_variant,1.0593477415660209,0.6086244821945783
Brazil,openai,gpt4o_anchor,GPT-4o historical-generation anchor,4,tao_modal_variant,1.5699685736110527,-2.2866950441454916
Brazil,openai,gpt4o_anchor,GPT-4o historical-generation anchor,5,tao_modal_variant,2.343387494107757,-2.5395059960546353
Brazil,openai,gpt4o_anchor,GPT-4o historical-generation anchor,6,tao_modal_variant,1.0370457685969576,-0.5458433670634757
Brazil,openai,gpt4o_anchor,GPT-4o historical-generation anchor,7,tao_modal_variant,0.7501825092208723,-0.7630496998070155
Brazil,openai,gpt4o_anchor,GPT-4o historical-generation anchor,8,tao_modal_variant,1.3347351497406235,-1.7496824569706875
Brazil,openai,gpt4o_anchor,GPT-4o historical-generation anchor,9,tao_modal_variant,2.6525527264529054,-1.1678318140530417
Bulgaria,openai,gpt4o_anchor,GPT-4o historical-generation anchor,0,tao_modal_variant,1.1627033570460792,1.5551280606205256
Bulgaria,openai,gpt4o_anchor,GPT-4o historical-generation anchor,1,tao_modal_variant,2.441824719762426,0.8421884223282451
Bulgaria,openai,gpt4o_anchor,GPT-4o historical-generation anchor,2,tao_modal_variant,2.441824719762426,0.8421884223282451
Bulgaria,openai,gpt4o_anchor,GPT-4o historical-generation anchor,3,tao_modal_variant,0.9344585037170778,1.2599384549923092
Bulgaria,openai,gpt4o_anchor,GPT-4o historical-generation anchor,4,tao_modal_variant,1.2436237360622264,2.6316126369939035
Bulgaria,openai,gpt4o_anchor,GPT-4o historical-generation anchor,5,tao_modal_variant,2.7601589928297776,0.8640918672431697
Bulgaria,openai,gpt4o_anchor,GPT-4o historical-generation anchor,6,tao_modal_variant,1.738040445475988,0.6927522288837865
Bulgaria,openai,gpt4o_anchor,GPT-4o historical-generation anchor,7,tao_modal_variant,1.4210141648376968,0.7899211703396253
Bulgaria,openai,gpt4o_anchor,GPT-4o historical-generation anchor,8,tao_modal_variant,2.6101608970183046,-0.49663059230096224
Bulgaria,openai,gpt4o_anchor,GPT-4o historical-generation anchor,9,tao_modal_variant,3.5223431916261148,1.631721911642745
Burkina Faso,openai,gpt4o_anchor,GPT-4o historical-generation anchor,0,tao_modal_variant,-1.5999675591622258,-0.5868026858291299
Burkina Faso,openai,gpt4o_anchor,GPT-4o historical-generation anchor,1,tao_modal_variant,-1.5999675591622258,-0.5868026858291299
Burkina Faso,openai,gpt4o_anchor,GPT-4o historical-generation anchor,2,tao_modal_variant,-1.5999675591622258,-0.5868026858291299
Burkina Faso,openai,gpt4o_anchor,GPT-4o historical-generation anchor,3,tao_modal_variant,-1.5999675591622258,-0.5868026858291299
Burkina Faso,openai,gpt4o_anchor,GPT-4o historical-generation anchor,4,tao_modal_variant,-1.5999675591622258,-0.5868026858291299
Burkina Faso,openai,gpt4o_anchor,GPT-4o historical-generation anchor,5,tao_modal_variant,-1.5999675591622258,-0.5868026858291299
Burkina Faso,openai,gpt4o_anchor,GPT-4o historical-generation anchor,6,tao_modal_variant,-1.5999675591622258,-0.5868026858291299
Burkina Faso,openai,gpt4o_anchor,GPT-4o historical-generation anchor,7,tao_modal_variant,-1.5999675591622258,-0.5868026858291299
Burkina Faso,openai,gpt4o_anchor,GPT-4o historical-generation anchor,8,tao_modal_variant,-1.5999675591622258,-0.5868026858291299
Burkina Faso,openai,gpt4o_anchor,GPT-4o historical-generation anchor,9,tao_modal_variant,-0.47674335190690376,-1.0130130806519644
Canada,openai,gpt4o_anchor,GPT-4o historical-generation anchor,0,tao_modal_variant,4.225667854874253,-1.1186190392905282
Canada,openai,gpt4o_anchor,GPT-4o historical-generation anchor,1,tao_modal_variant,3.7481664452732253,-1.151474206662915
Canada,openai,gpt4o_anchor,GPT-4o historical-generation anchor,2,tao_modal_variant,4.075669759062779,-2.4793414988346596
Canada,openai,gpt4o_anchor,GPT-4o historical-generation anchor,3,tao_modal_variant,3.2512991743114976,-0.280810785952849
Canada,openai,gpt4o_anchor,GPT-4o historical-generation anchor,4,tao_modal_variant,3.9165026225291037,-2.4902932212921214
Canada,openai,gpt4o_anchor,GPT-4o historical-generation anchor,5,tao_modal_variant,3.9165026225291037,-2.4902932212921214
Canada,openai,gpt4o_anchor,GPT-4o historical-generation anchor,6,tao_modal_variant,3.0967165581389238,-0.9666478769536461
Canada,openai,gpt4o_anchor,GPT-4o historical-generation anchor,7,tao_modal_variant,3.3944059392825894,-2.1704869668608575
Canada,openai,gpt4o_anchor,GPT-4o historical-generation anchor,8,tao_modal_variant,4.234836895596455,-2.4683897763771974
Canada,openai,gpt4o_anchor,GPT-4o historical-generation anchor,9,tao_modal_variant,4.544002127941603,-1.0967155943756037
Chile,openai,gpt4o_anchor,GPT-4o historical-generation anchor,0,tao_modal_variant,1.832766662062725,0.3558135302854344
Chile,openai,gpt4o_anchor,GPT-4o historical-generation anchor,1,tao_modal_variant,2.3548633453092394,0.03600727585417031
Chile,openai,gpt4o_anchor,GPT-4o historical-generation anchor,2,tao_modal_variant,1.8212908108612424,-2.219699741623371
Chile,openai,gpt4o_anchor,GPT-4o historical-generation anchor,3,tao_modal_variant,2.4766749568491795,0.1332822542627324
Chile,openai,gpt4o_anchor,GPT-4o historical-generation anchor,4,tao_modal_variant,2.167509724504031,-1.2383919277388618
Chile,openai,gpt4o_anchor,GPT-4o historical-generation anchor,5,tao_modal_variant,2.343387494107757,-2.5395059960546353
Chile,openai,gpt4o_anchor,GPT-4o historical-generation anchor,6,tao_modal_variant,1.8890362643373972,-0.724035716490473
Chile,openai,gpt4o_anchor,GPT-4o historical-generation anchor,7,tao_modal_variant,1.5236014297175764,-1.0158606517161595
Chile,openai,gpt4o_anchor,GPT-4o historical-generation anchor,8,tao_modal_variant,2.2987922204622695,-2.1868445742509843
Chile,openai,gpt4o_anchor,GPT-4o historical-generation anchor,9,tao_modal_variant,3.6166097971745517,-1.604993931333339
China,openai,gpt4o_anchor,GPT-4o historical-generation anchor,0,tao_modal_variant,1.0539213114846062,0.35534745950964053
China,openai,gpt4o_anchor,GPT-4o historical-generation anchor,1,tao_modal_variant,1.0539213114846062,0.35534745950964053
China,openai,gpt4o_anchor,GPT-4o historical-generation anchor,2,tao_modal_variant,1.846487013080334,0.11242510587004356
China,openai,gpt4o_anchor,GPT-4o historical-generation anchor,3,tao_modal_variant,1.0539213114846062,0.35534745950964053
China,openai,gpt4o_anchor,GPT-4o historical-generation anchor,4,tao_modal_variant,1.0539213114846062,0.35534745950964053
China,openai,gpt4o_anchor,GPT-4o historical-generation anchor,5,tao_modal_variant,1.9869712463339146,-0.9237571269384858
China,openai,gpt4o_anchor,GPT-4o historical-generation anchor,6,tao_modal_variant,1.0539213114846062,0.35534745950964053
China,openai,gpt4o_anchor,GPT-4o historical-generation anchor,7,tao_modal_variant,1.0539213114846062,0.35534745950964053
China,openai,gpt4o_anchor,GPT-4o historical-generation anchor,8,tao_modal_variant,1.827150113585709,-0.9942450425813297
China,openai,gpt4o_anchor,GPT-4o historical-generation anchor,9,tao_modal_variant,2.1441763942240004,-1.0914139840371684
Colombia,openai,gpt4o_anchor,GPT-4o historical-generation anchor,0,tao_modal_variant,1.534427551485157,-2.4369060743669113
Colombia,openai,gpt4o_anchor,GPT-4o historical-generation anchor,1,tao_modal_variant,1.5699685736110527,-2.2866950441454916
Colombia,openai,gpt4o_anchor,GPT-4o historical-generation anchor,2,tao_modal_variant,1.8212908108612424,-2.219699741623371
Colombia,openai,gpt4o_anchor,GPT-4o historical-generation anchor,3,tao_modal_variant,1.0478718903645383,-1.9668887897142278
Colombia,openai,gpt4o_anchor,GPT-4o historical-generation anchor,4,tao_modal_variant,0.7308456097262471,-1.869719848258389
Colombia,openai,gpt4o_anchor,GPT-4o historical-generation anchor,5,tao_modal_variant,1.0478718903645383,-1.9668887897142278
Colombia,openai,gpt4o_anchor,GPT-4o historical-generation anchor,6,tao_modal_variant,1.0478718903645383,-1.9668887897142278
Colombia,openai,gpt4o_anchor,GPT-4o historical-generation anchor,7,tao_modal_variant,1.0478718903645383,-1.9668887897142278
Colombia,openai,gpt4o_anchor,GPT-4o historical-generation anchor,8,tao_modal_variant,1.534427551485157,-2.4369060743669113
Colombia,openai,gpt4o_anchor,GPT-4o historical-generation anchor,9,tao_modal_variant,2.8208889037087834,-2.506650828682248
Croatia,openai,gpt4o_anchor,GPT-4o historical-generation anchor,0,tao_modal_variant,1.832766662062725,0.3558135302854344
Croatia,openai,gpt4o_anchor,GPT-4o historical-generation anchor,1,tao_modal_variant,1.832766662062725,0.3558135302854344
Croatia,openai,gpt4o_anchor,GPT-4o historical-generation anchor,2,tao_modal_variant,1.832766662062725,0.3558135302854344
Croatia,openai,gpt4o_anchor,GPT-4o historical-generation anchor,3,tao_modal_variant,0.9636427110385467,-0.2541244687905128
Croatia,openai,gpt4o_anchor,GPT-4o historical-generation anchor,4,tao_modal_variant,0.3662916785411699,-0.2056460350153166
Croatia,openai,gpt4o_anchor,GPT-4o historical-generation anchor,5,tao_modal_variant,1.5236014297175764,-1.0158606517161595
Croatia,openai,gpt4o_anchor,GPT-4o historical-generation anchor,6,tao_modal_variant,1.04806200876014,-0.8701072395324014
Croatia,openai,gpt4o_anchor,GPT-4o historical-generation anchor,7,tao_modal_variant,1.1620125720069374,0.6960108623335934
Croatia,openai,gpt4o_anchor,GPT-4o historical-generation anchor,8,tao_modal_variant,1.5236014297175764,-1.0158606517161595
Croatia,openai,gpt4o_anchor,GPT-4o historical-generation anchor,9,tao_modal_variant,2.3548633453092394,0.03600727585417031
Cyprus,openai,gpt4o_anchor,GPT-4o historical-generation anchor,0,tao_modal_variant,1.0370457685969576,-0.5458433670634757
Cyprus,openai,gpt4o_anchor,GPT-4o historical-generation anchor,1,tao_modal_variant,1.8212908108612424,-2.219699741623371
Cyprus,openai,gpt4o_anchor,GPT-4o historical-generation anchor,2,tao_modal_variant,2.829943155228376,-3.009523280707319
Cyprus,openai,gpt4o_anchor,GPT-4o historical-generation anchor,3,tao_modal_variant,0.7200194879586663,-0.44867442560763693
Cyprus,openai,gpt4o_anchor,GPT-4o historical-generation anchor,4,tao_modal_variant,1.2174012708468662,-2.3397371329110723
Cyprus,openai,gpt4o_anchor,GPT-4o historical-generation anchor,5,tao_modal_variant,1.8212908108612424,-2.219699741623371
Cyprus,openai,gpt4o_anchor,GPT-4o historical-generation anchor,6,tao_modal_variant,1.04806200876014,-0.8701072395324014
Cyprus,openai,gpt4o_anchor,GPT-4o historical-generation anchor,7,tao_modal_variant,1.2367381703414915,-1.2330669844596993
Cyprus,openai,gpt4o_anchor,GPT-4o historical-generation anchor,8,tao_modal_variant,1.8212908108612424,-2.219699741623371
Cyprus,openai,gpt4o_anchor,GPT-4o historical-generation anchor,9,tao_modal_variant,3.1391083875735246,-1.6378490987057253
Czechia,openai,gpt4o_anchor,GPT-4o historical-generation anchor,0,tao_modal_variant,4.009589637785875,2.0208218252769936
Czechia,openai,gpt4o_anchor,GPT-4o historical-generation anchor,1,tao_modal_variant,4.009589637785875,2.0208218252769936
Czechia,openai,gpt4o_anchor,GPT-4o historical-generation anchor,2,tao_modal_variant,4.009589637785875,2.0208218252769936
Czechia,openai,gpt4o_anchor,GPT-4o historical-generation anchor,3,tao_modal_variant,3.000937293418742,2.8106453643609415
Czechia,openai,gpt4o_anchor,GPT-4o historical-generation anchor,4,tao_modal_variant,3.5230339766652565,2.4908391099296776
Czechia,openai,gpt4o_anchor,GPT-4o historical-generation anchor,5,tao_modal_variant,4.307279018929541,0.8169827353697813
Czechia,openai,gpt4o_anchor,GPT-4o historical-generation anchor,6,tao_modal_variant,3.487492954539361,2.3406280797082575
Czechia,openai,gpt4o_anchor,GPT-4o historical-generation anchor,7,tao_modal_variant,3.682201113198932,2.50179083238714
Czechia,openai,gpt4o_anchor,GPT-4o historical-generation anchor,8,tao_modal_variant,4.226358639913394,-0.25950184100359586
Czechia,openai,gpt4o_anchor,GPT-4o historical-generation anchor,9,tao_modal_variant,4.814479571973846,1.572707985539234
Denmark,openai,gpt4o_anchor,GPT-4o historical-generation anchor,0,tao_modal_variant,5.307880120568113,0.11620459590428846
Denmark,openai,gpt4o_anchor,GPT-4o historical-generation anchor,1,tao_modal_variant,5.74905642479848,-1.280086234900353
Denmark,openai,gpt4o_anchor,GPT-4o historical-generation anchor,2,tao_modal_variant,5.74905642479848,-1.280086234900353
Denmark,openai,gpt4o_anchor,GPT-4o historical-generation anchor,3,tao_modal_variant,5.186068509028173,0.018929617495726407
Denmark,openai,gpt4o_anchor,GPT-4o historical-generation anchor,4,tao_modal_variant,5.62724481325854,-1.3773612133089153
Denmark,openai,gpt4o_anchor,GPT-4o historical-generation anchor,5,tao_modal_variant,5.2269597415519655,-0.9602799804690888
Denmark,openai,gpt4o_anchor,GPT-4o historical-generation anchor,6,tao_modal_variant,4.820633674408352,-0.27289531772996
Denmark,openai,gpt4o_anchor,GPT-4o historical-generation anchor,7,tao_modal_variant,5.829976803814628,-0.20360165852697573
Denmark,openai,gpt4o_anchor,GPT-4o historical-generation anchor,8,tao_modal_variant,5.74905642479848,-1.280086234900353
Denmark,openai,gpt4o_anchor,GPT-4o historical-generation anchor,9,tao_modal_variant,5.74905642479848,-1.280086234900353
Ecuador,openai,gpt4o_anchor,GPT-4o historical-generation anchor,0,tao_modal_variant,1.534427551485157,-2.4369060743669113
Ecuador,openai,gpt4o_anchor,GPT-4o historical-generation anchor,1,tao_modal_variant,1.0478718903645383,-1.9668887897142278
Ecuador,openai,gpt4o_anchor,GPT-4o historical-generation anchor,2,tao_modal_variant,1.0478718903645383,-1.9668887897142278
Ecuador,openai,gpt4o_anchor,GPT-4o historical-generation anchor,3,tao_modal_variant,0.7308456097262471,-1.869719848258389
Ecuador,openai,gpt4o_anchor,GPT-4o historical-generation anchor,4,tao_modal_variant,-0.5090584802083016,-1.974027936190557
Ecuador,openai,gpt4o_anchor,GPT-4o historical-generation anchor,5,tao_modal_variant,1.534427551485157,-2.4369060743669113
Ecuador,openai,gpt4o_anchor,GPT-4o historical-generation anchor,6,tao_modal_variant,0.7611987493840546,-1.087313572275941
Ecuador,openai,gpt4o_anchor,GPT-4o historical-generation anchor,7,tao_modal_variant,0.6024954906693074,-2.1355106517298474
Ecuador,openai,gpt4o_anchor,GPT-4o historical-generation anchor,8,tao_modal_variant,1.534427551485157,-2.4369060743669113
Ecuador,openai,gpt4o_anchor,GPT-4o historical-generation anchor,9,tao_modal_variant,2.343387494107757,-2.5395059960546353
Estonia,openai,gpt4o_anchor,GPT-4o historical-generation anchor,0,tao_modal_variant,3.4156268270428063,0.7612710513098094
Estonia,openai,gpt4o_anchor,GPT-4o historical-generation anchor,1,tao_modal_variant,3.9377235102893207,0.4414647968785454
Estonia,openai,gpt4o_anchor,GPT-4o historical-generation anchor,2,tao_modal_variant,4.712914301034013,-0.7295191256562796
Estonia,openai,gpt4o_anchor,GPT-4o historical-generation anchor,3,tao_modal_variant,3.4156268270428063,0.7612710513098094
Estonia,openai,gpt4o_anchor,GPT-4o historical-generation anchor,4,tao_modal_variant,3.576101956005542,0.8912951601380349
Estonia,openai,gpt4o_anchor,GPT-4o historical-generation anchor,5,tao_modal_variant,4.415224919890347,0.4743199642509322
Estonia,openai,gpt4o_anchor,GPT-4o historical-generation anchor,6,tao_modal_variant,3.3283258180056854,2.3296763572507952
Estonia,openai,gpt4o_anchor,GPT-4o historical-generation anchor,7,tao_modal_variant,3.3283258180056854,2.3296763572507952
Estonia,openai,gpt4o_anchor,GPT-4o historical-generation anchor,8,tao_modal_variant,4.872081437567688,-0.7185674031988176
Estonia,openai,gpt4o_anchor,GPT-4o historical-generation anchor,9,tao_modal_variant,4.733559192957698,0.4962234091658567
Ethiopia,openai,gpt4o_anchor,GPT-4o historical-generation anchor,0,tao_modal_variant,-0.9632990130275229,-0.5429957959992807
Ethiopia,openai,gpt4o_anchor,GPT-4o historical-generation anchor,1,tao_modal_variant,-0.9632990130275229,-0.5429957959992807
Ethiopia,openai,gpt4o_anchor,GPT-4o historical-generation anchor,2,tao_modal_variant,-0.47674335190690376,-1.0130130806519644
Ethiopia,openai,gpt4o_anchor,GPT-4o historical-generation anchor,3,tao_modal_variant,-1.4408004226285498,-0.5758509633716675
Ethiopia,openai,gpt4o_anchor,GPT-4o historical-generation anchor,4,tao_modal_variant,-1.4408004226285498,-0.5758509633716675
Ethiopia,openai,gpt4o_anchor,GPT-4o historical-generation anchor,5,tao_modal_variant,-0.9542447615079307,-1.045868248024351
Ethiopia,openai,gpt4o_anchor,GPT-4o historical-generation anchor,6,tao_modal_variant,-1.4408004226285498,-0.5758509633716675
Ethiopia,openai,gpt4o_anchor,GPT-4o historical-generation anchor,7,tao_modal_variant,-1.4408004226285498,-0.5758509633716675
Ethiopia,openai,gpt4o_anchor,GPT-4o historical-generation anchor,8,tao_modal_variant,-0.47674335190690376,-1.0130130806519644
Ethiopia,openai,gpt4o_anchor,GPT-4o historical-generation anchor,9,tao_modal_variant,-0.1898800925308186,-0.7958067479084248
Finland,openai,gpt4o_anchor,GPT-4o historical-generation anchor,0,tao_modal_variant,4.421379022324854,-1.3712833390182617
Finland,openai,gpt4o_anchor,GPT-4o historical-generation anchor,1,tao_modal_variant,5.589889288264804,-1.291037957357815
Finland,openai,gpt4o_anchor,GPT-4o historical-generation anchor,2,tao_modal_variant,5.589889288264804,-1.291037957357815
Finland,openai,gpt4o_anchor,GPT-4o historical-generation anchor,3,tao_modal_variant,4.266796406152279,-2.057120430019058
Finland,openai,gpt4o_anchor,GPT-4o historical-generation anchor,4,tao_modal_variant,5.154327924018614,-2.085101749224636
Finland,openai,gpt4o_anchor,GPT-4o historical-generation anchor,5,tao_modal_variant,4.943475705571367,-1.6910895934495258
Finland,openai,gpt4o_anchor,GPT-4o historical-generation anchor,6,tao_modal_variant,4.421379022324854,-1.3712833390182617
Finland,openai,gpt4o_anchor,GPT-4o historical-generation anchor,7,tao_modal_variant,4.948060225932468,-2.36597496199286
Finland,openai,gpt4o_anchor,GPT-4o historical-generation anchor,8,tao_modal_variant,5.261809978638719,-1.6691861485346013
Finland,openai,gpt4o_anchor,GPT-4o historical-generation anchor,9,tao_modal_variant,5.589889288264804,-1.291037957357815
France,openai,gpt4o_anchor,GPT-4o historical-generation anchor,0,tao_modal_variant,3.035787530505496,2.101739196295429
France,openai,gpt4o_anchor,GPT-4o historical-generation anchor,1,tao_modal_variant,3.3541218035728475,2.1236426412103535
France,openai,gpt4o_anchor,GPT-4o historical-generation anchor,2,tao_modal_variant,3.9378382994919305,-0.4054334881830534
France,openai,gpt4o_anchor,GPT-4o historical-generation anchor,3,tao_modal_variant,3.035787530505496,2.101739196295429
France,openai,gpt4o_anchor,GPT-4o historical-generation anchor,4,tao_modal_variant,3.6815103281597903,1.6426736341002073
France,openai,gpt4o_anchor,GPT-4o historical-generation anchor,5,tao_modal_variant,4.057446466820985,-0.62669830972292
France,openai,gpt4o_anchor,GPT-4o historical-generation anchor,6,tao_modal_variant,3.5223431916261148,1.631721911642745
France,openai,gpt4o_anchor,GPT-4o historical-generation anchor,7,tao_modal_variant,3.3541218035728475,2.1236426412103535
France,openai,gpt4o_anchor,GPT-4o historical-generation anchor,8,tao_modal_variant,3.748281234475836,-1.9983724917245138
France,openai,gpt4o_anchor,GPT-4o historical-generation anchor,9,tao_modal_variant,4.544002127941603,-1.0967155943756037
Georgia,openai,gpt4o_anchor,GPT-4o historical-generation anchor,0,tao_modal_variant,1.2367381703414915,-1.2330669844596993
Georgia,openai,gpt4o_anchor,GPT-4o historical-generation anchor,1,tao_modal_variant,1.534427551485157,-2.4369060743669113
Georgia,openai,gpt4o_anchor,GPT-4o historical-generation anchor,2,tao_modal_variant,1.534427551485157,-2.4369060743669113
Georgia,openai,gpt4o_anchor,GPT-4o historical-generation anchor,3,tao_modal_variant,-0.04238319237485544,-0.5201273461674186
Georgia,openai,gpt4o_anchor,GPT-4o historical-generation anchor,4,tao_modal_variant,-0.8562477821087987,-1.5624837205353397
Georgia,openai,gpt4o_anchor,GPT-4o historical-generation anchor,5,tao_modal_variant,0.7418618498894295,-2.193983720727314
Georgia,openai,gpt4o_anchor,GPT-4o historical-generation anchor,6,tao_modal_variant,-0.04238319237485544,-0.5201273461674186
Georgia,openai,gpt4o_anchor,GPT-4o historical-generation anchor,7,tao_modal_variant,-1.1539371632524644,-0.35864463062812774
Georgia,openai,gpt4o_anchor,GPT-4o historical-generation anchor,8,tao_modal_variant,1.534427551485157,-2.4369060743669113
Georgia,openai,gpt4o_anchor,GPT-4o historical-generation anchor,9,tao_modal_variant,2.0101570908381956,-1.4858779363688432
Germany,openai,gpt4o_anchor,GPT-4o historical-generation anchor,0,tao_modal_variant,2.558286120904469,2.0688840289230424
Germany,openai,gpt4o_anchor,GPT-4o historical-generation anchor,1,tao_modal_variant,3.4234515421849,1.4715122307365234
Germany,openai,gpt4o_anchor,GPT-4o historical-generation anchor,2,tao_modal_variant,3.3425311631687533,0.39502765436314613
Germany,openai,gpt4o_anchor,GPT-4o historical-generation anchor,3,tao_modal_variant,2.5227450987785733,1.9186729987016222
Germany,openai,gpt4o_anchor,GPT-4o historical-generation anchor,4,tao_modal_variant,2.5227450987785733,1.9186729987016222
Germany,openai,gpt4o_anchor,GPT-4o historical-generation anchor,5,tao_modal_variant,3.8200325727697804,0.4278828217355329
Germany,openai,gpt4o_anchor,GPT-4o historical-generation anchor,6,tao_modal_variant,2.368162482605999,1.2328359077008255
Germany,openai,gpt4o_anchor,GPT-4o historical-generation anchor,7,tao_modal_variant,2.5136908472589816,2.4215454507266934
Germany,openai,gpt4o_anchor,GPT-4o historical-generation anchor,8,tao_modal_variant,3.5108673404246318,-0.9437913602660609
Germany,openai,gpt4o_anchor,GPT-4o historical-generation anchor,9,tao_modal_variant,4.3875086129065455,1.0343501134562263
Ghana,openai,gpt4o_anchor,GPT-4o historical-generation anchor,0,tao_modal_variant,-0.9632990130275229,-0.5429957959992807
Ghana,openai,gpt4o_anchor,GPT-4o historical-generation anchor,1,tao_modal_variant,-0.665609631883857,-1.746834885906493
Ghana,openai,gpt4o_anchor,GPT-4o historical-generation anchor,2,tao_modal_variant,-0.665609631883857,-1.746834885906493
Ghana,openai,gpt4o_anchor,GPT-4o historical-generation anchor,3,tao_modal_variant,-0.9632990130275229,-0.5429957959992807
Ghana,openai,gpt4o_anchor,GPT-4o historical-generation anchor,4,tao_modal_variant,-1.1431110414848837,-1.7796900532788795
Ghana,openai,gpt4o_anchor,GPT-4o historical-generation anchor,5,tao_modal_variant,-0.17905397076323792,-2.2168521705591764
Ghana,openai,gpt4o_anchor,GPT-4o historical-generation anchor,6,tao_modal_variant,-0.9632990130275229,-0.5429957959992807
Ghana,openai,gpt4o_anchor,GPT-4o historical-generation anchor,7,tao_modal_variant,-1.4408004226285498,-0.5758509633716675
Ghana,openai,gpt4o_anchor,GPT-4o historical-generation anchor,8,tao_modal_variant,-0.665609631883857,-1.746834885906493
Ghana,openai,gpt4o_anchor,GPT-4o historical-generation anchor,9,tao_modal_variant,0.10780928861284722,-1.999645837815637
Greece,openai,gpt4o_anchor,GPT-4o historical-generation anchor,0,tao_modal_variant,1.346211000942106,0.8258308149381182
Greece,openai,gpt4o_anchor,GPT-4o historical-generation anchor,1,tao_modal_variant,1.832766662062725,0.3558135302854344
Greece,openai,gpt4o_anchor,GPT-4o historical-generation anchor,2,tao_modal_variant,2.5231995225651174,-1.302811738775037
Greece,openai,gpt4o_anchor,GPT-4o historical-generation anchor,3,tao_modal_variant,1.0370457685969576,-0.5458433670634757
Greece,openai,gpt4o_anchor,GPT-4o historical-generation anchor,4,tao_modal_variant,2.1898116974730946,-0.08392407848080738
Greece,openai,gpt4o_anchor,GPT-4o historical-generation anchor,5,tao_modal_variant,2.139625083928594,-2.1977962967084466
Greece,openai,gpt4o_anchor,GPT-4o historical-generation anchor,6,tao_modal_variant,1.832766662062725,0.3558135302854344
Greece,openai,gpt4o_anchor,GPT-4o historical-generation anchor,7,tao_modal_variant,2.3863343590005055,-0.159295611974445
Greece,openai,gpt4o_anchor,GPT-4o historical-generation anchor,8,tao_modal_variant,2.8208889037087834,-2.506650828682248
Greece,openai,gpt4o_anchor,GPT-4o historical-generation anchor,9,tao_modal_variant,2.8323647549102664,0.06886244322655705
Guatemala,openai,gpt4o_anchor,GPT-4o historical-generation anchor,0,tao_modal_variant,-0.3813623573658921,-1.7677733259044794
Guatemala,openai,gpt4o_anchor,GPT-4o historical-generation anchor,1,tao_modal_variant,0.8977590053504547,-2.48071296419676
Guatemala,openai,gpt4o_anchor,GPT-4o historical-generation anchor,2,tao_modal_variant,0.8977590053504547,-2.48071296419676
Guatemala,openai,gpt4o_anchor,GPT-4o historical-generation anchor,3,tao_modal_variant,-0.6682256167419772,-1.984979658648019
Guatemala,openai,gpt4o_anchor,GPT-4o historical-generation anchor,4,tao_modal_variant,-0.6682256167419772,-1.984979658648019
Guatemala,openai,gpt4o_anchor,GPT-4o historical-generation anchor,5,tao_modal_variant,0.8977590053504547,-2.48071296419676
Guatemala,openai,gpt4o_anchor,GPT-4o historical-generation anchor,6,tao_modal_variant,-0.4793593367650242,-1.251157853393491
Guatemala,openai,gpt4o_anchor,GPT-4o historical-generation anchor,7,tao_modal_variant,-0.6682256167419772,-1.984979658648019
Guatemala,openai,gpt4o_anchor,GPT-4o historical-generation anchor,8,tao_modal_variant,0.8977590053504547,-2.48071296419676
Guatemala,openai,gpt4o_anchor,GPT-4o historical-generation anchor,9,tao_modal_variant,1.4198556885969689,-2.800519218628024
Haiti,openai,gpt4o_anchor,GPT-4o historical-generation anchor,0,tao_modal_variant,-1.2636043790293092,0.42269852116640455
Haiti,openai,gpt4o_anchor,GPT-4o historical-generation anchor,1,tao_modal_variant,-1.2636043790293092,0.42269852116640455
Haiti,openai,gpt4o_anchor,GPT-4o historical-generation anchor,2,tao_modal_variant,-1.2636043790293092,0.42269852116640455
Haiti,openai,gpt4o_anchor,GPT-4o historical-generation anchor,3,tao_modal_variant,-1.8976569403058918,0.6170364040780821
Haiti,openai,gpt4o_anchor,GPT-4o historical-generation anchor,4,tao_modal_variant,-1.8976569403058918,0.6170364040780821
Haiti,openai,gpt4o_anchor,GPT-4o historical-generation anchor,5,tao_modal_variant,-1.4111012791852726,0.1470191194253984
Haiti,openai,gpt4o_anchor,GPT-4o historical-generation anchor,6,tao_modal_variant,-1.8976569403058918,0.6170364040780821
Haiti,openai,gpt4o_anchor,GPT-4o historical-generation anchor,7,tao_modal_variant,-1.8976569403058918,0.6170364040780821
Haiti,openai,gpt4o_anchor,GPT-4o historical-generation anchor,8,tao_modal_variant,-1.4111012791852726,0.1470191194253984
Haiti,openai,gpt4o_anchor,GPT-4o historical-generation anchor,9,tao_modal_variant,0.14648308760209744,0.21369445908710955
Hong Kong SAR,openai,gpt4o_anchor,GPT-4o historical-generation anchor,0,tao_modal_variant,3.09022113891534,2.525140290422316
Hong Kong SAR,openai,gpt4o_anchor,GPT-4o historical-generation anchor,1,tao_modal_variant,3.0093007598991925,1.4486557140489382
Hong Kong SAR,openai,gpt4o_anchor,GPT-4o historical-generation anchor,2,tao_modal_variant,3.5774675850751003,2.9142402040565645
Hong Kong SAR,openai,gpt4o_anchor,GPT-4o historical-generation anchor,3,tao_modal_variant,3.0093007598991925,1.4486557140489382
Hong Kong SAR,openai,gpt4o_anchor,GPT-4o historical-generation anchor,4,tao_modal_variant,2.6922744792609015,1.545824655504777
Hong Kong SAR,openai,gpt4o_anchor,GPT-4o historical-generation anchor,5,tao_modal_variant,3.0093007598991925,1.4486557140489382
Hong Kong SAR,openai,gpt4o_anchor,GPT-4o historical-generation anchor,6,tao_modal_variant,2.700135527554044,0.07698153204734451
Hong Kong SAR,openai,gpt4o_anchor,GPT-4o historical-generation anchor,7,tao_modal_variant,2.700135527554044,0.07698153204734451
Hong Kong SAR,openai,gpt4o_anchor,GPT-4o historical-generation anchor,8,tao_modal_variant,3.0093007598991925,1.4486557140489382
Hong Kong SAR,openai,gpt4o_anchor,GPT-4o historical-generation anchor,9,tao_modal_variant,4.018643889305468,1.5179493732519225
Hungary,openai,gpt4o_anchor,GPT-4o historical-generation anchor,0,tao_modal_variant,1.955269058641807,1.3122057069809288
Hungary,openai,gpt4o_anchor,GPT-4o historical-generation anchor,1,tao_modal_variant,1.955269058641807,1.3122057069809288
Hungary,openai,gpt4o_anchor,GPT-4o historical-generation anchor,2,tao_modal_variant,1.955269058641807,1.3122057069809288
Hungary,openai,gpt4o_anchor,GPT-4o historical-generation anchor,3,tao_modal_variant,1.6382427780035163,1.4093746484367675
Hungary,openai,gpt4o_anchor,GPT-4o historical-generation anchor,4,tao_modal_variant,0.8535381247009306,0.1834538786189319
Hungary,openai,gpt4o_anchor,GPT-4o historical-generation anchor,5,tao_modal_variant,2.441824719762426,0.8421884223282451
Hungary,openai,gpt4o_anchor,GPT-4o historical-generation anchor,6,tao_modal_variant,1.6461038262966587,-0.05946847502066512
Hungary,openai,gpt4o_anchor,GPT-4o historical-generation anchor,7,tao_modal_variant,1.1705644053392217,0.0862849371630931
Hungary,openai,gpt4o_anchor,GPT-4o historical-generation anchor,8,tao_modal_variant,2.1326594874172775,-0.5294857596733489
Hungary,openai,gpt4o_anchor,GPT-4o historical-generation anchor,9,tao_modal_variant,2.9639214030089405,0.5223821678969809
Iceland,openai,gpt4o_anchor,GPT-4o historical-generation anchor,0,tao_modal_variant,5.74905642479848,-1.280086234900353
Iceland,openai,gpt4o_anchor,GPT-4o historical-generation anchor,1,tao_modal_variant,5.74905642479848,-1.280086234900353
Iceland,openai,gpt4o_anchor,GPT-4o historical-generation anchor,2,tao_modal_variant,5.74905642479848,-1.280086234900353
Iceland,openai,gpt4o_anchor,GPT-4o historical-generation anchor,3,tao_modal_variant,5.74905642479848,-1.280086234900353
Iceland,openai,gpt4o_anchor,GPT-4o historical-generation anchor,4,tao_modal_variant,5.74905642479848,-1.280086234900353
Iceland,openai,gpt4o_anchor,GPT-4o historical-generation anchor,5,tao_modal_variant,5.74905642479848,-1.280086234900353
Iceland,openai,gpt4o_anchor,GPT-4o historical-generation anchor,6,tao_modal_variant,5.2269597415519655,-0.9602799804690888
Iceland,openai,gpt4o_anchor,GPT-4o historical-generation anchor,7,tao_modal_variant,5.74905642479848,-1.280086234900353
Iceland,openai,gpt4o_anchor,GPT-4o historical-generation anchor,8,tao_modal_variant,5.74905642479848,-1.280086234900353
Iceland,openai,gpt4o_anchor,GPT-4o historical-generation anchor,9,tao_modal_variant,5.74905642479848,-1.280086234900353
India,openai,gpt4o_anchor,GPT-4o historical-generation anchor,0,tao_modal_variant,1.0370457685969576,-0.5458433670634757
India,openai,gpt4o_anchor,GPT-4o historical-generation anchor,1,tao_modal_variant,1.3347351497406235,-1.7496824569706875
India,openai,gpt4o_anchor,GPT-4o historical-generation anchor,2,tao_modal_variant,1.8212908108612424,-2.219699741623371
India,openai,gpt4o_anchor,GPT-4o historical-generation anchor,3,tao_modal_variant,0.4331562285825812,-0.6658807583511768
India,openai,gpt4o_anchor,GPT-4o historical-generation anchor,4,tao_modal_variant,-0.3292464517509406,-0.7373336789109584
India,openai,gpt4o_anchor,GPT-4o historical-generation anchor,5,tao_modal_variant,1.8212908108612424,-2.219699741623371
India,openai,gpt4o_anchor,GPT-4o historical-generation anchor,6,tao_modal_variant,0.4331562285825812,-0.6658807583511768
India,openai,gpt4o_anchor,GPT-4o historical-generation anchor,7,tao_modal_variant,0.27464308826343564,-0.6172962876232575
India,openai,gpt4o_anchor,GPT-4o historical-generation anchor,8,tao_modal_variant,1.3347351497406235,-1.7496824569706875
India,openai,gpt4o_anchor,GPT-4o historical-generation anchor,9,tao_modal_variant,2.343387494107757,-2.5395059960546353
Indonesia,openai,gpt4o_anchor,GPT-4o historical-generation anchor,0,tao_modal_variant,-1.2816332860948738,-0.5648992409142053
Indonesia,openai,gpt4o_anchor,GPT-4o historical-generation anchor,1,tao_modal_variant,-1.1431110414848837,-1.7796900532788795
Indonesia,openai,gpt4o_anchor,GPT-4o historical-generation anchor,2,tao_modal_variant,-0.665609631883857,-1.746834885906493
Indonesia,openai,gpt4o_anchor,GPT-4o historical-generation anchor,3,tao_modal_variant,-1.4408004226285498,-0.5758509633716675
Indonesia,openai,gpt4o_anchor,GPT-4o historical-generation anchor,4,tao_modal_variant,-1.1431110414848837,-1.7796900532788795
Indonesia,openai,gpt4o_anchor,GPT-4o historical-generation anchor,5,tao_modal_variant,-0.34989134367462593,-1.963076213733095
Indonesia,openai,gpt4o_anchor,GPT-4o historical-generation anchor,6,tao_modal_variant,-1.4408004226285498,-0.5758509633716675
Indonesia,openai,gpt4o_anchor,GPT-4o historical-generation anchor,7,tao_modal_variant,-1.4408004226285498,-0.5758509633716675
Indonesia,openai,gpt4o_anchor,GPT-4o historical-generation anchor,8,tao_modal_variant,-0.03155707060727475,-1.9411727688181704
Indonesia,openai,gpt4o_anchor,GPT-4o historical-generation anchor,9,tao_modal_variant,0.25530618876881045,-1.7239664360746307
Iran,openai,gpt4o_anchor,GPT-4o historical-generation anchor,0,tao_modal_variant,-0.17840424132933608,1.779706524000381
Iran,openai,gpt4o_anchor,GPT-4o historical-generation anchor,1,tao_modal_variant,-0.17840424132933608,1.779706524000381
Iran,openai,gpt4o_anchor,GPT-4o historical-generation anchor,2,tao_modal_variant,0.3081514197912829,1.3096892393476975
Iran,openai,gpt4o_anchor,GPT-4o historical-generation anchor,3,tao_modal_variant,-0.16757811956175528,0.35866110134962925
Iran,openai,gpt4o_anchor,GPT-4o historical-generation anchor,4,tao_modal_variant,-0.9319427885388675,0.10859960123370285
Iran,openai,gpt4o_anchor,GPT-4o historical-generation anchor,5,tao_modal_variant,-0.17840424132933608,1.779706524000381
Iran,openai,gpt4o_anchor,GPT-4o historical-generation anchor,6,tao_modal_variant,-0.3582162697866971,0.5430122667207824
Iran,openai,gpt4o_anchor,GPT-4o historical-generation anchor,7,tao_modal_variant,-0.9427689103064482,1.5296450238844548
Iran,openai,gpt4o_anchor,GPT-4o historical-generation anchor,8,tao_modal_variant,0.11928513981432987,0.575867434093169
Iran,openai,gpt4o_anchor,GPT-4o historical-generation anchor,9,tao_modal_variant,-0.17840424132933608,1.779706524000381
Iraq,openai,gpt4o_anchor,GPT-4o historical-generation anchor,0,tao_modal_variant,-1.8976569403058918,0.6170364040780821
Iraq,openai,gpt4o_anchor,GPT-4o historical-generation anchor,1,tao_modal_variant,-1.8976569403058918,0.6170364040780821
Iraq,openai,gpt4o_anchor,GPT-4o historical-generation anchor,2,tao_modal_variant,-1.4111012791852726,0.1470191194253984
Iraq,openai,gpt4o_anchor,GPT-4o historical-generation anchor,3,tao_modal_variant,-1.8976569403058918,0.6170364040780821
Iraq,openai,gpt4o_anchor,GPT-4o historical-generation anchor,4,tao_modal_variant,-2.184520199681977,0.3998300713345424
Iraq,openai,gpt4o_anchor,GPT-4o historical-generation anchor,5,tao_modal_variant,-1.8976569403058918,0.6170364040780821
Iraq,openai,gpt4o_anchor,GPT-4o historical-generation anchor,6,tao_modal_variant,-1.8976569403058918,0.6170364040780821
Iraq,openai,gpt4o_anchor,GPT-4o historical-generation anchor,7,tao_modal_variant,-2.184520199681977,0.3998300713345424
Iraq,openai,gpt4o_anchor,GPT-4o historical-generation anchor,8,tao_modal_variant,-1.8976569403058918,0.6170364040780821
Iraq,openai,gpt4o_anchor,GPT-4o historical-generation anchor,9,tao_modal_variant,-1.4111012791852726,0.1470191194253984
Ireland,openai,gpt4o_anchor,GPT-4o historical-generation anchor,0,tao_modal_variant,3.4390012129280767,-2.5231483886645085
Ireland,openai,gpt4o_anchor,GPT-4o historical-generation anchor,1,tao_modal_variant,3.9165026225291037,-2.4902932212921214
Ireland,openai,gpt4o_anchor,GPT-4o historical-generation anchor,2,tao_modal_variant,4.225667854874253,-1.1186190392905282
Ireland,openai,gpt4o_anchor,GPT-4o historical-generation anchor,3,tao_modal_variant,3.0967165581389238,-0.9666478769536461
Ireland,openai,gpt4o_anchor,GPT-4o historical-generation anchor,4,tao_modal_variant,3.9165026225291037,-2.4902932212921214
Ireland,openai,gpt4o_anchor,GPT-4o historical-generation anchor,5,tao_modal_variant,3.5510677879092833,-2.782118156517808
Ireland,openai,gpt4o_anchor,GPT-4o historical-generation anchor,6,tao_modal_variant,2.9730904437311434,-0.8273885691896886
Ireland,openai,gpt4o_anchor,GPT-4o historical-generation anchor,7,tao_modal_variant,2.9375494216052482,-0.9775995994111083
Ireland,openai,gpt4o_anchor,GPT-4o historical-generation anchor,8,tao_modal_variant,4.234836895596455,-2.4683897763771974
Ireland,openai,gpt4o_anchor,GPT-4o historical-generation anchor,9,tao_modal_variant,3.9349440702419027,-1.5830904864184143
Italy,openai,gpt4o_anchor,GPT-4o historical-generation anchor,0,tao_modal_variant,1.6461038262966587,-0.05946847502066512
Italy,openai,gpt4o_anchor,GPT-4o historical-generation anchor,1,tao_modal_variant,2.4773657418883217,0.9923994525496647
Italy,openai,gpt4o_anchor,GPT-4o historical-generation anchor,2,tao_modal_variant,2.0456981129640908,-1.3356669061474236
Italy,openai,gpt4o_anchor,GPT-4o historical-generation anchor,3,tao_modal_variant,1.6461038262966587,-0.05946847502066512
Italy,openai,gpt4o_anchor,GPT-4o historical-generation anchor,4,tao_modal_variant,2.1682005095431727,-0.3792747294519293
Italy,openai,gpt4o_anchor,GPT-4o historical-generation anchor,5,tao_modal_variant,2.766822745644998,-1.1082617819579126
Italy,openai,gpt4o_anchor,GPT-4o historical-generation anchor,6,tao_modal_variant,1.402480603216778,-0.2540184318377893
Italy,openai,gpt4o_anchor,GPT-4o historical-generation anchor,7,tao_modal_variant,1.6461038262966587,-0.05946847502066512
Italy,openai,gpt4o_anchor,GPT-4o historical-generation anchor,8,tao_modal_variant,2.4206038320022096,-2.089569595842422
Italy,openai,gpt4o_anchor,GPT-4o historical-generation anchor,9,tao_modal_variant,3.1300541360539325,-1.134976646680655
Japan,openai,gpt4o_anchor,GPT-4o historical-generation anchor,0,tao_modal_variant,2.2142706514725665,1.4061160149869605
Japan,openai,gpt4o_anchor,GPT-4o historical-generation anchor,1,tao_modal_variant,2.2142706514725665,1.4061160149869605
Japan,openai,gpt4o_anchor,GPT-4o historical-generation anchor,2,tao_modal_variant,2.1333502724564193,0.32963143861358335
Japan,openai,gpt4o_anchor,GPT-4o historical-generation anchor,3,tao_modal_variant,2.0557575111534208,1.45470048571488
Japan,openai,gpt4o_anchor,GPT-4o historical-generation anchor,4,tao_modal_variant,1.4099979246745145,1.114185042808551
Japan,openai,gpt4o_anchor,GPT-4o historical-generation anchor,5,tao_modal_variant,2.1333502724564193,0.32963143861358335
Japan,openai,gpt4o_anchor,GPT-4o historical-generation anchor,6,tao_modal_variant,2.2142706514725665,1.4061160149869605
Japan,openai,gpt4o_anchor,GPT-4o historical-generation anchor,7,tao_modal_variant,2.0557575111534208,1.45470048571488
Japan,openai,gpt4o_anchor,GPT-4o historical-generation anchor,8,tao_modal_variant,2.1333502724564193,0.32963143861358335
Japan,openai,gpt4o_anchor,GPT-4o historical-generation anchor,9,tao_modal_variant,2.619905933577038,-0.14038584603910043
Jordan,openai,gpt4o_anchor,GPT-4o historical-generation anchor,0,tao_modal_variant,-1.5999675591622258,-0.5868026858291299
Jordan,openai,gpt4o_anchor,GPT-4o historical-generation anchor,1,tao_modal_variant,-1.5999675591622258,-0.5868026858291299
Jordan,openai,gpt4o_anchor,GPT-4o historical-generation anchor,2,tao_modal_variant,-1.5999675591622258,-0.5868026858291299
Jordan,openai,gpt4o_anchor,GPT-4o historical-generation anchor,3,tao_modal_variant,-1.5999675591622258,-0.5868026858291299
Jordan,openai,gpt4o_anchor,GPT-4o historical-generation anchor,4,tao_modal_variant,-1.5999675591622258,-0.5868026858291299
Jordan,openai,gpt4o_anchor,GPT-4o historical-generation anchor,5,tao_modal_variant,-1.5999675591622258,-0.5868026858291299
Jordan,openai,gpt4o_anchor,GPT-4o historical-generation anchor,6,tao_modal_variant,-1.5999675591622258,-0.5868026858291299
Jordan,openai,gpt4o_anchor,GPT-4o historical-generation anchor,7,tao_modal_variant,-1.5999675591622258,-0.5868026858291299
Jordan,openai,gpt4o_anchor,GPT-4o historical-generation anchor,8,tao_modal_variant,-1.5999675591622258,-0.5868026858291299
Jordan,openai,gpt4o_anchor,GPT-4o historical-generation anchor,9,tao_modal_variant,-0.8265486386655213,-0.8396136377382737
Kazakhstan,openai,gpt4o_anchor,GPT-4o historical-generation anchor,0,tao_modal_variant,-0.04238319237485544,-0.5201273461674186
Kazakhstan,openai,gpt4o_anchor,GPT-4o historical-generation anchor,1,tao_modal_variant,-0.38957249427535245,-0.10858313051220113
Kazakhstan,openai,gpt4o_anchor,GPT-4o historical-generation anchor,2,tao_modal_variant,0.24448006700122973,-0.3029210134238788
Kazakhstan,openai,gpt4o_anchor,GPT-4o historical-generation anchor,3,tao_modal_variant,-0.5546241421114976,-0.2285144848471788
Kazakhstan,openai,gpt4o_anchor,GPT-4o historical-generation anchor,4,tao_modal_variant,-0.7196757899476424,-0.3484458391821565
Kazakhstan,openai,gpt4o_anchor,GPT-4o historical-generation anchor,5,tao_modal_variant,0.25530618876881045,-1.7239664360746307
Kazakhstan,openai,gpt4o_anchor,GPT-4o historical-generation anchor,6,tao_modal_variant,-0.14594927119547219,0.08596682630492314
Kazakhstan,openai,gpt4o_anchor,GPT-4o historical-generation anchor,7,tao_modal_variant,-0.0673776959517367,0.1605854287870697
Kazakhstan,openai,gpt4o_anchor,GPT-4o historical-generation anchor,8,tao_modal_variant,-0.09188311313168668,-1.3124222204194134
Kazakhstan,openai,gpt4o_anchor,GPT-4o historical-generation anchor,9,tao_modal_variant,0.7310357281218487,-0.7729382980765624
Kenya,openai,gpt4o_anchor,GPT-4o historical-generation anchor,0,tao_modal_variant,-1.2816332860948738,-0.5648992409142053
Kenya,openai,gpt4o_anchor,GPT-4o historical-generation anchor,1,tao_modal_variant,-0.8157225168979406,-2.2606590603890253
Kenya,openai,gpt4o_anchor,GPT-4o historical-generation anchor,2,tao_modal_variant,-1.3022781780185597,-1.7906417757363418
Kenya,openai,gpt4o_anchor,GPT-4o historical-generation anchor,3,tao_modal_variant,-1.4408004226285498,-0.5758509633716675
Kenya,openai,gpt4o_anchor,GPT-4o historical-generation anchor,4,tao_modal_variant,-1.5999675591622258,-0.5868026858291299
Kenya,openai,gpt4o_anchor,GPT-4o historical-generation anchor,5,tao_modal_variant,-0.8157225168979406,-2.2606590603890253
Kenya,openai,gpt4o_anchor,GPT-4o historical-generation anchor,6,tao_modal_variant,-0.9542447615079307,-1.045868248024351
Kenya,openai,gpt4o_anchor,GPT-4o historical-generation anchor,7,tao_modal_variant,-1.5999675591622258,-0.5868026858291299
Kenya,openai,gpt4o_anchor,GPT-4o historical-generation anchor,8,tao_modal_variant,-0.8157225168979406,-2.2606590603890253
Kenya,openai,gpt4o_anchor,GPT-4o historical-generation anchor,9,tao_modal_variant,0.10780928861284722,-1.999645837815637
Kosovo,openai,gpt4o_anchor,GPT-4o historical-generation anchor,0,tao_modal_variant,0.7310357281218487,-0.7729382980765624
Kosovo,openai,gpt4o_anchor,GPT-4o historical-generation anchor,1,tao_modal_variant,0.44417246874576355,-0.9901446308201023
Kosovo,openai,gpt4o_anchor,GPT-4o historical-generation anchor,2,tao_modal_variant,1.5236014297175764,-1.0158606517161595
Kosovo,openai,gpt4o_anchor,GPT-4o historical-generation anchor,3,tao_modal_variant,-0.03136695221167313,-0.8443912186363441
Kosovo,openai,gpt4o_anchor,GPT-4o historical-generation anchor,4,tao_modal_variant,-0.03136695221167313,-0.8443912186363441
Kosovo,openai,gpt4o_anchor,GPT-4o historical-generation anchor,5,tao_modal_variant,0.44417246874576355,-0.9901446308201023
Kosovo,openai,gpt4o_anchor,GPT-4o historical-generation anchor,6,tao_modal_variant,-0.1898800925308186,-0.7958067479084248
Kosovo,openai,gpt4o_anchor,GPT-4o historical-generation anchor,7,tao_modal_variant,-0.1898800925308186,-0.7958067479084248
Kosovo,openai,gpt4o_anchor,GPT-4o historical-generation anchor,8,tao_modal_variant,0.7418618498894295,-2.193983720727314
Kosovo,openai,gpt4o_anchor,GPT-4o historical-generation anchor,9,tao_modal_variant,2.0101570908381956,-1.4858779363688432
Kyrgyzstan,openai,gpt4o_anchor,GPT-4o historical-generation anchor,0,tao_modal_variant,-0.6764357536514377,-0.32578946325574093
Kyrgyzstan,openai,gpt4o_anchor,GPT-4o historical-generation anchor,1,tao_modal_variant,-0.6764357536514377,-0.32578946325574093
Kyrgyzstan,openai,gpt4o_anchor,GPT-4o historical-generation anchor,2,tao_modal_variant,-0.6764357536514377,-0.32578946325574093
Kyrgyzstan,openai,gpt4o_anchor,GPT-4o historical-generation anchor,3,tao_modal_variant,-0.6764357536514377,-0.32578946325574093
Kyrgyzstan,openai,gpt4o_anchor,GPT-4o historical-generation anchor,4,tao_modal_variant,-1.4408004226285498,-0.5758509633716675
Kyrgyzstan,openai,gpt4o_anchor,GPT-4o historical-generation anchor,5,tao_modal_variant,-0.6764357536514377,-0.32578946325574093
Kyrgyzstan,openai,gpt4o_anchor,GPT-4o historical-generation anchor,6,tao_modal_variant,-0.6764357536514377,-0.32578946325574093
Kyrgyzstan,openai,gpt4o_anchor,GPT-4o historical-generation anchor,7,tao_modal_variant,-1.4408004226285498,-0.5758509633716675
Kyrgyzstan,openai,gpt4o_anchor,GPT-4o historical-generation anchor,8,tao_modal_variant,-0.6764357536514377,-0.32578946325574093
Kyrgyzstan,openai,gpt4o_anchor,GPT-4o historical-generation anchor,9,tao_modal_variant,0.09698316684526653,-0.5786004151648849
Latvia,openai,gpt4o_anchor,GPT-4o historical-generation anchor,0,tao_modal_variant,1.955269058641807,1.3122057069809288
Latvia,openai,gpt4o_anchor,GPT-4o historical-generation anchor,1,tao_modal_variant,2.9639214030089405,0.5223821678969809
Latvia,openai,gpt4o_anchor,GPT-4o historical-generation anchor,2,tao_modal_variant,2.1326594874172775,-0.5294857596733489
Latvia,openai,gpt4o_anchor,GPT-4o historical-generation anchor,3,tao_modal_variant,1.8156332067789864,-0.4323168182175101
Latvia,openai,gpt4o_anchor,GPT-4o historical-generation anchor,4,tao_modal_variant,0.8535381247009306,0.1834538786189319
Latvia,openai,gpt4o_anchor,GPT-4o historical-generation anchor,5,tao_modal_variant,2.1326594874172775,-0.5294857596733489
Latvia,openai,gpt4o_anchor,GPT-4o historical-generation anchor,6,tao_modal_variant,1.3400937858215496,-0.28656340603375186
Latvia,openai,gpt4o_anchor,GPT-4o historical-generation anchor,7,tao_modal_variant,0.8535381247009306,0.1834538786189319
Latvia,openai,gpt4o_anchor,GPT-4o historical-generation anchor,8,tao_modal_variant,2.1326594874172775,-0.5294857596733489
Latvia,openai,gpt4o_anchor,GPT-4o historical-generation anchor,9,tao_modal_variant,3.9279784737305867,0.08522005061668386
Lebanon,openai,gpt4o_anchor,GPT-4o historical-generation anchor,0,tao_modal_variant,-0.030907341173372793,2.055385925741387
Lebanon,openai,gpt4o_anchor,GPT-4o historical-generation anchor,1,tao_modal_variant,0.14648308760209744,0.21369445908710955
Lebanon,openai,gpt4o_anchor,GPT-4o historical-generation anchor,2,tao_modal_variant,1.248214021542974,1.3424462874491063
Lebanon,openai,gpt4o_anchor,GPT-4o historical-generation anchor,3,tao_modal_variant,-0.14038017177398765,-0.00351187365643023
Lebanon,openai,gpt4o_anchor,GPT-4o historical-generation anchor,4,tao_modal_variant,-1.5799766634530705,0.5794036558076251
Lebanon,openai,gpt4o_anchor,GPT-4o historical-generation anchor,5,tao_modal_variant,0.14648308760209744,0.21369445908710955
Lebanon,openai,gpt4o_anchor,GPT-4o historical-generation anchor,6,tao_modal_variant,0.14648308760209744,0.21369445908710955
Lebanon,openai,gpt4o_anchor,GPT-4o historical-generation anchor,7,tao_modal_variant,-1.7384898037722163,0.6279881265355445
Lebanon,openai,gpt4o_anchor,GPT-4o historical-generation anchor,8,tao_modal_variant,0.14648308760209744,0.21369445908710955
Lebanon,openai,gpt4o_anchor,GPT-4o historical-generation anchor,9,tao_modal_variant,0.4556483199472462,1.5853686410887033
Libya,openai,gpt4o_anchor,GPT-4o historical-generation anchor,0,tao_modal_variant,-1.5999675591622258,-0.5868026858291299
Libya,openai,gpt4o_anchor,GPT-4o historical-generation anchor,1,tao_modal_variant,-1.1134118980416066,-1.0568199704818135
Libya,openai,gpt4o_anchor,GPT-4o historical-generation anchor,2,tao_modal_variant,-1.4111012791852726,0.1470191194253984
Libya,openai,gpt4o_anchor,GPT-4o historical-generation anchor,3,tao_modal_variant,-1.1134118980416066,-1.0568199704818135
Libya,openai,gpt4o_anchor,GPT-4o historical-generation anchor,4,tao_modal_variant,-1.4002751574176915,-1.2740263032253532
Libya,openai,gpt4o_anchor,GPT-4o historical-generation anchor,5,tao_modal_variant,-1.1134118980416066,-1.0568199704818135
Libya,openai,gpt4o_anchor,GPT-4o historical-generation anchor,6,tao_modal_variant,-1.8976569403058918,0.6170364040780821
Libya,openai,gpt4o_anchor,GPT-4o historical-generation anchor,7,tao_modal_variant,-1.1134118980416066,-1.0568199704818135
Libya,openai,gpt4o_anchor,GPT-4o historical-generation anchor,8,tao_modal_variant,-1.1134118980416066,-1.0568199704818135
Libya,openai,gpt4o_anchor,GPT-4o historical-generation anchor,9,tao_modal_variant,-1.4111012791852726,0.1470191194253984
Lithuania,openai,gpt4o_anchor,GPT-4o historical-generation anchor,0,tao_modal_variant,2.441824719762426,0.8421884223282451
Lithuania,openai,gpt4o_anchor,GPT-4o historical-generation anchor,1,tao_modal_variant,2.9639214030089405,0.5223821678969809
Lithuania,openai,gpt4o_anchor,GPT-4o historical-generation anchor,2,tao_modal_variant,3.141311831784411,-1.3193092987572967
Lithuania,openai,gpt4o_anchor,GPT-4o historical-generation anchor,3,tao_modal_variant,1.3400937858215496,-0.28656340603375186
Lithuania,openai,gpt4o_anchor,GPT-4o historical-generation anchor,4,tao_modal_variant,1.3400937858215496,-0.28656340603375186
Lithuania,openai,gpt4o_anchor,GPT-4o historical-generation anchor,5,tao_modal_variant,2.1326594874172775,-0.5294857596733489
Lithuania,openai,gpt4o_anchor,GPT-4o historical-generation anchor,6,tao_modal_variant,1.6571200664598407,-0.3837323474895907
Lithuania,openai,gpt4o_anchor,GPT-4o historical-generation anchor,7,tao_modal_variant,1.6492590181666982,1.085110775967842
Lithuania,openai,gpt4o_anchor,GPT-4o historical-generation anchor,8,tao_modal_variant,2.1326594874172775,-0.5294857596733489
Lithuania,openai,gpt4o_anchor,GPT-4o historical-generation anchor,9,tao_modal_variant,3.768811337196911,0.07426832815922159
Luxembourg,openai,gpt4o_anchor,GPT-4o historical-generation anchor,0,tao_modal_variant,3.670253402504573,-2.6256016581708224
Luxembourg,openai,gpt4o_anchor,GPT-4o historical-generation anchor,1,tao_modal_variant,3.9165026225291037,-2.4902932212921214
Luxembourg,openai,gpt4o_anchor,GPT-4o historical-generation anchor,2,tao_modal_variant,4.634310473226219,-3.062763775451119
Luxembourg,openai,gpt4o_anchor,GPT-4o historical-generation anchor,3,tao_modal_variant,3.6256581288590852,-2.2729402363671714
Luxembourg,openai,gpt4o_anchor,GPT-4o historical-generation anchor,4,tao_modal_variant,4.1477548121056,-2.592746490798435
Luxembourg,openai,gpt4o_anchor,GPT-4o historical-generation anchor,5,tao_modal_variant,3.9165026225291037,-2.4902932212921214
Luxembourg,openai,gpt4o_anchor,GPT-4o historical-generation anchor,6,tao_modal_variant,3.6210736084979844,-1.598054867823837
Luxembourg,openai,gpt4o_anchor,GPT-4o historical-generation anchor,7,tao_modal_variant,3.5489885554551637,-1.484649875860061
Luxembourg,openai,gpt4o_anchor,GPT-4o historical-generation anchor,8,tao_modal_variant,4.634310473226219,-3.062763775451119
Luxembourg,openai,gpt4o_anchor,GPT-4o historical-generation anchor,9,tao_modal_variant,4.225667854874253,-1.1186190392905282
Macau SAR,openai,gpt4o_anchor,GPT-4o historical-generation anchor,0,tao_modal_variant,1.9437932074403244,-1.263307564927877
Macau SAR,openai,gpt4o_anchor,GPT-4o historical-generation anchor,1,tao_modal_variant,1.9437932074403244,-1.263307564927877
Macau SAR,openai,gpt4o_anchor,GPT-4o historical-generation anchor,2,tao_modal_variant,2.4303488685609436,-1.7333248495805607
Macau SAR,openai,gpt4o_anchor,GPT-4o historical-generation anchor,3,tao_modal_variant,1.6461038262966587,-0.05946847502066512
Macau SAR,openai,gpt4o_anchor,GPT-4o historical-generation anchor,4,tao_modal_variant,1.6267669268020333,-1.1661386234720383
Macau SAR,openai,gpt4o_anchor,GPT-4o historical-generation anchor,5,tao_modal_variant,2.4303488685609436,-1.7333248495805607
Macau SAR,openai,gpt4o_anchor,GPT-4o historical-generation anchor,6,tao_modal_variant,1.6461038262966587,-0.05946847502066512
Macau SAR,openai,gpt4o_anchor,GPT-4o historical-generation anchor,7,tao_modal_variant,1.9437932074403244,-1.263307564927877
Macau SAR,openai,gpt4o_anchor,GPT-4o historical-generation anchor,8,tao_modal_variant,2.4303488685609436,-1.7333248495805607
Macau SAR,openai,gpt4o_anchor,GPT-4o historical-generation anchor,9,tao_modal_variant,2.4303488685609436,-1.7333248495805607
Malaysia,openai,gpt4o_anchor,GPT-4o historical-generation anchor,0,tao_modal_variant,-0.6764357536514377,-0.32578946325574093
Malaysia,openai,gpt4o_anchor,GPT-4o historical-generation anchor,1,tao_modal_variant,-0.3787463725077719,-1.529628553162953
Malaysia,openai,gpt4o_anchor,GPT-4o historical-generation anchor,2,tao_modal_variant,1.0478718903645383,-1.9668887897142278
Malaysia,openai,gpt4o_anchor,GPT-4o historical-generation anchor,3,tao_modal_variant,-0.6764357536514377,-0.32578946325574093
Malaysia,openai,gpt4o_anchor,GPT-4o historical-generation anchor,4,tao_modal_variant,-0.665609631883857,-1.746834885906493
Malaysia,openai,gpt4o_anchor,GPT-4o historical-generation anchor,5,tao_modal_variant,0.25530618876881045,-1.7239664360746307
Malaysia,openai,gpt4o_anchor,GPT-4o historical-generation anchor,6,tao_modal_variant,-0.04238319237485544,-0.5201273461674186
Malaysia,openai,gpt4o_anchor,GPT-4o historical-generation anchor,7,tao_modal_variant,-0.9632990130275229,-0.5429957959992807
Malaysia,openai,gpt4o_anchor,GPT-4o historical-generation anchor,8,tao_modal_variant,0.25530618876881045,-1.7239664360746307
Malaysia,openai,gpt4o_anchor,GPT-4o historical-generation anchor,9,tao_modal_variant,2.0565242347316715,-2.7567123287981756
Maldives,openai,gpt4o_anchor,GPT-4o historical-generation anchor,0,tao_modal_variant,-1.0154149186424744,-1.5734354429928017
Maldives,openai,gpt4o_anchor,GPT-4o historical-generation anchor,1,tao_modal_variant,-1.0154149186424744,-1.5734354429928017
Maldives,openai,gpt4o_anchor,GPT-4o historical-generation anchor,2,tao_modal_variant,-0.5288592575218554,-2.0434527276454855
Maldives,openai,gpt4o_anchor,GPT-4o historical-generation anchor,3,tao_modal_variant,-1.0154149186424744,-1.5734354429928017
Maldives,openai,gpt4o_anchor,GPT-4o historical-generation anchor,4,tao_modal_variant,-0.8157225168979406,-2.2606590603890253
Maldives,openai,gpt4o_anchor,GPT-4o historical-generation anchor,5,tao_modal_variant,-0.5288592575218554,-2.0434527276454855
Maldives,openai,gpt4o_anchor,GPT-4o historical-generation anchor,6,tao_modal_variant,-0.5288592575218554,-2.0434527276454855
Maldives,openai,gpt4o_anchor,GPT-4o historical-generation anchor,7,tao_modal_variant,-0.5288592575218554,-2.0434527276454855
Maldives,openai,gpt4o_anchor,GPT-4o historical-generation anchor,8,tao_modal_variant,-0.5288592575218554,-2.0434527276454855
Maldives,openai,gpt4o_anchor,GPT-4o historical-generation anchor,9,tao_modal_variant,0.10780928861284722,-1.999645837815637
Mali,openai,gpt4o_anchor,GPT-4o historical-generation anchor,0,tao_modal_variant,-1.5999675591622258,-0.5868026858291299
Mali,openai,gpt4o_anchor,GPT-4o historical-generation anchor,1,tao_modal_variant,-1.5999675591622258,-0.5868026858291299
Mali,openai,gpt4o_anchor,GPT-4o historical-generation anchor,2,tao_modal_variant,-1.5999675591622258,-0.5868026858291299
Mali,openai,gpt4o_anchor,GPT-4o historical-generation anchor,3,tao_modal_variant,-1.5999675591622258,-0.5868026858291299
Mali,openai,gpt4o_anchor,GPT-4o historical-generation anchor,4,tao_modal_variant,-1.5999675591622258,-0.5868026858291299
Mali,openai,gpt4o_anchor,GPT-4o historical-generation anchor,5,tao_modal_variant,-1.5999675591622258,-0.5868026858291299
Mali,openai,gpt4o_anchor,GPT-4o historical-generation anchor,6,tao_modal_variant,-1.5999675591622258,-0.5868026858291299
Mali,openai,gpt4o_anchor,GPT-4o historical-generation anchor,7,tao_modal_variant,-1.5999675591622258,-0.5868026858291299
Mali,openai,gpt4o_anchor,GPT-4o historical-generation anchor,8,tao_modal_variant,-1.1134118980416066,-1.0568199704818135
Mali,openai,gpt4o_anchor,GPT-4o historical-generation anchor,9,tao_modal_variant,-1.1134118980416066,-1.0568199704818135
Malta,openai,gpt4o_anchor,GPT-4o historical-generation anchor,0,tao_modal_variant,1.1846222647265399,-2.26350663145322
Malta,openai,gpt4o_anchor,GPT-4o historical-generation anchor,1,tao_modal_variant,1.220163286852435,-2.1132956012318003
Malta,openai,gpt4o_anchor,GPT-4o historical-generation anchor,2,tao_modal_variant,1.7067189479730542,-2.583312885884484
Malta,openai,gpt4o_anchor,GPT-4o historical-generation anchor,3,tao_modal_variant,1.7067189479730542,-2.583312885884484
Malta,openai,gpt4o_anchor,GPT-4o historical-generation anchor,4,tao_modal_variant,0.8977590053504547,-2.48071296419676
Malta,openai,gpt4o_anchor,GPT-4o historical-generation anchor,5,tao_modal_variant,1.7067189479730542,-2.583312885884484
Malta,openai,gpt4o_anchor,GPT-4o historical-generation anchor,6,tao_modal_variant,1.1846222647265399,-2.26350663145322
Malta,openai,gpt4o_anchor,GPT-4o historical-generation anchor,7,tao_modal_variant,0.8977590053504547,-2.48071296419676
Malta,openai,gpt4o_anchor,GPT-4o historical-generation anchor,8,tao_modal_variant,1.1846222647265399,-2.26350663145322
Malta,openai,gpt4o_anchor,GPT-4o historical-generation anchor,9,tao_modal_variant,2.1932746090936734,-3.0533301705371683
Mexico,openai,gpt4o_anchor,GPT-4o historical-generation anchor,0,tao_modal_variant,1.534427551485157,-2.4369060743669113
Mexico,openai,gpt4o_anchor,GPT-4o historical-generation anchor,1,tao_modal_variant,2.0565242347316715,-2.7567123287981756
Mexico,openai,gpt4o_anchor,GPT-4o historical-generation anchor,2,tao_modal_variant,1.8212908108612424,-2.219699741623371
Mexico,openai,gpt4o_anchor,GPT-4o historical-generation anchor,3,tao_modal_variant,1.0478718903645383,-1.9668887897142278
Mexico,openai,gpt4o_anchor,GPT-4o historical-generation anchor,4,tao_modal_variant,0.761008630988453,-2.184095122457767
Mexico,openai,gpt4o_anchor,GPT-4o historical-generation anchor,5,tao_modal_variant,1.534427551485157,-2.4369060743669113
Mexico,openai,gpt4o_anchor,GPT-4o historical-generation anchor,6,tao_modal_variant,1.534427551485157,-2.4369060743669113
Mexico,openai,gpt4o_anchor,GPT-4o historical-generation anchor,7,tao_modal_variant,0.761008630988453,-2.184095122457767
Mexico,openai,gpt4o_anchor,GPT-4o historical-generation anchor,8,tao_modal_variant,1.534427551485157,-2.4369060743669113
Mexico,openai,gpt4o_anchor,GPT-4o historical-generation anchor,9,tao_modal_variant,2.8208889037087834,-2.506650828682248
Moldova,openai,gpt4o_anchor,GPT-4o historical-generation anchor,0,tao_modal_variant,0.32540044601737683,0.7735635629494985
Moldova,openai,gpt4o_anchor,GPT-4o historical-generation anchor,1,tao_modal_variant,0.32540044601737683,0.7735635629494985
Moldova,openai,gpt4o_anchor,GPT-4o historical-generation anchor,2,tao_modal_variant,1.1988865266292519,1.6071257856832788
Moldova,openai,gpt4o_anchor,GPT-4o historical-generation anchor,3,tao_modal_variant,0.32540044601737683,0.7735635629494985
Moldova,openai,gpt4o_anchor,GPT-4o historical-generation anchor,4,tao_modal_variant,-0.43700223431614493,0.7021106423897168
Moldova,openai,gpt4o_anchor,GPT-4o historical-generation anchor,5,tao_modal_variant,0.8119561071379959,0.30354627829681463
Moldova,openai,gpt4o_anchor,GPT-4o historical-generation anchor,6,tao_modal_variant,0.8119561071379959,0.30354627829681463
Moldova,openai,gpt4o_anchor,GPT-4o historical-generation anchor,7,tao_modal_variant,-0.3086521152592052,0.9679014458611761
Moldova,openai,gpt4o_anchor,GPT-4o historical-generation anchor,8,tao_modal_variant,1.5236014297175764,-1.0158606517161595
Moldova,openai,gpt4o_anchor,GPT-4o historical-generation anchor,9,tao_modal_variant,1.9136870410788722,1.4322981066588116
Mongolia,openai,gpt4o_anchor,GPT-4o historical-generation anchor,0,tao_modal_variant,0.8535381247009306,0.1834538786189319
Mongolia,openai,gpt4o_anchor,GPT-4o historical-generation anchor,1,tao_modal_variant,0.8535381247009306,0.1834538786189319
Mongolia,openai,gpt4o_anchor,GPT-4o historical-generation anchor,2,tao_modal_variant,0.8535381247009306,0.1834538786189319
Mongolia,openai,gpt4o_anchor,GPT-4o historical-generation anchor,3,tao_modal_variant,0.8535381247009306,0.1834538786189319
Mongolia,openai,gpt4o_anchor,GPT-4o historical-generation anchor,4,tao_modal_variant,0.8535381247009306,0.1834538786189319
Mongolia,openai,gpt4o_anchor,GPT-4o historical-generation anchor,5,tao_modal_variant,1.3400937858215496,-0.28656340603375186
Mongolia,openai,gpt4o_anchor,GPT-4o historical-generation anchor,6,tao_modal_variant,0.8535381247009306,0.1834538786189319
Mongolia,openai,gpt4o_anchor,GPT-4o historical-generation anchor,7,tao_modal_variant,0.8535381247009306,0.1834538786189319
Mongolia,openai,gpt4o_anchor,GPT-4o historical-generation anchor,8,tao_modal_variant,2.4303488685609436,-1.7333248495805607
Mongolia,openai,gpt4o_anchor,GPT-4o historical-generation anchor,9,tao_modal_variant,2.1326594874172775,-0.5294857596733489
Montenegro,openai,gpt4o_anchor,GPT-4o historical-generation anchor,0,tao_modal_variant,1.0370457685969576,-0.5458433670634757
Montenegro,openai,gpt4o_anchor,GPT-4o historical-generation anchor,1,tao_modal_variant,1.5236014297175764,-1.0158606517161595
Montenegro,openai,gpt4o_anchor,GPT-4o historical-generation anchor,2,tao_modal_variant,1.5236014297175764,-1.0158606517161595
Montenegro,openai,gpt4o_anchor,GPT-4o historical-generation anchor,3,tao_modal_variant,0.24448006700122973,-0.3029210134238788
Montenegro,openai,gpt4o_anchor,GPT-4o historical-generation anchor,4,tao_modal_variant,0.24448006700122973,-0.3029210134238788
Montenegro,openai,gpt4o_anchor,GPT-4o historical-generation anchor,5,tao_modal_variant,1.5236014297175764,-1.0158606517161595
Montenegro,openai,gpt4o_anchor,GPT-4o historical-generation anchor,6,tao_modal_variant,0.24448006700122973,-0.3029210134238788
Montenegro,openai,gpt4o_anchor,GPT-4o historical-generation anchor,7,tao_modal_variant,-0.04238319237485544,-0.5201273461674186
Montenegro,openai,gpt4o_anchor,GPT-4o historical-generation anchor,8,tao_modal_variant,1.8212908108612424,-2.219699741623371
Montenegro,openai,gpt4o_anchor,GPT-4o historical-generation anchor,9,tao_modal_variant,1.5236014297175764,-1.0158606517161595
Morocco,openai,gpt4o_anchor,GPT-4o historical-generation anchor,0,tao_modal_variant,-0.47674335190690376,-1.0130130806519644
Morocco,openai,gpt4o_anchor,GPT-4o historical-generation anchor,1,tao_modal_variant,-0.9632990130275229,-0.5429957959992807
Morocco,openai,gpt4o_anchor,GPT-4o historical-generation anchor,2,tao_modal_variant,-0.1898800925308186,-0.7958067479084248
Morocco,openai,gpt4o_anchor,GPT-4o historical-generation anchor,3,tao_modal_variant,-1.1134118980416066,-1.0568199704818135
Morocco,openai,gpt4o_anchor,GPT-4o historical-generation anchor,4,tao_modal_variant,-1.5999675591622258,-0.5868026858291299
Morocco,openai,gpt4o_anchor,GPT-4o historical-generation anchor,5,tao_modal_variant,-0.9542447615079307,-1.045868248024351
Morocco,openai,gpt4o_anchor,GPT-4o historical-generation anchor,6,tao_modal_variant,-0.9542447615079307,-1.045868248024351
Morocco,openai,gpt4o_anchor,GPT-4o historical-generation anchor,7,tao_modal_variant,-1.1134118980416066,-1.0568199704818135
Morocco,openai,gpt4o_anchor,GPT-4o historical-generation anchor,8,tao_modal_variant,-1.1134118980416066,-1.0568199704818135
Morocco,openai,gpt4o_anchor,GPT-4o historical-generation anchor,9,tao_modal_variant,-0.1898800925308186,-0.7958067479084248
Myanmar,openai,gpt4o_anchor,GPT-4o historical-generation anchor,0,tao_modal_variant,0.1481401686474757,0.14241977352302723
Myanmar,openai,gpt4o_anchor,GPT-4o historical-generation anchor,1,tao_modal_variant,-0.1701941044198756,0.1205163286081027
Myanmar,openai,gpt4o_anchor,GPT-4o historical-generation anchor,2,tao_modal_variant,0.3246822160321862,1.0814330648757178
Myanmar,openai,gpt4o_anchor,GPT-4o historical-generation anchor,3,tao_modal_variant,-0.46788348556354153,1.3243554185153148
Myanmar,openai,gpt4o_anchor,GPT-4o historical-generation anchor,4,tao_modal_variant,-0.4793593367650242,-1.251157853393491
Myanmar,openai,gpt4o_anchor,GPT-4o historical-generation anchor,5,tao_modal_variant,-0.3087163490298659,1.3353071409727768
Myanmar,openai,gpt4o_anchor,GPT-4o historical-generation anchor,6,tao_modal_variant,-0.7770487179086903,-0.047318763486279225
Myanmar,openai,gpt4o_anchor,GPT-4o historical-generation anchor,7,tao_modal_variant,-0.1701941044198756,0.1205163286081027
Myanmar,openai,gpt4o_anchor,GPT-4o historical-generation anchor,8,tao_modal_variant,0.16878506057116102,1.3681623083451635
Myanmar,openai,gpt4o_anchor,GPT-4o historical-generation anchor,9,tao_modal_variant,0.3246822160321862,1.0814330648757178
Netherlands,openai,gpt4o_anchor,GPT-4o historical-generation anchor,0,tao_modal_variant,5.5116425307472765,-0.2255051034419002
Netherlands,openai,gpt4o_anchor,GPT-4o historical-generation anchor,1,tao_modal_variant,5.5116425307472765,-0.2255051034419002
Netherlands,openai,gpt4o_anchor,GPT-4o historical-generation anchor,2,tao_modal_variant,5.5116425307472765,-0.2255051034419002
Netherlands,openai,gpt4o_anchor,GPT-4o historical-generation anchor,3,tao_modal_variant,5.024396084587514,-0.6146050170761485
Netherlands,openai,gpt4o_anchor,GPT-4o historical-generation anchor,4,tao_modal_variant,5.389830919207336,-0.3227800818504622
Netherlands,openai,gpt4o_anchor,GPT-4o historical-generation anchor,5,tao_modal_variant,5.5116425307472765,-0.2255051034419002
Netherlands,openai,gpt4o_anchor,GPT-4o historical-generation anchor,6,tao_modal_variant,5.024396084587514,-0.6146050170761485
Netherlands,openai,gpt4o_anchor,GPT-4o historical-generation anchor,7,tao_modal_variant,5.5116425307472765,-0.2255051034419002
Netherlands,openai,gpt4o_anchor,GPT-4o historical-generation anchor,8,tao_modal_variant,5.670809667280952,-0.2145533809844379
Netherlands,openai,gpt4o_anchor,GPT-4o historical-generation anchor,9,tao_modal_variant,5.829976803814628,-0.20360165852697573
New Zealand,openai,gpt4o_anchor,GPT-4o historical-generation anchor,0,tao_modal_variant,3.7035711716277384,-0.798812784859264
New Zealand,openai,gpt4o_anchor,GPT-4o historical-generation anchor,1,tao_modal_variant,3.9165026225291037,-2.4902932212921214
New Zealand,openai,gpt4o_anchor,GPT-4o historical-generation anchor,2,tao_modal_variant,4.56291620522254,-2.090241585200411
New Zealand,openai,gpt4o_anchor,GPT-4o historical-generation anchor,3,tao_modal_variant,4.071085238701678,-1.8044561302913247
New Zealand,openai,gpt4o_anchor,GPT-4o historical-generation anchor,4,tao_modal_variant,4.788893089398793,-2.3769266844503227
New Zealand,openai,gpt4o_anchor,GPT-4o historical-generation anchor,5,tao_modal_variant,4.634310473226219,-3.062763775451119
New Zealand,openai,gpt4o_anchor,GPT-4o historical-generation anchor,6,tao_modal_variant,3.389821418921488,-1.4956015983175233
New Zealand,openai,gpt4o_anchor,GPT-4o historical-generation anchor,7,tao_modal_variant,3.389821418921488,-1.4956015983175233
New Zealand,openai,gpt4o_anchor,GPT-4o historical-generation anchor,8,tao_modal_variant,4.943475705571367,-1.6910895934495258
New Zealand,openai,gpt4o_anchor,GPT-4o historical-generation anchor,9,tao_modal_variant,4.544002127941603,-1.0967155943756037
Nicaragua,openai,gpt4o_anchor,GPT-4o historical-generation anchor,0,tao_modal_variant,0.7203685765749843,-0.6390214975424826
Nicaragua,openai,gpt4o_anchor,GPT-4o historical-generation anchor,1,tao_modal_variant,0.8977590053504547,-2.48071296419676
Nicaragua,openai,gpt4o_anchor,GPT-4o historical-generation anchor,2,tao_modal_variant,0.8977590053504547,-2.48071296419676
Nicaragua,openai,gpt4o_anchor,GPT-4o historical-generation anchor,3,tao_modal_variant,-0.4793593367650242,-1.251157853393491
Nicaragua,openai,gpt4o_anchor,GPT-4o historical-generation anchor,4,tao_modal_variant,-0.18166995562135824,-2.454996943300703
Nicaragua,openai,gpt4o_anchor,GPT-4o historical-generation anchor,5,tao_modal_variant,0.8977590053504547,-2.48071296419676
Nicaragua,openai,gpt4o_anchor,GPT-4o historical-generation anchor,6,tao_modal_variant,-0.19249607738893904,-1.0339515206499512
Nicaragua,openai,gpt4o_anchor,GPT-4o historical-generation anchor,7,tao_modal_variant,-0.18166995562135824,-2.454996943300703
Nicaragua,openai,gpt4o_anchor,GPT-4o historical-generation anchor,8,tao_modal_variant,0.8977590053504547,-2.48071296419676
Nicaragua,openai,gpt4o_anchor,GPT-4o historical-generation anchor,9,tao_modal_variant,1.4198556885969689,-2.800519218628024
Nigeria,openai,gpt4o_anchor,GPT-4o historical-generation anchor,0,tao_modal_variant,-1.2816332860948738,-0.5648992409142053
Nigeria,openai,gpt4o_anchor,GPT-4o historical-generation anchor,1,tao_modal_variant,-0.9632990130275229,-0.5429957959992807
Nigeria,openai,gpt4o_anchor,GPT-4o historical-generation anchor,2,tao_modal_variant,-0.9632990130275229,-0.5429957959992807
Nigeria,openai,gpt4o_anchor,GPT-4o historical-generation anchor,3,tao_modal_variant,-0.9632990130275229,-0.5429957959992807
Nigeria,openai,gpt4o_anchor,GPT-4o historical-generation anchor,4,tao_modal_variant,-1.1431110414848837,-1.7796900532788795
Nigeria,openai,gpt4o_anchor,GPT-4o historical-generation anchor,5,tao_modal_variant,-0.6565553803642649,-2.249707337931563
Nigeria,openai,gpt4o_anchor,GPT-4o historical-generation anchor,6,tao_modal_variant,-1.4408004226285498,-0.5758509633716675
Nigeria,openai,gpt4o_anchor,GPT-4o historical-generation anchor,7,tao_modal_variant,-1.4408004226285498,-0.5758509633716675
Nigeria,openai,gpt4o_anchor,GPT-4o historical-generation anchor,8,tao_modal_variant,-0.17905397076323792,-2.2168521705591764
Nigeria,openai,gpt4o_anchor,GPT-4o historical-generation anchor,9,tao_modal_variant,-0.47674335190690376,-1.0130130806519644
North Macedonia,openai,gpt4o_anchor,GPT-4o historical-generation anchor,0,tao_modal_variant,1.0402009604669973,0.5987358839250312
North Macedonia,openai,gpt4o_anchor,GPT-4o historical-generation anchor,1,tao_modal_variant,1.0370457685969576,-0.5458433670634757
North Macedonia,openai,gpt4o_anchor,GPT-4o historical-generation anchor,2,tao_modal_variant,1.5236014297175764,-1.0158606517161595
North Macedonia,openai,gpt4o_anchor,GPT-4o historical-generation anchor,3,tao_modal_variant,0.24448006700122973,-0.3029210134238788
North Macedonia,openai,gpt4o_anchor,GPT-4o historical-generation anchor,4,tao_modal_variant,0.7310357281218487,-0.7729382980765624
North Macedonia,openai,gpt4o_anchor,GPT-4o historical-generation anchor,5,tao_modal_variant,1.5236014297175764,-1.0158606517161595
North Macedonia,openai,gpt4o_anchor,GPT-4o historical-generation anchor,6,tao_modal_variant,0.7310357281218487,-0.7729382980765624
North Macedonia,openai,gpt4o_anchor,GPT-4o historical-generation anchor,7,tao_modal_variant,0.44417246874576355,-0.9901446308201023
North Macedonia,openai,gpt4o_anchor,GPT-4o historical-generation anchor,8,tao_modal_variant,1.5236014297175764,-1.0158606517161595
North Macedonia,openai,gpt4o_anchor,GPT-4o historical-generation anchor,9,tao_modal_variant,1.5236014297175764,-1.0158606517161595
Northern Cyprus,openai,gpt4o_anchor,GPT-4o historical-generation anchor,0,tao_modal_variant,1.0370457685969576,-0.5458433670634757
Northern Cyprus,openai,gpt4o_anchor,GPT-4o historical-generation anchor,1,tao_modal_variant,-0.04238319237485544,-0.5201273461674186
Northern Cyprus,openai,gpt4o_anchor,GPT-4o historical-generation anchor,2,tao_modal_variant,1.5236014297175764,-1.0158606517161595
Northern Cyprus,openai,gpt4o_anchor,GPT-4o historical-generation anchor,3,tao_modal_variant,-0.04238319237485544,-0.5201273461674186
Northern Cyprus,openai,gpt4o_anchor,GPT-4o historical-generation anchor,4,tao_modal_variant,0.5666748653248455,-0.033752454124607895
Northern Cyprus,openai,gpt4o_anchor,GPT-4o historical-generation anchor,5,tao_modal_variant,1.534427551485157,-2.4369060743669113
Northern Cyprus,openai,gpt4o_anchor,GPT-4o historical-generation anchor,6,tao_modal_variant,-0.04238319237485544,-0.5201273461674186
Northern Cyprus,openai,gpt4o_anchor,GPT-4o historical-generation anchor,7,tao_modal_variant,-0.04238319237485544,-0.5201273461674186
Northern Cyprus,openai,gpt4o_anchor,GPT-4o historical-generation anchor,8,tao_modal_variant,1.8212908108612424,-2.219699741623371
Northern Cyprus,openai,gpt4o_anchor,GPT-4o historical-generation anchor,9,tao_modal_variant,1.5236014297175764,-1.0158606517161595
Northern Ireland,openai,gpt4o_anchor,GPT-4o historical-generation anchor,0,tao_modal_variant,1.5236014297175764,-1.0158606517161595
Northern Ireland,openai,gpt4o_anchor,GPT-4o historical-generation anchor,1,tao_modal_variant,1.2367381703414915,-1.2330669844596993
Northern Ireland,openai,gpt4o_anchor,GPT-4o historical-generation anchor,2,tao_modal_variant,2.307846471981861,-2.689717026276055
Northern Ireland,openai,gpt4o_anchor,GPT-4o historical-generation anchor,3,tao_modal_variant,1.6045218087337236,0.06062392465721767
Northern Ireland,openai,gpt4o_anchor,GPT-4o historical-generation anchor,4,tao_modal_variant,1.561281772437519,0.0379675487308022
Northern Ireland,openai,gpt4o_anchor,GPT-4o historical-generation anchor,5,tao_modal_variant,2.343387494107757,-2.5395059960546353
Northern Ireland,openai,gpt4o_anchor,GPT-4o historical-generation anchor,6,tao_modal_variant,1.9699566433535445,0.35244885988290414
Northern Ireland,openai,gpt4o_anchor,GPT-4o historical-generation anchor,7,tao_modal_variant,1.3176585493576385,-0.15658240808632212
Northern Ireland,openai,gpt4o_anchor,GPT-4o historical-generation anchor,8,tao_modal_variant,2.307846471981861,-2.689717026276055
Northern Ireland,openai,gpt4o_anchor,GPT-4o historical-generation anchor,9,tao_modal_variant,3.1391083875735246,-1.6378490987057253
Norway,openai,gpt4o_anchor,GPT-4o historical-generation anchor,0,tao_modal_variant,4.943475705571367,-1.6910895934495258
Norway,openai,gpt4o_anchor,GPT-4o historical-generation anchor,1,tao_modal_variant,5.430722151731129,-1.3019896798152775
Norway,openai,gpt4o_anchor,GPT-4o historical-generation anchor,2,tao_modal_variant,5.589889288264804,-1.291037957357815
Norway,openai,gpt4o_anchor,GPT-4o historical-generation anchor,3,tao_modal_variant,4.786813856944674,-1.0794584037925752
Norway,openai,gpt4o_anchor,GPT-4o historical-generation anchor,4,tao_modal_variant,4.943475705571367,-1.6910895934495258
Norway,openai,gpt4o_anchor,GPT-4o historical-generation anchor,5,tao_modal_variant,4.943475705571367,-1.6910895934495258
Norway,openai,gpt4o_anchor,GPT-4o historical-generation anchor,6,tao_modal_variant,4.421379022324854,-1.3712833390182617
Norway,openai,gpt4o_anchor,GPT-4o historical-generation anchor,7,tao_modal_variant,4.580546158858529,-1.3603316165607993
Norway,openai,gpt4o_anchor,GPT-4o historical-generation anchor,8,tao_modal_variant,4.739713295392205,-1.3493798941033373
Norway,openai,gpt4o_anchor,GPT-4o historical-generation anchor,9,tao_modal_variant,5.74905642479848,-1.280086234900353
Pakistan,openai,gpt4o_anchor,GPT-4o historical-generation anchor,0,tao_modal_variant,-1.5999675591622258,-0.5868026858291299
Pakistan,openai,gpt4o_anchor,GPT-4o historical-generation anchor,1,tao_modal_variant,-1.5999675591622258,-0.5868026858291299
Pakistan,openai,gpt4o_anchor,GPT-4o historical-generation anchor,2,tao_modal_variant,-1.3131042997861404,-0.36959635308559
Pakistan,openai,gpt4o_anchor,GPT-4o historical-generation anchor,3,tao_modal_variant,-1.5999675591622258,-0.5868026858291299
Pakistan,openai,gpt4o_anchor,GPT-4o historical-generation anchor,4,tao_modal_variant,-1.8868308185383111,-0.8040090185726696
Pakistan,openai,gpt4o_anchor,GPT-4o historical-generation anchor,5,tao_modal_variant,-1.5999675591622258,-0.5868026858291299
Pakistan,openai,gpt4o_anchor,GPT-4o historical-generation anchor,6,tao_modal_variant,-1.5999675591622258,-0.5868026858291299
Pakistan,openai,gpt4o_anchor,GPT-4o historical-generation anchor,7,tao_modal_variant,-1.8868308185383111,-0.8040090185726696
Pakistan,openai,gpt4o_anchor,GPT-4o historical-generation anchor,8,tao_modal_variant,-1.5999675591622258,-0.5868026858291299
Pakistan,openai,gpt4o_anchor,GPT-4o historical-generation anchor,9,tao_modal_variant,-1.3131042997861404,-0.36959635308559
Palestine,openai,gpt4o_anchor,GPT-4o historical-generation anchor,0,tao_modal_variant,-1.1242380198091873,0.3642254521689382
Palestine,openai,gpt4o_anchor,GPT-4o historical-generation anchor,1,tao_modal_variant,-1.101936046840124,1.5186933014269928
Palestine,openai,gpt4o_anchor,GPT-4o historical-generation anchor,2,tao_modal_variant,-0.8890045959387581,-0.17278713500586576
Palestine,openai,gpt4o_anchor,GPT-4o historical-generation anchor,3,tao_modal_variant,-1.101936046840124,1.5186933014269928
Palestine,openai,gpt4o_anchor,GPT-4o historical-generation anchor,4,tao_modal_variant,-1.4111012791852726,0.1470191194253984
Palestine,openai,gpt4o_anchor,GPT-4o historical-generation anchor,5,tao_modal_variant,-1.4111012791852726,0.1470191194253984
Palestine,openai,gpt4o_anchor,GPT-4o historical-generation anchor,6,tao_modal_variant,-1.4111012791852726,0.1470191194253984
Palestine,openai,gpt4o_anchor,GPT-4o historical-generation anchor,7,tao_modal_variant,-1.4111012791852726,0.1470191194253984
Palestine,openai,gpt4o_anchor,GPT-4o historical-generation anchor,8,tao_modal_variant,-1.4111012791852726,0.1470191194253984
Palestine,openai,gpt4o_anchor,GPT-4o historical-generation anchor,9,tao_modal_variant,0.02535816884982689,1.4379968246541923
Peru,openai,gpt4o_anchor,GPT-4o historical-generation anchor,0,tao_modal_variant,0.7501825092208723,-0.7630496998070155
Peru,openai,gpt4o_anchor,GPT-4o historical-generation anchor,1,tao_modal_variant,2.0565242347316715,-2.7567123287981756
Peru,openai,gpt4o_anchor,GPT-4o historical-generation anchor,2,tao_modal_variant,1.5699685736110527,-2.2866950441454916
Peru,openai,gpt4o_anchor,GPT-4o historical-generation anchor,3,tao_modal_variant,0.4331562285825812,-0.6658807583511768
Peru,openai,gpt4o_anchor,GPT-4o historical-generation anchor,4,tao_modal_variant,-0.3292464517509406,-0.7373336789109584
Peru,openai,gpt4o_anchor,GPT-4o historical-generation anchor,5,tao_modal_variant,2.0565242347316715,-2.7567123287981756
Peru,openai,gpt4o_anchor,GPT-4o historical-generation anchor,6,tao_modal_variant,0.7501825092208723,-0.7630496998070155
Peru,openai,gpt4o_anchor,GPT-4o historical-generation anchor,7,tao_modal_variant,0.7501825092208723,-0.7630496998070155
Peru,openai,gpt4o_anchor,GPT-4o historical-generation anchor,8,tao_modal_variant,1.534427551485157,-2.4369060743669113
Peru,openai,gpt4o_anchor,GPT-4o historical-generation anchor,9,tao_modal_variant,2.6525527264529054,-1.1678318140530417
Philippines,openai,gpt4o_anchor,GPT-4o historical-generation anchor,0,tao_modal_variant,0.12434008485375048,-2.227902012287616
Philippines,openai,gpt4o_anchor,GPT-4o historical-generation anchor,1,tao_modal_variant,0.12434008485375048,-2.227902012287616
Philippines,openai,gpt4o_anchor,GPT-4o historical-generation anchor,2,tao_modal_variant,0.4112033442298356,-2.0106956795440762
Philippines,openai,gpt4o_anchor,GPT-4o historical-generation anchor,3,tao_modal_variant,-0.17334929628991536,-1.0240629223804043
Philippines,openai,gpt4o_anchor,GPT-4o historical-generation anchor,4,tao_modal_variant,-0.1926861957845406,-2.130733070831777
Philippines,openai,gpt4o_anchor,GPT-4o historical-generation anchor,5,tao_modal_variant,0.6108957459743696,-2.6979192969402996
Philippines,openai,gpt4o_anchor,GPT-4o historical-generation anchor,6,tao_modal_variant,0.3132063648307036,-1.494080207033088
Philippines,openai,gpt4o_anchor,GPT-4o historical-generation anchor,7,tao_modal_variant,0.12434008485375048,-2.227902012287616
Philippines,openai,gpt4o_anchor,GPT-4o historical-generation anchor,8,tao_modal_variant,0.12434008485375048,-2.227902012287616
Philippines,openai,gpt4o_anchor,GPT-4o historical-generation anchor,9,tao_modal_variant,2.0565242347316715,-2.7567123287981756
Poland,openai,gpt4o_anchor,GPT-4o historical-generation anchor,0,tao_modal_variant,1.346211000942106,0.8258308149381182
Poland,openai,gpt4o_anchor,GPT-4o historical-generation anchor,1,tao_modal_variant,1.8683076841886206,0.5060245605068542
Poland,openai,gpt4o_anchor,GPT-4o historical-generation anchor,2,tao_modal_variant,1.832766662062725,0.3558135302854344
Poland,openai,gpt4o_anchor,GPT-4o historical-generation anchor,3,tao_modal_variant,0.8418310994986066,-0.35139944719907484
Poland,openai,gpt4o_anchor,GPT-4o historical-generation anchor,4,tao_modal_variant,0.6754569108863184,1.1660281469862772
Poland,openai,gpt4o_anchor,GPT-4o historical-generation anchor,5,tao_modal_variant,1.5236014297175764,-1.0158606517161595
Poland,openai,gpt4o_anchor,GPT-4o historical-generation anchor,6,tao_modal_variant,1.402480603216778,-0.2540184318377893
Poland,openai,gpt4o_anchor,GPT-4o historical-generation anchor,7,tao_modal_variant,0.24448006700122973,-0.3029210134238788
Poland,openai,gpt4o_anchor,GPT-4o historical-generation anchor,8,tao_modal_variant,1.5236014297175764,-1.0158606517161595
Poland,openai,gpt4o_anchor,GPT-4o historical-generation anchor,9,tao_modal_variant,2.3548633453092394,0.03600727585417031
Portugal,openai,gpt4o_anchor,GPT-4o historical-generation anchor,0,tao_modal_variant,2.919326129363453,0.8750435897006319
Portugal,openai,gpt4o_anchor,GPT-4o historical-generation anchor,1,tao_modal_variant,3.739112193753633,-0.6486017546378443
Portugal,openai,gpt4o_anchor,GPT-4o historical-generation anchor,2,tao_modal_variant,2.8208889037087834,-2.506650828682248
Portugal,openai,gpt4o_anchor,GPT-4o historical-generation anchor,3,tao_modal_variant,2.6101608970183046,-0.49663059230096224
Portugal,openai,gpt4o_anchor,GPT-4o historical-generation anchor,4,tao_modal_variant,3.132257580264819,-0.8164368467322264
Portugal,openai,gpt4o_anchor,GPT-4o historical-generation anchor,5,tao_modal_variant,2.90785027816197,-1.7004696822081737
Portugal,openai,gpt4o_anchor,GPT-4o historical-generation anchor,6,tao_modal_variant,2.450993760484629,-0.5075823147584245
Portugal,openai,gpt4o_anchor,GPT-4o historical-generation anchor,7,tao_modal_variant,3.132257580264819,-0.8164368467322264
Portugal,openai,gpt4o_anchor,GPT-4o historical-generation anchor,8,tao_modal_variant,3.748281234475836,-1.9983724917245138
Portugal,openai,gpt4o_anchor,GPT-4o historical-generation anchor,9,tao_modal_variant,3.9349440702419027,-1.5830904864184143
Puerto Rico,openai,gpt4o_anchor,GPT-4o historical-generation anchor,0,tao_modal_variant,1.534427551485157,-2.4369060743669113
Puerto Rico,openai,gpt4o_anchor,GPT-4o historical-generation anchor,1,tao_modal_variant,1.534427551485157,-2.4369060743669113
Puerto Rico,openai,gpt4o_anchor,GPT-4o historical-generation anchor,2,tao_modal_variant,2.0565242347316715,-2.7567123287981756
Puerto Rico,openai,gpt4o_anchor,GPT-4o historical-generation anchor,3,tao_modal_variant,1.534427551485157,-2.4369060743669113
Puerto Rico,openai,gpt4o_anchor,GPT-4o historical-generation anchor,4,tao_modal_variant,1.534427551485157,-2.4369060743669113
Puerto Rico,openai,gpt4o_anchor,GPT-4o historical-generation anchor,5,tao_modal_variant,1.534427551485157,-2.4369060743669113
Puerto Rico,openai,gpt4o_anchor,GPT-4o historical-generation anchor,6,tao_modal_variant,1.534427551485157,-2.4369060743669113
Puerto Rico,openai,gpt4o_anchor,GPT-4o historical-generation anchor,7,tao_modal_variant,1.2475642921090722,-2.654112407110451
Puerto Rico,openai,gpt4o_anchor,GPT-4o historical-generation anchor,8,tao_modal_variant,1.534427551485157,-2.4369060743669113
Puerto Rico,openai,gpt4o_anchor,GPT-4o historical-generation anchor,9,tao_modal_variant,2.5430798958522907,-3.226729613450859
Romania,openai,gpt4o_anchor,GPT-4o historical-generation anchor,0,tao_modal_variant,1.1179661476131049,0.5306412093099014
Romania,openai,gpt4o_anchor,GPT-4o historical-generation anchor,1,tao_modal_variant,1.8683076841886206,0.5060245605068542
Romania,openai,gpt4o_anchor,GPT-4o historical-generation anchor,2,tao_modal_variant,2.0011028393186034,-0.9830054843437729
Romania,openai,gpt4o_anchor,GPT-4o historical-generation anchor,3,tao_modal_variant,0.32540044601737683,0.7735635629494985
Romania,openai,gpt4o_anchor,GPT-4o historical-generation anchor,4,tao_modal_variant,0.24448006700122973,-0.3029210134238788
Romania,openai,gpt4o_anchor,GPT-4o historical-generation anchor,5,tao_modal_variant,2.0011028393186034,-0.9830054843437729
Romania,openai,gpt4o_anchor,GPT-4o historical-generation anchor,6,tao_modal_variant,1.1211213394831445,1.6752204602984087
Romania,openai,gpt4o_anchor,GPT-4o historical-generation anchor,7,tao_modal_variant,0.8119561071379959,0.30354627829681463
Romania,openai,gpt4o_anchor,GPT-4o historical-generation anchor,8,tao_modal_variant,2.0011028393186034,-0.9830054843437729
Romania,openai,gpt4o_anchor,GPT-4o historical-generation anchor,9,tao_modal_variant,2.9132851339264136,1.1453470195999342
Russia,openai,gpt4o_anchor,GPT-4o historical-generation anchor,0,tao_modal_variant,0.21948556342434847,0.37779176153060945
Russia,openai,gpt4o_anchor,GPT-4o historical-generation anchor,1,tao_modal_variant,0.8535381247009306,0.1834538786189319
Russia,openai,gpt4o_anchor,GPT-4o historical-generation anchor,2,tao_modal_variant,1.6461038262966587,-0.05946847502066512
Russia,openai,gpt4o_anchor,GPT-4o historical-generation anchor,3,tao_modal_variant,0.9344585037170778,1.2599384549923092
Russia,openai,gpt4o_anchor,GPT-4o historical-generation anchor,4,tao_modal_variant,-0.0673776959517367,0.1605854287870697
Russia,openai,gpt4o_anchor,GPT-4o historical-generation anchor,5,tao_modal_variant,0.8535381247009306,0.1834538786189319
Russia,openai,gpt4o_anchor,GPT-4o historical-generation anchor,6,tao_modal_variant,0.30040594244049557,1.4542763379039867
Russia,openai,gpt4o_anchor,GPT-4o historical-generation anchor,7,tao_modal_variant,0.21948556342434847,0.37779176153060945
Russia,openai,gpt4o_anchor,GPT-4o historical-generation anchor,8,tao_modal_variant,0.21948556342434847,0.37779176153060945
Russia,openai,gpt4o_anchor,GPT-4o historical-generation anchor,9,tao_modal_variant,0.6095711747856443,2.8259505199055805
Rwanda,openai,gpt4o_anchor,GPT-4o historical-generation anchor,0,tao_modal_variant,-0.9632990130275229,-0.5429957959992807
Rwanda,openai,gpt4o_anchor,GPT-4o historical-generation anchor,1,tao_modal_variant,-0.665609631883857,-1.746834885906493
Rwanda,openai,gpt4o_anchor,GPT-4o historical-generation anchor,2,tao_modal_variant,-0.03155707060727475,-1.9411727688181704
Rwanda,openai,gpt4o_anchor,GPT-4o historical-generation anchor,3,tao_modal_variant,-0.9632990130275229,-0.5429957959992807
Rwanda,openai,gpt4o_anchor,GPT-4o historical-generation anchor,4,tao_modal_variant,-1.1431110414848837,-1.7796900532788795
Rwanda,openai,gpt4o_anchor,GPT-4o historical-generation anchor,5,tao_modal_variant,-0.03155707060727475,-1.9411727688181704
Rwanda,openai,gpt4o_anchor,GPT-4o historical-generation anchor,6,tao_modal_variant,-1.4408004226285498,-0.5758509633716675
Rwanda,openai,gpt4o_anchor,GPT-4o historical-generation anchor,7,tao_modal_variant,-1.1431110414848837,-1.7796900532788795
Rwanda,openai,gpt4o_anchor,GPT-4o historical-generation anchor,8,tao_modal_variant,-0.03155707060727475,-1.9411727688181704
Rwanda,openai,gpt4o_anchor,GPT-4o historical-generation anchor,9,tao_modal_variant,0.25530618876881045,-1.7239664360746307
Serbia,openai,gpt4o_anchor,GPT-4o historical-generation anchor,0,tao_modal_variant,0.5536452993463783,1.068753168577715
Serbia,openai,gpt4o_anchor,GPT-4o historical-generation anchor,1,tao_modal_variant,1.346211000942106,0.8258308149381182
Serbia,openai,gpt4o_anchor,GPT-4o historical-generation anchor,2,tao_modal_variant,1.832766662062725,0.3558135302854344
Serbia,openai,gpt4o_anchor,GPT-4o historical-generation anchor,3,tao_modal_variant,0.24448006700122973,-0.3029210134238788
Serbia,openai,gpt4o_anchor,GPT-4o historical-generation anchor,4,tao_modal_variant,0.3662916785411699,-0.2056460350153166
Serbia,openai,gpt4o_anchor,GPT-4o historical-generation anchor,5,tao_modal_variant,1.5236014297175764,-1.0158606517161595
Serbia,openai,gpt4o_anchor,GPT-4o historical-generation anchor,6,tao_modal_variant,0.6345656783625255,2.1452377449510927
Serbia,openai,gpt4o_anchor,GPT-4o historical-generation anchor,7,tao_modal_variant,0.24448006700122973,-0.3029210134238788
Serbia,openai,gpt4o_anchor,GPT-4o historical-generation anchor,8,tao_modal_variant,1.5236014297175764,-1.0158606517161595
Serbia,openai,gpt4o_anchor,GPT-4o historical-generation anchor,9,tao_modal_variant,2.3548633453092394,0.03600727585417031
Singapore,openai,gpt4o_anchor,GPT-4o historical-generation anchor,0,tao_modal_variant,1.3290775456583672,0.03770046643517364
Singapore,openai,gpt4o_anchor,GPT-4o historical-generation anchor,1,tao_modal_variant,1.9437932074403244,-1.263307564927877
Singapore,openai,gpt4o_anchor,GPT-4o historical-generation anchor,2,tao_modal_variant,1.0370457685969576,-0.5458433670634757
Singapore,openai,gpt4o_anchor,GPT-4o historical-generation anchor,3,tao_modal_variant,1.3290775456583672,0.03770046643517364
Singapore,openai,gpt4o_anchor,GPT-4o historical-generation anchor,4,tao_modal_variant,0.8535381247009306,0.1834538786189319
Singapore,openai,gpt4o_anchor,GPT-4o historical-generation anchor,5,tao_modal_variant,1.578358372820504,-1.5551325001535634
Singapore,openai,gpt4o_anchor,GPT-4o historical-generation anchor,6,tao_modal_variant,1.1705644053392217,0.0862849371630931
Singapore,openai,gpt4o_anchor,GPT-4o historical-generation anchor,7,tao_modal_variant,1.3290775456583672,0.03770046643517364
Singapore,openai,gpt4o_anchor,GPT-4o historical-generation anchor,8,tao_modal_variant,1.3347351497406235,-1.7496824569706875
Singapore,openai,gpt4o_anchor,GPT-4o historical-generation anchor,9,tao_modal_variant,1.9437932074403244,-1.263307564927877
Slovakia,openai,gpt4o_anchor,GPT-4o historical-generation anchor,0,tao_modal_variant,1.727024205312806,1.0170161013527121
Slovakia,openai,gpt4o_anchor,GPT-4o historical-generation anchor,1,tao_modal_variant,2.2491208885593204,0.6972098469214479
Slovakia,openai,gpt4o_anchor,GPT-4o historical-generation anchor,2,tao_modal_variant,2.654756170663792,-0.849292014104613
Slovakia,openai,gpt4o_anchor,GPT-4o historical-generation anchor,3,tao_modal_variant,2.036189437657954,2.388690283354306
Slovakia,openai,gpt4o_anchor,GPT-4o historical-generation anchor,4,tao_modal_variant,0.9344585037170778,1.2599384549923092
Slovakia,openai,gpt4o_anchor,GPT-4o historical-generation anchor,5,tao_modal_variant,2.441824719762426,0.8421884223282451
Slovakia,openai,gpt4o_anchor,GPT-4o historical-generation anchor,6,tao_modal_variant,2.5227450987785733,1.9186729987016222
Slovakia,openai,gpt4o_anchor,GPT-4o historical-generation anchor,7,tao_modal_variant,1.5606500167005177,2.5344436955380645
Slovakia,openai,gpt4o_anchor,GPT-4o historical-generation anchor,8,tao_modal_variant,2.1326594874172775,-0.5294857596733489
Slovakia,openai,gpt4o_anchor,GPT-4o historical-generation anchor,9,tao_modal_variant,2.9639214030089405,0.5223821678969809
Slovenia,openai,gpt4o_anchor,GPT-4o historical-generation anchor,0,tao_modal_variant,2.5227450987785733,1.9186729987016222
Slovenia,openai,gpt4o_anchor,GPT-4o historical-generation anchor,1,tao_modal_variant,2.9639214030089405,0.5223821678969809
Slovenia,openai,gpt4o_anchor,GPT-4o historical-generation anchor,2,tao_modal_variant,3.565048927017748,0.4159780275054102
Slovenia,openai,gpt4o_anchor,GPT-4o historical-generation anchor,3,tao_modal_variant,2.919326129363453,0.8750435897006319
Slovenia,openai,gpt4o_anchor,GPT-4o historical-generation anchor,4,tao_modal_variant,2.919326129363453,0.8750435897006319
Slovenia,openai,gpt4o_anchor,GPT-4o historical-generation anchor,5,tao_modal_variant,2.919326129363453,0.8750435897006319
Slovenia,openai,gpt4o_anchor,GPT-4o historical-generation anchor,6,tao_modal_variant,2.7601589928297776,0.8640918672431697
Slovenia,openai,gpt4o_anchor,GPT-4o historical-generation anchor,7,tao_modal_variant,3.0002465083796004,1.9515281660740094
Slovenia,openai,gpt4o_anchor,GPT-4o historical-generation anchor,8,tao_modal_variant,2.90785027816197,-1.7004696822081737
Slovenia,openai,gpt4o_anchor,GPT-4o historical-generation anchor,9,tao_modal_variant,4.246312746797939,0.10712349553160838
South Africa,openai,gpt4o_anchor,GPT-4o historical-generation anchor,0,tao_modal_variant,1.0370457685969576,-0.5458433670634757
South Africa,openai,gpt4o_anchor,GPT-4o historical-generation anchor,1,tao_modal_variant,2.0456981129640908,-1.3356669061474236
South Africa,openai,gpt4o_anchor,GPT-4o historical-generation anchor,2,tao_modal_variant,1.8568318329871376,-2.0694887114019513
South Africa,openai,gpt4o_anchor,GPT-4o historical-generation anchor,3,tao_modal_variant,0.7501825092208723,-0.7630496998070155
South Africa,openai,gpt4o_anchor,GPT-4o historical-generation anchor,4,tao_modal_variant,1.2367381703414915,-1.2330669844596993
South Africa,openai,gpt4o_anchor,GPT-4o historical-generation anchor,5,tao_modal_variant,1.5236014297175764,-1.0158606517161595
South Africa,openai,gpt4o_anchor,GPT-4o historical-generation anchor,6,tao_modal_variant,1.5236014297175764,-1.0158606517161595
South Africa,openai,gpt4o_anchor,GPT-4o historical-generation anchor,7,tao_modal_variant,0.7501825092208723,-0.7630496998070155
South Africa,openai,gpt4o_anchor,GPT-4o historical-generation anchor,8,tao_modal_variant,2.343387494107757,-2.5395059960546353
South Africa,openai,gpt4o_anchor,GPT-4o historical-generation anchor,9,tao_modal_variant,2.0456981129640908,-1.3356669061474236
South Korea,openai,gpt4o_anchor,GPT-4o historical-generation anchor,0,tao_modal_variant,0.5666748653248455,-0.033752454124607895
South Korea,openai,gpt4o_anchor,GPT-4o historical-generation anchor,1,tao_modal_variant,0.5666748653248455,-0.033752454124607895
South Korea,openai,gpt4o_anchor,GPT-4o historical-generation anchor,2,tao_modal_variant,2.654756170663792,-0.849292014104613
South Korea,openai,gpt4o_anchor,GPT-4o historical-generation anchor,3,tao_modal_variant,0.5666748653248455,-0.033752454124607895
South Korea,openai,gpt4o_anchor,GPT-4o historical-generation anchor,4,tao_modal_variant,0.5666748653248455,-0.033752454124607895
South Korea,openai,gpt4o_anchor,GPT-4o historical-generation anchor,5,tao_modal_variant,2.369200903716767,-0.9474259604773895
South Korea,openai,gpt4o_anchor,GPT-4o historical-generation anchor,6,tao_modal_variant,0.5666748653248455,-0.033752454124607895
South Korea,openai,gpt4o_anchor,GPT-4o historical-generation anchor,7,tao_modal_variant,0.5666748653248455,-0.033752454124607895
South Korea,openai,gpt4o_anchor,GPT-4o historical-generation anchor,8,tao_modal_variant,1.677574839987925,-0.2547713628492805
South Korea,openai,gpt4o_anchor,GPT-4o historical-generation anchor,9,tao_modal_variant,3.141311831784411,-1.3193092987572967
Spain,openai,gpt4o_anchor,GPT-4o historical-generation anchor,0,tao_modal_variant,3.3425311631687533,0.39502765436314613
Spain,openai,gpt4o_anchor,GPT-4o historical-generation anchor,1,tao_modal_variant,3.261610784152606,-0.6814569220102311
Spain,openai,gpt4o_anchor,GPT-4o historical-generation anchor,2,tao_modal_variant,3.6700344769583073,-0.9328396378085988
Spain,openai,gpt4o_anchor,GPT-4o historical-generation anchor,3,tao_modal_variant,2.5227450987785733,1.9186729987016222
Spain,openai,gpt4o_anchor,GPT-4o historical-generation anchor,4,tao_modal_variant,3.8200325727697804,0.4278828217355329
Spain,openai,gpt4o_anchor,GPT-4o historical-generation anchor,5,tao_modal_variant,3.9165026225291037,-2.4902932212921214
Spain,openai,gpt4o_anchor,GPT-4o historical-generation anchor,6,tao_modal_variant,2.5319141395007763,0.5689022616149528
Spain,openai,gpt4o_anchor,GPT-4o historical-generation anchor,7,tao_modal_variant,3.5223431916261148,1.631721911642745
Spain,openai,gpt4o_anchor,GPT-4o historical-generation anchor,8,tao_modal_variant,3.748281234475836,-1.9983724917245138
Spain,openai,gpt4o_anchor,GPT-4o historical-generation anchor,9,tao_modal_variant,4.384834991407928,-1.1076673168330657
Sweden,openai,gpt4o_anchor,GPT-4o historical-generation anchor,0,tao_modal_variant,5.829976803814628,-0.20360165852697573
Sweden,openai,gpt4o_anchor,GPT-4o historical-generation anchor,1,tao_modal_variant,5.829976803814628,-0.20360165852697573
Sweden,openai,gpt4o_anchor,GPT-4o historical-generation anchor,2,tao_modal_variant,5.829976803814628,-0.20360165852697573
Sweden,openai,gpt4o_anchor,GPT-4o historical-generation anchor,3,tao_modal_variant,5.829976803814628,-0.20360165852697573
Sweden,openai,gpt4o_anchor,GPT-4o historical-generation anchor,4,tao_modal_variant,5.829976803814628,-0.20360165852697573
Sweden,openai,gpt4o_anchor,GPT-4o historical-generation anchor,5,tao_modal_variant,5.829976803814628,-0.20360165852697573
Sweden,openai,gpt4o_anchor,GPT-4o historical-generation anchor,6,tao_modal_variant,5.829976803814628,-0.20360165852697573
Sweden,openai,gpt4o_anchor,GPT-4o historical-generation anchor,7,tao_modal_variant,5.829976803814628,-0.20360165852697573
Sweden,openai,gpt4o_anchor,GPT-4o historical-generation anchor,8,tao_modal_variant,5.829976803814628,-0.20360165852697573
Sweden,openai,gpt4o_anchor,GPT-4o historical-generation anchor,9,tao_modal_variant,5.829976803814628,-0.20360165852697573
Switzerland,openai,gpt4o_anchor,GPT-4o historical-generation anchor,0,tao_modal_variant,4.46597429597034,-1.7239447608219125
Switzerland,openai,gpt4o_anchor,GPT-4o historical-generation anchor,1,tao_modal_variant,4.156809063625192,-3.0956189428235064
Switzerland,openai,gpt4o_anchor,GPT-4o historical-generation anchor,2,tao_modal_variant,4.634310473226219,-3.062763775451119
Switzerland,openai,gpt4o_anchor,GPT-4o historical-generation anchor,3,tao_modal_variant,4.266796406152279,-2.057120430019058
Switzerland,openai,gpt4o_anchor,GPT-4o historical-generation anchor,4,tao_modal_variant,4.634310473226219,-3.062763775451119
Switzerland,openai,gpt4o_anchor,GPT-4o historical-generation anchor,5,tao_modal_variant,3.9165026225291037,-2.4902932212921214
Switzerland,openai,gpt4o_anchor,GPT-4o historical-generation anchor,6,tao_modal_variant,4.629725952865117,-2.3878784069077845
Switzerland,openai,gpt4o_anchor,GPT-4o historical-generation anchor,7,tao_modal_variant,4.788893089398793,-2.3769266844503227
Switzerland,openai,gpt4o_anchor,GPT-4o historical-generation anchor,8,tao_modal_variant,4.793477609759894,-3.051812052993657
Switzerland,openai,gpt4o_anchor,GPT-4o historical-generation anchor,9,tao_modal_variant,5.102642842105043,-1.6801378709920634
Taiwan ROC,openai,gpt4o_anchor,GPT-4o historical-generation anchor,0,tao_modal_variant,2.9169045296815628,-2.203342134233244
Taiwan ROC,openai,gpt4o_anchor,GPT-4o historical-generation anchor,1,tao_modal_variant,3.226069762026711,-0.8316679522316508
Taiwan ROC,openai,gpt4o_anchor,GPT-4o historical-generation anchor,2,tao_modal_variant,3.226069762026711,-0.8316679522316508
Taiwan ROC,openai,gpt4o_anchor,GPT-4o historical-generation anchor,3,tao_modal_variant,2.6192151485378967,-0.9995030443260327
Taiwan ROC,openai,gpt4o_anchor,GPT-4o historical-generation anchor,4,tao_modal_variant,2.9169045296815628,-2.203342134233244
Taiwan ROC,openai,gpt4o_anchor,GPT-4o historical-generation anchor,5,tao_modal_variant,3.544404035094063,-0.8097645073167262
Taiwan ROC,openai,gpt4o_anchor,GPT-4o historical-generation anchor,6,tao_modal_variant,2.9375494216052482,-0.9775995994111083
Taiwan ROC,openai,gpt4o_anchor,GPT-4o historical-generation anchor,7,tao_modal_variant,2.6192151485378967,-0.9995030443260327
Taiwan ROC,openai,gpt4o_anchor,GPT-4o historical-generation anchor,8,tao_modal_variant,3.226069762026711,-0.8316679522316508
Taiwan ROC,openai,gpt4o_anchor,GPT-4o historical-generation anchor,9,tao_modal_variant,2.9169045296815628,-2.203342134233244
Thailand,openai,gpt4o_anchor,GPT-4o historical-generation anchor,0,tao_modal_variant,1.370066688688154,-1.6977202304149568
Thailand,openai,gpt4o_anchor,GPT-4o historical-generation anchor,1,tao_modal_variant,1.370066688688154,-1.6977202304149568
Thailand,openai,gpt4o_anchor,GPT-4o historical-generation anchor,2,tao_modal_variant,2.143485609184858,-1.950531182324101
Thailand,openai,gpt4o_anchor,GPT-4o historical-generation anchor,3,tao_modal_variant,1.0723773075444882,-0.49388114050774473
Thailand,openai,gpt4o_anchor,GPT-4o historical-generation anchor,4,tao_modal_variant,1.370066688688154,-1.6977202304149568
Thailand,openai,gpt4o_anchor,GPT-4o historical-generation anchor,5,tao_modal_variant,1.370066688688154,-1.6977202304149568
Thailand,openai,gpt4o_anchor,GPT-4o historical-generation anchor,6,tao_modal_variant,1.0723773075444882,-0.49388114050774473
Thailand,openai,gpt4o_anchor,GPT-4o historical-generation anchor,7,tao_modal_variant,1.370066688688154,-1.6977202304149568
Thailand,openai,gpt4o_anchor,GPT-4o historical-generation anchor,8,tao_modal_variant,1.370066688688154,-1.6977202304149568
Thailand,openai,gpt4o_anchor,GPT-4o historical-generation anchor,9,tao_modal_variant,2.952445551807458,-2.0531311040118245
Trinidad and Tobago,openai,gpt4o_anchor,GPT-4o historical-generation anchor,0,tao_modal_variant,0.25530618876881045,-1.7239664360746307
Trinidad and Tobago,openai,gpt4o_anchor,GPT-4o historical-generation anchor,1,tao_modal_variant,0.25530618876881045,-1.7239664360746307
Trinidad and Tobago,openai,gpt4o_anchor,GPT-4o historical-generation anchor,2,tao_modal_variant,1.0478718903645383,-1.9668887897142278
Trinidad and Tobago,openai,gpt4o_anchor,GPT-4o historical-generation anchor,3,tao_modal_variant,-0.04238319237485544,-0.5201273461674186
Trinidad and Tobago,openai,gpt4o_anchor,GPT-4o historical-generation anchor,4,tao_modal_variant,0.25530618876881045,-1.7239664360746307
Trinidad and Tobago,openai,gpt4o_anchor,GPT-4o historical-generation anchor,5,tao_modal_variant,1.0478718903645383,-1.9668887897142278
Trinidad and Tobago,openai,gpt4o_anchor,GPT-4o historical-generation anchor,6,tao_modal_variant,0.44417246874576355,-0.9901446308201023
Trinidad and Tobago,openai,gpt4o_anchor,GPT-4o historical-generation anchor,7,tao_modal_variant,0.25530618876881045,-1.7239664360746307
Trinidad and Tobago,openai,gpt4o_anchor,GPT-4o historical-generation anchor,8,tao_modal_variant,1.534427551485157,-2.4369060743669113
Trinidad and Tobago,openai,gpt4o_anchor,GPT-4o historical-generation anchor,9,tao_modal_variant,1.534427551485157,-2.4369060743669113
Tunisia,openai,gpt4o_anchor,GPT-4o historical-generation anchor,0,tao_modal_variant,-0.1898800925308186,-0.7958067479084248
Tunisia,openai,gpt4o_anchor,GPT-4o historical-generation anchor,1,tao_modal_variant,-0.1898800925308186,-0.7958067479084248
Tunisia,openai,gpt4o_anchor,GPT-4o historical-generation anchor,2,tao_modal_variant,-0.1898800925308186,-0.7958067479084248
Tunisia,openai,gpt4o_anchor,GPT-4o historical-generation anchor,3,tao_modal_variant,-0.1898800925308186,-0.7958067479084248
Tunisia,openai,gpt4o_anchor,GPT-4o historical-generation anchor,4,tao_modal_variant,-0.47674335190690376,-1.0130130806519644
Tunisia,openai,gpt4o_anchor,GPT-4o historical-generation anchor,5,tao_modal_variant,0.44417246874576355,-0.9901446308201023
Tunisia,openai,gpt4o_anchor,GPT-4o historical-generation anchor,6,tao_modal_variant,-0.1898800925308186,-0.7958067479084248
Tunisia,openai,gpt4o_anchor,GPT-4o historical-generation anchor,7,tao_modal_variant,-0.47674335190690376,-1.0130130806519644
Tunisia,openai,gpt4o_anchor,GPT-4o historical-generation anchor,8,tao_modal_variant,-0.1898800925308186,-0.7958067479084248
Tunisia,openai,gpt4o_anchor,GPT-4o historical-generation anchor,9,tao_modal_variant,0.7533377010909121,0.3815295511814914
Turkey,openai,gpt4o_anchor,GPT-4o historical-generation anchor,0,tao_modal_variant,0.26678203997029304,0.8515468358341752
Turkey,openai,gpt4o_anchor,GPT-4o historical-generation anchor,1,tao_modal_variant,0.26678203997029304,0.8515468358341752
Turkey,openai,gpt4o_anchor,GPT-4o historical-generation anchor,2,tao_modal_variant,1.0593477415660209,0.6086244821945783
Turkey,openai,gpt4o_anchor,GPT-4o historical-generation anchor,3,tao_modal_variant,-0.04238319237485544,-0.5201273461674186
Turkey,openai,gpt4o_anchor,GPT-4o historical-generation anchor,4,tao_modal_variant,-0.3292464517509406,-0.7373336789109584
Turkey,openai,gpt4o_anchor,GPT-4o historical-generation anchor,5,tao_modal_variant,1.5459034026866396,0.13860719754189457
Turkey,openai,gpt4o_anchor,GPT-4o historical-generation anchor,6,tao_modal_variant,-0.04238319237485544,-0.5201273461674186
Turkey,openai,gpt4o_anchor,GPT-4o historical-generation anchor,7,tao_modal_variant,-0.3292464517509406,-0.7373336789109584
Turkey,openai,gpt4o_anchor,GPT-4o historical-generation anchor,8,tao_modal_variant,0.7501825092208723,-0.7630496998070155
Turkey,openai,gpt4o_anchor,GPT-4o historical-generation anchor,9,tao_modal_variant,1.7703107047894884,1.0226400330178422
Ukraine,openai,gpt4o_anchor,GPT-4o historical-generation anchor,0,tao_modal_variant,1.0402009604669973,0.5987358839250312
Ukraine,openai,gpt4o_anchor,GPT-4o historical-generation anchor,1,tao_modal_variant,1.0402009604669973,0.5987358839250312
Ukraine,openai,gpt4o_anchor,GPT-4o historical-generation anchor,2,tao_modal_variant,1.832766662062725,0.3558135302854344
Ukraine,openai,gpt4o_anchor,GPT-4o historical-generation anchor,3,tao_modal_variant,0.6769695700580629,0.6254507486477733
Ukraine,openai,gpt4o_anchor,GPT-4o historical-generation anchor,4,tao_modal_variant,0.9746589512017291,-0.5783883412594383
Ukraine,openai,gpt4o_anchor,GPT-4o historical-generation anchor,5,tao_modal_variant,1.5236014297175764,-1.0158606517161595
Ukraine,openai,gpt4o_anchor,GPT-4o historical-generation anchor,6,tao_modal_variant,0.43334634697818264,0.4309007918306494
Ukraine,openai,gpt4o_anchor,GPT-4o historical-generation anchor,7,tao_modal_variant,0.7310357281218487,-0.7729382980765624
Ukraine,openai,gpt4o_anchor,GPT-4o historical-generation anchor,8,tao_modal_variant,2.0101570908381956,-1.4858779363688432
Ukraine,openai,gpt4o_anchor,GPT-4o historical-generation anchor,9,tao_modal_variant,2.021632942039678,1.0896353355399622
United Kingdom,openai,gpt4o_anchor,GPT-4o historical-generation anchor,0,tao_modal_variant,3.0448417820250877,1.5988667442703581
United Kingdom,openai,gpt4o_anchor,GPT-4o historical-generation anchor,1,tao_modal_variant,3.531397443145707,1.1288494596176744
United Kingdom,openai,gpt4o_anchor,GPT-4o historical-generation anchor,2,tao_modal_variant,4.4961452989064945,1.5508045406243096
United Kingdom,openai,gpt4o_anchor,GPT-4o historical-generation anchor,3,tao_modal_variant,2.735676549679939,0.2271925622687642
United Kingdom,openai,gpt4o_anchor,GPT-4o historical-generation anchor,4,tao_modal_variant,3.0540108227472906,0.24909600718368863
United Kingdom,openai,gpt4o_anchor,GPT-4o historical-generation anchor,5,tao_modal_variant,4.186980066561346,0.1791303586227155
United Kingdom,openai,gpt4o_anchor,GPT-4o historical-generation anchor,6,tao_modal_variant,2.735676549679939,0.2271925622687642
United Kingdom,openai,gpt4o_anchor,GPT-4o historical-generation anchor,7,tao_modal_variant,3.0540108227472906,0.24909600718368863
United Kingdom,openai,gpt4o_anchor,GPT-4o historical-generation anchor,8,tao_modal_variant,3.7004244054407263,0.6491476432753994
United Kingdom,openai,gpt4o_anchor,GPT-4o historical-generation anchor,9,tao_modal_variant,4.4961452989064945,1.5508045406243096
United States,openai,gpt4o_anchor,GPT-4o historical-generation anchor,0,tao_modal_variant,2.319322323183344,-0.11420375436724949
United States,openai,gpt4o_anchor,GPT-4o historical-generation anchor,1,tao_modal_variant,2.343387494107757,-2.5395059960546353
United States,openai,gpt4o_anchor,GPT-4o historical-generation anchor,2,tao_modal_variant,3.1391083875735246,-1.6378490987057253
United States,openai,gpt4o_anchor,GPT-4o historical-generation anchor,3,tao_modal_variant,2.0456981129640908,-1.3356669061474236
United States,openai,gpt4o_anchor,GPT-4o historical-generation anchor,4,tao_modal_variant,2.343387494107757,-2.5395059960546353
United States,openai,gpt4o_anchor,GPT-4o historical-generation anchor,5,tao_modal_variant,2.6170117043270102,-1.3180428442744614
United States,openai,gpt4o_anchor,GPT-4o historical-generation anchor,6,tao_modal_variant,1.5236014297175764,-1.0158606517161595
United States,openai,gpt4o_anchor,GPT-4o historical-generation anchor,7,tao_modal_variant,2.0456981129640908,-1.3356669061474236
United States,openai,gpt4o_anchor,GPT-4o historical-generation anchor,8,tao_modal_variant,1.8212908108612424,-2.219699741623371
United States,openai,gpt4o_anchor,GPT-4o historical-generation anchor,9,tao_modal_variant,3.6166097971745517,-1.604993931333339
Uruguay,openai,gpt4o_anchor,GPT-4o historical-generation anchor,0,tao_modal_variant,2.739514100906092,-0.3616506675789669
Uruguay,openai,gpt4o_anchor,GPT-4o historical-generation anchor,1,tao_modal_variant,3.739112193753633,-0.6486017546378443
Uruguay,openai,gpt4o_anchor,GPT-4o historical-generation anchor,2,tao_modal_variant,3.9165026225291037,-2.4902932212921214
Uruguay,openai,gpt4o_anchor,GPT-4o historical-generation anchor,3,tao_modal_variant,2.90785027816197,-1.7004696822081737
Uruguay,openai,gpt4o_anchor,GPT-4o historical-generation anchor,4,tao_modal_variant,2.7486831416282946,-1.7114214046656362
Uruguay,openai,gpt4o_anchor,GPT-4o historical-generation anchor,5,tao_modal_variant,3.4299469614084845,-2.020275936639438
Uruguay,openai,gpt4o_anchor,GPT-4o historical-generation anchor,6,tao_modal_variant,2.7601589928297776,0.8640918672431697
Uruguay,openai,gpt4o_anchor,GPT-4o historical-generation anchor,7,tao_modal_variant,3.217015510507119,-0.3287955002065801
Uruguay,openai,gpt4o_anchor,GPT-4o historical-generation anchor,8,tao_modal_variant,3.5353497835744703,-0.3068920552916557
Uruguay,openai,gpt4o_anchor,GPT-4o historical-generation anchor,9,tao_modal_variant,4.544002127941603,-1.0967155943756037
Venezuela,openai,gpt4o_anchor,GPT-4o historical-generation anchor,0,tao_modal_variant,1.248214021542974,1.3424462874491063
Venezuela,openai,gpt4o_anchor,GPT-4o historical-generation anchor,1,tao_modal_variant,1.4611454724443398,-0.34903414898375157
Venezuela,openai,gpt4o_anchor,GPT-4o historical-generation anchor,2,tao_modal_variant,1.2259120485739103,0.18797843819105234
Venezuela,openai,gpt4o_anchor,GPT-4o historical-generation anchor,3,tao_modal_variant,1.248214021542974,1.3424462874491063
Venezuela,openai,gpt4o_anchor,GPT-4o historical-generation anchor,4,tao_modal_variant,0.4446320797840638,1.9096325135576284
Venezuela,openai,gpt4o_anchor,GPT-4o historical-generation anchor,5,tao_modal_variant,0.9390487891978253,-0.029227894552487442
Venezuela,openai,gpt4o_anchor,GPT-4o historical-generation anchor,6,tao_modal_variant,0.9390487891978253,-0.029227894552487442
Venezuela,openai,gpt4o_anchor,GPT-4o historical-generation anchor,7,tao_modal_variant,0.7616583604223549,1.8124635721017897
Venezuela,openai,gpt4o_anchor,GPT-4o historical-generation anchor,8,tao_modal_variant,0.9390487891978253,-0.029227894552487442
Venezuela,openai,gpt4o_anchor,GPT-4o historical-generation anchor,9,tao_modal_variant,2.0571739641655733,1.239846365761382
Vietnam,openai,gpt4o_anchor,GPT-4o historical-generation anchor,0,tao_modal_variant,1.3592405669205734,-0.27667480776420494
Vietnam,openai,gpt4o_anchor,GPT-4o historical-generation anchor,1,tao_modal_variant,1.6569299480642394,-1.480513897671417
Vietnam,openai,gpt4o_anchor,GPT-4o historical-generation anchor,2,tao_modal_variant,1.9437932074403244,-1.263307564927877
Vietnam,openai,gpt4o_anchor,GPT-4o historical-generation anchor,3,tao_modal_variant,1.0422142862822823,-0.17950586630836615
Vietnam,openai,gpt4o_anchor,GPT-4o historical-generation anchor,4,tao_modal_variant,0.5666748653248455,-0.033752454124607895
Vietnam,openai,gpt4o_anchor,GPT-4o historical-generation anchor,5,tao_modal_variant,1.6569299480642394,-1.480513897671417
Vietnam,openai,gpt4o_anchor,GPT-4o historical-generation anchor,6,tao_modal_variant,0.8837011459631365,-0.13092139558044671
Vietnam,openai,gpt4o_anchor,GPT-4o historical-generation anchor,7,tao_modal_variant,0.5666748653248455,-0.033752454124607895
Vietnam,openai,gpt4o_anchor,GPT-4o historical-generation anchor,8,tao_modal_variant,1.6569299480642394,-1.480513897671417
Vietnam,openai,gpt4o_anchor,GPT-4o historical-generation anchor,9,tao_modal_variant,1.6569299480642394,-1.480513897671417
Yemen,openai,gpt4o_anchor,GPT-4o historical-generation anchor,0,tao_modal_variant,-1.8976569403058918,0.6170364040780821
Yemen,openai,gpt4o_anchor,GPT-4o historical-generation anchor,1,tao_modal_variant,-2.184520199681977,0.3998300713345424
Yemen,openai,gpt4o_anchor,GPT-4o historical-generation anchor,2,tao_modal_variant,-1.8976569403058918,0.6170364040780821
Yemen,openai,gpt4o_anchor,GPT-4o historical-generation anchor,3,tao_modal_variant,-2.184520199681977,0.3998300713345424
Yemen,openai,gpt4o_anchor,GPT-4o historical-generation anchor,4,tao_modal_variant,-2.184520199681977,0.3998300713345424
Yemen,openai,gpt4o_anchor,GPT-4o historical-generation anchor,5,tao_modal_variant,-2.184520199681977,0.3998300713345424
Yemen,openai,gpt4o_anchor,GPT-4o historical-generation anchor,6,tao_modal_variant,-1.8976569403058918,0.6170364040780821
Yemen,openai,gpt4o_anchor,GPT-4o historical-generation anchor,7,tao_modal_variant,-2.184520199681977,0.3998300713345424
Yemen,openai,gpt4o_anchor,GPT-4o historical-generation anchor,8,tao_modal_variant,-1.8976569403058918,0.6170364040780821
Yemen,openai,gpt4o_anchor,GPT-4o historical-generation anchor,9,tao_modal_variant,-1.8976569403058918,0.6170364040780821
Zambia,openai,gpt4o_anchor,GPT-4o historical-generation anchor,0,tao_modal_variant,-0.9632990130275229,-0.5429957959992807
Zambia,openai,gpt4o_anchor,GPT-4o historical-generation anchor,1,tao_modal_variant,-0.9632990130275229,-0.5429957959992807
Zambia,openai,gpt4o_anchor,GPT-4o historical-generation anchor,2,tao_modal_variant,-0.665609631883857,-1.746834885906493
Zambia,openai,gpt4o_anchor,GPT-4o historical-generation anchor,3,tao_modal_variant,-0.9632990130275229,-0.5429957959992807
Zambia,openai,gpt4o_anchor,GPT-4o historical-generation anchor,4,tao_modal_variant,-1.5999675591622258,-0.5868026858291299
Zambia,openai,gpt4o_anchor,GPT-4o historical-generation anchor,5,tao_modal_variant,-0.6565553803642649,-2.249707337931563
Zambia,openai,gpt4o_anchor,GPT-4o historical-generation anchor,6,tao_modal_variant,-1.4408004226285498,-0.5758509633716675
Zambia,openai,gpt4o_anchor,GPT-4o historical-generation anchor,7,tao_modal_variant,-1.5999675591622258,-0.5868026858291299
Zambia,openai,gpt4o_anchor,GPT-4o historical-generation anchor,8,tao_modal_variant,-0.665609631883857,-1.746834885906493
Zambia,openai,gpt4o_anchor,GPT-4o historical-generation anchor,9,tao_modal_variant,0.7418618498894295,-2.193983720727314
Zimbabwe,openai,gpt4o_anchor,GPT-4o historical-generation anchor,0,tao_modal_variant,-0.9632990130275229,-0.5429957959992807
Zimbabwe,openai,gpt4o_anchor,GPT-4o historical-generation anchor,1,tao_modal_variant,-0.04238319237485544,-0.5201273461674186
Zimbabwe,openai,gpt4o_anchor,GPT-4o historical-generation anchor,2,tao_modal_variant,0.44417246874576355,-0.9901446308201023
Zimbabwe,openai,gpt4o_anchor,GPT-4o historical-generation anchor,3,tao_modal_variant,-0.9632990130275229,-0.5429957959992807
Zimbabwe,openai,gpt4o_anchor,GPT-4o historical-generation anchor,4,tao_modal_variant,-1.4408004226285498,-0.5758509633716675
Zimbabwe,openai,gpt4o_anchor,GPT-4o historical-generation anchor,5,tao_modal_variant,-0.47674335190690376,-1.0130130806519644
Zimbabwe,openai,gpt4o_anchor,GPT-4o historical-generation anchor,6,tao_modal_variant,-0.6764357536514377,-0.32578946325574093
Zimbabwe,openai,gpt4o_anchor,GPT-4o historical-generation anchor,7,tao_modal_variant,-1.5999675591622258,-0.5868026858291299
Zimbabwe,openai,gpt4o_anchor,GPT-4o historical-generation anchor,8,tao_modal_variant,0.1573092093696784,-1.207350963563642
Zimbabwe,openai,gpt4o_anchor,GPT-4o historical-generation anchor,9,tao_modal_variant,1.2259120485739103,0.18797843819105234
__DEFAULT__,openai,gpt4o_anchor,GPT-4o historical-generation anchor,0,tao_modal_variant,2.319322323183344,-0.11420375436724949
__DEFAULT__,openai,gpt4o_anchor,GPT-4o historical-generation anchor,1,tao_modal_variant,2.319322323183344,-0.11420375436724949
__DEFAULT__,openai,gpt4o_anchor,GPT-4o historical-generation anchor,2,tao_modal_variant,2.6170117043270102,-1.3180428442744614
__DEFAULT__,openai,gpt4o_anchor,GPT-4o historical-generation anchor,3,tao_modal_variant,1.6045218087337236,0.06062392465721767
__DEFAULT__,openai,gpt4o_anchor,GPT-4o historical-generation anchor,4,tao_modal_variant,1.8212908108612424,-2.219699741623371
__DEFAULT__,openai,gpt4o_anchor,GPT-4o historical-generation anchor,5,tao_modal_variant,2.130456043206391,-0.8480255596217776
__DEFAULT__,openai,gpt4o_anchor,GPT-4o historical-generation anchor,6,tao_modal_variant,2.2135798664334247,0.5469988167000283
__DEFAULT__,openai,gpt4o_anchor,GPT-4o historical-generation anchor,7,tao_modal_variant,1.6045218087337236,0.06062392465721767
__DEFAULT__,openai,gpt4o_anchor,GPT-4o historical-generation anchor,8,tao_modal_variant,2.7853478815828883,-2.656861858903668
__DEFAULT__,openai,gpt4o_anchor,GPT-4o historical-generation anchor,9,tao_modal_variant,3.1391083875735246,-1.6378490987057253
Algeria,openai,gpt56_sol,GPT-5.6 Sol,0,tao_modal_variant,-1.8868308185383111,-0.8040090185726696
Algeria,openai,gpt56_sol,GPT-5.6 Sol,1,tao_modal_variant,-1.8868308185383111,-0.8040090185726696
Algeria,openai,gpt56_sol,GPT-5.6 Sol,4,tao_modal_variant,-1.8868308185383111,-0.8040090185726696
Algeria,openai,gpt56_sol,GPT-5.6 Sol,7,tao_modal_variant,-1.8868308185383111,-0.8040090185726696
Andorra,openai,gpt56_sol,GPT-5.6 Sol,1,tao_modal_variant,3.4086518079773334,-0.03332477732286709
Argentina,openai,gpt56_sol,GPT-5.6 Sol,1,tao_modal_variant,3.0386324529964113,0.34973565599478107
Armenia,openai,gpt56_sol,GPT-5.6 Sol,7,tao_modal_variant,-1.7276636820046352,-0.7930572961152073
Australia,openai,gpt56_sol,GPT-5.6 Sol,9,tao_modal_variant,5.675394187642052,-0.8894387495277725
Azerbaijan,openai,gpt56_sol,GPT-5.6 Sol,3,tao_modal_variant,-1.1971771995486695,-0.3813010065545432
Bangladesh,openai,gpt56_sol,GPT-5.6 Sol,6,tao_modal_variant,-1.7276636820046352,-0.7930572961152073
Bolivia,openai,gpt56_sol,GPT-5.6 Sol,2,tao_modal_variant,0.34467737852196983,-1.6893830948617035
Burkina Faso,openai,gpt56_sol,GPT-5.6 Sol,1,tao_modal_variant,-1.8868308185383111,-0.8040090185726696
Burkina Faso,openai,gpt56_sol,GPT-5.6 Sol,4,tao_modal_variant,-1.8868308185383111,-0.8040090185726696
Burkina Faso,openai,gpt56_sol,GPT-5.6 Sol,5,tao_modal_variant,-1.8868308185383111,-0.8040090185726696
Burkina Faso,openai,gpt56_sol,GPT-5.6 Sol,8,tao_modal_variant,-1.8868308185383111,-0.8040090185726696
Denmark,openai,gpt56_sol,GPT-5.6 Sol,1,tao_modal_variant,5.5322874226709615,1.0002374313802362
Denmark,openai,gpt56_sol,GPT-5.6 Sol,5,tao_modal_variant,5.5322874226709615,1.0002374313802362
Ethiopia,openai,gpt56_sol,GPT-5.6 Sol,1,tao_modal_variant,-1.8868308185383111,-0.8040090185726696
Ethiopia,openai,gpt56_sol,GPT-5.6 Sol,3,tao_modal_variant,-1.8868308185383111,-0.8040090185726696
Ethiopia,openai,gpt56_sol,GPT-5.6 Sol,4,tao_modal_variant,-1.8868308185383111,-0.8040090185726696
Ethiopia,openai,gpt56_sol,GPT-5.6 Sol,7,tao_modal_variant,-1.8868308185383111,-0.8040090185726696
France,openai,gpt56_sol,GPT-5.6 Sol,7,tao_modal_variant,4.051529683140712,1.2596132007825587
Haiti,openai,gpt56_sol,GPT-5.6 Sol,1,tao_modal_variant,-2.184520199681977,0.3998300713345424
Haiti,openai,gpt56_sol,GPT-5.6 Sol,3,tao_modal_variant,-2.184520199681977,0.3998300713345424
Haiti,openai,gpt56_sol,GPT-5.6 Sol,6,tao_modal_variant,-2.184520199681977,0.3998300713345424
Hungary,openai,gpt56_sol,GPT-5.6 Sol,1,tao_modal_variant,2.7369845421089996,0.3462649486395275
Hungary,openai,gpt56_sol,GPT-5.6 Sol,3,tao_modal_variant,2.8587961536489392,0.4435399270480896
India,openai,gpt56_sol,GPT-5.6 Sol,8,tao_modal_variant,0.7816535229121384,-0.9583525876356308
Iraq,openai,gpt56_sol,GPT-5.6 Sol,1,tao_modal_variant,-1.8868308185383111,-0.8040090185726696
Iraq,openai,gpt56_sol,GPT-5.6 Sol,4,tao_modal_variant,-1.8868308185383111,-0.8040090185726696
Iraq,openai,gpt56_sol,GPT-5.6 Sol,6,tao_modal_variant,-1.8868308185383111,-0.8040090185726696
Iraq,openai,gpt56_sol,GPT-5.6 Sol,7,tao_modal_variant,-1.8868308185383111,-0.8040090185726696
Italy,openai,gpt56_sol,GPT-5.6 Sol,4,tao_modal_variant,3.36776057545354,0.9458848206419481
Japan,openai,gpt56_sol,GPT-5.6 Sol,2,tao_modal_variant,3.2092842239590067,1.794050296471418
Jordan,openai,gpt56_sol,GPT-5.6 Sol,7,tao_modal_variant,-1.8868308185383111,-0.8040090185726696
Kenya,openai,gpt56_sol,GPT-5.6 Sol,1,tao_modal_variant,-1.4002751574176915,-1.2740263032253532
Kenya,openai,gpt56_sol,GPT-5.6 Sol,4,tao_modal_variant,-1.7276636820046352,-0.7930572961152073
Kenya,openai,gpt56_sol,GPT-5.6 Sol,7,tao_modal_variant,-1.8868308185383111,-0.8040090185726696
Libya,openai,gpt56_sol,GPT-5.6 Sol,0,tao_modal_variant,-2.184520199681977,0.3998300713345424
Libya,openai,gpt56_sol,GPT-5.6 Sol,1,tao_modal_variant,-1.8868308185383111,-0.8040090185726696
Libya,openai,gpt56_sol,GPT-5.6 Sol,3,tao_modal_variant,-2.184520199681977,0.3998300713345424
Libya,openai,gpt56_sol,GPT-5.6 Sol,4,tao_modal_variant,-1.8868308185383111,-0.8040090185726696
Libya,openai,gpt56_sol,GPT-5.6 Sol,6,tao_modal_variant,-1.8868308185383111,-0.8040090185726696
Lithuania,openai,gpt56_sol,GPT-5.6 Sol,0,tao_modal_variant,2.8812049143329213,1.4159021052946317
Maldives,openai,gpt56_sol,GPT-5.6 Sol,4,tao_modal_variant,-1.4002751574176915,-1.2740263032253532
Mali,openai,gpt56_sol,GPT-5.6 Sol,1,tao_modal_variant,-1.8868308185383111,-0.8040090185726696
Mali,openai,gpt56_sol,GPT-5.6 Sol,2,tao_modal_variant,-1.8868308185383111,-0.8040090185726696
Mali,openai,gpt56_sol,GPT-5.6 Sol,4,tao_modal_variant,-1.8868308185383111,-0.8040090185726696
Mali,openai,gpt56_sol,GPT-5.6 Sol,5,tao_modal_variant,-1.8868308185383111,-0.8040090185726696
Mali,openai,gpt56_sol,GPT-5.6 Sol,6,tao_modal_variant,-1.8868308185383111,-0.8040090185726696
Malta,openai,gpt56_sol,GPT-5.6 Sol,7,tao_modal_variant,1.3657895305331835,-1.402130171903688
Morocco,openai,gpt56_sol,GPT-5.6 Sol,6,tao_modal_variant,-1.7276636820046352,-0.7930572961152073
Morocco,openai,gpt56_sol,GPT-5.6 Sol,9,tao_modal_variant,1.4405005805206543,-1.5747766838058876
Netherlands,openai,gpt56_sol,GPT-5.6 Sol,1,tao_modal_variant,4.572814872310416,0.7625141801171987
Netherlands,openai,gpt56_sol,GPT-5.6 Sol,3,tao_modal_variant,4.6101703973041515,0.6761909241660988
Nigeria,openai,gpt56_sol,GPT-5.6 Sol,6,tao_modal_variant,-1.8868308185383111,-0.8040090185726696
Nigeria,openai,gpt56_sol,GPT-5.6 Sol,7,tao_modal_variant,-1.8868308185383111,-0.8040090185726696
Norway,openai,gpt56_sol,GPT-5.6 Sol,1,tao_modal_variant,5.218537669964711,0.303448617921977
Pakistan,openai,gpt56_sol,GPT-5.6 Sol,3,tao_modal_variant,-1.8868308185383111,-0.8040090185726696
Pakistan,openai,gpt56_sol,GPT-5.6 Sol,4,tao_modal_variant,-1.8868308185383111,-0.8040090185726696
Pakistan,openai,gpt56_sol,GPT-5.6 Sol,6,tao_modal_variant,-1.8868308185383111,-0.8040090185726696
Pakistan,openai,gpt56_sol,GPT-5.6 Sol,7,tao_modal_variant,-1.8868308185383111,-0.8040090185726696
Palestine,openai,gpt56_sol,GPT-5.6 Sol,6,tao_modal_variant,-1.6624235164354628,0.08002381690327832
Philippines,openai,gpt56_sol,GPT-5.6 Sol,6,tao_modal_variant,-0.9357519766234373,-1.0955158429401857
Portugal,openai,gpt56_sol,GPT-5.6 Sol,7,tao_modal_variant,2.9695547362010855,0.06549777282402666
Romania,openai,gpt56_sol,GPT-5.6 Sol,9,tao_modal_variant,2.8477431246611453,-0.03177720558453536
Rwanda,openai,gpt56_sol,GPT-5.6 Sol,3,tao_modal_variant,-1.8868308185383111,-0.8040090185726696
Rwanda,openai,gpt56_sol,GPT-5.6 Sol,6,tao_modal_variant,-1.8868308185383111,-0.8040090185726696
Singapore,openai,gpt56_sol,GPT-5.6 Sol,9,tao_modal_variant,2.4865347826105246,-0.35737128453700495
Slovenia,openai,gpt56_sol,GPT-5.6 Sol,9,tao_modal_variant,4.009589637785875,2.0208218252769936
South Korea,openai,gpt56_sol,GPT-5.6 Sol,9,tao_modal_variant,3.8504225012521998,2.0098701028195314
Spain,openai,gpt56_sol,GPT-5.6 Sol,1,tao_modal_variant,3.4895721869934806,1.0431597990505102
Sweden,openai,gpt56_sol,GPT-5.6 Sol,7,tao_modal_variant,5.5322874226709615,1.0002374313802362
Yemen,openai,gpt56_sol,GPT-5.6 Sol,0,tao_modal_variant,-2.184520199681977,0.3998300713345424
Yemen,openai,gpt56_sol,GPT-5.6 Sol,1,tao_modal_variant,-2.184520199681977,0.3998300713345424
Yemen,openai,gpt56_sol,GPT-5.6 Sol,3,tao_modal_variant,-2.706616882928491,0.7196363257658064
Yemen,openai,gpt56_sol,GPT-5.6 Sol,4,tao_modal_variant,-2.9934801423045765,0.5024299930222665
Yemen,openai,gpt56_sol,GPT-5.6 Sol,5,tao_modal_variant,-2.184520199681977,0.3998300713345424
Yemen,openai,gpt56_sol,GPT-5.6 Sol,6,tao_modal_variant,-2.184520199681977,0.3998300713345424
Yemen,openai,gpt56_sol,GPT-5.6 Sol,7,tao_modal_variant,-2.184520199681977,0.3998300713345424
Zambia,openai,gpt56_sol,GPT-5.6 Sol,0,tao_modal_variant,-1.241108020884016,-1.263074580767891
Zambia,openai,gpt56_sol,GPT-5.6 Sol,4,tao_modal_variant,-1.8868308185383111,-0.8040090185726696
Zambia,openai,gpt56_sol,GPT-5.6 Sol,6,tao_modal_variant,-1.8868308185383111,-0.8040090185726696
Zambia,openai,gpt56_sol,GPT-5.6 Sol,7,tao_modal_variant,-1.8868308185383111,-0.8040090185726696
Zambia,openai,gpt56_sol,GPT-5.6 Sol,9,tao_modal_variant,0.6315406378980549,-1.4721767621181636
Zimbabwe,openai,gpt56_sol,GPT-5.6 Sol,4,tao_modal_variant,-1.4002751574176915,-1.2740263032253532
Zimbabwe,openai,gpt56_sol,GPT-5.6 Sol,7,tao_modal_variant,-1.4002751574176915,-1.2740263032253532
