target,country_id,country,item,response,p
wave7,8,Albania,A008,1,0.17507027177805332
wave7,8,Albania,A008,2,0.5663620751294597
wave7,8,Albania,A008,3,0.2132577607453975
wave7,8,Albania,A008,4,0.04530989234708951
wave7,8,Albania,A165,1,0.02785656558715993
wave7,8,Albania,A165,2,0.9721434344128402
wave7,8,Albania,E018,1,0.7574898698157403
wave7,8,Albania,E018,2,0.18800995141444174
wave7,8,Albania,E018,3,0.05450017876981771
wave7,8,Albania,E025,1,0.1227826959905071
wave7,8,Albania,E025,2,0.5004449036222445
wave7,8,Albania,E025,3,0.37677240038724835
wave7,8,Albania,F063,1,0.025552932958714095
wave7,8,Albania,F063,10,0.7998099067075752
wave7,8,Albania,F063,2,0.0031198660601191534
wave7,8,Albania,F063,3,0.005887399176514848
wave7,8,Albania,F063,4,0.003829825478120683
wave7,8,Albania,F063,5,0.03681472216713147
wave7,8,Albania,F063,6,0.01585680195394707
wave7,8,Albania,F063,7,0.030708844894000175
wave7,8,Albania,F063,8,0.03987829475453462
wave7,8,Albania,F063,9,0.0385414058493427
wave7,8,Albania,F118,1,0.7967656386496039
wave7,8,Albania,F118,10,0.05176263500021455
wave7,8,Albania,F118,2,0.021679314635290325
wave7,8,Albania,F118,3,0.02519470260544501
wave7,8,Albania,F118,4,0.01764739714303831
wave7,8,Albania,F118,5,0.052980924159991255
wave7,8,Albania,F118,6,0.011812653551928162
wave7,8,Albania,F118,7,0.011161267461832103
wave7,8,Albania,F118,8,0.00798005935097673
wave7,8,Albania,F118,9,0.003015407441679692
wave7,8,Albania,F120,1,0.4734994161713578
wave7,8,Albania,F120,10,0.024294068843089635
wave7,8,Albania,F120,2,0.08768873559879634
wave7,8,Albania,F120,3,0.09628435200129436
wave7,8,Albania,F120,4,0.07751885082194591
wave7,8,Albania,F120,5,0.1690014926405167
wave7,8,Albania,F120,6,0.03756436098255249
wave7,8,Albania,F120,7,0.017867538507185907
wave7,8,Albania,F120,8,0.011245612673035392
wave7,8,Albania,F120,9,0.005035571760225432
wave7,8,Albania,G006,1,0.7984624685933723
wave7,8,Albania,G006,2,0.15154522444792679
wave7,8,Albania,G006,3,0.04357679041574595
wave7,8,Albania,G006,4,0.006415516542954989
wave7,8,Albania,Y002,1,0.2867167844678942
wave7,8,Albania,Y002,2,0.6217810980872635
wave7,8,Albania,Y002,3,0.09150211744484246
wave7,20,Andorra,A008,1,0.3426294820717131
wave7,20,Andorra,A008,2,0.6075697211155379
wave7,20,Andorra,A008,3,0.046812749003984064
wave7,20,Andorra,A008,4,0.00298804780876494
wave7,20,Andorra,A165,1,0.25574425574425574
wave7,20,Andorra,A165,2,0.7442557442557443
wave7,20,Andorra,E018,1,0.4724724724724725
wave7,20,Andorra,E018,2,0.44544544544544545
wave7,20,Andorra,E018,3,0.08208208208208208
wave7,20,Andorra,E025,1,0.521
wave7,20,Andorra,E025,2,0.313
wave7,20,Andorra,E025,3,0.166
wave7,20,Andorra,F063,1,0.25502008032128515
wave7,20,Andorra,F063,10,0.10341365461847389
wave7,20,Andorra,F063,2,0.09538152610441768
wave7,20,Andorra,F063,3,0.07530120481927711
wave7,20,Andorra,F063,4,0.05321285140562249
wave7,20,Andorra,F063,5,0.11947791164658635
wave7,20,Andorra,F063,6,0.0572289156626506
wave7,20,Andorra,F063,7,0.08132530120481928
wave7,20,Andorra,F063,8,0.10240963855421686
wave7,20,Andorra,F063,9,0.0572289156626506
wave7,20,Andorra,F118,1,0.06106106106106106
wave7,20,Andorra,F118,10,0.5315315315315315
wave7,20,Andorra,F118,2,0.01001001001001001
wave7,20,Andorra,F118,3,0.014014014014014014
wave7,20,Andorra,F118,4,0.023023023023023025
wave7,20,Andorra,F118,5,0.08308308308308308
wave7,20,Andorra,F118,6,0.06006006006006006
wave7,20,Andorra,F118,7,0.07807807807807808
wave7,20,Andorra,F118,8,0.08008008008008008
wave7,20,Andorra,F118,9,0.05905905905905906
wave7,20,Andorra,F120,1,0.14814814814814814
wave7,20,Andorra,F120,10,0.2722722722722723
wave7,20,Andorra,F120,2,0.04904904904904905
wave7,20,Andorra,F120,3,0.05205205205205205
wave7,20,Andorra,F120,4,0.07207207207207207
wave7,20,Andorra,F120,5,0.14314314314314314
wave7,20,Andorra,F120,6,0.07407407407407407
wave7,20,Andorra,F120,7,0.057057057057057055
wave7,20,Andorra,F120,8,0.08808808808808809
wave7,20,Andorra,F120,9,0.044044044044044044
wave7,20,Andorra,G006,1,0.5450733752620545
wave7,20,Andorra,G006,2,0.37735849056603776
wave7,20,Andorra,G006,3,0.06079664570230608
wave7,20,Andorra,G006,4,0.016771488469601678
wave7,20,Andorra,Y002,1,0.21184738955823293
wave7,20,Andorra,Y002,2,0.6014056224899599
wave7,20,Andorra,Y002,3,0.18674698795180722
wave7,31,Azerbaijan,A008,1,0.20332633202385783
wave7,31,Azerbaijan,A008,2,0.6403162136460512
wave7,31,Azerbaijan,A008,3,0.13763542250548585
wave7,31,Azerbaijan,A008,4,0.018722031824605204
wave7,31,Azerbaijan,A165,1,0.28228229676627437
wave7,31,Azerbaijan,A165,2,0.7177177032337256
wave7,31,Azerbaijan,E018,1,0.7040602231672886
wave7,31,Azerbaijan,E018,2,0.19970646751756396
wave7,31,Azerbaijan,E018,3,0.09623330931514734
wave7,31,Azerbaijan,E025,1,0.08102282928581724
wave7,31,Azerbaijan,E025,2,0.21182656372483086
wave7,31,Azerbaijan,E025,3,0.7071506069893522
wave7,31,Azerbaijan,F063,1,0.015546726454716227
wave7,31,Azerbaijan,F063,10,0.5167196399848065
wave7,31,Azerbaijan,F063,2,0.006658215598109551
wave7,31,Azerbaijan,F063,3,0.010350730496087092
wave7,31,Azerbaijan,F063,4,0.012052887851682372
wave7,31,Azerbaijan,F063,5,0.02571381286409545
wave7,31,Azerbaijan,F063,6,0.04115032039635179
wave7,31,Azerbaijan,F063,7,0.08373175586988997
wave7,31,Azerbaijan,F063,8,0.14280740139661038
wave7,31,Azerbaijan,F063,9,0.14526850908765063
wave7,31,Azerbaijan,F118,1,0.8412335786917781
wave7,31,Azerbaijan,F118,10,0.001623739864525744
wave7,31,Azerbaijan,F118,2,0.0807925810394947
wave7,31,Azerbaijan,F118,3,0.02787436260162026
wave7,31,Azerbaijan,F118,4,0.020831917976768012
wave7,31,Azerbaijan,F118,5,0.01752884066039852
wave7,31,Azerbaijan,F118,6,0.004933599092776278
wave7,31,Azerbaijan,F118,7,0.0022488909297243976
wave7,31,Azerbaijan,F118,8,0.0
wave7,31,Azerbaijan,F118,9,0.0029324891429142147
wave7,31,Azerbaijan,F120,1,0.36114934248129366
wave7,31,Azerbaijan,F120,10,0.04082884219062109
wave7,31,Azerbaijan,F120,2,0.09413022805965114
wave7,31,Azerbaijan,F120,3,0.08826555109379726
wave7,31,Azerbaijan,F120,4,0.0837907271807928
wave7,31,Azerbaijan,F120,5,0.1394806060304466
wave7,31,Azerbaijan,F120,6,0.0753364102649463
wave7,31,Azerbaijan,F120,7,0.07743427490135862
wave7,31,Azerbaijan,F120,8,0.026476092284641522
wave7,31,Azerbaijan,F120,9,0.013107925512450973
wave7,31,Azerbaijan,G006,1,0.6628509656245176
wave7,31,Azerbaijan,G006,2,0.3061938501111992
wave7,31,Azerbaijan,G006,3,0.029093089423713744
wave7,31,Azerbaijan,G006,4,0.0018620948405695954
wave7,31,Azerbaijan,Y002,1,0.4954711130459303
wave7,31,Azerbaijan,Y002,2,0.48306122953529435
wave7,31,Azerbaijan,Y002,3,0.021467657418775293
wave7,32,Argentina,A008,1,0.3248308193475894
wave7,32,Argentina,A008,2,0.5479657484401983
wave7,32,Argentina,A008,3,0.11416489099631637
wave7,32,Argentina,A008,4,0.013038541215895904
wave7,32,Argentina,A165,1,0.20104310462630584
wave7,32,Argentina,A165,2,0.7989568953736943
wave7,32,Argentina,E018,1,0.6645143123408632
wave7,32,Argentina,E018,2,0.27844369055125745
wave7,32,Argentina,E018,3,0.05704199710787941
wave7,32,Argentina,E025,1,0.16696638382818232
wave7,32,Argentina,E025,2,0.46448141577178614
wave7,32,Argentina,E025,3,0.3685522004000315
wave7,32,Argentina,F063,1,0.049885712285324506
wave7,32,Argentina,F063,10,0.30637629076653383
wave7,32,Argentina,F063,2,0.02035581552752471
wave7,32,Argentina,F063,3,0.031724894296593475
wave7,32,Argentina,F063,4,0.023020198522861676
wave7,32,Argentina,F063,5,0.0679431173844097
wave7,32,Argentina,F063,6,0.1011104833344355
wave7,32,Argentina,F063,7,0.13188329713036984
wave7,32,Argentina,F063,8,0.17716970403565324
wave7,32,Argentina,F063,9,0.09053048671629346
wave7,32,Argentina,F118,1,0.1995913675127161
wave7,32,Argentina,F118,10,0.12927072788487481
wave7,32,Argentina,F118,2,0.01276133289441104
wave7,32,Argentina,F118,3,0.03300423318201008
wave7,32,Argentina,F118,4,0.03671705383978836
wave7,32,Argentina,F118,5,0.1868386165646855
wave7,32,Argentina,F118,6,0.12073008148862378
wave7,32,Argentina,F118,7,0.12171813360815541
wave7,32,Argentina,F118,8,0.11137092956590185
wave7,32,Argentina,F118,9,0.04799752345883312
wave7,32,Argentina,F120,1,0.5030216852911351
wave7,32,Argentina,F120,10,0.034363816487568345
wave7,32,Argentina,F120,2,0.03798293403741734
wave7,32,Argentina,F120,3,0.056136011624299105
wave7,32,Argentina,F120,4,0.03275322764783796
wave7,32,Argentina,F120,5,0.13681866654305133
wave7,32,Argentina,F120,6,0.09438474329776789
wave7,32,Argentina,F120,7,0.053505496410558094
wave7,32,Argentina,F120,8,0.02998595072494181
wave7,32,Argentina,F120,9,0.02104746793542293
wave7,32,Argentina,G006,1,0.5957651493292738
wave7,32,Argentina,G006,2,0.3056408775805659
wave7,32,Argentina,G006,3,0.08143317114111112
wave7,32,Argentina,G006,4,0.017160801949049273
wave7,32,Argentina,Y002,1,0.3564510694821113
wave7,32,Argentina,Y002,2,0.582902737960505
wave7,32,Argentina,Y002,3,0.06064619255738381
wave7,36,Australia,A008,1,0.2679599490950038
wave7,36,Australia,A008,2,0.6301467603366628
wave7,36,Australia,A008,3,0.08729521988546884
wave7,36,Australia,A008,4,0.014598070682864546
wave7,36,Australia,A165,1,0.48936543235485574
wave7,36,Australia,A165,2,0.5106345676451444
wave7,36,Australia,E018,1,0.5576343389376648
wave7,36,Australia,E018,2,0.33905764744225303
wave7,36,Australia,E018,3,0.10330801362008214
wave7,36,Australia,E025,1,0.7613897524354531
wave7,36,Australia,E025,2,0.19529715705328454
wave7,36,Australia,E025,3,0.04331309051126244
wave7,36,Australia,F063,1,0.3457410900209921
wave7,36,Australia,F063,10,0.17167155274327922
wave7,36,Australia,F063,2,0.07802714981078787
wave7,36,Australia,F063,3,0.08284292128967288
wave7,36,Australia,F063,4,0.032299935076983026
wave7,36,Australia,F063,5,0.08171950130957974
wave7,36,Australia,F063,6,0.05356351959381499
wave7,36,Australia,F063,7,0.054800248461098836
wave7,36,Australia,F063,8,0.06176509129466128
wave7,36,Australia,F063,9,0.037568990399130156
wave7,36,Australia,F118,1,0.11031766496242022
wave7,36,Australia,F118,10,0.470033335904332
wave7,36,Australia,F118,2,0.020644567562918954
wave7,36,Australia,F118,3,0.02319486870291794
wave7,36,Australia,F118,4,0.01877014024396208
wave7,36,Australia,F118,5,0.1267192999567353
wave7,36,Australia,F118,6,0.06047363086636067
wave7,36,Australia,F118,7,0.038884155895896284
wave7,36,Australia,F118,8,0.06756951807850539
wave7,36,Australia,F118,9,0.06339281782595113
wave7,36,Australia,F120,1,0.11654471619364071
wave7,36,Australia,F120,10,0.25335850273644295
wave7,36,Australia,F120,2,0.02808710143201525
wave7,36,Australia,F120,3,0.034155435912760594
wave7,36,Australia,F120,4,0.03567969634257764
wave7,36,Australia,F120,5,0.1736704010551315
wave7,36,Australia,F120,6,0.06563773086832057
wave7,36,Australia,F120,7,0.08548182708768869
wave7,36,Australia,F120,8,0.11299156131775295
wave7,36,Australia,F120,9,0.09439302705366912
wave7,36,Australia,G006,1,0.5737685887268751
wave7,36,Australia,G006,2,0.3468199789716609
wave7,36,Australia,G006,3,0.06054223110927763
wave7,36,Australia,G006,4,0.018869201192186415
wave7,36,Australia,Y002,1,0.16357310387722557
wave7,36,Australia,Y002,2,0.6330977123036695
wave7,36,Australia,Y002,3,0.20332918381910478
wave7,40,Austria,A008,1,0.3306130127658955
wave7,40,Austria,A008,2,0.5626548712577828
wave7,40,Austria,A008,3,0.09941387561873208
wave7,40,Austria,A008,4,0.007318240357589694
wave7,40,Austria,A165,1,0.511881143602015
wave7,40,Austria,A165,2,0.488118856397985
wave7,40,Austria,E018,1,0.4118140114570906
wave7,40,Austria,E018,2,0.21545954899781658
wave7,40,Austria,E018,3,0.3727264395450928
wave7,40,Austria,E025,1,0.5668310298587911
wave7,40,Austria,E025,2,0.2726256741061943
wave7,40,Austria,E025,3,0.1605432960350146
wave7,40,Austria,F063,1,0.18012715533655246
wave7,40,Austria,F063,10,0.14611165386520117
wave7,40,Austria,F063,2,0.060067041904868786
wave7,40,Austria,F063,3,0.07750153801820092
wave7,40,Austria,F063,4,0.05402735114609527
wave7,40,Austria,F063,5,0.11479075570332493
wave7,40,Austria,F063,6,0.09218896297443102
wave7,40,Austria,F063,7,0.10839417739566748
wave7,40,Austria,F063,8,0.11270708244899505
wave7,40,Austria,F063,9,0.05408428120666296
wave7,40,Austria,F118,1,0.09982182004610828
wave7,40,Austria,F118,10,0.39576900189712516
wave7,40,Austria,F118,2,0.024986714908819416
wave7,40,Austria,F118,3,0.053408155948433435
wave7,40,Austria,F118,4,0.04111214835534242
wave7,40,Austria,F118,5,0.10982911603090709
wave7,40,Austria,F118,6,0.06926030745618972
wave7,40,Austria,F118,7,0.05733940535899104
wave7,40,Austria,F118,8,0.07159268841622475
wave7,40,Austria,F118,9,0.07688064158185867
wave7,40,Austria,F120,1,0.14267521659991958
wave7,40,Austria,F120,10,0.18587521886264344
wave7,40,Austria,F120,2,0.04880194519442427
wave7,40,Austria,F120,3,0.06377356433152881
wave7,40,Austria,F120,4,0.06600129448500966
wave7,40,Austria,F120,5,0.14917413361317072
wave7,40,Austria,F120,6,0.08924687461720968
wave7,40,Austria,F120,7,0.08120100158999718
wave7,40,Austria,F120,8,0.09852825213914924
wave7,40,Austria,F120,9,0.07472249856694733
wave7,40,Austria,G006,1,0.5334886251271506
wave7,40,Austria,G006,2,0.38019465311585754
wave7,40,Austria,G006,3,0.058543345361437286
wave7,40,Austria,G006,4,0.027773376395554782
wave7,40,Austria,Y002,1,0.18885527784696263
wave7,40,Austria,Y002,2,0.5680609391922148
wave7,40,Austria,Y002,3,0.24308378296082248
wave7,50,Bangladesh,A008,1,0.26666666666666666
wave7,50,Bangladesh,A008,2,0.64
wave7,50,Bangladesh,A008,3,0.085
wave7,50,Bangladesh,A008,4,0.008333333333333333
wave7,50,Bangladesh,A165,1,0.1292743953294412
wave7,50,Bangladesh,A165,2,0.8707256046705588
wave7,50,Bangladesh,E018,1,0.7640249332146037
wave7,50,Bangladesh,E018,2,0.21816562778272486
wave7,50,Bangladesh,E018,3,0.017809439002671415
wave7,50,Bangladesh,E025,1,0.062325581395348835
wave7,50,Bangladesh,E025,2,0.41209302325581393
wave7,50,Bangladesh,E025,3,0.5255813953488372
wave7,50,Bangladesh,F063,1,0.0125
wave7,50,Bangladesh,F063,10,0.8641666666666666
wave7,50,Bangladesh,F063,2,0.0
wave7,50,Bangladesh,F063,3,0.0008333333333333334
wave7,50,Bangladesh,F063,4,0.0
wave7,50,Bangladesh,F063,5,0.005
wave7,50,Bangladesh,F063,6,0.010833333333333334
wave7,50,Bangladesh,F063,7,0.01
wave7,50,Bangladesh,F063,8,0.025833333333333333
wave7,50,Bangladesh,F063,9,0.07083333333333333
wave7,50,Bangladesh,F118,1,0.6666666666666666
wave7,50,Bangladesh,F118,10,0.0008333333333333334
wave7,50,Bangladesh,F118,2,0.1425
wave7,50,Bangladesh,F118,3,0.085
wave7,50,Bangladesh,F118,4,0.06333333333333334
wave7,50,Bangladesh,F118,5,0.03166666666666667
wave7,50,Bangladesh,F118,6,0.009166666666666667
wave7,50,Bangladesh,F118,7,0.0008333333333333334
wave7,50,Bangladesh,F118,8,0.0
wave7,50,Bangladesh,F118,9,0.0
wave7,50,Bangladesh,F120,1,0.6108333333333333
wave7,50,Bangladesh,F120,10,0.004166666666666667
wave7,50,Bangladesh,F120,2,0.125
wave7,50,Bangladesh,F120,3,0.10166666666666667
wave7,50,Bangladesh,F120,4,0.0575
wave7,50,Bangladesh,F120,5,0.04583333333333333
wave7,50,Bangladesh,F120,6,0.035
wave7,50,Bangladesh,F120,7,0.015833333333333335
wave7,50,Bangladesh,F120,8,0.0033333333333333335
wave7,50,Bangladesh,F120,9,0.0008333333333333334
wave7,50,Bangladesh,G006,1,0.8340283569641368
wave7,50,Bangladesh,G006,2,0.14762301918265222
wave7,50,Bangladesh,G006,3,0.0158465387823186
wave7,50,Bangladesh,G006,4,0.0025020850708924102
wave7,50,Bangladesh,Y002,1,0.2725
wave7,50,Bangladesh,Y002,2,0.65
wave7,50,Bangladesh,Y002,3,0.0775
wave7,51,Armenia,A008,1,0.3692111193612926
wave7,51,Armenia,A008,2,0.49719517045753475
wave7,51,Armenia,A008,3,0.10469546937102682
wave7,51,Armenia,A008,4,0.028898240810145796
wave7,51,Armenia,A165,1,0.1675427131378372
wave7,51,Armenia,A165,2,0.8324572868621629
wave7,51,Armenia,E018,1,0.6339063168288788
wave7,51,Armenia,E018,2,0.2598675876977939
wave7,51,Armenia,E018,3,0.10622609547332748
wave7,51,Armenia,E025,1,0.15860492354058806
wave7,51,Armenia,E025,2,0.2757012744919738
wave7,51,Armenia,E025,3,0.5656938019674382
wave7,51,Armenia,F063,1,0.032444454016467554
wave7,51,Armenia,F063,10,0.6004827560661162
wave7,51,Armenia,F063,2,0.005978958291301762
wave7,51,Armenia,F063,3,0.005313012584844345
wave7,51,Armenia,F063,4,0.005229742227663388
wave7,51,Armenia,F063,5,0.055021076378903855
wave7,51,Armenia,F063,6,0.04374539247985105
wave7,51,Armenia,F063,7,0.06443783976926386
wave7,51,Armenia,F063,8,0.09077002001847842
wave7,51,Armenia,F063,9,0.0965767481671095
wave7,51,Armenia,F118,1,0.8895156940821811
wave7,51,Armenia,F118,10,0.010265388500597036
wave7,51,Armenia,F118,2,0.03071256768377916
wave7,51,Armenia,F118,3,0.017285092742941655
wave7,51,Armenia,F118,4,0.01171457678353072
wave7,51,Armenia,F118,5,0.023295810223988047
wave7,51,Armenia,F118,6,0.004084823747939347
wave7,51,Armenia,F118,7,0.00700227069152996
wave7,51,Armenia,F118,8,0.0037639443056782843
wave7,51,Armenia,F118,9,0.002359831237834603
wave7,51,Armenia,F120,1,0.5899779753706036
wave7,51,Armenia,F120,10,0.015435388155373325
wave7,51,Armenia,F120,2,0.07706276259415865
wave7,51,Armenia,F120,3,0.06673653114156973
wave7,51,Armenia,F120,4,0.05430198408866484
wave7,51,Armenia,F120,5,0.13030742893112937
wave7,51,Armenia,F120,6,0.03219446487349398
wave7,51,Armenia,F120,7,0.017535789902310542
wave7,51,Armenia,F120,8,0.010303432260662333
wave7,51,Armenia,F120,9,0.006144242682033708
wave7,51,Armenia,G006,1,0.661815066825976
wave7,51,Armenia,G006,2,0.26416904070376673
wave7,51,Armenia,G006,3,0.05213712404391924
wave7,51,Armenia,G006,4,0.02187876842633815
wave7,51,Armenia,Y002,1,0.4196554052898128
wave7,51,Armenia,Y002,2,0.5466329149988605
wave7,51,Armenia,Y002,3,0.0337116797113266
wave7,68,Bolivia,A008,1,0.3736050460941291
wave7,68,Bolivia,A008,2,0.3585638039786511
wave7,68,Bolivia,A008,3,0.25084910237748664
wave7,68,Bolivia,A008,4,0.016982047549733138
wave7,68,Bolivia,A165,1,0.08597948216902784
wave7,68,Bolivia,A165,2,0.9140205178309722
wave7,68,Bolivia,E018,1,0.895609756097561
wave7,68,Bolivia,E018,2,0.07707317073170732
wave7,68,Bolivia,E018,3,0.027317073170731707
wave7,68,Bolivia,E025,1,0.12418627941912869
wave7,68,Bolivia,E025,2,0.38607911867801703
wave7,68,Bolivia,E025,3,0.4897346019028543
wave7,68,Bolivia,F063,1,0.010653753026634382
wave7,68,Bolivia,F063,10,0.735593220338983
wave7,68,Bolivia,F063,2,0.006779661016949152
wave7,68,Bolivia,F063,3,0.005326876513317191
wave7,68,Bolivia,F063,4,0.006295399515738499
wave7,68,Bolivia,F063,5,0.02711864406779661
wave7,68,Bolivia,F063,6,0.01646489104116223
wave7,68,Bolivia,F063,7,0.03438256658595642
wave7,68,Bolivia,F063,8,0.07312348668280871
wave7,68,Bolivia,F063,9,0.08426150121065375
wave7,68,Bolivia,F118,1,0.46382978723404256
wave7,68,Bolivia,F118,10,0.05159574468085106
wave7,68,Bolivia,F118,2,0.08244680851063829
wave7,68,Bolivia,F118,3,0.05319148936170213
wave7,68,Bolivia,F118,4,0.05425531914893617
wave7,68,Bolivia,F118,5,0.14893617021276595
wave7,68,Bolivia,F118,6,0.05851063829787234
wave7,68,Bolivia,F118,7,0.03404255319148936
wave7,68,Bolivia,F118,8,0.032446808510638296
wave7,68,Bolivia,F118,9,0.02074468085106383
wave7,68,Bolivia,F120,1,0.6630648330058939
wave7,68,Bolivia,F120,10,0.026522593320235755
wave7,68,Bolivia,F120,2,0.08546168958742632
wave7,68,Bolivia,F120,3,0.0481335952848723
wave7,68,Bolivia,F120,4,0.028978388998035363
wave7,68,Bolivia,F120,5,0.06925343811394892
wave7,68,Bolivia,F120,6,0.029469548133595286
wave7,68,Bolivia,F120,7,0.016208251473477406
wave7,68,Bolivia,F120,8,0.021611001964636542
wave7,68,Bolivia,F120,9,0.011296660117878193
wave7,68,Bolivia,G006,1,0.764934434191355
wave7,68,Bolivia,G006,2,0.14424477901894123
wave7,68,Bolivia,G006,3,0.0796503156872268
wave7,68,Bolivia,G006,4,0.011170471102476931
wave7,68,Bolivia,Y002,1,0.215
wave7,68,Bolivia,Y002,2,0.599
wave7,68,Bolivia,Y002,3,0.186
wave7,70,Bosnia Herzegovina,A008,1,0.2958116641487703
wave7,70,Bosnia Herzegovina,A008,2,0.5754718990493581
wave7,70,Bosnia Herzegovina,A008,3,0.10132154368934083
wave7,70,Bosnia Herzegovina,A008,4,0.027394893112530745
wave7,70,Bosnia Herzegovina,A165,1,0.09735417216505733
wave7,70,Bosnia Herzegovina,A165,2,0.9026458278349426
wave7,70,Bosnia Herzegovina,E018,1,0.6473005628573946
wave7,70,Bosnia Herzegovina,E018,2,0.16706901399183535
wave7,70,Bosnia Herzegovina,E018,3,0.18563042315077002
wave7,70,Bosnia Herzegovina,E025,1,0.32104185188384526
wave7,70,Bosnia Herzegovina,E025,2,0.45534318251689687
wave7,70,Bosnia Herzegovina,E025,3,0.22361496559925784
wave7,70,Bosnia Herzegovina,F063,1,0.018669917976722572
wave7,70,Bosnia Herzegovina,F063,10,0.516640627566865
wave7,70,Bosnia Herzegovina,F063,2,0.01621558348257344
wave7,70,Bosnia Herzegovina,F063,3,0.014282171856173425
wave7,70,Bosnia Herzegovina,F063,4,0.0167627863252434
wave7,70,Bosnia Herzegovina,F063,5,0.07020294546516896
wave7,70,Bosnia Herzegovina,F063,6,0.04284719685902003
wave7,70,Bosnia Herzegovina,F063,7,0.088356170843557
wave7,70,Bosnia Herzegovina,F063,8,0.11935098226022495
wave7,70,Bosnia Herzegovina,F063,9,0.09667161736445111
wave7,70,Bosnia Herzegovina,F118,1,0.8289147587820298
wave7,70,Bosnia Herzegovina,F118,10,0.038523786749871225
wave7,70,Bosnia Herzegovina,F118,2,0.0456999667094828
wave7,70,Bosnia Herzegovina,F118,3,0.0178192990556546
wave7,70,Bosnia Herzegovina,F118,4,0.011426728970163844
wave7,70,Bosnia Herzegovina,F118,5,0.03218443991452839
wave7,70,Bosnia Herzegovina,F118,6,0.005380641864485762
wave7,70,Bosnia Herzegovina,F118,7,0.002923040876967362
wave7,70,Bosnia Herzegovina,F118,8,0.008926502591939108
wave7,70,Bosnia Herzegovina,F118,9,0.008200834484877198
wave7,70,Bosnia Herzegovina,F120,1,0.5020722927223294
wave7,70,Bosnia Herzegovina,F120,10,0.0864009668850972
wave7,70,Bosnia Herzegovina,F120,2,0.061579901721089646
wave7,70,Bosnia Herzegovina,F120,3,0.05337039875340877
wave7,70,Bosnia Herzegovina,F120,4,0.03874752511543458
wave7,70,Bosnia Herzegovina,F120,5,0.14212354091389107
wave7,70,Bosnia Herzegovina,F120,6,0.025630748787351602
wave7,70,Bosnia Herzegovina,F120,7,0.02644402981191646
wave7,70,Bosnia Herzegovina,F120,8,0.04952104486099967
wave7,70,Bosnia Herzegovina,F120,9,0.014109550428481644
wave7,70,Bosnia Herzegovina,G006,1,0.29225797890806354
wave7,70,Bosnia Herzegovina,G006,2,0.44746614102404497
wave7,70,Bosnia Herzegovina,G006,3,0.2001214352447175
wave7,70,Bosnia Herzegovina,G006,4,0.06015444482317399
wave7,70,Bosnia Herzegovina,Y002,1,0.35155357163258094
wave7,70,Bosnia Herzegovina,Y002,2,0.568173084566096
wave7,70,Bosnia Herzegovina,Y002,3,0.08027334380132295
wave7,76,Brazil,A008,1,0.2809148544533768
wave7,76,Brazil,A008,2,0.6202470585878783
wave7,76,Brazil,A008,3,0.09094468671441688
wave7,76,Brazil,A008,4,0.00789340024432805
wave7,76,Brazil,A165,1,0.06647943724606635
wave7,76,Brazil,A165,2,0.9335205627539337
wave7,76,Brazil,E018,1,0.7354047059763678
wave7,76,Brazil,E018,2,0.20139158352787248
wave7,76,Brazil,E018,3,0.06320371049575992
wave7,76,Brazil,E025,1,0.49217023237534496
wave7,76,Brazil,E025,2,0.29441857500936364
wave7,76,Brazil,E025,3,0.21341119261529154
wave7,76,Brazil,F063,1,0.02408327281915052
wave7,76,Brazil,F063,10,0.7942167204411199
wave7,76,Brazil,F063,2,0.007556378119594557
wave7,76,Brazil,F063,3,0.012095556539611748
wave7,76,Brazil,F063,4,0.017158987804367733
wave7,76,Brazil,F063,5,0.0484508419827534
wave7,76,Brazil,F063,6,0.023660103883312567
wave7,76,Brazil,F063,7,0.028228685728124626
wave7,76,Brazil,F063,8,0.026987116788063672
wave7,76,Brazil,F063,9,0.017562335893901396
wave7,76,Brazil,F118,1,0.3418741851521386
wave7,76,Brazil,F118,10,0.21923999660669682
wave7,76,Brazil,F118,2,0.018468438600845478
wave7,76,Brazil,F118,3,0.027377379467246235
wave7,76,Brazil,F118,4,0.03193198606432738
wave7,76,Brazil,F118,5,0.19236797904338188
wave7,76,Brazil,F118,6,0.05348469129046703
wave7,76,Brazil,F118,7,0.04121381802711304
wave7,76,Brazil,F118,8,0.05000635098897025
wave7,76,Brazil,F118,9,0.024035174758813463
wave7,76,Brazil,F120,1,0.6727625095145329
wave7,76,Brazil,F120,10,0.048855977915438414
wave7,76,Brazil,F120,2,0.027924996746949267
wave7,76,Brazil,F120,3,0.028025345525951036
wave7,76,Brazil,F120,4,0.030945791338945195
wave7,76,Brazil,F120,5,0.1197818134358063
wave7,76,Brazil,F120,6,0.021778882078954828
wave7,76,Brazil,F120,7,0.024167019979321115
wave7,76,Brazil,F120,8,0.02211013965724013
wave7,76,Brazil,F120,9,0.003647523806860961
wave7,76,Brazil,G006,1,0.24785525375969417
wave7,76,Brazil,G006,2,0.37901099870176186
wave7,76,Brazil,G006,3,0.2719260963412731
wave7,76,Brazil,G006,4,0.10120765119727088
wave7,76,Brazil,Y002,1,0.2958875278958834
wave7,76,Brazil,Y002,2,0.6025200590405929
wave7,76,Brazil,Y002,3,0.10159241306352361
wave7,100,Bulgaria,A008,1,0.15394248221685056
wave7,100,Bulgaria,A008,2,0.45569577575497705
wave7,100,Bulgaria,A008,3,0.3017424106059472
wave7,100,Bulgaria,A008,4,0.08861933142222517
wave7,100,Bulgaria,A165,1,0.17548802660019688
wave7,100,Bulgaria,A165,2,0.8245119733998032
wave7,100,Bulgaria,E018,1,0.5160800638473603
wave7,100,Bulgaria,E018,2,0.36526166931497006
wave7,100,Bulgaria,E018,3,0.1186582668376696
wave7,100,Bulgaria,E025,1,0.14050630051009375
wave7,100,Bulgaria,E025,2,0.3111175890501923
wave7,100,Bulgaria,E025,3,0.548376110439714
wave7,100,Bulgaria,F063,1,0.11617468996892694
wave7,100,Bulgaria,F063,10,0.2068331460621738
wave7,100,Bulgaria,F063,2,0.04797779188800458
wave7,100,Bulgaria,F063,3,0.04818130541183229
wave7,100,Bulgaria,F063,4,0.05808712798558829
wave7,100,Bulgaria,F063,5,0.14252005016501837
wave7,100,Bulgaria,F063,6,0.09619700639967457
wave7,100,Bulgaria,F063,7,0.09530328819650029
wave7,100,Bulgaria,F063,8,0.11886218836025823
wave7,100,Bulgaria,F063,9,0.0698634055620228
wave7,100,Bulgaria,F118,1,0.6463661919880148
wave7,100,Bulgaria,F118,10,0.021603827089896825
wave7,100,Bulgaria,F118,2,0.023519312763855365
wave7,100,Bulgaria,F118,3,0.036732783910768944
wave7,100,Bulgaria,F118,4,0.050608698364241485
wave7,100,Bulgaria,F118,5,0.12448195748424627
wave7,100,Bulgaria,F118,6,0.04153749550889
wave7,100,Bulgaria,F118,7,0.03093491522820422
wave7,100,Bulgaria,F118,8,0.01732178411158812
wave7,100,Bulgaria,F118,9,0.006893033550293943
wave7,100,Bulgaria,F120,1,0.23565199958233657
wave7,100,Bulgaria,F120,10,0.06444052765381227
wave7,100,Bulgaria,F120,2,0.020524861258830757
wave7,100,Bulgaria,F120,3,0.043331274859962174
wave7,100,Bulgaria,F120,4,0.059245207039067896
wave7,100,Bulgaria,F120,5,0.26296177109355395
wave7,100,Bulgaria,F120,6,0.10791883670028245
wave7,100,Bulgaria,F120,7,0.09049381474790276
wave7,100,Bulgaria,F120,8,0.07267762182283179
wave7,100,Bulgaria,F120,9,0.042754085241419416
wave7,100,Bulgaria,G006,1,0.5148459258922615
wave7,100,Bulgaria,G006,2,0.3358194180860405
wave7,100,Bulgaria,G006,3,0.1224933386329909
wave7,100,Bulgaria,G006,4,0.026841317388707066
wave7,100,Bulgaria,Y002,1,0.4807430580747235
wave7,100,Bulgaria,Y002,2,0.5053055961306521
wave7,100,Bulgaria,Y002,3,0.0139513457946244
wave7,104,Myanmar,A008,1,0.3333333333333333
wave7,104,Myanmar,A008,2,0.5425
wave7,104,Myanmar,A008,3,0.09
wave7,104,Myanmar,A008,4,0.034166666666666665
wave7,104,Myanmar,A165,1,0.15083333333333335
wave7,104,Myanmar,A165,2,0.8491666666666666
wave7,104,Myanmar,E018,1,0.4275
wave7,104,Myanmar,E018,2,0.0925
wave7,104,Myanmar,E018,3,0.48
wave7,104,Myanmar,E025,1,0.045099739809193407
wave7,104,Myanmar,E025,2,0.17606244579358196
wave7,104,Myanmar,E025,3,0.7788378143972247
wave7,104,Myanmar,F063,1,0.0033333333333333335
wave7,104,Myanmar,F063,10,0.8816666666666667
wave7,104,Myanmar,F063,2,0.0016666666666666668
wave7,104,Myanmar,F063,3,0.0025
wave7,104,Myanmar,F063,4,0.0025
wave7,104,Myanmar,F063,5,0.005833333333333334
wave7,104,Myanmar,F063,6,0.011666666666666667
wave7,104,Myanmar,F063,7,0.010833333333333334
wave7,104,Myanmar,F063,8,0.030833333333333334
wave7,104,Myanmar,F063,9,0.049166666666666664
wave7,104,Myanmar,F118,1,0.7639699749791493
wave7,104,Myanmar,F118,10,0.0025020850708924102
wave7,104,Myanmar,F118,2,0.05170975813177648
wave7,104,Myanmar,F118,3,0.045037531276063386
wave7,104,Myanmar,F118,4,0.027522935779816515
wave7,104,Myanmar,F118,5,0.08590492076730609
wave7,104,Myanmar,F118,6,0.015012510425354461
wave7,104,Myanmar,F118,7,0.003336113427856547
wave7,104,Myanmar,F118,8,0.004170141784820684
wave7,104,Myanmar,F118,9,0.0008340283569641367
wave7,104,Myanmar,F120,1,0.8448707256046706
wave7,104,Myanmar,F120,10,0.0008340283569641367
wave7,104,Myanmar,F120,2,0.04837364470391994
wave7,104,Myanmar,F120,3,0.027522935779816515
wave7,104,Myanmar,F120,4,0.021684737281067557
wave7,104,Myanmar,F120,5,0.05254378648874062
wave7,104,Myanmar,F120,6,0.0016680567139282735
wave7,104,Myanmar,F120,7,0.0016680567139282735
wave7,104,Myanmar,F120,8,0.0008340283569641367
wave7,104,Myanmar,F120,9,0.0
wave7,104,Myanmar,G006,1,0.855
wave7,104,Myanmar,G006,2,0.1275
wave7,104,Myanmar,G006,3,0.013333333333333334
wave7,104,Myanmar,G006,4,0.004166666666666667
wave7,104,Myanmar,Y002,1,0.2683333333333333
wave7,104,Myanmar,Y002,2,0.5766666666666667
wave7,104,Myanmar,Y002,3,0.155
wave7,112,Belarus,A008,1,0.2221622622685124
wave7,112,Belarus,A008,2,0.687195850525358
wave7,112,Belarus,A008,3,0.08153393845389185
wave7,112,Belarus,A008,4,0.009107948752237808
wave7,112,Belarus,A165,1,0.4221057324745587
wave7,112,Belarus,A165,2,0.5778942675254413
wave7,112,Belarus,E018,1,0.46899576079605465
wave7,112,Belarus,E018,2,0.4096295356081118
wave7,112,Belarus,E018,3,0.1213747035958334
wave7,112,Belarus,E025,1,0.10587738128605965
wave7,112,Belarus,E025,2,0.21861315778862728
wave7,112,Belarus,E025,3,0.6755094609253133
wave7,112,Belarus,F063,1,0.11365829855631068
wave7,112,Belarus,F063,10,0.13820022035180776
wave7,112,Belarus,F063,2,0.05113934778042576
wave7,112,Belarus,F063,3,0.077489506479412
wave7,112,Belarus,F063,4,0.06133672441656048
wave7,112,Belarus,F063,5,0.16327720937293466
wave7,112,Belarus,F063,6,0.08400694883871568
wave7,112,Belarus,F063,7,0.12188370934093183
wave7,112,Belarus,F063,8,0.1255470776187844
wave7,112,Belarus,F063,9,0.06346095724411674
wave7,112,Belarus,F118,1,0.641497423690516
wave7,112,Belarus,F118,10,0.041897263227497795
wave7,112,Belarus,F118,2,0.07634071036555953
wave7,112,Belarus,F118,3,0.051214111725680266
wave7,112,Belarus,F118,4,0.03615712105374936
wave7,112,Belarus,F118,5,0.0695948956728068
wave7,112,Belarus,F118,6,0.029884044076912107
wave7,112,Belarus,F118,7,0.023893931348462485
wave7,112,Belarus,F118,8,0.015970585220787314
wave7,112,Belarus,F118,9,0.013549913618028216
wave7,112,Belarus,F120,1,0.2934223875345317
wave7,112,Belarus,F120,10,0.051443639680260486
wave7,112,Belarus,F120,2,0.06860644501177218
wave7,112,Belarus,F120,3,0.08087109938248455
wave7,112,Belarus,F120,4,0.0798744769524481
wave7,112,Belarus,F120,5,0.1735906297868955
wave7,112,Belarus,F120,6,0.07774621282896596
wave7,112,Belarus,F120,7,0.07730029716014888
wave7,112,Belarus,F120,8,0.06419578001855471
wave7,112,Belarus,F120,9,0.032949031643938025
wave7,112,Belarus,G006,1,0.3627663460724388
wave7,112,Belarus,G006,2,0.5398347859293792
wave7,112,Belarus,G006,3,0.07661022433041974
wave7,112,Belarus,G006,4,0.02078864366776241
wave7,112,Belarus,Y002,1,0.39572660109839064
wave7,112,Belarus,Y002,2,0.5148296411477439
wave7,112,Belarus,Y002,3,0.08944375775386561
wave7,124,Canada,A008,1,0.19513235725794575
wave7,124,Canada,A008,2,0.6535993444270937
wave7,124,Canada,A008,3,0.13303986893011757
wave7,124,Canada,A008,4,0.01822842938484301
wave7,124,Canada,A165,1,0.46693013953251283
wave7,124,Canada,A165,2,0.5330698604674871
wave7,124,Canada,E018,1,0.44369665302359823
wave7,124,Canada,E018,2,0.42824592964575325
wave7,124,Canada,E018,3,0.1280574173306484
wave7,124,Canada,E025,1,0.7023102877751425
wave7,124,Canada,E025,2,0.24162981260457136
wave7,124,Canada,E025,3,0.05605989962028609
wave7,124,Canada,F063,1,0.2761590044213276
wave7,124,Canada,F063,10,0.15569229845924132
wave7,124,Canada,F063,2,0.07888210963320047
wave7,124,Canada,F063,3,0.06825210440917123
wave7,124,Canada,F063,4,0.03810567356395246
wave7,124,Canada,F063,5,0.09348658614205432
wave7,124,Canada,F063,6,0.06933279900781088
wave7,124,Canada,F063,7,0.08590993077116887
wave7,124,Canada,F063,8,0.08464383995988929
wave7,124,Canada,F063,9,0.0495356536321834
wave7,124,Canada,F118,1,0.06382443502655019
wave7,124,Canada,F118,10,0.43805654215645307
wave7,124,Canada,F118,2,0.018628756403750158
wave7,124,Canada,F118,3,0.01397753600600649
wave7,124,Canada,F118,4,0.017712251198938805
wave7,124,Canada,F118,5,0.1299998102663061
wave7,124,Canada,F118,6,0.06360275558928277
wave7,124,Canada,F118,7,0.06717856834694773
wave7,124,Canada,F118,8,0.10266241618891749
wave7,124,Canada,F118,9,0.08435692881684712
wave7,124,Canada,F120,1,0.08580703555209845
wave7,124,Canada,F120,10,0.19356915819087356
wave7,124,Canada,F120,2,0.02752189656182674
wave7,124,Canada,F120,3,0.037481950333303815
wave7,124,Canada,F120,4,0.034589897639113916
wave7,124,Canada,F120,5,0.16401916262274252
wave7,124,Canada,F120,6,0.08267917425223455
wave7,124,Canada,F120,7,0.11826869531221351
wave7,124,Canada,F120,8,0.1627660932148385
wave7,124,Canada,F120,9,0.09329693632075436
wave7,124,Canada,G006,1,0.5188782502044268
wave7,124,Canada,G006,2,0.3741236696767868
wave7,124,Canada,G006,3,0.0818503905522429
wave7,124,Canada,G006,4,0.025147689566543587
wave7,124,Canada,Y002,1,0.15307118602743586
wave7,124,Canada,Y002,2,0.6086160134846885
wave7,124,Canada,Y002,3,0.2383128004878755
wave7,152,Chile,A008,1,0.2659706984573446
wave7,152,Chile,A008,2,0.5711064444878138
wave7,152,Chile,A008,3,0.15569288717494342
wave7,152,Chile,A008,4,0.007229969879898199
wave7,152,Chile,A165,1,0.1318578936428691
wave7,152,Chile,A165,2,0.8681421063571308
wave7,152,Chile,E018,1,0.6064901196735198
wave7,152,Chile,E018,2,0.28659954587840897
wave7,152,Chile,E018,3,0.10691033444807106
wave7,152,Chile,E025,1,0.10299255077235088
wave7,152,Chile,E025,2,0.39645962253558265
wave7,152,Chile,E025,3,0.5005478266920664
wave7,152,Chile,F063,1,0.04374118975621167
wave7,152,Chile,F063,10,0.22295455716482546
wave7,152,Chile,F063,2,0.038637190895514914
wave7,152,Chile,F063,3,0.047158046431957514
wave7,152,Chile,F063,4,0.09587756538405516
wave7,152,Chile,F063,5,0.16166593520328876
wave7,152,Chile,F063,6,0.12218563937616332
wave7,152,Chile,F063,7,0.09057866562950828
wave7,152,Chile,F063,8,0.1220506404070788
wave7,152,Chile,F063,9,0.05515056975139609
wave7,152,Chile,F118,1,0.2008781030220189
wave7,152,Chile,F118,10,0.1304380134088063
wave7,152,Chile,F118,2,0.050137582176696616
wave7,152,Chile,F118,3,0.05452716594477497
wave7,152,Chile,F118,4,0.12565788653014767
wave7,152,Chile,F118,5,0.17279299627018282
wave7,152,Chile,F118,6,0.08943071040653575
wave7,152,Chile,F118,7,0.08974270030286437
wave7,152,Chile,F118,8,0.05850194223903067
wave7,152,Chile,F118,9,0.027892899698941976
wave7,152,Chile,F120,1,0.37387129280913645
wave7,152,Chile,F120,10,0.05755709746464206
wave7,152,Chile,F120,2,0.07855374559301602
wave7,152,Chile,F120,3,0.058952190577702956
wave7,152,Chile,F120,4,0.09614121812446759
wave7,152,Chile,F120,5,0.11200621084407938
wave7,152,Chile,F120,6,0.07966887100192462
wave7,152,Chile,F120,7,0.04582861029064947
wave7,152,Chile,F120,8,0.06292295458208982
wave7,152,Chile,F120,9,0.03449780871229159
wave7,152,Chile,G006,1,0.34527052792804264
wave7,152,Chile,G006,2,0.4440842333303856
wave7,152,Chile,G006,3,0.12014345763584719
wave7,152,Chile,G006,4,0.09050178110572453
wave7,152,Chile,Y002,1,0.29247257361105095
wave7,152,Chile,Y002,2,0.5895344649987437
wave7,152,Chile,Y002,3,0.11799296139020532
wave7,156,China,A008,1,0.2742272187546606
wave7,156,China,A008,2,0.6155291696722118
wave7,156,China,A008,3,0.09546641532332496
wave7,156,China,A008,4,0.01477719624980268
wave7,156,China,A165,1,0.6397954688087929
wave7,156,China,A165,2,0.36020453119120704
wave7,156,China,E018,1,0.6230634643476657
wave7,156,China,E018,2,0.19784748175722913
wave7,156,China,E018,3,0.1790890538951052
wave7,156,China,E025,1,0.06914736900805063
wave7,156,China,E025,2,0.45661594509767256
wave7,156,China,E025,3,0.4742366858942768
wave7,156,China,F063,1,0.5240079596855154
wave7,156,China,F063,10,0.029971020091755743
wave7,156,China,F063,2,0.10835262787443527
wave7,156,China,F063,3,0.08605193015326137
wave7,156,China,F063,4,0.04156355145736568
wave7,156,China,F063,5,0.09226866065529712
wave7,156,China,F063,6,0.042849303066549146
wave7,156,China,F063,7,0.028713431159992434
wave7,156,China,F063,8,0.03195266877506008
wave7,156,China,F063,9,0.014268847080767701
wave7,156,China,F118,1,0.6766622846357397
wave7,156,China,F118,10,0.03808579615617959
wave7,156,China,F118,2,0.07683035042470863
wave7,156,China,F118,3,0.05281844409476487
wave7,156,China,F118,4,0.023901201820344376
wave7,156,China,F118,5,0.06551234279452954
wave7,156,China,F118,6,0.019889008866390032
wave7,156,China,F118,7,0.01642484869935983
wave7,156,China,F118,8,0.020850992436495644
wave7,156,China,F118,9,0.009024730071487817
wave7,156,China,F120,1,0.615472234183748
wave7,156,China,F120,10,0.0195438607206644
wave7,156,China,F120,2,0.08262971970352156
wave7,156,China,F120,3,0.07089910218907344
wave7,156,China,F120,4,0.04370937829922985
wave7,156,China,F120,5,0.09077041576415829
wave7,156,China,F120,6,0.029384231184962355
wave7,156,China,F120,7,0.015118610287997965
wave7,156,China,F120,8,0.02742362053758732
wave7,156,China,F120,9,0.005048827129056834
wave7,156,China,G006,1,0.42730651422372257
wave7,156,China,G006,2,0.5002186727323612
wave7,156,China,G006,3,0.06626981959183616
wave7,156,China,G006,4,0.006204993452080111
wave7,156,China,Y002,1,0.4980759944482959
wave7,156,China,Y002,2,0.46354383484651074
wave7,156,China,Y002,3,0.0383801707051934
wave7,158,Taiwan ROC,A008,1,0.2591253713705007
wave7,158,Taiwan ROC,A008,2,0.6480983732324703
wave7,158,Taiwan ROC,A008,3,0.07573254821739342
wave7,158,Taiwan ROC,A008,4,0.01704370717963536
wave7,158,Taiwan ROC,A165,1,0.3079178862179679
wave7,158,Taiwan ROC,A165,2,0.692082113782032
wave7,158,Taiwan ROC,E018,1,0.19637150010009094
wave7,158,Taiwan ROC,E018,2,0.1623496818313009
wave7,158,Taiwan ROC,E018,3,0.6412788180686082
wave7,158,Taiwan ROC,E025,1,0.18191537263008373
wave7,158,Taiwan ROC,E025,2,0.40531561092623924
wave7,158,Taiwan ROC,E025,3,0.4127690164436769
wave7,158,Taiwan ROC,F063,1,0.0423073341813971
wave7,158,Taiwan ROC,F063,10,0.1032645398831956
wave7,158,Taiwan ROC,F063,2,0.034077640033897405
wave7,158,Taiwan ROC,F063,3,0.0828657337857235
wave7,158,Taiwan ROC,F063,4,0.03608646258985671
wave7,158,Taiwan ROC,F063,5,0.22771315323467534
wave7,158,Taiwan ROC,F063,6,0.1786790063362608
wave7,158,Taiwan ROC,F063,7,0.10639651370010172
wave7,158,Taiwan ROC,F063,8,0.1259264007510345
wave7,158,Taiwan ROC,F063,9,0.0626832155038573
wave7,158,Taiwan ROC,F118,1,0.273793940378939
wave7,158,Taiwan ROC,F118,10,0.07616586301458621
wave7,158,Taiwan ROC,F118,2,0.05953597512939344
wave7,158,Taiwan ROC,F118,3,0.07834806005851477
wave7,158,Taiwan ROC,F118,4,0.035034362841176996
wave7,158,Taiwan ROC,F118,5,0.27079496001997977
wave7,158,Taiwan ROC,F118,6,0.062300409291821034
wave7,158,Taiwan ROC,F118,7,0.0486252801795773
wave7,158,Taiwan ROC,F118,8,0.056792515619339644
wave7,158,Taiwan ROC,F118,9,0.03860863346667176
wave7,158,Taiwan ROC,F120,1,0.32313492946693007
wave7,158,Taiwan ROC,F120,10,0.016843996632945234
wave7,158,Taiwan ROC,F120,2,0.10694261590466204
wave7,158,Taiwan ROC,F120,3,0.14669759932388943
wave7,158,Taiwan ROC,F120,4,0.06922159567902603
wave7,158,Taiwan ROC,F120,5,0.22124874280560816
wave7,158,Taiwan ROC,F120,6,0.04504899892449469
wave7,158,Taiwan ROC,F120,7,0.027528599188307277
wave7,158,Taiwan ROC,F120,8,0.03527636283979187
wave7,158,Taiwan ROC,F120,9,0.008056559234345121
wave7,158,Taiwan ROC,G006,1,0.19727925152049003
wave7,158,Taiwan ROC,G006,2,0.6000404096905348
wave7,158,Taiwan ROC,G006,3,0.15684594108597588
wave7,158,Taiwan ROC,G006,4,0.04583439770299925
wave7,158,Taiwan ROC,Y002,1,0.4242200805051811
wave7,158,Taiwan ROC,Y002,2,0.48684394922673374
wave7,158,Taiwan ROC,Y002,3,0.08893597026808531
wave7,170,Colombia,A008,1,0.5730263157894737
wave7,170,Colombia,A008,2,0.32105263157894737
wave7,170,Colombia,A008,3,0.09276315789473684
wave7,170,Colombia,A008,4,0.013157894736842105
wave7,170,Colombia,A165,1,0.045394736842105265
wave7,170,Colombia,A165,2,0.9546052631578947
wave7,170,Colombia,E018,1,0.875
wave7,170,Colombia,E018,2,0.07763157894736843
wave7,170,Colombia,E018,3,0.04736842105263158
wave7,170,Colombia,E025,1,0.29605263157894735
wave7,170,Colombia,E025,2,0.34210526315789475
wave7,170,Colombia,E025,3,0.3618421052631579
wave7,170,Colombia,F063,1,0.03223684210526316
wave7,170,Colombia,F063,10,0.8427631578947369
wave7,170,Colombia,F063,2,0.005263157894736842
wave7,170,Colombia,F063,3,0.006578947368421052
wave7,170,Colombia,F063,4,0.005263157894736842
wave7,170,Colombia,F063,5,0.015789473684210527
wave7,170,Colombia,F063,6,0.017105263157894738
wave7,170,Colombia,F063,7,0.015789473684210527
wave7,170,Colombia,F063,8,0.023026315789473683
wave7,170,Colombia,F063,9,0.03618421052631579
wave7,170,Colombia,F118,1,0.44671052631578945
wave7,170,Colombia,F118,10,0.1394736842105263
wave7,170,Colombia,F118,2,0.03289473684210526
wave7,170,Colombia,F118,3,0.03684210526315789
wave7,170,Colombia,F118,4,0.03223684210526316
wave7,170,Colombia,F118,5,0.14671052631578949
wave7,170,Colombia,F118,6,0.06513157894736842
wave7,170,Colombia,F118,7,0.03618421052631579
wave7,170,Colombia,F118,8,0.03684210526315789
wave7,170,Colombia,F118,9,0.026973684210526316
wave7,170,Colombia,F120,1,0.7151315789473685
wave7,170,Colombia,F120,10,0.060526315789473685
wave7,170,Colombia,F120,2,0.04473684210526316
wave7,170,Colombia,F120,3,0.029605263157894735
wave7,170,Colombia,F120,4,0.017105263157894738
wave7,170,Colombia,F120,5,0.07697368421052632
wave7,170,Colombia,F120,6,0.021052631578947368
wave7,170,Colombia,F120,7,0.013157894736842105
wave7,170,Colombia,F120,8,0.0125
wave7,170,Colombia,F120,9,0.009210526315789473
wave7,170,Colombia,G006,1,0.819212808539026
wave7,170,Colombia,G006,2,0.1134089392928619
wave7,170,Colombia,G006,3,0.054036024016010674
wave7,170,Colombia,G006,4,0.0133422281521014
wave7,170,Colombia,Y002,1,0.22105263157894736
wave7,170,Colombia,Y002,2,0.6059210526315789
wave7,170,Colombia,Y002,3,0.1730263157894737
wave7,191,Croatia,A008,1,0.1869671027410037
wave7,191,Croatia,A008,2,0.6366874588539225
wave7,191,Croatia,A008,3,0.1511826760515925
wave7,191,Croatia,A008,4,0.025162762353481288
wave7,191,Croatia,A165,1,0.13960531451437705
wave7,191,Croatia,A165,2,0.8603946854856227
wave7,191,Croatia,E018,1,0.6805389631750839
wave7,191,Croatia,E018,2,0.1521507786734811
wave7,191,Croatia,E018,3,0.1673102581514351
wave7,191,Croatia,E025,1,0.5105908506370362
wave7,191,Croatia,E025,2,0.3455459372036349
wave7,191,Croatia,E025,3,0.1438632121593288
wave7,191,Croatia,F063,1,0.10688588252185008
wave7,191,Croatia,F063,10,0.39510735544786624
wave7,191,Croatia,F063,2,0.02370121440013894
wave7,191,Croatia,F063,3,0.038700543849332476
wave7,191,Croatia,F063,4,0.021622748058527427
wave7,191,Croatia,F063,5,0.11475725116429734
wave7,191,Croatia,F063,6,0.060912210075777254
wave7,191,Croatia,F063,7,0.08329446665506164
wave7,191,Croatia,F063,8,0.09218201088436917
wave7,191,Croatia,F063,9,0.06283631694277941
wave7,191,Croatia,F118,1,0.5743432832860859
wave7,191,Croatia,F118,10,0.1152664659826494
wave7,191,Croatia,F118,2,0.04122158478832828
wave7,191,Croatia,F118,3,0.0328294699416756
wave7,191,Croatia,F118,4,0.019255823379891786
wave7,191,Croatia,F118,5,0.12096225795979594
wave7,191,Croatia,F118,6,0.030103936312592314
wave7,191,Croatia,F118,7,0.026780817700427992
wave7,191,Croatia,F118,8,0.02575467239763255
wave7,191,Croatia,F118,9,0.013481688250920089
wave7,191,Croatia,F120,1,0.4012723326473283
wave7,191,Croatia,F120,10,0.11013727834237641
wave7,191,Croatia,F120,2,0.04340339578523355
wave7,191,Croatia,F120,3,0.043982174506422805
wave7,191,Croatia,F120,4,0.033089876041021635
wave7,191,Croatia,F120,5,0.176562518384927
wave7,191,Croatia,F120,6,0.05220208996341983
wave7,191,Croatia,F120,7,0.05025855493671856
wave7,191,Croatia,F120,8,0.05237590993366153
wave7,191,Croatia,F120,9,0.03671586945889039
wave7,191,Croatia,G006,1,0.4086721373102047
wave7,191,Croatia,G006,2,0.4188501822703454
wave7,191,Croatia,G006,3,0.1285062282417011
wave7,191,Croatia,G006,4,0.04397145217774876
wave7,191,Croatia,Y002,1,0.22670535910454134
wave7,191,Croatia,Y002,2,0.5883077281065837
wave7,191,Croatia,Y002,3,0.18498691278887486
wave7,196,Cyprus,A008,1,0.26410661555077913
wave7,196,Cyprus,A008,2,0.5573938619437007
wave7,196,Cyprus,A008,3,0.14633503354397404
wave7,196,Cyprus,A008,4,0.03216448896154609
wave7,196,Cyprus,A165,1,0.06756517998580047
wave7,196,Cyprus,A165,2,0.9324348200141993
wave7,196,Cyprus,E018,1,0.46449414516704074
wave7,196,Cyprus,E018,2,0.34554664513033917
wave7,196,Cyprus,E018,3,0.18995920970262
wave7,196,Cyprus,E025,1,0.21982112930315023
wave7,196,Cyprus,E025,2,0.39577839234175516
wave7,196,Cyprus,E025,3,0.3844004783550944
wave7,196,Cyprus,F063,1,0.031107537726481622
wave7,196,Cyprus,F063,10,0.4563961094621162
wave7,196,Cyprus,F063,2,0.011417242072624323
wave7,196,Cyprus,F063,3,0.022834484145248652
wave7,196,Cyprus,F063,4,0.013652679061648541
wave7,196,Cyprus,F063,5,0.09613245448340424
wave7,196,Cyprus,F063,6,0.05498150520091976
wave7,196,Cyprus,F063,7,0.10218077433868368
wave7,196,Cyprus,F063,8,0.13493864147618365
wave7,196,Cyprus,F063,9,0.07635857203268896
wave7,196,Cyprus,F118,1,0.38189194926061737
wave7,196,Cyprus,F118,10,0.07955544358814161
wave7,196,Cyprus,F118,2,0.07009119102574314
wave7,196,Cyprus,F118,3,0.04759324552069325
wave7,196,Cyprus,F118,4,0.05805185169391782
wave7,196,Cyprus,F118,5,0.19998886612941666
wave7,196,Cyprus,F118,6,0.05478116802284381
wave7,196,Cyprus,F118,7,0.0470336399733966
wave7,196,Cyprus,F118,8,0.038079951216650205
wave7,196,Cyprus,F118,9,0.022932693568579358
wave7,196,Cyprus,F120,1,0.5039349558155968
wave7,196,Cyprus,F120,10,0.029090342766151273
wave7,196,Cyprus,F120,2,0.05762998997432104
wave7,196,Cyprus,F120,3,0.07253607434516111
wave7,196,Cyprus,F120,4,0.05034807820644837
wave7,196,Cyprus,F120,5,0.18774779339036898
wave7,196,Cyprus,F120,6,0.04175634059972589
wave7,196,Cyprus,F120,7,0.022995387323015287
wave7,196,Cyprus,F120,8,0.023460517672223114
wave7,196,Cyprus,F120,9,0.010500519906988028
wave7,196,Cyprus,G006,1,0.591469062274877
wave7,196,Cyprus,G006,2,0.28734216995804335
wave7,196,Cyprus,G006,3,0.08566218057687085
wave7,196,Cyprus,G006,4,0.035526587190208535
wave7,196,Cyprus,Y002,1,0.32627530295909063
wave7,196,Cyprus,Y002,2,0.5573083292190251
wave7,196,Cyprus,Y002,3,0.11641636782188397
wave7,203,Czechia,A008,1,0.16257843016633958
wave7,203,Czechia,A008,2,0.7021327280141851
wave7,203,Czechia,A008,3,0.1272746718510146
wave7,203,Czechia,A008,4,0.00801416996846075
wave7,203,Czechia,A165,1,0.2970267940242367
wave7,203,Czechia,A165,2,0.7029732059757633
wave7,203,Czechia,E018,1,0.4574419679679508
wave7,203,Czechia,E018,2,0.33811218302904983
wave7,203,Czechia,E018,3,0.20444584900299942
wave7,203,Czechia,E025,1,0.31435780287624926
wave7,203,Czechia,E025,2,0.4027620009706747
wave7,203,Czechia,E025,3,0.28288019615307597
wave7,203,Czechia,F063,1,0.35942823318346423
wave7,203,Czechia,F063,10,0.08052559928043693
wave7,203,Czechia,F063,2,0.09139865806140363
wave7,203,Czechia,F063,3,0.07803379255652657
wave7,203,Czechia,F063,4,0.051223974957067
wave7,203,Czechia,F063,5,0.11049478727805412
wave7,203,Czechia,F063,6,0.07018130447996382
wave7,203,Czechia,F063,7,0.06509897429964782
wave7,203,Czechia,F063,8,0.06339746796244024
wave7,203,Czechia,F063,9,0.03021720794099572
wave7,203,Czechia,F118,1,0.13148169517324507
wave7,203,Czechia,F118,10,0.2835970169612636
wave7,203,Czechia,F118,2,0.030465892487733112
wave7,203,Czechia,F118,3,0.042319297727755514
wave7,203,Czechia,F118,4,0.03962048509378735
wave7,203,Czechia,F118,5,0.13503354306682896
wave7,203,Czechia,F118,6,0.09300434377848331
wave7,203,Czechia,F118,7,0.07693662067128094
wave7,203,Czechia,F118,8,0.10048518859395486
wave7,203,Czechia,F118,9,0.06705591644566723
wave7,203,Czechia,F120,1,0.11915342344692975
wave7,203,Czechia,F120,10,0.19131368028034826
wave7,203,Czechia,F120,2,0.03694177620781773
wave7,203,Czechia,F120,3,0.04436338405063648
wave7,203,Czechia,F120,4,0.047786313997448676
wave7,203,Czechia,F120,5,0.18350039672409518
wave7,203,Czechia,F120,6,0.10670261675274095
wave7,203,Czechia,F120,7,0.09140286794013713
wave7,203,Czechia,F120,8,0.10964368073267136
wave7,203,Czechia,F120,9,0.0691918598671745
wave7,203,Czechia,G006,1,0.2935596894933611
wave7,203,Czechia,G006,2,0.5126434860107989
wave7,203,Czechia,G006,3,0.15727332921475293
wave7,203,Czechia,G006,4,0.03652349528108696
wave7,203,Czechia,Y002,1,0.29351907264296406
wave7,203,Czechia,Y002,2,0.6025797328260922
wave7,203,Czechia,Y002,3,0.10390119453094368
wave7,208,Denmark,A008,1,0.3157453074728809
wave7,208,Denmark,A008,2,0.587527045735364
wave7,208,Denmark,A008,3,0.084774006302821
wave7,208,Denmark,A008,4,0.011953640488934228
wave7,208,Denmark,A165,1,0.7409044945839969
wave7,208,Denmark,A165,2,0.2590955054160031
wave7,208,Denmark,E018,1,0.6335790834734044
wave7,208,Denmark,E018,2,0.18630000700562102
wave7,208,Denmark,E018,3,0.18012090952097465
wave7,208,Denmark,E025,1,0.5317607017690483
wave7,208,Denmark,E025,2,0.3396782786492976
wave7,208,Denmark,E025,3,0.12856101958165397
wave7,208,Denmark,F063,1,0.341767575071217
wave7,208,Denmark,F063,10,0.05374347678019872
wave7,208,Denmark,F063,2,0.15361990296740174
wave7,208,Denmark,F063,3,0.11338517914810585
wave7,208,Denmark,F063,4,0.06567641068546626
wave7,208,Denmark,F063,5,0.10832995394297999
wave7,208,Denmark,F063,6,0.04650375215765594
wave7,208,Denmark,F063,7,0.059289042691002505
wave7,208,Denmark,F063,8,0.04104878864206062
wave7,208,Denmark,F063,9,0.016635917913911374
wave7,208,Denmark,F118,1,0.03471043813257358
wave7,208,Denmark,F118,10,0.6829846838492853
wave7,208,Denmark,F118,2,0.008116274965350152
wave7,208,Denmark,F118,3,0.015167049847401961
wave7,208,Denmark,F118,4,0.01067139095520478
wave7,208,Denmark,F118,5,0.05264588643157541
wave7,208,Denmark,F118,6,0.01886605695061446
wave7,208,Denmark,F118,7,0.030137852033943386
wave7,208,Denmark,F118,8,0.059679294799387356
wave7,208,Denmark,F118,9,0.08702107203466343
wave7,208,Denmark,F120,1,0.03973306025484936
wave7,208,Denmark,F120,10,0.5486365654625132
wave7,208,Denmark,F120,2,0.013844114040953032
wave7,208,Denmark,F120,3,0.013570613701702289
wave7,208,Denmark,F120,4,0.016174999840263434
wave7,208,Denmark,F120,5,0.07257305220310455
wave7,208,Denmark,F120,6,0.02468039120898754
wave7,208,Denmark,F120,7,0.06819607962596601
wave7,208,Denmark,F120,8,0.11520585605182396
wave7,208,Denmark,F120,9,0.08738526760983671
wave7,208,Denmark,G006,1,0.5011635617371522
wave7,208,Denmark,G006,2,0.4269418866475376
wave7,208,Denmark,G006,3,0.06175767674181891
wave7,208,Denmark,G006,4,0.010136874873491119
wave7,208,Denmark,Y002,1,0.08669998553117228
wave7,208,Denmark,Y002,2,0.7872586353068681
wave7,208,Denmark,Y002,3,0.1260413791619597
wave7,218,Ecuador,A008,1,0.6169491525423729
wave7,218,Ecuador,A008,2,0.27627118644067794
wave7,218,Ecuador,A008,3,0.09491525423728814
wave7,218,Ecuador,A008,4,0.011864406779661017
wave7,218,Ecuador,A165,1,0.05862361937128292
wave7,218,Ecuador,A165,2,0.9413763806287171
wave7,218,Ecuador,E018,1,0.8993288590604027
wave7,218,Ecuador,E018,2,0.0796979865771812
wave7,218,Ecuador,E018,3,0.02097315436241611
wave7,218,Ecuador,E025,1,0.1400679117147708
wave7,218,Ecuador,E025,2,0.34125636672325976
wave7,218,Ecuador,E025,3,0.5186757215619694
wave7,218,Ecuador,F063,1,0.019166666666666665
wave7,218,Ecuador,F063,10,0.7683333333333333
wave7,218,Ecuador,F063,2,0.006666666666666667
wave7,218,Ecuador,F063,3,0.004166666666666667
wave7,218,Ecuador,F063,4,0.005833333333333334
wave7,218,Ecuador,F063,5,0.03333333333333333
wave7,218,Ecuador,F063,6,0.011666666666666667
wave7,218,Ecuador,F063,7,0.02666666666666667
wave7,218,Ecuador,F063,8,0.059166666666666666
wave7,218,Ecuador,F063,9,0.065
wave7,218,Ecuador,F118,1,0.4152910512597741
wave7,218,Ecuador,F118,10,0.09383145091225022
wave7,218,Ecuador,F118,2,0.07558644656820157
wave7,218,Ecuador,F118,3,0.05821025195482189
wave7,218,Ecuador,F118,4,0.05647263249348393
wave7,218,Ecuador,F118,5,0.16159860990443092
wave7,218,Ecuador,F118,6,0.04691572545612511
wave7,218,Ecuador,F118,7,0.043440486533449174
wave7,218,Ecuador,F118,8,0.03214596003475239
wave7,218,Ecuador,F118,9,0.016507384882710686
wave7,218,Ecuador,F120,1,0.6402695871946082
wave7,218,Ecuador,F120,10,0.05728727885425442
wave7,218,Ecuador,F120,2,0.07329401853411963
wave7,218,Ecuador,F120,3,0.04717775905644482
wave7,218,Ecuador,F120,4,0.03538331929233361
wave7,218,Ecuador,F120,5,0.07413647851727043
wave7,218,Ecuador,F120,6,0.019376579612468407
wave7,218,Ecuador,F120,7,0.015164279696714406
wave7,218,Ecuador,F120,8,0.02695871946082561
wave7,218,Ecuador,F120,9,0.010951979780960405
wave7,218,Ecuador,G006,1,0.8699664429530202
wave7,218,Ecuador,G006,2,0.08389261744966443
wave7,218,Ecuador,G006,3,0.03859060402684564
wave7,218,Ecuador,G006,4,0.007550335570469799
wave7,218,Ecuador,Y002,1,0.2799325463743676
wave7,218,Ecuador,Y002,2,0.5733558178752108
wave7,218,Ecuador,Y002,3,0.1467116357504216
wave7,231,Ethiopia,A008,1,0.3300813008130081
wave7,231,Ethiopia,A008,2,0.5447154471544715
wave7,231,Ethiopia,A008,3,0.10325203252032521
wave7,231,Ethiopia,A008,4,0.02195121951219512
wave7,231,Ethiopia,A165,1,0.11908646003262642
wave7,231,Ethiopia,A165,2,0.8809135399673735
wave7,231,Ethiopia,E018,1,0.596694214876033
wave7,231,Ethiopia,E018,2,0.2190082644628099
wave7,231,Ethiopia,E018,3,0.18429752066115704
wave7,231,Ethiopia,E025,1,0.12363330529857022
wave7,231,Ethiopia,E025,2,0.2077375946173255
wave7,231,Ethiopia,E025,3,0.6686291000841043
wave7,231,Ethiopia,F063,1,0.0024390243902439024
wave7,231,Ethiopia,F063,10,0.9455284552845529
wave7,231,Ethiopia,F063,2,0.0016260162601626016
wave7,231,Ethiopia,F063,3,0.0
wave7,231,Ethiopia,F063,4,0.0032520325203252032
wave7,231,Ethiopia,F063,5,0.013008130081300813
wave7,231,Ethiopia,F063,6,0.0024390243902439024
wave7,231,Ethiopia,F063,7,0.0024390243902439024
wave7,231,Ethiopia,F063,8,0.013008130081300813
wave7,231,Ethiopia,F063,9,0.016260162601626018
wave7,231,Ethiopia,F118,1,0.9052132701421801
wave7,231,Ethiopia,F118,10,0.058767772511848344
wave7,231,Ethiopia,F118,2,0.02085308056872038
wave7,231,Ethiopia,F118,3,0.0018957345971563982
wave7,231,Ethiopia,F118,4,0.002843601895734597
wave7,231,Ethiopia,F118,5,0.0
wave7,231,Ethiopia,F118,6,0.0
wave7,231,Ethiopia,F118,7,0.0009478672985781991
wave7,231,Ethiopia,F118,8,0.002843601895734597
wave7,231,Ethiopia,F118,9,0.006635071090047393
wave7,231,Ethiopia,F120,1,0.8742857142857143
wave7,231,Ethiopia,F120,10,0.044081632653061226
wave7,231,Ethiopia,F120,2,0.02857142857142857
wave7,231,Ethiopia,F120,3,0.004081632653061225
wave7,231,Ethiopia,F120,4,0.006530612244897959
wave7,231,Ethiopia,F120,5,0.019591836734693877
wave7,231,Ethiopia,F120,6,0.00816326530612245
wave7,231,Ethiopia,F120,7,0.004897959183673469
wave7,231,Ethiopia,F120,8,0.0032653061224489797
wave7,231,Ethiopia,F120,9,0.006530612244897959
wave7,231,Ethiopia,G006,1,0.8633034987794955
wave7,231,Ethiopia,G006,2,0.10496338486574451
wave7,231,Ethiopia,G006,3,0.02034174125305126
wave7,231,Ethiopia,G006,4,0.011391375101708706
wave7,231,Ethiopia,Y002,1,0.3860971524288107
wave7,231,Ethiopia,Y002,2,0.5611390284757118
wave7,231,Ethiopia,Y002,3,0.052763819095477386
wave7,233,Estonia,A008,1,0.181461282328275
wave7,233,Estonia,A008,2,0.6666946238903343
wave7,233,Estonia,A008,3,0.1420306814084382
wave7,233,Estonia,A008,4,0.009813412372952702
wave7,233,Estonia,A165,1,0.3444530727977959
wave7,233,Estonia,A165,2,0.6555469272022043
wave7,233,Estonia,E018,1,0.4275484933689021
wave7,233,Estonia,E018,2,0.33266489133722504
wave7,233,Estonia,E018,3,0.2397866152938728
wave7,233,Estonia,E025,1,0.26211670656441904
wave7,233,Estonia,E025,2,0.31144781395439525
wave7,233,Estonia,E025,3,0.426435479481186
wave7,233,Estonia,F063,1,0.3410055403247339
wave7,233,Estonia,F063,10,0.09565828132416526
wave7,233,Estonia,F063,2,0.08793851986639663
wave7,233,Estonia,F063,3,0.08189452577117824
wave7,233,Estonia,F063,4,0.04320106405835514
wave7,233,Estonia,F063,5,0.16417520093190133
wave7,233,Estonia,F063,6,0.05291802637847796
wave7,233,Estonia,F063,7,0.05694036961872954
wave7,233,Estonia,F063,8,0.05228117774152842
wave7,233,Estonia,F063,9,0.023987293984533718
wave7,233,Estonia,F118,1,0.4648178187542816
wave7,233,Estonia,F118,10,0.0945491394777335
wave7,233,Estonia,F118,2,0.044619941063570825
wave7,233,Estonia,F118,3,0.03188196170155774
wave7,233,Estonia,F118,4,0.035090048500104436
wave7,233,Estonia,F118,5,0.17209434623421568
wave7,233,Estonia,F118,6,0.04795600373835503
wave7,233,Estonia,F118,7,0.03330940942445094
wave7,233,Estonia,F118,8,0.04617062136100055
wave7,233,Estonia,F118,9,0.029510709744729705
wave7,233,Estonia,F120,1,0.16577767299996082
wave7,233,Estonia,F120,10,0.1460076866656803
wave7,233,Estonia,F120,2,0.03369172486773674
wave7,233,Estonia,F120,3,0.03479335262927809
wave7,233,Estonia,F120,4,0.04589566498276898
wave7,233,Estonia,F120,5,0.2680573706429023
wave7,233,Estonia,F120,6,0.09505023943150476
wave7,233,Estonia,F120,7,0.07327657587570918
wave7,233,Estonia,F120,8,0.08362085180619595
wave7,233,Estonia,F120,9,0.053828860098262925
wave7,233,Estonia,G006,1,0.4606799206123865
wave7,233,Estonia,G006,2,0.4770019046623844
wave7,233,Estonia,G006,3,0.053024185638087855
wave7,233,Estonia,G006,4,0.009293989087141246
wave7,233,Estonia,Y002,1,0.16779450585224606
wave7,233,Estonia,Y002,2,0.6821984340540219
wave7,233,Estonia,Y002,3,0.15000706009373213
wave7,246,Finland,A008,1,0.2168527931476434
wave7,246,Finland,A008,2,0.6748521690329841
wave7,246,Finland,A008,3,0.1002952763174877
wave7,246,Finland,A008,4,0.007999761501884613
wave7,246,Finland,A165,1,0.6978041095086619
wave7,246,Finland,A165,2,0.30219589049133805
wave7,246,Finland,E018,1,0.3401602394050503
wave7,246,Finland,E018,2,0.2670514266088458
wave7,246,Finland,E018,3,0.3927883339861039
wave7,246,Finland,E025,1,0.5085216895085984
wave7,246,Finland,E025,2,0.3635690078058808
wave7,246,Finland,E025,3,0.12790930268552073
wave7,246,Finland,F063,1,0.26666676632935116
wave7,246,Finland,F063,10,0.11076247055860322
wave7,246,Finland,F063,2,0.09950826385565402
wave7,246,Finland,F063,3,0.08524889542818263
wave7,246,Finland,F063,4,0.04867986706625641
wave7,246,Finland,F063,5,0.11184541293880651
wave7,246,Finland,F063,6,0.06543713276329326
wave7,246,Finland,F063,7,0.07632014112019113
wave7,246,Finland,F063,8,0.0804603350498594
wave7,246,Finland,F063,9,0.05507071488980215
wave7,246,Finland,F118,1,0.11882298210922147
wave7,246,Finland,F118,10,0.4612614934541608
wave7,246,Finland,F118,2,0.0479956528220491
wave7,246,Finland,F118,3,0.0193561470977858
wave7,246,Finland,F118,4,0.025266698428214655
wave7,246,Finland,F118,5,0.10852896107698055
wave7,246,Finland,F118,6,0.02921020479716526
wave7,246,Finland,F118,7,0.04416305625678601
wave7,246,Finland,F118,8,0.06411549380943275
wave7,246,Finland,F118,9,0.08127931014820355
wave7,246,Finland,F120,1,0.061483690236277685
wave7,246,Finland,F120,10,0.24692422876104483
wave7,246,Finland,F120,2,0.03324831597951295
wave7,246,Finland,F120,3,0.04220223140745594
wave7,246,Finland,F120,4,0.03770374701513704
wave7,246,Finland,F120,5,0.1539245901327474
wave7,246,Finland,F120,6,0.04425735446885383
wave7,246,Finland,F120,7,0.08292287371295388
wave7,246,Finland,F120,8,0.1649311631958863
wave7,246,Finland,F120,9,0.13240180509013003
wave7,246,Finland,G006,1,0.6693028214334692
wave7,246,Finland,G006,2,0.2909603115098208
wave7,246,Finland,G006,3,0.033843740993967336
wave7,246,Finland,G006,4,0.0058931260627425874
wave7,246,Finland,Y002,1,0.09893742625890717
wave7,246,Finland,Y002,2,0.6506462880210725
wave7,246,Finland,Y002,3,0.25041628572002034
wave7,250,France,A008,1,0.3340359503759857
wave7,250,France,A008,2,0.5763268234736346
wave7,250,France,A008,3,0.07562241297670119
wave7,250,France,A008,4,0.014014813173678425
wave7,250,France,A165,1,0.2663902026915716
wave7,250,France,A165,2,0.7336097973084282
wave7,250,France,E018,1,0.7779778010653262
wave7,250,France,E018,2,0.16272260561199378
wave7,250,France,E018,3,0.059299593322679894
wave7,250,France,E025,1,0.641639207132448
wave7,250,France,E025,2,0.22999897943151504
wave7,250,France,E025,3,0.128361813436037
wave7,250,France,F063,1,0.3563089360390902
wave7,250,France,F063,10,0.13141639835811797
wave7,250,France,F063,2,0.05869444584330038
wave7,250,France,F063,3,0.06093157030682027
wave7,250,France,F063,4,0.042752456523763645
wave7,250,France,F063,5,0.12366591592035188
wave7,250,France,F063,6,0.056156115405596084
wave7,250,France,F063,7,0.06590285583038386
wave7,250,France,F063,8,0.07422842151680435
wave7,250,France,F063,9,0.02994288425577134
wave7,250,France,F118,1,0.1405160316506162
wave7,250,France,F118,10,0.3637736700763246
wave7,250,France,F118,2,0.02471922787112356
wave7,250,France,F118,3,0.02978389038810767
wave7,250,France,F118,4,0.024278384476820177
wave7,250,France,F118,5,0.16836196512821874
wave7,250,France,F118,6,0.05547799792804046
wave7,250,France,F118,7,0.04411415240725617
wave7,250,France,F118,8,0.0796304952717585
wave7,250,France,F118,9,0.06934418480173392
wave7,250,France,F120,1,0.11467803536720529
wave7,250,France,F120,10,0.31252191224122
wave7,250,France,F120,2,0.03351420719688186
wave7,250,France,F120,3,0.027546238448047825
wave7,250,France,F120,4,0.020197615250606378
wave7,250,France,F120,5,0.16570583313622944
wave7,250,France,F120,6,0.06772393968310567
wave7,250,France,F120,7,0.0663682233749372
wave7,250,France,F120,8,0.11127833332401253
wave7,250,France,F120,9,0.08046566197775372
wave7,250,France,G006,1,0.5099411064855172
wave7,250,France,G006,2,0.41012757880738465
wave7,250,France,G006,3,0.05219566222816323
wave7,250,France,G006,4,0.02773565247893507
wave7,250,France,Y002,1,0.1969773839681181
wave7,250,France,Y002,2,0.5619073254779969
wave7,250,France,Y002,3,0.24111529055388506
wave7,268,Georgia,A008,1,0.33235777444388886
wave7,268,Georgia,A008,2,0.4568170396224477
wave7,268,Georgia,A008,3,0.1784498219776338
wave7,268,Georgia,A008,4,0.03237536395602958
wave7,268,Georgia,A165,1,0.09110767112632313
wave7,268,Georgia,A165,2,0.9088923288736769
wave7,268,Georgia,E018,1,0.7602562390188405
wave7,268,Georgia,E018,2,0.1605944496643284
wave7,268,Georgia,E018,3,0.07914931131683117
wave7,268,Georgia,E025,1,0.20945204950023893
wave7,268,Georgia,E025,2,0.2874045593278924
wave7,268,Georgia,E025,3,0.5031433911718689
wave7,268,Georgia,F063,1,0.012331100728812406
wave7,268,Georgia,F063,10,0.7914159591318782
wave7,268,Georgia,F063,2,0.004124586653254001
wave7,268,Georgia,F063,3,0.004330744781484737
wave7,268,Georgia,F063,4,0.005529503747944583
wave7,268,Georgia,F063,5,0.025908769122615964
wave7,268,Georgia,F063,6,0.0214695467195266
wave7,268,Georgia,F063,7,0.03970981060924204
wave7,268,Georgia,F063,8,0.04819771220972117
wave7,268,Georgia,F063,9,0.04698226629552016
wave7,268,Georgia,F118,1,0.8430712821100188
wave7,268,Georgia,F118,10,0.003770645708891423
wave7,268,Georgia,F118,2,0.06373924831853821
wave7,268,Georgia,F118,3,0.021095159627448398
wave7,268,Georgia,F118,4,0.01679998916712082
wave7,268,Georgia,F118,5,0.033037317216229045
wave7,268,Georgia,F118,6,0.006890256828241922
wave7,268,Georgia,F118,7,0.005187037827034695
wave7,268,Georgia,F118,8,0.0022577609936129837
wave7,268,Georgia,F118,9,0.004151302202863683
wave7,268,Georgia,F120,1,0.7118894035793567
wave7,268,Georgia,F120,10,0.006138314916690501
wave7,268,Georgia,F120,2,0.07982275295417018
wave7,268,Georgia,F120,3,0.04812538690231381
wave7,268,Georgia,F120,4,0.03688020017562027
wave7,268,Georgia,F120,5,0.07257163088913289
wave7,268,Georgia,F120,6,0.025420682319398206
wave7,268,Georgia,F120,7,0.008944895126558295
wave7,268,Georgia,F120,8,0.00836899730812908
wave7,268,Georgia,F120,9,0.0018377358286302875
wave7,268,Georgia,G006,1,0.7049222447503642
wave7,268,Georgia,G006,2,0.23800154355371175
wave7,268,Georgia,G006,3,0.049898733771909565
wave7,268,Georgia,G006,4,0.00717747792401421
wave7,268,Georgia,Y002,1,0.2872505547964836
wave7,268,Georgia,Y002,2,0.6188630531458079
wave7,268,Georgia,Y002,3,0.09388639205770861
wave7,276,Germany,A008,1,0.2536801322052695
wave7,276,Germany,A008,2,0.6231209320164972
wave7,276,Germany,A008,3,0.11059068525324024
wave7,276,Germany,A008,4,0.012608250524992941
wave7,276,Germany,A165,1,0.4367926811524956
wave7,276,Germany,A165,2,0.5632073188475044
wave7,276,Germany,E018,1,0.5784796267218602
wave7,276,Germany,E018,2,0.14140393718808422
wave7,276,Germany,E018,3,0.28011643609005565
wave7,276,Germany,E025,1,0.6602741134062319
wave7,276,Germany,E025,2,0.21620366475054198
wave7,276,Germany,E025,3,0.12352222184322618
wave7,276,Germany,F063,1,0.2753716674533241
wave7,276,Germany,F063,10,0.15967281437743006
wave7,276,Germany,F063,2,0.07509355883556214
wave7,276,Germany,F063,3,0.06959236970154617
wave7,276,Germany,F063,4,0.04554648943039088
wave7,276,Germany,F063,5,0.10565704567418233
wave7,276,Germany,F063,6,0.06250151395226523
wave7,276,Germany,F063,7,0.0780194467124729
wave7,276,Germany,F063,8,0.09058229971168505
wave7,276,Germany,F063,9,0.037962794151141226
wave7,276,Germany,F118,1,0.1017465487738919
wave7,276,Germany,F118,10,0.5478992012673544
wave7,276,Germany,F118,2,0.01261082338169248
wave7,276,Germany,F118,3,0.020461936128754844
wave7,276,Germany,F118,4,0.016970599156146682
wave7,276,Germany,F118,5,0.10802484657869352
wave7,276,Germany,F118,6,0.03351121811335098
wave7,276,Germany,F118,7,0.03931517123988161
wave7,276,Germany,F118,8,0.06581883979657181
wave7,276,Germany,F118,9,0.053640815563661674
wave7,276,Germany,F120,1,0.17113779859993533
wave7,276,Germany,F120,10,0.20119093072208966
wave7,276,Germany,F120,2,0.03941218838495851
wave7,276,Germany,F120,3,0.044759035887597276
wave7,276,Germany,F120,4,0.04062844142326018
wave7,276,Germany,F120,5,0.23430722987882108
wave7,276,Germany,F120,6,0.06492456388756312
wave7,276,Germany,F120,7,0.07226399011766949
wave7,276,Germany,F120,8,0.08631709161180268
wave7,276,Germany,F120,9,0.04505872948630264
wave7,276,Germany,G006,1,0.317685403361212
wave7,276,Germany,G006,2,0.4907427815635746
wave7,276,Germany,G006,3,0.12439450380992395
wave7,276,Germany,G006,4,0.06717731126528956
wave7,276,Germany,Y002,1,0.07888335958882828
wave7,276,Germany,Y002,2,0.5533246933319504
wave7,276,Germany,Y002,3,0.36779194707922136
wave7,300,Greece,A008,1,0.15974436791836263
wave7,300,Greece,A008,2,0.5564684766818473
wave7,300,Greece,A008,3,0.19683563242504235
wave7,300,Greece,A008,4,0.08695152297474762
wave7,300,Greece,A165,1,0.08526826426625923
wave7,300,Greece,A165,2,0.914731735733741
wave7,300,Greece,E018,1,0.28791832405069695
wave7,300,Greece,E018,2,0.3841775071244029
wave7,300,Greece,E018,3,0.32790416882490014
wave7,300,Greece,E025,1,0.1442964858128742
wave7,300,Greece,E025,2,0.4415535227744536
wave7,300,Greece,E025,3,0.4141499914126723
wave7,300,Greece,F063,1,0.03912977787834359
wave7,300,Greece,F063,10,0.45169199626154877
wave7,300,Greece,F063,2,0.02142077591426892
wave7,300,Greece,F063,3,0.019384516857732372
wave7,300,Greece,F063,4,0.018900361880768272
wave7,300,Greece,F063,5,0.06232844741450587
wave7,300,Greece,F063,6,0.04214510892104134
wave7,300,Greece,F063,7,0.07184124737633237
wave7,300,Greece,F063,8,0.1410622545512154
wave7,300,Greece,F063,9,0.132095512944243
wave7,300,Greece,F118,1,0.25485618909804914
wave7,300,Greece,F118,10,0.1061830048337012
wave7,300,Greece,F118,2,0.0693832655989561
wave7,300,Greece,F118,3,0.07470177489992226
wave7,300,Greece,F118,4,0.08434295480446324
wave7,300,Greece,F118,5,0.1551471520920541
wave7,300,Greece,F118,6,0.07385637382694696
wave7,300,Greece,F118,7,0.06814025571505088
wave7,300,Greece,F118,8,0.060728224500940814
wave7,300,Greece,F118,9,0.05266080462991521
wave7,300,Greece,F120,1,0.25864754446142224
wave7,300,Greece,F120,10,0.06491434412355926
wave7,300,Greece,F120,2,0.0720765973714749
wave7,300,Greece,F120,3,0.06986093547415889
wave7,300,Greece,F120,4,0.06207811762323524
wave7,300,Greece,F120,5,0.19188958182105773
wave7,300,Greece,F120,6,0.08272708578504064
wave7,300,Greece,F120,7,0.07638140774046358
wave7,300,Greece,F120,8,0.07650145001740928
wave7,300,Greece,F120,9,0.044922935582178206
wave7,300,Greece,G006,1,0.7368520090474668
wave7,300,Greece,G006,2,0.21859088386316136
wave7,300,Greece,G006,3,0.03380247682030408
wave7,300,Greece,G006,4,0.01075463026906774
wave7,300,Greece,Y002,1,0.3957531213840161
wave7,300,Greece,Y002,2,0.5360456532620832
wave7,300,Greece,Y002,3,0.06820122535390077
wave7,320,Guatemala,A008,1,0.5109845402766476
wave7,320,Guatemala,A008,2,0.39625711960943855
wave7,320,Guatemala,A008,3,0.08136696501220504
wave7,320,Guatemala,A008,4,0.011391375101708706
wave7,320,Guatemala,A165,1,0.17982099267697316
wave7,320,Guatemala,A165,2,0.8201790073230268
wave7,320,Guatemala,E018,1,0.6501220504475184
wave7,320,Guatemala,E018,2,0.2847843775427177
wave7,320,Guatemala,E018,3,0.06509357200976404
wave7,320,Guatemala,E025,1,0.23936613844870724
wave7,320,Guatemala,E025,2,0.3711426188490409
wave7,320,Guatemala,E025,3,0.3894912427022519
wave7,320,Guatemala,F063,1,0.02064409578860446
wave7,320,Guatemala,F063,10,0.6399669694467383
wave7,320,Guatemala,F063,2,0.013212221304706853
wave7,320,Guatemala,F063,3,0.01981833195706028
wave7,320,Guatemala,F063,4,0.016515276630883566
wave7,320,Guatemala,F063,5,0.06275805119735756
wave7,320,Guatemala,F063,6,0.05202312138728324
wave7,320,Guatemala,F063,7,0.05202312138728324
wave7,320,Guatemala,F063,8,0.06440957886044592
wave7,320,Guatemala,F063,9,0.058629232039636665
wave7,320,Guatemala,F118,1,0.4149377593360996
wave7,320,Guatemala,F118,10,0.06970954356846473
wave7,320,Guatemala,F118,2,0.07053941908713693
wave7,320,Guatemala,F118,3,0.06473029045643154
wave7,320,Guatemala,F118,4,0.05560165975103734
wave7,320,Guatemala,F118,5,0.13112033195020747
wave7,320,Guatemala,F118,6,0.06721991701244813
wave7,320,Guatemala,F118,7,0.04398340248962656
wave7,320,Guatemala,F118,8,0.04564315352697095
wave7,320,Guatemala,F118,9,0.036514522821576766
wave7,320,Guatemala,F120,1,0.5560165975103735
wave7,320,Guatemala,F120,10,0.04564315352697095
wave7,320,Guatemala,F120,2,0.05892116182572614
wave7,320,Guatemala,F120,3,0.06224066390041494
wave7,320,Guatemala,F120,4,0.043153526970954356
wave7,320,Guatemala,F120,5,0.09626556016597511
wave7,320,Guatemala,F120,6,0.04979253112033195
wave7,320,Guatemala,F120,7,0.036514522821576766
wave7,320,Guatemala,F120,8,0.029045643153526972
wave7,320,Guatemala,F120,9,0.022406639004149378
wave7,320,Guatemala,G006,1,0.6575682382133995
wave7,320,Guatemala,G006,2,0.26468155500413565
wave7,320,Guatemala,G006,3,0.06286186931348221
wave7,320,Guatemala,G006,4,0.01488833746898263
wave7,320,Guatemala,Y002,1,0.23376623376623376
wave7,320,Guatemala,Y002,2,0.6403596403596403
wave7,320,Guatemala,Y002,3,0.1258741258741259
wave7,344,Hong Kong SAR,A008,1,0.12537358644376836
wave7,344,Hong Kong SAR,A008,2,0.6829877730774213
wave7,344,Hong Kong SAR,A008,3,0.16741115472121051
wave7,344,Hong Kong SAR,A008,4,0.0242274857575997
wave7,344,Hong Kong SAR,A165,1,0.36564849248537246
wave7,344,Hong Kong SAR,A165,2,0.6343515075146275
wave7,344,Hong Kong SAR,E018,1,0.25040482474576126
wave7,344,Hong Kong SAR,E018,2,0.423010360972198
wave7,344,Hong Kong SAR,E018,3,0.3265848142820406
wave7,344,Hong Kong SAR,E025,1,0.19171377909474574
wave7,344,Hong Kong SAR,E025,2,0.4050159306936397
wave7,344,Hong Kong SAR,E025,3,0.4032702902116145
wave7,344,Hong Kong SAR,F063,1,0.20867665029173327
wave7,344,Hong Kong SAR,F063,10,0.08737088084518498
wave7,344,Hong Kong SAR,F063,2,0.07145853300388665
wave7,344,Hong Kong SAR,F063,3,0.09285926917460671
wave7,344,Hong Kong SAR,F063,4,0.05580954721341723
wave7,344,Hong Kong SAR,F063,5,0.15746267670356967
wave7,344,Hong Kong SAR,F063,6,0.11733639774062539
wave7,344,Hong Kong SAR,F063,7,0.08997287840784063
wave7,344,Hong Kong SAR,F063,8,0.07681272275441728
wave7,344,Hong Kong SAR,F063,9,0.04224044386471803
wave7,344,Hong Kong SAR,F118,1,0.193440074802177
wave7,344,Hong Kong SAR,F118,10,0.06831476545993599
wave7,344,Hong Kong SAR,F118,2,0.04301500507974451
wave7,344,Hong Kong SAR,F118,3,0.06612900578391588
wave7,344,Hong Kong SAR,F118,4,0.06168276047393849
wave7,344,Hong Kong SAR,F118,5,0.2403406743250139
wave7,344,Hong Kong SAR,F118,6,0.12652573068467995
wave7,344,Hong Kong SAR,F118,7,0.0849862222427156
wave7,344,Hong Kong SAR,F118,8,0.08387621852031792
wave7,344,Hong Kong SAR,F118,9,0.03168954262756083
wave7,344,Hong Kong SAR,F120,1,0.26596349560779586
wave7,344,Hong Kong SAR,F120,10,0.020162284148069618
wave7,344,Hong Kong SAR,F120,2,0.07583342774312339
wave7,344,Hong Kong SAR,F120,3,0.12781742948502622
wave7,344,Hong Kong SAR,F120,4,0.09262843188750502
wave7,344,Hong Kong SAR,F120,5,0.23585697784257273
wave7,344,Hong Kong SAR,F120,6,0.0869313287255336
wave7,344,Hong Kong SAR,F120,7,0.053621877907324825
wave7,344,Hong Kong SAR,F120,8,0.03237430828428291
wave7,344,Hong Kong SAR,F120,9,0.008810438368765935
wave7,344,Hong Kong SAR,G006,1,0.16763083775708293
wave7,344,Hong Kong SAR,G006,2,0.5214785231505517
wave7,344,Hong Kong SAR,G006,3,0.24968936228791097
wave7,344,Hong Kong SAR,G006,4,0.0612012768044545
wave7,344,Hong Kong SAR,Y002,1,0.35535597839695765
wave7,344,Hong Kong SAR,Y002,2,0.47785293324539035
wave7,344,Hong Kong SAR,Y002,3,0.16679108835765194
wave7,348,Hungary,A008,1,0.20541786133671885
wave7,348,Hungary,A008,2,0.610994534820204
wave7,348,Hungary,A008,3,0.16081619166815267
wave7,348,Hungary,A008,4,0.02277141217492422
wave7,348,Hungary,A165,1,0.27433395907095004
wave7,348,Hungary,A165,2,0.7256660409290501
wave7,348,Hungary,E018,1,0.5769271498406098
wave7,348,Hungary,E018,2,0.1591434987747847
wave7,348,Hungary,E018,3,0.26392935138460555
wave7,348,Hungary,E025,1,0.176090867911285
wave7,348,Hungary,E025,2,0.21406809403778443
wave7,348,Hungary,E025,3,0.6098410380509305
wave7,348,Hungary,F063,1,0.19781223029387002
wave7,348,Hungary,F063,10,0.21504059915007404
wave7,348,Hungary,F063,2,0.06580419739021472
wave7,348,Hungary,F063,3,0.0649448329372437
wave7,348,Hungary,F063,4,0.041368523010715245
wave7,348,Hungary,F063,5,0.13729298733126424
wave7,348,Hungary,F063,6,0.058548769872010166
wave7,348,Hungary,F063,7,0.07167892962472264
wave7,348,Hungary,F063,8,0.09303449241082853
wave7,348,Hungary,F063,9,0.05447443797905672
wave7,348,Hungary,F118,1,0.46728411420628274
wave7,348,Hungary,F118,10,0.1193992796939092
wave7,348,Hungary,F118,2,0.047483364109771
wave7,348,Hungary,F118,3,0.0490731442539606
wave7,348,Hungary,F118,4,0.03847439700644466
wave7,348,Hungary,F118,5,0.1319036406864229
wave7,348,Hungary,F118,6,0.06110376730248022
wave7,348,Hungary,F118,7,0.022458914551800557
wave7,348,Hungary,F118,8,0.03238625869863289
wave7,348,Hungary,F118,9,0.030433119490295243
wave7,348,Hungary,F120,1,0.24251071444659203
wave7,348,Hungary,F120,10,0.11803234596963556
wave7,348,Hungary,F120,2,0.04811227586614253
wave7,348,Hungary,F120,3,0.05349933554178041
wave7,348,Hungary,F120,4,0.04295338027788949
wave7,348,Hungary,F120,5,0.2161181218509057
wave7,348,Hungary,F120,6,0.09716320493614312
wave7,348,Hungary,F120,7,0.06797647092100895
wave7,348,Hungary,F120,8,0.07114101616567832
wave7,348,Hungary,F120,9,0.04249313402422379
wave7,348,Hungary,G006,1,0.5006706743879599
wave7,348,Hungary,G006,2,0.37318267958747253
wave7,348,Hungary,G006,3,0.10752317553135295
wave7,348,Hungary,G006,4,0.018623470493214764
wave7,348,Hungary,Y002,1,0.26906583217971436
wave7,348,Hungary,Y002,2,0.5484078209625582
wave7,348,Hungary,Y002,3,0.18252634685772737
wave7,352,Iceland,A008,1,0.44890037126823673
wave7,352,Iceland,A008,2,0.5050850571117327
wave7,352,Iceland,A008,3,0.037334308016544006
wave7,352,Iceland,A008,4,0.008680263603486588
wave7,352,Iceland,A165,1,0.6325188656995108
wave7,352,Iceland,A165,2,0.3674811343004893
wave7,352,Iceland,E018,1,0.4955229706556553
wave7,352,Iceland,E018,2,0.31072288506396156
wave7,352,Iceland,E018,3,0.19375414428038312
wave7,352,Iceland,E025,1,0.5960076969670512
wave7,352,Iceland,E025,2,0.33063185483831975
wave7,352,Iceland,E025,3,0.07336044819462907
wave7,352,Iceland,F063,1,0.23920062576210888
wave7,352,Iceland,F063,10,0.10192922274412004
wave7,352,Iceland,F063,2,0.06983120247384773
wave7,352,Iceland,F063,3,0.051946306191284396
wave7,352,Iceland,F063,4,0.05677286251433503
wave7,352,Iceland,F063,5,0.12353301999497879
wave7,352,Iceland,F063,6,0.10558357700118885
wave7,352,Iceland,F063,7,0.10569635372002538
wave7,352,Iceland,F063,8,0.11231753563340217
wave7,352,Iceland,F063,9,0.03318929396470887
wave7,352,Iceland,F118,1,0.023175782675366925
wave7,352,Iceland,F118,10,0.7490543266244701
wave7,352,Iceland,F118,2,0.005179841329448379
wave7,352,Iceland,F118,3,0.009295382780106536
wave7,352,Iceland,F118,4,0.0032267462398601165
wave7,352,Iceland,F118,5,0.06972763556701668
wave7,352,Iceland,F118,6,0.01862093096014496
wave7,352,Iceland,F118,7,0.025353987775781954
wave7,352,Iceland,F118,8,0.04497696879851015
wave7,352,Iceland,F118,9,0.05138839724929423
wave7,352,Iceland,F120,1,0.04691443967915327
wave7,352,Iceland,F120,10,0.3027474366952619
wave7,352,Iceland,F120,2,0.016979785699080922
wave7,352,Iceland,F120,3,0.027706023358813336
wave7,352,Iceland,F120,4,0.03340689623238922
wave7,352,Iceland,F120,5,0.20007566219858586
wave7,352,Iceland,F120,6,0.053119863185963935
wave7,352,Iceland,F120,7,0.10911301285182988
wave7,352,Iceland,F120,8,0.12843015745721276
wave7,352,Iceland,F120,9,0.08150672264170883
wave7,352,Iceland,G006,1,0.6469277100769706
wave7,352,Iceland,G006,2,0.30822284171408854
wave7,352,Iceland,G006,3,0.03587001964190275
wave7,352,Iceland,G006,4,0.008979428567038194
wave7,352,Iceland,Y002,1,0.1910715776771616
wave7,352,Iceland,Y002,2,0.6266361179522184
wave7,352,Iceland,Y002,3,0.18229230437062005
wave7,360,Indonesia,A008,1,0.4423545889294079
wave7,360,Indonesia,A008,2,0.49654157089183987
wave7,360,Indonesia,A008,3,0.05025891384413591
wave7,360,Indonesia,A008,4,0.010844926334616412
wave7,360,Indonesia,A165,1,0.04638056163177895
wave7,360,Indonesia,A165,2,0.9536194383682209
wave7,360,Indonesia,E018,1,0.4205179348354294
wave7,360,Indonesia,E018,2,0.2640383431382366
wave7,360,Indonesia,E018,3,0.3154437220263341
wave7,360,Indonesia,E025,1,0.08027032507903992
wave7,360,Indonesia,E025,2,0.20691804014711007
wave7,360,Indonesia,E025,3,0.71281163477385
wave7,360,Indonesia,F063,1,0.0026894934660758674
wave7,360,Indonesia,F063,10,0.8545871787674887
wave7,360,Indonesia,F063,2,0.0
wave7,360,Indonesia,F063,3,0.00041353062939376286
wave7,360,Indonesia,F063,4,0.0014912493908445245
wave7,360,Indonesia,F063,5,0.005842574124577351
wave7,360,Indonesia,F063,6,0.007433813516484267
wave7,360,Indonesia,F063,7,0.012221938567358093
wave7,360,Indonesia,F063,8,0.03258593628372557
wave7,360,Indonesia,F063,9,0.08273428525405176
wave7,360,Indonesia,F118,1,0.7920213105759683
wave7,360,Indonesia,F118,10,0.015952355352780653
wave7,360,Indonesia,F118,2,0.07915575493178724
wave7,360,Indonesia,F118,3,0.03966451489516303
wave7,360,Indonesia,F118,4,0.02474881476527496
wave7,360,Indonesia,F118,5,0.028352213167054847
wave7,360,Indonesia,F118,6,0.004647232333932279
wave7,360,Indonesia,F118,7,0.008031677434622764
wave7,360,Indonesia,F118,8,0.003677348055033228
wave7,360,Indonesia,F118,9,0.003748778488382749
wave7,360,Indonesia,F120,1,0.7932572685074772
wave7,360,Indonesia,F120,10,0.010656877773474783
wave7,360,Indonesia,F120,2,0.07721422627937774
wave7,360,Indonesia,F120,3,0.04060194337393641
wave7,360,Indonesia,F120,4,0.025715897072252906
wave7,360,Indonesia,F120,5,0.02572267507630186
wave7,360,Indonesia,F120,6,0.006919867946177602
wave7,360,Indonesia,F120,7,0.007627031349898315
wave7,360,Indonesia,F120,8,0.00730638612485462
wave7,360,Indonesia,F120,9,0.004977826496248324
wave7,360,Indonesia,G006,1,0.7976404913830837
wave7,360,Indonesia,G006,2,0.18462458877486926
wave7,360,Indonesia,G006,3,0.01613860317601026
wave7,360,Indonesia,G006,4,0.0015963166660367184
wave7,360,Indonesia,Y002,1,0.21665304953709566
wave7,360,Indonesia,Y002,2,0.728518065351503
wave7,360,Indonesia,Y002,3,0.05482888511140129
wave7,364,Iran,A008,1,0.18370073480293922
wave7,364,Iran,A008,2,0.5130260521042084
wave7,364,Iran,A008,3,0.20307281229124916
wave7,364,Iran,A008,4,0.10020040080160321
wave7,364,Iran,A165,1,0.1483957219251337
wave7,364,Iran,A165,2,0.8516042780748663
wave7,364,Iran,E018,1,0.44317417619367855
wave7,364,Iran,E018,2,0.34700739744451914
wave7,364,Iran,E018,3,0.20981842636180228
wave7,364,Iran,E025,1,0.11661016949152542
wave7,364,Iran,E025,2,0.4257627118644068
wave7,364,Iran,E025,3,0.4576271186440678
wave7,364,Iran,F063,1,0.012683578104138851
wave7,364,Iran,F063,10,0.8157543391188251
wave7,364,Iran,F063,2,0.012016021361815754
wave7,364,Iran,F063,3,0.007343124165554072
wave7,364,Iran,F063,4,0.009345794392523364
wave7,364,Iran,F063,5,0.017356475300400534
wave7,364,Iran,F063,6,0.021361815754339118
wave7,364,Iran,F063,7,0.016688918558077435
wave7,364,Iran,F063,8,0.035380507343124167
wave7,364,Iran,F063,9,0.0520694259012016
wave7,364,Iran,F118,1,0.8302013422818791
wave7,364,Iran,F118,10,0.020134228187919462
wave7,364,Iran,F118,2,0.05503355704697987
wave7,364,Iran,F118,3,0.02214765100671141
wave7,364,Iran,F118,4,0.015436241610738255
wave7,364,Iran,F118,5,0.036241610738255034
wave7,364,Iran,F118,6,0.006040268456375839
wave7,364,Iran,F118,7,0.006040268456375839
wave7,364,Iran,F118,8,0.006040268456375839
wave7,364,Iran,F118,9,0.0026845637583892616
wave7,364,Iran,F120,1,0.5870147255689424
wave7,364,Iran,F120,10,0.041499330655957165
wave7,364,Iran,F120,2,0.07563587684069611
wave7,364,Iran,F120,3,0.04819277108433735
wave7,364,Iran,F120,4,0.03480589022757698
wave7,364,Iran,F120,5,0.10843373493975904
wave7,364,Iran,F120,6,0.0321285140562249
wave7,364,Iran,F120,7,0.03346720214190094
wave7,364,Iran,F120,8,0.02610441767068273
wave7,364,Iran,F120,9,0.012717536813922356
wave7,364,Iran,G006,1,0.8452702702702702
wave7,364,Iran,G006,2,0.10810810810810811
wave7,364,Iran,G006,3,0.02837837837837838
wave7,364,Iran,G006,4,0.018243243243243244
wave7,364,Iran,Y002,1,0.2983164983164983
wave7,364,Iran,Y002,2,0.5616161616161616
wave7,364,Iran,Y002,3,0.14006734006734006
wave7,368,Iraq,A008,1,0.1823579304495335
wave7,368,Iraq,A008,2,0.5216284987277354
wave7,368,Iraq,A008,3,0.1967769296013571
wave7,368,Iraq,A008,4,0.09923664122137404
wave7,368,Iraq,A165,1,0.11243611584327087
wave7,368,Iraq,A165,2,0.8875638841567292
wave7,368,Iraq,E018,1,0.770223752151463
wave7,368,Iraq,E018,2,0.20654044750430292
wave7,368,Iraq,E018,3,0.02323580034423408
wave7,368,Iraq,E025,1,0.11492281303602059
wave7,368,Iraq,E025,2,0.13807890222984562
wave7,368,Iraq,E025,3,0.7469982847341338
wave7,368,Iraq,F118,1,0.5676646706586826
wave7,368,Iraq,F118,10,0.009580838323353293
wave7,368,Iraq,F118,2,0.15808383233532936
wave7,368,Iraq,F118,3,0.07664670658682635
wave7,368,Iraq,F118,4,0.03473053892215569
wave7,368,Iraq,F118,5,0.045508982035928146
wave7,368,Iraq,F118,6,0.0658682634730539
wave7,368,Iraq,F118,7,0.02155688622754491
wave7,368,Iraq,F118,8,0.009580838323353293
wave7,368,Iraq,F118,9,0.010778443113772455
wave7,368,Iraq,F120,1,0.43166666666666664
wave7,368,Iraq,F120,10,0.008333333333333333
wave7,368,Iraq,F120,2,0.16166666666666665
wave7,368,Iraq,F120,3,0.10083333333333333
wave7,368,Iraq,F120,4,0.07333333333333333
wave7,368,Iraq,F120,5,0.0975
wave7,368,Iraq,F120,6,0.0675
wave7,368,Iraq,F120,7,0.030833333333333334
wave7,368,Iraq,F120,8,0.015833333333333335
wave7,368,Iraq,F120,9,0.0125
wave7,368,Iraq,G006,1,0.6663872590108969
wave7,368,Iraq,G006,2,0.18860016764459347
wave7,368,Iraq,G006,3,0.08549874266554904
wave7,368,Iraq,G006,4,0.05951383067896061
wave7,368,Iraq,Y002,1,0.31083333333333335
wave7,368,Iraq,Y002,2,0.64
wave7,368,Iraq,Y002,3,0.049166666666666664
wave7,380,Italy,A008,1,0.1814159866108904
wave7,380,Italy,A008,2,0.6480840512734034
wave7,380,Italy,A008,3,0.1428693197917647
wave7,380,Italy,A008,4,0.027630642323941468
wave7,380,Italy,A165,1,0.2714246346498681
wave7,380,Italy,A165,2,0.7285753653501318
wave7,380,Italy,E018,1,0.6928781812799375
wave7,380,Italy,E018,2,0.20571392658212942
wave7,380,Italy,E018,3,0.10140789213793293
wave7,380,Italy,E025,1,0.39527358255514494
wave7,380,Italy,E025,2,0.349816132618358
wave7,380,Italy,E025,3,0.2549102848264971
wave7,380,Italy,F063,1,0.10760001659366965
wave7,380,Italy,F063,10,0.20719873964296592
wave7,380,Italy,F063,2,0.020971214217361683
wave7,380,Italy,F063,3,0.03181576920202385
wave7,380,Italy,F063,4,0.03594079145422205
wave7,380,Italy,F063,5,0.07095173742679013
wave7,380,Italy,F063,6,0.10746663059206275
wave7,380,Italy,F063,7,0.1649129682632524
wave7,380,Italy,F063,8,0.17357261658919113
wave7,380,Italy,F063,9,0.07956951601846046
wave7,380,Italy,F118,1,0.15590210171374508
wave7,380,Italy,F118,10,0.2410373857671905
wave7,380,Italy,F118,2,0.027421616540006154
wave7,380,Italy,F118,3,0.051899489024342556
wave7,380,Italy,F118,4,0.052216606680329104
wave7,380,Italy,F118,5,0.14510052982383645
wave7,380,Italy,F118,6,0.10292015461146958
wave7,380,Italy,F118,7,0.09699424086795357
wave7,380,Italy,F118,8,0.09571642533459152
wave7,380,Italy,F118,9,0.030791449636535413
wave7,380,Italy,F120,1,0.23043256877298993
wave7,380,Italy,F120,10,0.11845651194192407
wave7,380,Italy,F120,2,0.03798581497722241
wave7,380,Italy,F120,3,0.05632273419612802
wave7,380,Italy,F120,4,0.06015730026651276
wave7,380,Italy,F120,5,0.14755907177300093
wave7,380,Italy,F120,6,0.11836950664446326
wave7,380,Italy,F120,7,0.11262045214453613
wave7,380,Italy,F120,8,0.0890926322080404
wave7,380,Italy,F120,9,0.029003407075182227
wave7,380,Italy,G006,1,0.39726050008179864
wave7,380,Italy,G006,2,0.4682022036911215
wave7,380,Italy,G006,3,0.11525004120555105
wave7,380,Italy,G006,4,0.01928725502152878
wave7,380,Italy,Y002,1,0.21901833794676231
wave7,380,Italy,Y002,2,0.5991536341476932
wave7,380,Italy,Y002,3,0.18182802790554442
wave7,392,Japan,A008,1,0.30589123867069484
wave7,392,Japan,A008,2,0.5966767371601208
wave7,392,Japan,A008,3,0.09063444108761329
wave7,392,Japan,A008,4,0.006797583081570997
wave7,392,Japan,A165,1,0.3559718969555035
wave7,392,Japan,A165,2,0.6440281030444965
wave7,392,Japan,E018,1,0.018628912071535022
wave7,392,Japan,E018,2,0.16840536512667661
wave7,392,Japan,E018,3,0.8129657228017884
wave7,392,Japan,E025,1,0.5681255161023947
wave7,392,Japan,E025,2,0.2791081750619323
wave7,392,Japan,E025,3,0.152766308835673
wave7,392,Japan,F063,1,0.17656500802568217
wave7,392,Japan,F063,10,0.0521669341894061
wave7,392,Japan,F063,2,0.10914927768860354
wave7,392,Japan,F063,3,0.12680577849117175
wave7,392,Japan,F063,4,0.0666131621187801
wave7,392,Japan,F063,5,0.1725521669341894
wave7,392,Japan,F063,6,0.1043338683788122
wave7,392,Japan,F063,7,0.09069020866773676
wave7,392,Japan,F063,8,0.0754414125200642
wave7,392,Japan,F063,9,0.025682182985553772
wave7,392,Japan,F118,1,0.09523809523809523
wave7,392,Japan,F118,10,0.2939244663382594
wave7,392,Japan,F118,2,0.022167487684729065
wave7,392,Japan,F118,3,0.05008210180623974
wave7,392,Japan,F118,4,0.031198686371100164
wave7,392,Japan,F118,5,0.19704433497536947
wave7,392,Japan,F118,6,0.05172413793103448
wave7,392,Japan,F118,7,0.07142857142857142
wave7,392,Japan,F118,8,0.12397372742200329
wave7,392,Japan,F118,9,0.06321839080459771
wave7,392,Japan,F120,1,0.12640901771336555
wave7,392,Japan,F120,10,0.06763285024154589
wave7,392,Japan,F120,2,0.07004830917874397
wave7,392,Japan,F120,3,0.12962962962962962
wave7,392,Japan,F120,4,0.05233494363929147
wave7,392,Japan,F120,5,0.31239935587761675
wave7,392,Japan,F120,6,0.06843800322061191
wave7,392,Japan,F120,7,0.061191626409017714
wave7,392,Japan,F120,8,0.07890499194847021
wave7,392,Japan,F120,9,0.033011272141706925
wave7,392,Japan,G006,1,0.34450506625097427
wave7,392,Japan,G006,2,0.47388932190179267
wave7,392,Japan,G006,3,0.17381137957911147
wave7,392,Japan,G006,4,0.00779423226812159
wave7,392,Japan,Y002,1,0.256816182937555
wave7,392,Japan,Y002,2,0.6262093227792436
wave7,392,Japan,Y002,3,0.1169744942832014
wave7,398,Kazakhstan,A008,1,0.3022295623451693
wave7,398,Kazakhstan,A008,2,0.587943848059455
wave7,398,Kazakhstan,A008,3,0.10487200660611065
wave7,398,Kazakhstan,A008,4,0.00495458298926507
wave7,398,Kazakhstan,A165,1,0.23891625615763548
wave7,398,Kazakhstan,A165,2,0.7610837438423645
wave7,398,Kazakhstan,E018,1,0.53719723183391
wave7,398,Kazakhstan,E018,2,0.14186851211072665
wave7,398,Kazakhstan,E018,3,0.3209342560553633
wave7,398,Kazakhstan,E025,1,0.05877342419080068
wave7,398,Kazakhstan,E025,2,0.17546848381601363
wave7,398,Kazakhstan,E025,3,0.7657580919931857
wave7,398,Kazakhstan,F063,1,0.012965964343598054
wave7,398,Kazakhstan,F063,10,0.3500810372771475
wave7,398,Kazakhstan,F063,2,0.004862236628849271
wave7,398,Kazakhstan,F063,3,0.014586709886547812
wave7,398,Kazakhstan,F063,4,0.03565640194489465
wave7,398,Kazakhstan,F063,5,0.16450567260940033
wave7,398,Kazakhstan,F063,6,0.1094003241491086
wave7,398,Kazakhstan,F063,7,0.09238249594813615
wave7,398,Kazakhstan,F063,8,0.11507293354943274
wave7,398,Kazakhstan,F063,9,0.10048622366288493
wave7,398,Kazakhstan,F118,1,0.6368375325803649
wave7,398,Kazakhstan,F118,10,0.013032145960034752
wave7,398,Kazakhstan,F118,2,0.10947002606429192
wave7,398,Kazakhstan,F118,3,0.03909643788010426
wave7,398,Kazakhstan,F118,4,0.03996524761077324
wave7,398,Kazakhstan,F118,5,0.07645525629887055
wave7,398,Kazakhstan,F118,6,0.04257167680278019
wave7,398,Kazakhstan,F118,7,0.02432667245873154
wave7,398,Kazakhstan,F118,8,0.014769765421372719
wave7,398,Kazakhstan,F118,9,0.0034752389226759338
wave7,398,Kazakhstan,F120,1,0.39452780229479256
wave7,398,Kazakhstan,F120,10,0.08649602824360106
wave7,398,Kazakhstan,F120,2,0.1209179170344219
wave7,398,Kazakhstan,F120,3,0.07766990291262135
wave7,398,Kazakhstan,F120,4,0.0820829655781112
wave7,398,Kazakhstan,F120,5,0.1147396293027361
wave7,398,Kazakhstan,F120,6,0.04589585172109444
wave7,398,Kazakhstan,F120,7,0.038834951456310676
wave7,398,Kazakhstan,F120,8,0.02559576345984113
wave7,398,Kazakhstan,F120,9,0.01323918799646955
wave7,398,Kazakhstan,G006,1,0.5064
wave7,398,Kazakhstan,G006,2,0.3976
wave7,398,Kazakhstan,G006,3,0.0936
wave7,398,Kazakhstan,G006,4,0.0024
wave7,398,Kazakhstan,Y002,1,0.39576271186440676
wave7,398,Kazakhstan,Y002,2,0.561864406779661
wave7,398,Kazakhstan,Y002,3,0.0423728813559322
wave7,400,Jordan,A008,1,0.24103419516263552
wave7,400,Jordan,A008,2,0.6271893244370309
wave7,400,Jordan,A008,3,0.10008340283569642
wave7,400,Jordan,A008,4,0.0316930775646372
wave7,400,Jordan,A165,1,0.1596989966555184
wave7,400,Jordan,A165,2,0.8403010033444817
wave7,400,Jordan,E018,1,0.8742665549036044
wave7,400,Jordan,E018,2,0.07795473595976529
wave7,400,Jordan,E018,3,0.04777870913663034
wave7,400,Jordan,E025,1,0.0778652668416448
wave7,400,Jordan,E025,2,0.13910761154855644
wave7,400,Jordan,E025,3,0.7830271216097988
wave7,400,Jordan,F063,1,0.01670843776106934
wave7,400,Jordan,F063,10,0.8822055137844611
wave7,400,Jordan,F063,2,0.002506265664160401
wave7,400,Jordan,F063,3,0.005012531328320802
wave7,400,Jordan,F063,4,0.011695906432748537
wave7,400,Jordan,F063,5,0.011695906432748537
wave7,400,Jordan,F063,6,0.015873015873015872
wave7,400,Jordan,F063,7,0.00835421888053467
wave7,400,Jordan,F063,8,0.02172096908939014
wave7,400,Jordan,F063,9,0.02422723475355054
wave7,400,Jordan,F118,1,0.901255230125523
wave7,400,Jordan,F118,10,0.0016736401673640166
wave7,400,Jordan,F118,2,0.03765690376569038
wave7,400,Jordan,F118,3,0.02092050209205021
wave7,400,Jordan,F118,4,0.009205020920502092
wave7,400,Jordan,F118,5,0.011715481171548118
wave7,400,Jordan,F118,6,0.008368200836820083
wave7,400,Jordan,F118,7,0.00502092050209205
wave7,400,Jordan,F118,8,0.0033472803347280333
wave7,400,Jordan,F118,9,0.0008368200836820083
wave7,400,Jordan,F120,1,0.6931438127090301
wave7,400,Jordan,F120,10,0.008361204013377926
wave7,400,Jordan,F120,2,0.09280936454849498
wave7,400,Jordan,F120,3,0.06354515050167224
wave7,400,Jordan,F120,4,0.034280936454849496
wave7,400,Jordan,F120,5,0.06605351170568562
wave7,400,Jordan,F120,6,0.01588628762541806
wave7,400,Jordan,F120,7,0.01254180602006689
wave7,400,Jordan,F120,8,0.010033444816053512
wave7,400,Jordan,F120,9,0.0033444816053511705
wave7,400,Jordan,G006,1,0.9146443514644351
wave7,400,Jordan,G006,2,0.06108786610878661
wave7,400,Jordan,G006,3,0.017573221757322177
wave7,400,Jordan,G006,4,0.0066945606694560665
wave7,400,Jordan,Y002,1,0.4107744107744108
wave7,400,Jordan,Y002,2,0.5488215488215489
wave7,400,Jordan,Y002,3,0.04040404040404041
wave7,404,Kenya,A008,1,0.5059856344772546
wave7,404,Kenya,A008,2,0.3312051077414206
wave7,404,Kenya,A008,3,0.13567438148443736
wave7,404,Kenya,A008,4,0.02713487629688747
wave7,404,Kenya,A165,1,0.09584664536741214
wave7,404,Kenya,A165,2,0.9041533546325878
wave7,404,Kenya,E018,1,0.7856
wave7,404,Kenya,E018,2,0.1616
wave7,404,Kenya,E018,3,0.0528
wave7,404,Kenya,E025,1,0.159798149705635
wave7,404,Kenya,E025,2,0.4087468460891506
wave7,404,Kenya,E025,3,0.4314550042052145
wave7,404,Kenya,F063,1,0.009531374106433678
wave7,404,Kenya,F063,10,0.7307386814932486
wave7,404,Kenya,F063,2,0.005559968228752979
wave7,404,Kenya,F063,3,0.011914217633042097
wave7,404,Kenya,F063,4,0.019857029388403495
wave7,404,Kenya,F063,5,0.03653693407466243
wave7,404,Kenya,F063,6,0.03891977760127085
wave7,404,Kenya,F063,7,0.051628276409849086
wave7,404,Kenya,F063,8,0.04447974583002383
wave7,404,Kenya,F063,9,0.050833995234312944
wave7,404,Kenya,F118,1,0.5160493827160494
wave7,404,Kenya,F118,10,0.04609053497942387
wave7,404,Kenya,F118,2,0.08148148148148149
wave7,404,Kenya,F118,3,0.08148148148148149
wave7,404,Kenya,F118,4,0.08065843621399177
wave7,404,Kenya,F118,5,0.056790123456790124
wave7,404,Kenya,F118,6,0.03868312757201646
wave7,404,Kenya,F118,7,0.03621399176954732
wave7,404,Kenya,F118,8,0.03292181069958848
wave7,404,Kenya,F118,9,0.02962962962962963
wave7,404,Kenya,F120,1,0.4256535947712418
wave7,404,Kenya,F120,10,0.061274509803921566
wave7,404,Kenya,F120,2,0.06781045751633986
wave7,404,Kenya,F120,3,0.07516339869281045
wave7,404,Kenya,F120,4,0.06290849673202614
wave7,404,Kenya,F120,5,0.09477124183006536
wave7,404,Kenya,F120,6,0.0718954248366013
wave7,404,Kenya,F120,7,0.06045751633986928
wave7,404,Kenya,F120,8,0.042483660130718956
wave7,404,Kenya,F120,9,0.03758169934640523
wave7,404,Kenya,G006,1,0.5576
wave7,404,Kenya,G006,2,0.2928
wave7,404,Kenya,G006,3,0.116
wave7,404,Kenya,G006,4,0.0336
wave7,404,Kenya,Y002,1,0.22877930476960387
wave7,404,Kenya,Y002,2,0.6952303961196443
wave7,404,Kenya,Y002,3,0.07599029911075182
wave7,410,South Korea,A008,1,0.04096385542168675
wave7,410,South Korea,A008,2,0.8497991967871485
wave7,410,South Korea,A008,3,0.10843373493975904
wave7,410,South Korea,A008,4,0.0008032128514056225
wave7,410,South Korea,A165,1,0.3293172690763052
wave7,410,South Korea,A165,2,0.6706827309236948
wave7,410,South Korea,E018,1,0.18072289156626506
wave7,410,South Korea,E018,2,0.40963855421686746
wave7,410,South Korea,E018,3,0.40963855421686746
wave7,410,South Korea,E025,1,0.1751004016064257
wave7,410,South Korea,E025,2,0.472289156626506
wave7,410,South Korea,E025,3,0.3526104417670683
wave7,410,South Korea,F063,1,0.06666666666666667
wave7,410,South Korea,F063,10,0.024899598393574297
wave7,410,South Korea,F063,2,0.09156626506024096
wave7,410,South Korea,F063,3,0.1493975903614458
wave7,410,South Korea,F063,4,0.11646586345381527
wave7,410,South Korea,F063,5,0.15100401606425704
wave7,410,South Korea,F063,6,0.1108433734939759
wave7,410,South Korea,F063,7,0.13975903614457832
wave7,410,South Korea,F063,8,0.11967871485943775
wave7,410,South Korea,F063,9,0.02971887550200803
wave7,410,South Korea,F118,1,0.2393574297188755
wave7,410,South Korea,F118,10,0.00321285140562249
wave7,410,South Korea,F118,2,0.20080321285140562
wave7,410,South Korea,F118,3,0.17349397590361446
wave7,410,South Korea,F118,4,0.1140562248995984
wave7,410,South Korea,F118,5,0.13413654618473897
wave7,410,South Korea,F118,6,0.06345381526104418
wave7,410,South Korea,F118,7,0.04417670682730924
wave7,410,South Korea,F118,8,0.024096385542168676
wave7,410,South Korea,F118,9,0.00321285140562249
wave7,410,South Korea,F120,1,0.157429718875502
wave7,410,South Korea,F120,10,0.0008032128514056225
wave7,410,South Korea,F120,2,0.13253012048192772
wave7,410,South Korea,F120,3,0.14538152610441768
wave7,410,South Korea,F120,4,0.15261044176706828
wave7,410,South Korea,F120,5,0.19036144578313252
wave7,410,South Korea,F120,6,0.10120481927710843
wave7,410,South Korea,F120,7,0.08835341365461848
wave7,410,South Korea,F120,8,0.024899598393574297
wave7,410,South Korea,F120,9,0.00642570281124498
wave7,410,South Korea,G006,1,0.09959839357429719
wave7,410,South Korea,G006,2,0.7140562248995984
wave7,410,South Korea,G006,3,0.1783132530120482
wave7,410,South Korea,G006,4,0.008032128514056224
wave7,410,South Korea,Y002,1,0.4497991967871486
wave7,410,South Korea,Y002,2,0.5092369477911647
wave7,410,South Korea,Y002,3,0.04096385542168675
wave7,417,Kyrgyzstan,A008,1,0.6895883323374464
wave7,417,Kyrgyzstan,A008,2,0.2713662020710859
wave7,417,Kyrgyzstan,A008,3,0.034774071836871076
wave7,417,Kyrgyzstan,A008,4,0.004271393754596662
wave7,417,Kyrgyzstan,A165,1,0.1290583131164022
wave7,417,Kyrgyzstan,A165,2,0.8709416868835979
wave7,417,Kyrgyzstan,E018,1,0.6493302318337049
wave7,417,Kyrgyzstan,E018,2,0.24674930297386732
wave7,417,Kyrgyzstan,E018,3,0.10392046519242774
wave7,417,Kyrgyzstan,E025,1,0.0881911397266783
wave7,417,Kyrgyzstan,E025,2,0.11659039914395193
wave7,417,Kyrgyzstan,E025,3,0.7952184611293698
wave7,417,Kyrgyzstan,F063,1,0.019288582137099792
wave7,417,Kyrgyzstan,F063,10,0.8397001118596138
wave7,417,Kyrgyzstan,F063,2,0.004666338336700687
wave7,417,Kyrgyzstan,F063,3,0.007202563332125625
wave7,417,Kyrgyzstan,F063,4,0.003122964542509412
wave7,417,Kyrgyzstan,F063,5,0.03932086344482766
wave7,417,Kyrgyzstan,F063,6,0.018463112716500092
wave7,417,Kyrgyzstan,F063,7,0.01637358130714846
wave7,417,Kyrgyzstan,F063,8,0.03211141771372587
wave7,417,Kyrgyzstan,F063,9,0.01975046460974853
wave7,417,Kyrgyzstan,F118,1,0.8762593613831462
wave7,417,Kyrgyzstan,F118,10,0.013583639924666704
wave7,417,Kyrgyzstan,F118,2,0.03360260276556512
wave7,417,Kyrgyzstan,F118,3,0.012807267247434645
wave7,417,Kyrgyzstan,F118,4,0.009480012330115025
wave7,417,Kyrgyzstan,F118,5,0.029758535517772137
wave7,417,Kyrgyzstan,F118,6,0.009624684443002494
wave7,417,Kyrgyzstan,F118,7,0.007358517358414398
wave7,417,Kyrgyzstan,F118,8,0.0036750241820647307
wave7,417,Kyrgyzstan,F118,9,0.0038503548478185786
wave7,417,Kyrgyzstan,F120,1,0.7975939990053251
wave7,417,Kyrgyzstan,F120,10,0.01817363222413515
wave7,417,Kyrgyzstan,F120,2,0.035899013417336985
wave7,417,Kyrgyzstan,F120,3,0.025166688505387336
wave7,417,Kyrgyzstan,F120,4,0.02228756865320831
wave7,417,Kyrgyzstan,F120,5,0.06596630682967036
wave7,417,Kyrgyzstan,F120,6,0.012724247572651361
wave7,417,Kyrgyzstan,F120,7,0.010223766248201396
wave7,417,Kyrgyzstan,F120,8,0.003961160174750682
wave7,417,Kyrgyzstan,F120,9,0.008003617369333077
wave7,417,Kyrgyzstan,G006,1,0.7876823741149487
wave7,417,Kyrgyzstan,G006,2,0.16159857270001807
wave7,417,Kyrgyzstan,G006,3,0.03958035605459271
wave7,417,Kyrgyzstan,G006,4,0.011138697130440432
wave7,417,Kyrgyzstan,Y002,1,0.34140645159492355
wave7,417,Kyrgyzstan,Y002,2,0.6042469013154663
wave7,417,Kyrgyzstan,Y002,3,0.05434664708961012
wave7,422,Lebanon,A008,1,0.18583333333333332
wave7,422,Lebanon,A008,2,0.675
wave7,422,Lebanon,A008,3,0.1225
wave7,422,Lebanon,A008,4,0.016666666666666666
wave7,422,Lebanon,A165,1,0.09916666666666667
wave7,422,Lebanon,A165,2,0.9008333333333334
wave7,422,Lebanon,E018,1,0.7516891891891891
wave7,422,Lebanon,E018,2,0.16891891891891891
wave7,422,Lebanon,E018,3,0.07939189189189189
wave7,422,Lebanon,E025,1,0.1080168776371308
wave7,422,Lebanon,E025,2,0.15949367088607594
wave7,422,Lebanon,E025,3,0.7324894514767932
wave7,422,Lebanon,F063,1,0.0025
wave7,422,Lebanon,F063,10,0.6016666666666667
wave7,422,Lebanon,F063,2,0.0008333333333333334
wave7,422,Lebanon,F063,3,0.0008333333333333334
wave7,422,Lebanon,F063,4,0.0008333333333333334
wave7,422,Lebanon,F063,5,0.0008333333333333334
wave7,422,Lebanon,F063,6,0.03333333333333333
wave7,422,Lebanon,F063,7,0.058333333333333334
wave7,422,Lebanon,F063,8,0.13833333333333334
wave7,422,Lebanon,F063,9,0.1625
wave7,422,Lebanon,F118,1,0.4848993288590604
wave7,422,Lebanon,F118,10,0.0041946308724832215
wave7,422,Lebanon,F118,2,0.21644295302013422
wave7,422,Lebanon,F118,3,0.09563758389261745
wave7,422,Lebanon,F118,4,0.05704697986577181
wave7,422,Lebanon,F118,5,0.06459731543624161
wave7,422,Lebanon,F118,6,0.03104026845637584
wave7,422,Lebanon,F118,7,0.02348993288590604
wave7,422,Lebanon,F118,8,0.013422818791946308
wave7,422,Lebanon,F118,9,0.009228187919463088
wave7,422,Lebanon,F120,1,0.4816666666666667
wave7,422,Lebanon,F120,10,0.006666666666666667
wave7,422,Lebanon,F120,2,0.19833333333333333
wave7,422,Lebanon,F120,3,0.1325
wave7,422,Lebanon,F120,4,0.05416666666666667
wave7,422,Lebanon,F120,5,0.04833333333333333
wave7,422,Lebanon,F120,6,0.028333333333333332
wave7,422,Lebanon,F120,7,0.020833333333333332
wave7,422,Lebanon,F120,8,0.0175
wave7,422,Lebanon,F120,9,0.011666666666666667
wave7,422,Lebanon,G006,1,0.5391666666666667
wave7,422,Lebanon,G006,2,0.3641666666666667
wave7,422,Lebanon,G006,3,0.07166666666666667
wave7,422,Lebanon,G006,4,0.025
wave7,422,Lebanon,Y002,1,0.38
wave7,422,Lebanon,Y002,2,0.575
wave7,422,Lebanon,Y002,3,0.045
wave7,428,Latvia,A008,1,0.13354132902750734
wave7,428,Latvia,A008,2,0.6711532308538396
wave7,428,Latvia,A008,3,0.18349848029147528
wave7,428,Latvia,A008,4,0.011806959827177773
wave7,428,Latvia,A165,1,0.22980373664926995
wave7,428,Latvia,A165,2,0.7701962633507302
wave7,428,Latvia,E018,1,0.5140043536000901
wave7,428,Latvia,E018,2,0.3841116925559454
wave7,428,Latvia,E018,3,0.10188395384396469
wave7,428,Latvia,E025,1,0.2175580421593423
wave7,428,Latvia,E025,2,0.3541979332396156
wave7,428,Latvia,E025,3,0.42824402460104194
wave7,428,Latvia,F063,1,0.18212511336198087
wave7,428,Latvia,F063,10,0.12428536249249479
wave7,428,Latvia,F063,2,0.0852848412668437
wave7,428,Latvia,F063,3,0.0787275268900314
wave7,428,Latvia,F063,4,0.0696557511657045
wave7,428,Latvia,F063,5,0.1417992256922076
wave7,428,Latvia,F063,6,0.0832982760815523
wave7,428,Latvia,F063,7,0.1205046065939387
wave7,428,Latvia,F063,8,0.07966990208873721
wave7,428,Latvia,F063,9,0.034649394366508976
wave7,428,Latvia,F118,1,0.5036876407258746
wave7,428,Latvia,F118,10,0.08419656500159438
wave7,428,Latvia,F118,2,0.05784511559581338
wave7,428,Latvia,F118,3,0.06754062002738842
wave7,428,Latvia,F118,4,0.04477732341956692
wave7,428,Latvia,F118,5,0.11897084517324828
wave7,428,Latvia,F118,6,0.03457761017131329
wave7,428,Latvia,F118,7,0.03245631719543923
wave7,428,Latvia,F118,8,0.033444852852291165
wave7,428,Latvia,F118,9,0.022503109837470343
wave7,428,Latvia,F120,1,0.16293034981717783
wave7,428,Latvia,F120,10,0.06730181455213928
wave7,428,Latvia,F120,2,0.05456295160806951
wave7,428,Latvia,F120,3,0.11419197865190926
wave7,428,Latvia,F120,4,0.09747779413828135
wave7,428,Latvia,F120,5,0.2580590930566622
wave7,428,Latvia,F120,6,0.07978016963136293
wave7,428,Latvia,F120,7,0.06858455951421087
wave7,428,Latvia,F120,8,0.06125089742472906
wave7,428,Latvia,F120,9,0.03586039160545783
wave7,428,Latvia,G006,1,0.3289966023059855
wave7,428,Latvia,G006,2,0.5276089745640924
wave7,428,Latvia,G006,3,0.1257368818631974
wave7,428,Latvia,G006,4,0.017657541266724783
wave7,428,Latvia,Y002,1,0.23262922725597954
wave7,428,Latvia,Y002,2,0.6404840144715305
wave7,428,Latvia,Y002,3,0.12688675827249
wave7,434,Libya,A008,1,0.3610411418975651
wave7,434,Libya,A008,2,0.5591939546599496
wave7,434,Libya,A008,3,0.05961376994122586
wave7,434,Libya,A008,4,0.020151133501259445
wave7,434,Libya,A165,1,0.09268707482993198
wave7,434,Libya,A165,2,0.907312925170068
wave7,434,Libya,E018,1,0.8554216867469879
wave7,434,Libya,E018,2,0.10327022375215146
wave7,434,Libya,E018,3,0.04130808950086059
wave7,434,Libya,E025,1,0.08680248007085917
wave7,434,Libya,E025,2,0.1966341895482728
wave7,434,Libya,E025,3,0.7165633303808681
wave7,434,Libya,F063,1,0.0016806722689075631
wave7,434,Libya,F063,10,0.9596638655462185
wave7,434,Libya,F063,2,0.0
wave7,434,Libya,F063,3,0.0016806722689075631
wave7,434,Libya,F063,4,0.0016806722689075631
wave7,434,Libya,F063,5,0.005042016806722689
wave7,434,Libya,F063,6,0.0016806722689075631
wave7,434,Libya,F063,7,0.007563025210084034
wave7,434,Libya,F063,8,0.005042016806722689
wave7,434,Libya,F063,9,0.015966386554621848
wave7,434,Libya,F118,1,0.9651162790697675
wave7,434,Libya,F118,10,0.005366726296958855
wave7,434,Libya,F118,2,0.014311270125223614
wave7,434,Libya,F118,3,0.006261180679785331
wave7,434,Libya,F118,4,0.0035778175313059034
wave7,434,Libya,F118,5,0.0026833631484794273
wave7,434,Libya,F118,6,0.0
wave7,434,Libya,F118,7,0.0
wave7,434,Libya,F118,8,0.0008944543828264759
wave7,434,Libya,F118,9,0.0017889087656529517
wave7,434,Libya,F120,1,0.8738898756660746
wave7,434,Libya,F120,10,0.027531083481349913
wave7,434,Libya,F120,2,0.023978685612788632
wave7,434,Libya,F120,3,0.017761989342806393
wave7,434,Libya,F120,4,0.011545293072824156
wave7,434,Libya,F120,5,0.021314387211367674
wave7,434,Libya,F120,6,0.0053285968028419185
wave7,434,Libya,F120,7,0.007992895204262877
wave7,434,Libya,F120,8,0.0053285968028419185
wave7,434,Libya,F120,9,0.0053285968028419185
wave7,434,Libya,G006,1,0.8273260687342833
wave7,434,Libya,G006,2,0.15423302598491198
wave7,434,Libya,G006,3,0.01173512154233026
wave7,434,Libya,G006,4,0.006705783738474434
wave7,434,Libya,Y002,1,0.3977853492333901
wave7,434,Libya,Y002,2,0.5681431005110733
wave7,434,Libya,Y002,3,0.034071550255536626
wave7,440,Lithuania,A008,1,0.09420191547952783
wave7,440,Lithuania,A008,2,0.7366296232665777
wave7,440,Lithuania,A008,3,0.1592831349521461
wave7,440,Lithuania,A008,4,0.009885326301748305
wave7,440,Lithuania,A165,1,0.32898760374784347
wave7,440,Lithuania,A165,2,0.6710123962521566
wave7,440,Lithuania,E018,1,0.39848912434741623
wave7,440,Lithuania,E018,2,0.4193432514955407
wave7,440,Lithuania,E018,3,0.18216762415704318
wave7,440,Lithuania,E025,1,0.1579925281742474
wave7,440,Lithuania,E025,2,0.4961514478483813
wave7,440,Lithuania,E025,3,0.34585602397737125
wave7,440,Lithuania,F063,1,0.09601841149495075
wave7,440,Lithuania,F063,10,0.1622790228917143
wave7,440,Lithuania,F063,2,0.040154668031792906
wave7,440,Lithuania,F063,3,0.046734761285243176
wave7,440,Lithuania,F063,4,0.053157183843800485
wave7,440,Lithuania,F063,5,0.13205673196077575
wave7,440,Lithuania,F063,6,0.1208466668953377
wave7,440,Lithuania,F063,7,0.12924579110210346
wave7,440,Lithuania,F063,8,0.13972451045837464
wave7,440,Lithuania,F063,9,0.0797822520359069
wave7,440,Lithuania,F118,1,0.5149853172385833
wave7,440,Lithuania,F118,10,0.027939471080175537
wave7,440,Lithuania,F118,2,0.10462312609858401
wave7,440,Lithuania,F118,3,0.08379789421647404
wave7,440,Lithuania,F118,4,0.054647378189958656
wave7,440,Lithuania,F118,5,0.09435406120873727
wave7,440,Lithuania,F118,6,0.05162236405924591
wave7,440,Lithuania,F118,7,0.041498638351662086
wave7,440,Lithuania,F118,8,0.02275749327509436
wave7,440,Lithuania,F118,9,0.003774256281484742
wave7,440,Lithuania,F120,1,0.17485406428615635
wave7,440,Lithuania,F120,10,0.026210366378249996
wave7,440,Lithuania,F120,2,0.04781289593627764
wave7,440,Lithuania,F120,3,0.07778781657986973
wave7,440,Lithuania,F120,4,0.07813460202835981
wave7,440,Lithuania,F120,5,0.2235119441676257
wave7,440,Lithuania,F120,6,0.11711085998764915
wave7,440,Lithuania,F120,7,0.1364750784662167
wave7,440,Lithuania,F120,8,0.09243720331755204
wave7,440,Lithuania,F120,9,0.02566516885204276
wave7,440,Lithuania,G006,1,0.2853293845644795
wave7,440,Lithuania,G006,2,0.53444349441702
wave7,440,Lithuania,G006,3,0.15626948198808388
wave7,440,Lithuania,G006,4,0.02395763903041654
wave7,440,Lithuania,Y002,1,0.3044117471414819
wave7,440,Lithuania,Y002,2,0.6420214872850186
wave7,440,Lithuania,Y002,3,0.05356676557349962
wave7,446,Macau SAR,A008,1,0.14467253176930597
wave7,446,Macau SAR,A008,2,0.7653958944281525
wave7,446,Macau SAR,A008,3,0.0801564027370479
wave7,446,Macau SAR,A008,4,0.009775171065493646
wave7,446,Macau SAR,A165,1,0.4380165289256198
wave7,446,Macau SAR,A165,2,0.5619834710743802
wave7,446,Macau SAR,E018,1,0.25984251968503935
wave7,446,Macau SAR,E018,2,0.45177165354330706
wave7,446,Macau SAR,E018,3,0.28838582677165353
wave7,446,Macau SAR,E025,1,0.07737512242899118
wave7,446,Macau SAR,E025,2,0.49461312438785504
wave7,446,Macau SAR,E025,3,0.42801175318315376
wave7,446,Macau SAR,F063,1,0.2573385518590998
wave7,446,Macau SAR,F063,10,0.043052837573385516
wave7,446,Macau SAR,F063,2,0.11350293542074363
wave7,446,Macau SAR,F063,3,0.09197651663405088
wave7,446,Macau SAR,F063,4,0.07827788649706457
wave7,446,Macau SAR,F063,5,0.18003913894324852
wave7,446,Macau SAR,F063,6,0.0821917808219178
wave7,446,Macau SAR,F063,7,0.06653620352250489
wave7,446,Macau SAR,F063,8,0.05870841487279843
wave7,446,Macau SAR,F063,9,0.02837573385518591
wave7,446,Macau SAR,F118,1,0.12242899118511263
wave7,446,Macau SAR,F118,10,0.0910871694417238
wave7,446,Macau SAR,F118,2,0.06366307541625857
wave7,446,Macau SAR,F118,3,0.07737512242899118
wave7,446,Macau SAR,F118,4,0.06660137120470128
wave7,446,Macau SAR,F118,5,0.22918707149853085
wave7,446,Macau SAR,F118,6,0.14005876591576885
wave7,446,Macau SAR,F118,7,0.0920666013712047
wave7,446,Macau SAR,F118,8,0.089128305582762
wave7,446,Macau SAR,F118,9,0.02840352595494613
wave7,446,Macau SAR,F120,1,0.20939334637964774
wave7,446,Macau SAR,F120,10,0.025440313111545987
wave7,446,Macau SAR,F120,2,0.11741682974559686
wave7,446,Macau SAR,F120,3,0.12035225048923678
wave7,446,Macau SAR,F120,4,0.0949119373776908
wave7,446,Macau SAR,F120,5,0.27690802348336596
wave7,446,Macau SAR,F120,6,0.07632093933463796
wave7,446,Macau SAR,F120,7,0.04500978473581213
wave7,446,Macau SAR,F120,8,0.0273972602739726
wave7,446,Macau SAR,F120,9,0.00684931506849315
wave7,446,Macau SAR,G006,1,0.18544366899302095
wave7,446,Macau SAR,G006,2,0.6161515453639083
wave7,446,Macau SAR,G006,3,0.17547357926221335
wave7,446,Macau SAR,G006,4,0.022931206380857428
wave7,446,Macau SAR,Y002,1,0.29111338100102147
wave7,446,Macau SAR,Y002,2,0.6373850868232891
wave7,446,Macau SAR,Y002,3,0.07150153217568948
wave7,458,Malaysia,A008,1,0.1843107387661843
wave7,458,Malaysia,A008,2,0.6717440974866717
wave7,458,Malaysia,A008,3,0.13175932977913177
wave7,458,Malaysia,A008,4,0.012185833968012186
wave7,458,Malaysia,A165,1,0.19573495811119573
wave7,458,Malaysia,A165,2,0.8042650418888042
wave7,458,Malaysia,E018,1,0.5285605483625285
wave7,458,Malaysia,E018,2,0.3389185072353389
wave7,458,Malaysia,E018,3,0.13252094440213252
wave7,458,Malaysia,E025,1,0.293983244478294
wave7,458,Malaysia,E025,2,0.31454683929931454
wave7,458,Malaysia,E025,3,0.39146991622239147
wave7,458,Malaysia,F063,1,0.007616146230007616
wave7,458,Malaysia,F063,10,0.5232292460015232
wave7,458,Malaysia,F063,2,0.010662604722010662
wave7,458,Malaysia,F063,3,0.00913937547600914
wave7,458,Malaysia,F063,4,0.013709063214013708
wave7,458,Malaysia,F063,5,0.0753998476770754
wave7,458,Malaysia,F063,6,0.08073115003808073
wave7,458,Malaysia,F063,7,0.07311500380807312
wave7,458,Malaysia,F063,8,0.1172886519421173
wave7,458,Malaysia,F063,9,0.0891089108910891
wave7,458,Malaysia,F118,1,0.37395277989337394
wave7,458,Malaysia,F118,10,0.044173648134044174
wave7,458,Malaysia,F118,2,0.11119573495811119
wave7,458,Malaysia,F118,3,0.0753998476770754
wave7,458,Malaysia,F118,4,0.07083015993907082
wave7,458,Malaysia,F118,5,0.08758568164508758
wave7,458,Malaysia,F118,6,0.130997715156131
wave7,458,Malaysia,F118,7,0.05026656511805026
wave7,458,Malaysia,F118,8,0.0297029702970297
wave7,458,Malaysia,F118,9,0.025894897182025894
wave7,458,Malaysia,F120,1,0.3632901751713633
wave7,458,Malaysia,F120,10,0.0357958872810358
wave7,458,Malaysia,F120,2,0.10814927646610815
wave7,458,Malaysia,F120,3,0.10434120335110435
wave7,458,Malaysia,F120,4,0.07616146230007616
wave7,458,Malaysia,F120,5,0.0753998476770754
wave7,458,Malaysia,F120,6,0.14013709063214014
wave7,458,Malaysia,F120,7,0.04265041888804265
wave7,458,Malaysia,F120,8,0.03351104341203351
wave7,458,Malaysia,F120,9,0.020563594821020565
wave7,458,Malaysia,G006,1,0.35365853658536583
wave7,458,Malaysia,G006,2,0.38948170731707316
wave7,458,Malaysia,G006,3,0.2073170731707317
wave7,458,Malaysia,G006,4,0.04954268292682927
wave7,458,Malaysia,Y002,1,0.2795125666412795
wave7,458,Malaysia,Y002,2,0.645087585681645
wave7,458,Malaysia,Y002,3,0.0753998476770754
wave7,462,Maldives,A008,1,0.2927536231884058
wave7,462,Maldives,A008,2,0.5893719806763285
wave7,462,Maldives,A008,3,0.0927536231884058
wave7,462,Maldives,A008,4,0.025120772946859903
wave7,462,Maldives,A165,1,0.21324245374878287
wave7,462,Maldives,A165,2,0.7867575462512172
wave7,462,Maldives,E018,1,0.7913043478260869
wave7,462,Maldives,E018,2,0.16135265700483092
wave7,462,Maldives,E018,3,0.04734299516908213
wave7,462,Maldives,E025,1,0.26499032882011603
wave7,462,Maldives,E025,2,0.4274661508704062
wave7,462,Maldives,E025,3,0.30754352030947774
wave7,462,Maldives,F063,1,0.0038498556304138597
wave7,462,Maldives,F063,10,0.9538017324350336
wave7,462,Maldives,F063,2,0.0
wave7,462,Maldives,F063,3,0.0
wave7,462,Maldives,F063,4,0.0009624639076034649
wave7,462,Maldives,F063,5,0.0038498556304138597
wave7,462,Maldives,F063,6,0.0009624639076034649
wave7,462,Maldives,F063,7,0.0028873917228103944
wave7,462,Maldives,F063,8,0.01828681424446583
wave7,462,Maldives,F063,9,0.015399422521655439
wave7,462,Maldives,F118,1,0.9315992292870906
wave7,462,Maldives,F118,10,0.011560693641618497
wave7,462,Maldives,F118,2,0.018304431599229287
wave7,462,Maldives,F118,3,0.01348747591522158
wave7,462,Maldives,F118,4,0.007707129094412331
wave7,462,Maldives,F118,5,0.008670520231213872
wave7,462,Maldives,F118,6,0.0019267822736030828
wave7,462,Maldives,F118,7,0.0038535645472061657
wave7,462,Maldives,F118,8,0.0019267822736030828
wave7,462,Maldives,F118,9,0.0009633911368015414
wave7,462,Maldives,F120,1,0.7213114754098361
wave7,462,Maldives,F120,10,0.07328833172613308
wave7,462,Maldives,F120,2,0.027965284474445518
wave7,462,Maldives,F120,3,0.02507232401157184
wave7,462,Maldives,F120,4,0.01253616200578592
wave7,462,Maldives,F120,5,0.05689488910318226
wave7,462,Maldives,F120,6,0.02507232401157184
wave7,462,Maldives,F120,7,0.017357762777242044
wave7,462,Maldives,F120,8,0.026036644165863067
wave7,462,Maldives,F120,9,0.01446480231436837
wave7,462,Maldives,G006,1,0.7008712487899322
wave7,462,Maldives,G006,2,0.20329138431752178
wave7,462,Maldives,G006,3,0.07841239109390126
wave7,462,Maldives,G006,4,0.017424975798644726
wave7,462,Maldives,Y002,1,0.34434434434434436
wave7,462,Maldives,Y002,2,0.5965965965965966
wave7,462,Maldives,Y002,3,0.05905905905905906
wave7,484,Mexico,A008,1,0.5906936147168441
wave7,484,Mexico,A008,2,0.329515686931209
wave7,484,Mexico,A008,3,0.07425136920922455
wave7,484,Mexico,A008,4,0.005539329142722386
wave7,484,Mexico,A165,1,0.10505278044025605
wave7,484,Mexico,A165,2,0.8949472195597439
wave7,484,Mexico,E018,1,0.6086561995927778
wave7,484,Mexico,E018,2,0.3106794577675953
wave7,484,Mexico,E018,3,0.0806643426396269
wave7,484,Mexico,E025,1,0.11324378999065314
wave7,484,Mexico,E025,2,0.3336619020163575
wave7,484,Mexico,E025,3,0.5530943079929894
wave7,484,Mexico,F063,1,0.031055602750193412
wave7,484,Mexico,F063,10,0.5936794517561697
wave7,484,Mexico,F063,2,0.008084358256143646
wave7,484,Mexico,F063,3,0.013989381839245595
wave7,484,Mexico,F063,4,0.017075979443427095
wave7,484,Mexico,F063,5,0.05482764603497954
wave7,484,Mexico,F063,6,0.03156746917254895
wave7,484,Mexico,F063,7,0.05642323911759056
wave7,484,Mexico,F063,8,0.10715815134096221
wave7,484,Mexico,F063,9,0.08613872028873933
wave7,484,Mexico,F118,1,0.30986345355469247
wave7,484,Mexico,F118,10,0.10176441123175271
wave7,484,Mexico,F118,2,0.07765863177894972
wave7,484,Mexico,F118,3,0.05294833313885407
wave7,484,Mexico,F118,4,0.05166314723849204
wave7,484,Mexico,F118,5,0.18494627352812062
wave7,484,Mexico,F118,6,0.07186773726593673
wave7,484,Mexico,F118,7,0.05090250373508436
wave7,484,Mexico,F118,8,0.06176740036525293
wave7,484,Mexico,F118,9,0.03661810816286444
wave7,484,Mexico,F120,1,0.47626040700575567
wave7,484,Mexico,F120,10,0.05812803285097246
wave7,484,Mexico,F120,2,0.09347740892957467
wave7,484,Mexico,F120,3,0.0602165467395831
wave7,484,Mexico,F120,4,0.04259395441611486
wave7,484,Mexico,F120,5,0.11939403705139964
wave7,484,Mexico,F120,6,0.03664428424987971
wave7,484,Mexico,F120,7,0.05210523940293091
wave7,484,Mexico,F120,8,0.034483676433556286
wave7,484,Mexico,F120,9,0.02669641292023269
wave7,484,Mexico,G006,1,0.7217737181252732
wave7,484,Mexico,G006,2,0.19114512160299926
wave7,484,Mexico,G006,3,0.06750044979326618
wave7,484,Mexico,G006,4,0.019580710478461383
wave7,484,Mexico,Y002,1,0.22563265983866443
wave7,484,Mexico,Y002,2,0.6249501548903279
wave7,484,Mexico,Y002,3,0.14941718527100778
wave7,496,Mongolia,A008,1,0.2031854280384369
wave7,496,Mongolia,A008,2,0.5301076607212023
wave7,496,Mongolia,A008,3,0.25549056309386686
wave7,496,Mongolia,A008,4,0.011216348146494087
wave7,496,Mongolia,A165,1,0.260514218336651
wave7,496,Mongolia,A165,2,0.7394857816633489
wave7,496,Mongolia,E018,1,0.37798212527611874
wave7,496,Mongolia,E018,2,0.42492811672320546
wave7,496,Mongolia,E018,3,0.19708975800067555
wave7,496,Mongolia,E025,1,0.448500434990004
wave7,496,Mongolia,E025,2,0.35145664851885516
wave7,496,Mongolia,E025,3,0.20004291649114087
wave7,496,Mongolia,F063,1,0.12666200640508968
wave7,496,Mongolia,F063,10,0.04827698660765406
wave7,496,Mongolia,F063,2,0.05476910087567361
wave7,496,Mongolia,F063,3,0.05281981756934596
wave7,496,Mongolia,F063,4,0.05942071348578976
wave7,496,Mongolia,F063,5,0.15460732595311752
wave7,496,Mongolia,F063,6,0.2101108549297467
wave7,496,Mongolia,F063,7,0.13525389991694983
wave7,496,Mongolia,F063,8,0.10125256141476707
wave7,496,Mongolia,F063,9,0.05682673284186572
wave7,496,Mongolia,F118,1,0.2800177664744628
wave7,496,Mongolia,F118,10,0.01910911694795668
wave7,496,Mongolia,F118,2,0.08648073575451412
wave7,496,Mongolia,F118,3,0.08209095719686726
wave7,496,Mongolia,F118,4,0.09683772416347848
wave7,496,Mongolia,F118,5,0.26828634863939405
wave7,496,Mongolia,F118,6,0.08974182424595292
wave7,496,Mongolia,F118,7,0.04748903835122722
wave7,496,Mongolia,F118,8,0.020577868735140295
wave7,496,Mongolia,F118,9,0.009368619491006272
wave7,496,Mongolia,F120,1,0.21644924541314436
wave7,496,Mongolia,F120,10,0.025148370157616434
wave7,496,Mongolia,F120,2,0.07691386226003293
wave7,496,Mongolia,F120,3,0.0859789688766056
wave7,496,Mongolia,F120,4,0.09942342181453954
wave7,496,Mongolia,F120,5,0.24990758224853873
wave7,496,Mongolia,F120,6,0.13468126629563398
wave7,496,Mongolia,F120,7,0.07274275468140515
wave7,496,Mongolia,F120,8,0.02774589931261093
wave7,496,Mongolia,F120,9,0.01100862893987242
wave7,496,Mongolia,G006,1,0.41825127090542186
wave7,496,Mongolia,G006,2,0.41603649961425015
wave7,496,Mongolia,G006,3,0.12520598226188726
wave7,496,Mongolia,G006,4,0.04050624721844067
wave7,496,Mongolia,Y002,1,0.27736143999522533
wave7,496,Mongolia,Y002,2,0.6342015033898887
wave7,496,Mongolia,Y002,3,0.08843705661488614
wave7,499,Montenegro,A008,1,0.3420859761759193
wave7,499,Montenegro,A008,2,0.5849732885519031
wave7,499,Montenegro,A008,3,0.06410076891429142
wave7,499,Montenegro,A008,4,0.008839966357886262
wave7,499,Montenegro,A165,1,0.22362375406821772
wave7,499,Montenegro,A165,2,0.7763762459317822
wave7,499,Montenegro,E018,1,0.6639188444665389
wave7,499,Montenegro,E018,2,0.11173439910535497
wave7,499,Montenegro,E018,3,0.22434675642810617
wave7,499,Montenegro,E025,1,0.422208078091449
wave7,499,Montenegro,E025,2,0.4073184741965327
wave7,499,Montenegro,E025,3,0.17047344771201825
wave7,499,Montenegro,F063,1,0.025771439357801212
wave7,499,Montenegro,F063,10,0.4067288294856086
wave7,499,Montenegro,F063,2,0.007312670416756029
wave7,499,Montenegro,F063,3,0.00816993415896577
wave7,499,Montenegro,F063,4,0.019438095099302295
wave7,499,Montenegro,F063,5,0.10868823577999515
wave7,499,Montenegro,F063,6,0.1207575559200661
wave7,499,Montenegro,F063,7,0.10850335147484831
wave7,499,Montenegro,F063,8,0.10432631732318581
wave7,499,Montenegro,F063,9,0.09030357098347071
wave7,499,Montenegro,F118,1,0.7513074863641497
wave7,499,Montenegro,F118,10,0.01944756854224809
wave7,499,Montenegro,F118,2,0.08767367398487509
wave7,499,Montenegro,F118,3,0.024466424988111184
wave7,499,Montenegro,F118,4,0.025655411244801512
wave7,499,Montenegro,F118,5,0.038295597848491375
wave7,499,Montenegro,F118,6,0.0256984912459616
wave7,499,Montenegro,F118,7,0.014877688858282145
wave7,499,Montenegro,F118,8,0.010470496592953333
wave7,499,Montenegro,F118,9,0.002107160330125931
wave7,499,Montenegro,F120,1,0.44549841986512007
wave7,499,Montenegro,F120,10,0.022841174296958235
wave7,499,Montenegro,F120,2,0.15977593388910144
wave7,499,Montenegro,F120,3,0.11460962883895896
wave7,499,Montenegro,F120,4,0.03094632340396185
wave7,499,Montenegro,F120,5,0.11169593133202807
wave7,499,Montenegro,F120,6,0.04253465195147297
wave7,499,Montenegro,F120,7,0.02931374695478168
wave7,499,Montenegro,F120,8,0.032477218125270116
wave7,499,Montenegro,F120,9,0.010306971342346751
wave7,499,Montenegro,G006,1,0.3233403554576955
wave7,499,Montenegro,G006,2,0.6074309881102771
wave7,499,Montenegro,G006,3,0.05879102644921643
wave7,499,Montenegro,G006,4,0.010437629982811003
wave7,499,Montenegro,Y002,1,0.19296182454710328
wave7,499,Montenegro,Y002,2,0.713230563701436
wave7,499,Montenegro,Y002,3,0.09380761175146085
wave7,504,Morocco,A008,1,0.12416666666666666
wave7,504,Morocco,A008,2,0.7041666666666667
wave7,504,Morocco,A008,3,0.1625
wave7,504,Morocco,A008,4,0.009166666666666667
wave7,504,Morocco,A165,1,0.165
wave7,504,Morocco,A165,2,0.835
wave7,504,Morocco,E018,1,0.6325
wave7,504,Morocco,E018,2,0.2275
wave7,504,Morocco,E018,3,0.14
wave7,504,Morocco,E025,1,0.1275
wave7,504,Morocco,E025,2,0.43
wave7,504,Morocco,E025,3,0.4425
wave7,504,Morocco,F063,1,0.05416666666666667
wave7,504,Morocco,F063,10,0.7216666666666667
wave7,504,Morocco,F063,2,0.006666666666666667
wave7,504,Morocco,F063,3,0.0016666666666666668
wave7,504,Morocco,F063,4,0.0033333333333333335
wave7,504,Morocco,F063,5,0.015833333333333335
wave7,504,Morocco,F063,6,0.025833333333333333
wave7,504,Morocco,F063,7,0.020833333333333332
wave7,504,Morocco,F063,8,0.05
wave7,504,Morocco,F063,9,0.1
wave7,504,Morocco,F118,1,0.5158333333333334
wave7,504,Morocco,F118,10,0.0175
wave7,504,Morocco,F118,2,0.1125
wave7,504,Morocco,F118,3,0.051666666666666666
wave7,504,Morocco,F118,4,0.0575
wave7,504,Morocco,F118,5,0.13333333333333333
wave7,504,Morocco,F118,6,0.04666666666666667
wave7,504,Morocco,F118,7,0.021666666666666667
wave7,504,Morocco,F118,8,0.019166666666666665
wave7,504,Morocco,F118,9,0.024166666666666666
wave7,504,Morocco,F120,1,0.3625
wave7,504,Morocco,F120,10,0.03666666666666667
wave7,504,Morocco,F120,2,0.115
wave7,504,Morocco,F120,3,0.07166666666666667
wave7,504,Morocco,F120,4,0.07416666666666667
wave7,504,Morocco,F120,5,0.12833333333333333
wave7,504,Morocco,F120,6,0.07583333333333334
wave7,504,Morocco,F120,7,0.0625
wave7,504,Morocco,F120,8,0.045
wave7,504,Morocco,F120,9,0.028333333333333332
wave7,504,Morocco,G006,1,0.42333333333333334
wave7,504,Morocco,G006,2,0.4825
wave7,504,Morocco,G006,3,0.0825
wave7,504,Morocco,G006,4,0.011666666666666667
wave7,504,Morocco,Y002,1,0.39462636439966414
wave7,504,Morocco,Y002,2,0.5566750629722922
wave7,504,Morocco,Y002,3,0.04869857262804366
wave7,528,Netherlands,A008,1,0.31903584270121643
wave7,528,Netherlands,A008,2,0.5992189310979057
wave7,528,Netherlands,A008,3,0.0699546739620413
wave7,528,Netherlands,A008,4,0.011790552238836426
wave7,528,Netherlands,A165,1,0.6035950690854834
wave7,528,Netherlands,A165,2,0.39640493091451656
wave7,528,Netherlands,E018,1,0.745007095724858
wave7,528,Netherlands,E018,2,0.1758808433906532
wave7,528,Netherlands,E018,3,0.07911206088448883
wave7,528,Netherlands,E025,1,0.5238546059233544
wave7,528,Netherlands,E025,2,0.3910996069351974
wave7,528,Netherlands,E025,3,0.08504578714144818
wave7,528,Netherlands,F063,1,0.3961622618926154
wave7,528,Netherlands,F063,10,0.09153865095540387
wave7,528,Netherlands,F063,2,0.10665738461682342
wave7,528,Netherlands,F063,3,0.0717542796183492
wave7,528,Netherlands,F063,4,0.039157082378974195
wave7,528,Netherlands,F063,5,0.058441442347501524
wave7,528,Netherlands,F063,6,0.0634769387844812
wave7,528,Netherlands,F063,7,0.065815072713303
wave7,528,Netherlands,F063,8,0.07349315536791691
wave7,528,Netherlands,F063,9,0.03350373132463126
wave7,528,Netherlands,F118,1,0.035835863136191734
wave7,528,Netherlands,F118,10,0.6866093846377597
wave7,528,Netherlands,F118,2,0.006836370180857611
wave7,528,Netherlands,F118,3,0.010060813314531273
wave7,528,Netherlands,F118,4,0.010966483601775384
wave7,528,Netherlands,F118,5,0.04409013576853844
wave7,528,Netherlands,F118,6,0.031852470943003176
wave7,528,Netherlands,F118,7,0.04169303178633881
wave7,528,Netherlands,F118,8,0.06618239374754302
wave7,528,Netherlands,F118,9,0.06587305288346068
wave7,528,Netherlands,F120,1,0.059163835577557555
wave7,528,Netherlands,F120,10,0.31928327353983027
wave7,528,Netherlands,F120,2,0.018742762483401898
wave7,528,Netherlands,F120,3,0.03234992118343428
wave7,528,Netherlands,F120,4,0.025068702981697572
wave7,528,Netherlands,F120,5,0.10972333828683711
wave7,528,Netherlands,F120,6,0.09691355476339691
wave7,528,Netherlands,F120,7,0.09709890728290815
wave7,528,Netherlands,F120,8,0.14933632105513456
wave7,528,Netherlands,F120,9,0.09231938284580175
wave7,528,Netherlands,G006,1,0.2736091806635355
wave7,528,Netherlands,G006,2,0.5567718445919954
wave7,528,Netherlands,G006,3,0.13327299999568132
wave7,528,Netherlands,G006,4,0.03634597474878789
wave7,528,Netherlands,Y002,1,0.20139241404983912
wave7,528,Netherlands,Y002,2,0.6462270505378382
wave7,528,Netherlands,Y002,3,0.15238053541232258
wave7,554,New Zealand,A008,1,0.3343195266272189
wave7,554,New Zealand,A008,2,0.5996055226824457
wave7,554,New Zealand,A008,3,0.0631163708086785
wave7,554,New Zealand,A008,4,0.0029585798816568047
wave7,554,New Zealand,A165,1,0.5950248756218905
wave7,554,New Zealand,A165,2,0.40497512437810945
wave7,554,New Zealand,E018,1,0.4880239520958084
wave7,554,New Zealand,E018,2,0.41317365269461076
wave7,554,New Zealand,E018,3,0.09880239520958084
wave7,554,New Zealand,E025,1,0.8035190615835777
wave7,554,New Zealand,E025,2,0.16617790811339198
wave7,554,New Zealand,E025,3,0.030303030303030304
wave7,554,New Zealand,F063,1,0.35477386934673366
wave7,554,New Zealand,F063,10,0.1748743718592965
wave7,554,New Zealand,F063,2,0.10452261306532663
wave7,554,New Zealand,F063,3,0.06633165829145729
wave7,554,New Zealand,F063,4,0.035175879396984924
wave7,554,New Zealand,F063,5,0.06733668341708543
wave7,554,New Zealand,F063,6,0.053266331658291456
wave7,554,New Zealand,F063,7,0.03919597989949749
wave7,554,New Zealand,F063,8,0.06030150753768844
wave7,554,New Zealand,F063,9,0.044221105527638194
wave7,554,New Zealand,F118,1,0.13203463203463203
wave7,554,New Zealand,F118,10,0.47294372294372294
wave7,554,New Zealand,F118,2,0.020562770562770564
wave7,554,New Zealand,F118,3,0.02813852813852814
wave7,554,New Zealand,F118,4,0.023809523809523808
wave7,554,New Zealand,F118,5,0.09307359307359307
wave7,554,New Zealand,F118,6,0.046536796536796536
wave7,554,New Zealand,F118,7,0.03463203463203463
wave7,554,New Zealand,F118,8,0.07575757575757576
wave7,554,New Zealand,F118,9,0.07251082251082251
wave7,554,New Zealand,F120,1,0.08850457782299084
wave7,554,New Zealand,F120,10,0.2451678535096643
wave7,554,New Zealand,F120,2,0.03967446592065107
wave7,554,New Zealand,F120,3,0.04577822990844354
wave7,554,New Zealand,F120,4,0.03763987792472025
wave7,554,New Zealand,F120,5,0.11190233977619532
wave7,554,New Zealand,F120,6,0.07121057985757884
wave7,554,New Zealand,F120,7,0.07121057985757884
wave7,554,New Zealand,F120,8,0.18311291963377416
wave7,554,New Zealand,F120,9,0.10579857578840285
wave7,554,New Zealand,G006,1,0.6765913757700205
wave7,554,New Zealand,G006,2,0.29876796714579057
wave7,554,New Zealand,G006,3,0.021560574948665298
wave7,554,New Zealand,G006,4,0.003080082135523614
wave7,554,New Zealand,Y002,1,0.11095305832147938
wave7,554,New Zealand,Y002,2,0.7083926031294452
wave7,554,New Zealand,Y002,3,0.1806543385490754
wave7,558,Nicaragua,A008,1,0.4975
wave7,558,Nicaragua,A008,2,0.35833333333333334
wave7,558,Nicaragua,A008,3,0.12416666666666666
wave7,558,Nicaragua,A008,4,0.02
wave7,558,Nicaragua,A165,1,0.0425
wave7,558,Nicaragua,A165,2,0.9575
wave7,558,Nicaragua,E018,1,0.8691666666666666
wave7,558,Nicaragua,E018,2,0.0975
wave7,558,Nicaragua,E018,3,0.03333333333333333
wave7,558,Nicaragua,E025,1,0.095
wave7,558,Nicaragua,E025,2,0.2891666666666667
wave7,558,Nicaragua,E025,3,0.6158333333333333
wave7,558,Nicaragua,F063,1,0.008333333333333333
wave7,558,Nicaragua,F063,10,0.8766666666666667
wave7,558,Nicaragua,F063,2,0.0025
wave7,558,Nicaragua,F063,3,0.005
wave7,558,Nicaragua,F063,4,0.005833333333333334
wave7,558,Nicaragua,F063,5,0.0225
wave7,558,Nicaragua,F063,6,0.010833333333333334
wave7,558,Nicaragua,F063,7,0.0125
wave7,558,Nicaragua,F063,8,0.030833333333333334
wave7,558,Nicaragua,F063,9,0.025
wave7,558,Nicaragua,F118,1,0.5491666666666667
wave7,558,Nicaragua,F118,10,0.075
wave7,558,Nicaragua,F118,2,0.03333333333333333
wave7,558,Nicaragua,F118,3,0.029166666666666667
wave7,558,Nicaragua,F118,4,0.035
wave7,558,Nicaragua,F118,5,0.15666666666666668
wave7,558,Nicaragua,F118,6,0.034166666666666665
wave7,558,Nicaragua,F118,7,0.034166666666666665
wave7,558,Nicaragua,F118,8,0.03666666666666667
wave7,558,Nicaragua,F118,9,0.016666666666666666
wave7,558,Nicaragua,F120,1,0.7633333333333333
wave7,558,Nicaragua,F120,10,0.04
wave7,558,Nicaragua,F120,2,0.043333333333333335
wave7,558,Nicaragua,F120,3,0.025
wave7,558,Nicaragua,F120,4,0.021666666666666667
wave7,558,Nicaragua,F120,5,0.0575
wave7,558,Nicaragua,F120,6,0.019166666666666665
wave7,558,Nicaragua,F120,7,0.008333333333333333
wave7,558,Nicaragua,F120,8,0.015
wave7,558,Nicaragua,F120,9,0.006666666666666667
wave7,558,Nicaragua,G006,1,0.8825
wave7,558,Nicaragua,G006,2,0.059166666666666666
wave7,558,Nicaragua,G006,3,0.04
wave7,558,Nicaragua,G006,4,0.018333333333333333
wave7,558,Nicaragua,Y002,1,0.2147887323943662
wave7,558,Nicaragua,Y002,2,0.6382042253521126
wave7,558,Nicaragua,Y002,3,0.14700704225352113
wave7,566,Nigeria,A008,1,0.46671024999040234
wave7,566,Nigeria,A008,2,0.2595819469295224
wave7,566,Nigeria,A008,3,0.18603156386005917
wave7,566,Nigeria,A008,4,0.0876762392200161
wave7,566,Nigeria,A165,1,0.13082932002353334
wave7,566,Nigeria,A165,2,0.8691706799764667
wave7,566,Nigeria,E018,1,0.9078912466818251
wave7,566,Nigeria,E018,2,0.08405510433741675
wave7,566,Nigeria,E018,3,0.008053648980758197
wave7,566,Nigeria,E025,1,0.07766910975111886
wave7,566,Nigeria,E025,2,0.26283896507429805
wave7,566,Nigeria,E025,3,0.6594919251745831
wave7,566,Nigeria,F063,1,0.01152459626125759
wave7,566,Nigeria,F063,10,0.8606160095065303
wave7,566,Nigeria,F063,2,0.00413420158466723
wave7,566,Nigeria,F063,3,0.012140062618416415
wave7,566,Nigeria,F063,4,0.023359723415070133
wave7,566,Nigeria,F063,5,0.00732205075186045
wave7,566,Nigeria,F063,6,0.009748604034495293
wave7,566,Nigeria,F063,7,0.01297847630447169
wave7,566,Nigeria,F063,8,0.02044972418743643
wave7,566,Nigeria,F063,9,0.03772655133579452
wave7,566,Nigeria,F118,1,0.8031605345993
wave7,566,Nigeria,F118,10,0.015514506556601304
wave7,566,Nigeria,F118,2,0.09147458829992774
wave7,566,Nigeria,F118,3,0.048745700302121726
wave7,566,Nigeria,F118,4,0.01678143792045094
wave7,566,Nigeria,F118,5,0.01301464968690007
wave7,566,Nigeria,F118,6,0.003405398941606296
wave7,566,Nigeria,F118,7,0.003697835730341991
wave7,566,Nigeria,F118,8,0.0012783300161416193
wave7,566,Nigeria,F118,9,0.0029270179466081413
wave7,566,Nigeria,F120,1,0.7334345798486561
wave7,566,Nigeria,F120,10,0.010922100509497556
wave7,566,Nigeria,F120,2,0.09363540578335655
wave7,566,Nigeria,F120,3,0.06697265904499321
wave7,566,Nigeria,F120,4,0.04198105115051396
wave7,566,Nigeria,F120,5,0.026800071916589927
wave7,566,Nigeria,F120,6,0.014496366252569644
wave7,566,Nigeria,F120,7,0.004432834794138558
wave7,566,Nigeria,F120,8,0.005595197882064315
wave7,566,Nigeria,F120,9,0.0017297328176201546
wave7,566,Nigeria,G006,1,0.7028409602637856
wave7,566,Nigeria,G006,2,0.18904503497243152
wave7,566,Nigeria,G006,3,0.08461791584177057
wave7,566,Nigeria,G006,4,0.023496088922012184
wave7,566,Nigeria,Y002,1,0.28494855668633406
wave7,566,Nigeria,Y002,2,0.633092053793095
wave7,566,Nigeria,Y002,3,0.08195938952057093
wave7,578,Norway,A008,1,0.409430461579224
wave7,578,Norway,A008,2,0.5342340699265955
wave7,578,Norway,A008,3,0.05131841345138641
wave7,578,Norway,A008,4,0.00501705504279402
wave7,578,Norway,A165,1,0.7284001993044243
wave7,578,Norway,A165,2,0.2715998006955754
wave7,578,Norway,E018,1,0.301317921119097
wave7,578,Norway,E018,2,0.1903677208777075
wave7,578,Norway,E018,3,0.5083143580031956
wave7,578,Norway,E025,1,0.6327507487753208
wave7,578,Norway,E025,2,0.2781623356496196
wave7,578,Norway,E025,3,0.08908691557505968
wave7,578,Norway,F063,1,0.38630147660160885
wave7,578,Norway,F063,10,0.09765591321903595
wave7,578,Norway,F063,2,0.08905397217841653
wave7,578,Norway,F063,3,0.08727660997817076
wave7,578,Norway,F063,4,0.04984732728155064
wave7,578,Norway,F063,5,0.12270306501381013
wave7,578,Norway,F063,6,0.05599784056257641
wave7,578,Norway,F063,7,0.051657803713756494
wave7,578,Norway,F063,8,0.03550603204043651
wave7,578,Norway,F063,9,0.02399995941063777
wave7,578,Norway,F118,1,0.06339551562070898
wave7,578,Norway,F118,10,0.6617997160877244
wave7,578,Norway,F118,2,0.01460061397150588
wave7,578,Norway,F118,3,0.018986408074994108
wave7,578,Norway,F118,4,0.009787926040736005
wave7,578,Norway,F118,5,0.08712119278271305
wave7,578,Norway,F118,6,0.012904905230568186
wave7,578,Norway,F118,7,0.02432771014664481
wave7,578,Norway,F118,8,0.05995574701372883
wave7,578,Norway,F118,9,0.0471202650306759
wave7,578,Norway,F120,1,0.06361130949987479
wave7,578,Norway,F120,10,0.39483361031036596
wave7,578,Norway,F120,2,0.026283877225131636
wave7,578,Norway,F120,3,0.024161206687140967
wave7,578,Norway,F120,4,0.021108295557290758
wave7,578,Norway,F120,5,0.1418542515384523
wave7,578,Norway,F120,6,0.03129878542453964
wave7,578,Norway,F120,7,0.06947767810658459
wave7,578,Norway,F120,8,0.13936845615371757
wave7,578,Norway,F120,9,0.08800252949690184
wave7,578,Norway,G006,1,0.6798666142278463
wave7,578,Norway,G006,2,0.2765594171645436
wave7,578,Norway,G006,3,0.040081978812090455
wave7,578,Norway,G006,4,0.0034919897955197066
wave7,578,Norway,Y002,1,0.07056948128482574
wave7,578,Norway,Y002,2,0.7451267695644924
wave7,578,Norway,Y002,3,0.18430374915068184
wave7,586,Pakistan,A008,1,0.47867536377320624
wave7,586,Pakistan,A008,2,0.4144505770195685
wave7,586,Pakistan,A008,3,0.08178625188158554
wave7,586,Pakistan,A008,4,0.025087807325639738
wave7,586,Pakistan,A165,1,0.23496715512885297
wave7,586,Pakistan,A165,2,0.7650328448711471
wave7,586,Pakistan,E018,1,0.41458333333333336
wave7,586,Pakistan,E018,2,0.2671875
wave7,586,Pakistan,E018,3,0.3182291666666667
wave7,586,Pakistan,E025,1,0.09488636363636363
wave7,586,Pakistan,E025,2,0.22954545454545455
wave7,586,Pakistan,E025,3,0.6755681818181818
wave7,586,Pakistan,F063,1,0.0035371399696816574
wave7,586,Pakistan,F063,10,0.8479029813036887
wave7,586,Pakistan,F063,2,0.0025265285497726125
wave7,586,Pakistan,F063,3,0.0035371399696816574
wave7,586,Pakistan,F063,4,0.007074279939363315
wave7,586,Pakistan,F063,5,0.019201616978271854
wave7,586,Pakistan,F063,6,0.02223345123799899
wave7,586,Pakistan,F063,7,0.026781202627589692
wave7,586,Pakistan,F063,8,0.02223345123799899
wave7,586,Pakistan,F063,9,0.0449722081859525
wave7,586,Pakistan,F118,1,0.8037676609105181
wave7,586,Pakistan,F118,10,0.018315018315018316
wave7,586,Pakistan,F118,2,0.08058608058608059
wave7,586,Pakistan,F118,3,0.03924646781789639
wave7,586,Pakistan,F118,4,0.02564102564102564
wave7,586,Pakistan,F118,5,0.009419152276295133
wave7,586,Pakistan,F118,6,0.007326007326007326
wave7,586,Pakistan,F118,7,0.007326007326007326
wave7,586,Pakistan,F118,8,0.003663003663003663
wave7,586,Pakistan,F118,9,0.004709576138147566
wave7,586,Pakistan,F120,1,0.763509898341359
wave7,586,Pakistan,F120,10,0.019261637239165328
wave7,586,Pakistan,F120,2,0.08293204922418405
wave7,586,Pakistan,F120,3,0.04066345639379347
wave7,586,Pakistan,F120,4,0.023006955591225255
wave7,586,Pakistan,F120,5,0.02675227394328518
wave7,586,Pakistan,F120,6,0.014446227929373997
wave7,586,Pakistan,F120,7,0.012306046013911182
wave7,586,Pakistan,F120,8,0.006955591225254147
wave7,586,Pakistan,F120,9,0.010165864098448368
wave7,586,Pakistan,G006,1,0.8617021276595744
wave7,586,Pakistan,G006,2,0.09929078014184398
wave7,586,Pakistan,G006,3,0.028875379939209727
wave7,586,Pakistan,G006,4,0.010131712259371834
wave7,586,Pakistan,Y002,1,0.2239696312364425
wave7,586,Pakistan,Y002,2,0.6827548806941431
wave7,586,Pakistan,Y002,3,0.09327548806941431
wave7,604,Peru,A008,1,0.35542290279589794
wave7,604,Peru,A008,2,0.45618634497204164
wave7,604,Peru,A008,3,0.1828454843994765
wave7,604,Peru,A008,4,0.005545267832583828
wave7,604,Peru,A165,1,0.041732224332898096
wave7,604,Peru,A165,2,0.958267775667102
wave7,604,Peru,E018,1,0.7012053371544851
wave7,604,Peru,E018,2,0.2435016062173903
wave7,604,Peru,E018,3,0.055293056628124504
wave7,604,Peru,E025,1,0.11669278612151246
wave7,604,Peru,E025,2,0.4485013858145318
wave7,604,Peru,E025,3,0.43480582806395573
wave7,604,Peru,F063,1,0.013858142244407979
wave7,604,Peru,F063,10,0.6682428010616296
wave7,604,Peru,F063,2,0.002377492464014267
wave7,604,Peru,F063,3,0.004477349253200066
wave7,604,Peru,F063,4,0.006410974775853956
wave7,604,Peru,F063,5,0.02335799659450645
wave7,604,Peru,F063,6,0.027533838208664008
wave7,604,Peru,F063,7,0.051626227836278175
wave7,604,Peru,F063,8,0.0974506021240786
wave7,604,Peru,F063,9,0.10466457543736697
wave7,604,Peru,F118,1,0.5150621988133314
wave7,604,Peru,F118,10,0.028115648222572055
wave7,604,Peru,F118,2,0.08945886712603285
wave7,604,Peru,F118,3,0.07432259621861335
wave7,604,Peru,F118,4,0.055072551530857806
wave7,604,Peru,F118,5,0.1290331187741879
wave7,604,Peru,F118,6,0.042094849030745465
wave7,604,Peru,F118,7,0.019691894062985514
wave7,604,Peru,F118,8,0.03839197715129174
wave7,604,Peru,F118,9,0.008756299069382075
wave7,604,Peru,F120,1,0.6472874828056597
wave7,604,Peru,F120,10,0.018629349937021148
wave7,604,Peru,F120,2,0.09067829057137425
wave7,604,Peru,F120,3,0.05335218057826945
wave7,604,Peru,F120,4,0.03886267017124952
wave7,604,Peru,F120,5,0.07718402592200373
wave7,604,Peru,F120,6,0.028873453694240894
wave7,604,Peru,F120,7,0.018589822492392404
wave7,604,Peru,F120,8,0.019110292774238723
wave7,604,Peru,F120,9,0.007432431053550016
wave7,604,Peru,G006,1,0.7227975076569594
wave7,604,Peru,G006,2,0.21437186892925578
wave7,604,Peru,G006,3,0.05162046291300481
wave7,604,Peru,G006,4,0.011210160500780001
wave7,604,Peru,Y002,1,0.30126547262975556
wave7,604,Peru,Y002,2,0.6086449473133617
wave7,604,Peru,Y002,3,0.09008958005688264
wave7,608,Philippines,A008,1,0.5307690333341875
wave7,608,Philippines,A008,2,0.38501901685297724
wave7,608,Philippines,A008,3,0.07671098614441975
wave7,608,Philippines,A008,4,0.007500963668415487
wave7,608,Philippines,A165,1,0.053398864989702116
wave7,608,Philippines,A165,2,0.9466011350102977
wave7,608,Philippines,E018,1,0.8398473100000001
wave7,608,Philippines,E018,2,0.10612666833333334
wave7,608,Philippines,E018,3,0.05402602166666668
wave7,608,Philippines,E025,1,0.11379468333333335
wave7,608,Philippines,E025,2,0.31463332916666675
wave7,608,Philippines,E025,3,0.5715719875
wave7,608,Philippines,F063,1,0.005808200038973944
wave7,608,Philippines,F063,10,0.8287376248252425
wave7,608,Philippines,F063,2,0.0041997391333217626
wave7,608,Philippines,F063,3,0.004949956914483563
wave7,608,Philippines,F063,4,0.00922312856555585
wave7,608,Philippines,F063,5,0.021730203219487598
wave7,608,Philippines,F063,6,0.02150206818358909
wave7,608,Philippines,F063,7,0.02267139157606368
wave7,608,Philippines,F063,8,0.03800135003327803
wave7,608,Philippines,F063,9,0.043176337510003916
wave7,608,Philippines,F118,1,0.2573076725
wave7,608,Philippines,F118,10,0.09822866833333334
wave7,608,Philippines,F118,2,0.09207012500000002
wave7,608,Philippines,F118,3,0.05176081916666668
wave7,608,Philippines,F118,4,0.07927956749999998
wave7,608,Philippines,F118,5,0.202990995
wave7,608,Philippines,F118,6,0.0676367825
wave7,608,Philippines,F118,7,0.05989572916666665
wave7,608,Philippines,F118,8,0.05623711
wave7,608,Philippines,F118,9,0.03459253083333334
wave7,608,Philippines,F120,1,0.5349457883333334
wave7,608,Philippines,F120,10,0.06943628083333332
wave7,608,Philippines,F120,2,0.08572989833333332
wave7,608,Philippines,F120,3,0.06196328416666667
wave7,608,Philippines,F120,4,0.05291853333333334
wave7,608,Philippines,F120,5,0.09459899166666667
wave7,608,Philippines,F120,6,0.0260610175
wave7,608,Philippines,F120,7,0.018344810833333332
wave7,608,Philippines,F120,8,0.0386886875
wave7,608,Philippines,F120,9,0.017312707499999993
wave7,608,Philippines,G006,1,0.8919989754653229
wave7,608,Philippines,G006,2,0.0954397604300277
wave7,608,Philippines,G006,3,0.007192990413684706
wave7,608,Philippines,G006,4,0.005368273690964556
wave7,608,Philippines,Y002,1,0.3085253266666667
wave7,608,Philippines,Y002,2,0.6000669225
wave7,608,Philippines,Y002,3,0.09140775083333333
wave7,616,Poland,A008,1,0.3166962752013101
wave7,616,Poland,A008,2,0.5970951928025333
wave7,616,Poland,A008,3,0.07929195457845162
wave7,616,Poland,A008,4,0.006916577417705094
wave7,616,Poland,A165,1,0.24827463758117158
wave7,616,Poland,A165,2,0.7517253624188284
wave7,616,Poland,E018,1,0.397158342546812
wave7,616,Poland,E018,2,0.4388015402959721
wave7,616,Poland,E018,3,0.16404011715721584
wave7,616,Poland,E025,1,0.35296459489731663
wave7,616,Poland,E025,2,0.3432639619237579
wave7,616,Poland,E025,3,0.30377144317892557
wave7,616,Poland,F063,1,0.05949179282989513
wave7,616,Poland,F063,10,0.39573115338484754
wave7,616,Poland,F063,2,0.0194344919432024
wave7,616,Poland,F063,3,0.02639628141422752
wave7,616,Poland,F063,4,0.017297800661635585
wave7,616,Poland,F063,5,0.09220165602128964
wave7,616,Poland,F063,6,0.060285277018696404
wave7,616,Poland,F063,7,0.08804328525349614
wave7,616,Poland,F063,8,0.14996037163966994
wave7,616,Poland,F063,9,0.09115788983303955
wave7,616,Poland,F118,1,0.46625839927075957
wave7,616,Poland,F118,10,0.14697080743702473
wave7,616,Poland,F118,2,0.039599258104286154
wave7,616,Poland,F118,3,0.04680627399180638
wave7,616,Poland,F118,4,0.038678063563109794
wave7,616,Poland,F118,5,0.11796251234257568
wave7,616,Poland,F118,6,0.03553385821725739
wave7,616,Poland,F118,7,0.026025336179348588
wave7,616,Poland,F118,8,0.05017360195406211
wave7,616,Poland,F118,9,0.03199188893976951
wave7,616,Poland,F120,1,0.4013961827735635
wave7,616,Poland,F120,10,0.057355204665665155
wave7,616,Poland,F120,2,0.060322314728750596
wave7,616,Poland,F120,3,0.07379873321519918
wave7,616,Poland,F120,4,0.036827050277657584
wave7,616,Poland,F120,5,0.16369057482477495
wave7,616,Poland,F120,6,0.06642749001906305
wave7,616,Poland,F120,7,0.04418582861570529
wave7,616,Poland,F120,8,0.06759245427768142
wave7,616,Poland,F120,9,0.028404166601939215
wave7,616,Poland,G006,1,0.6441043636125664
wave7,616,Poland,G006,2,0.32872501486789313
wave7,616,Poland,G006,3,0.024301094700027715
wave7,616,Poland,G006,4,0.0028695268195128437
wave7,616,Poland,Y002,1,0.16026002841417444
wave7,616,Poland,Y002,2,0.5760449308748382
wave7,616,Poland,Y002,3,0.2636950407109873
wave7,620,Portugal,A008,1,0.18691310534762628
wave7,620,Portugal,A008,2,0.6944017153553095
wave7,620,Portugal,A008,3,0.1023000794239513
wave7,620,Portugal,A008,4,0.016385099873113027
wave7,620,Portugal,A165,1,0.17011044695662247
wave7,620,Portugal,A165,2,0.8298895530433774
wave7,620,Portugal,E018,1,0.8748522701482625
wave7,620,Portugal,E018,2,0.08576823948309412
wave7,620,Portugal,E018,3,0.03937949036864364
wave7,620,Portugal,E025,1,0.2001810554131504
wave7,620,Portugal,E025,2,0.3548178567843498
wave7,620,Portugal,E025,3,0.4450010878024997
wave7,620,Portugal,F063,1,0.0799679509641517
wave7,620,Portugal,F063,10,0.26729318902692834
wave7,620,Portugal,F063,2,0.037168622936780846
wave7,620,Portugal,F063,3,0.031274855099515525
wave7,620,Portugal,F063,4,0.04578782876887713
wave7,620,Portugal,F063,5,0.10036748651789759
wave7,620,Portugal,F063,6,0.056796456066188966
wave7,620,Portugal,F063,7,0.13505113562319554
wave7,620,Portugal,F063,8,0.16044338523291055
wave7,620,Portugal,F063,9,0.08584908976355375
wave7,620,Portugal,F118,1,0.247868364321741
wave7,620,Portugal,F118,10,0.1436154125867191
wave7,620,Portugal,F118,2,0.049563839190438774
wave7,620,Portugal,F118,3,0.061721907753449594
wave7,620,Portugal,F118,4,0.0637404790935964
wave7,620,Portugal,F118,5,0.2550582504156478
wave7,620,Portugal,F118,6,0.050638167065827244
wave7,620,Portugal,F118,7,0.06364997507197337
wave7,620,Portugal,F118,8,0.03857253015320801
wave7,620,Portugal,F118,9,0.025571074347398817
wave7,620,Portugal,F120,1,0.26100876259051414
wave7,620,Portugal,F120,10,0.0735991114737533
wave7,620,Portugal,F120,2,0.05935740358681935
wave7,620,Portugal,F120,3,0.06181544572955056
wave7,620,Portugal,F120,4,0.049876025507091394
wave7,620,Portugal,F120,5,0.25270806535520285
wave7,620,Portugal,F120,6,0.06825408475869635
wave7,620,Portugal,F120,7,0.07987946916501884
wave7,620,Portugal,F120,8,0.06613749346392289
wave7,620,Portugal,F120,9,0.02736413836943025
wave7,620,Portugal,G006,1,0.7019369170425687
wave7,620,Portugal,G006,2,0.27167816177873505
wave7,620,Portugal,G006,3,0.020707423873722323
wave7,620,Portugal,G006,4,0.005677497304973864
wave7,620,Portugal,Y002,1,0.3716284336445397
wave7,620,Portugal,Y002,2,0.49600098834937495
wave7,620,Portugal,Y002,3,0.1323705780060855
wave7,630,Puerto Rico,A008,1,0.5053475935828877
wave7,630,Puerto Rico,A008,2,0.4037433155080214
wave7,630,Puerto Rico,A008,3,0.0748663101604278
wave7,630,Puerto Rico,A008,4,0.016042780748663103
wave7,630,Puerto Rico,A165,1,0.17831541218637992
wave7,630,Puerto Rico,A165,2,0.8216845878136201
wave7,630,Puerto Rico,E018,1,0.8871978513876455
wave7,630,Puerto Rico,E018,2,0.05998209489704566
wave7,630,Puerto Rico,E018,3,0.052820053715308866
wave7,630,Puerto Rico,E025,1,0.22502250225022502
wave7,630,Puerto Rico,E025,2,0.39243924392439244
wave7,630,Puerto Rico,E025,3,0.38253825382538253
wave7,630,Puerto Rico,F063,1,0.027051397655545536
wave7,630,Puerto Rico,F063,10,0.8376916140667268
wave7,630,Puerto Rico,F063,2,0.0018034265103697023
wave7,630,Puerto Rico,F063,3,0.005410279531109108
wave7,630,Puerto Rico,F063,4,0.004508566275924256
wave7,630,Puerto Rico,F063,5,0.023444544634806132
wave7,630,Puerto Rico,F063,6,0.018034265103697024
wave7,630,Puerto Rico,F063,7,0.027051397655545536
wave7,630,Puerto Rico,F063,8,0.027051397655545536
wave7,630,Puerto Rico,F063,9,0.027953110910730387
wave7,630,Puerto Rico,F118,1,0.3002729754322111
wave7,630,Puerto Rico,F118,10,0.31392174704276615
wave7,630,Puerto Rico,F118,2,0.014558689717925387
wave7,630,Puerto Rico,F118,3,0.029117379435850774
wave7,630,Puerto Rico,F118,4,0.022747952684258416
wave7,630,Puerto Rico,F118,5,0.17015468607825296
wave7,630,Puerto Rico,F118,6,0.052775250227479524
wave7,630,Puerto Rico,F118,7,0.030937215650591446
wave7,630,Puerto Rico,F118,8,0.04185623293903549
wave7,630,Puerto Rico,F118,9,0.023657870791628753
wave7,630,Puerto Rico,F120,1,0.6606982990152194
wave7,630,Puerto Rico,F120,10,0.08325872873769025
wave7,630,Puerto Rico,F120,2,0.025067144136078783
wave7,630,Puerto Rico,F120,3,0.03043867502238138
wave7,630,Puerto Rico,F120,4,0.012533572068039392
wave7,630,Puerto Rico,F120,5,0.10564010743061773
wave7,630,Puerto Rico,F120,6,0.03491495076096687
wave7,630,Puerto Rico,F120,7,0.01611459265890779
wave7,630,Puerto Rico,F120,8,0.011638316920322292
wave7,630,Puerto Rico,F120,9,0.019695613249776187
wave7,630,Puerto Rico,G006,1,0.8908256880733945
wave7,630,Puerto Rico,G006,2,0.07706422018348624
wave7,630,Puerto Rico,G006,3,0.022018348623853212
wave7,630,Puerto Rico,G006,4,0.010091743119266056
wave7,630,Puerto Rico,Y002,1,0.1574074074074074
wave7,630,Puerto Rico,Y002,2,0.6625514403292181
wave7,630,Puerto Rico,Y002,3,0.1800411522633745
wave7,642,Romania,A008,1,0.20432436234268797
wave7,642,Romania,A008,2,0.5823793158753562
wave7,642,Romania,A008,3,0.18230655520532218
wave7,642,Romania,A008,4,0.030989766576633625
wave7,642,Romania,A165,1,0.12333877804635066
wave7,642,Romania,A165,2,0.8766612219536495
wave7,642,Romania,E018,1,0.6888471868579584
wave7,642,Romania,E018,2,0.18940878217427437
wave7,642,Romania,E018,3,0.12174403096776706
wave7,642,Romania,E025,1,0.13622855915210927
wave7,642,Romania,E025,2,0.33350017946106697
wave7,642,Romania,E025,3,0.5302712613868238
wave7,642,Romania,F063,1,0.020545118000263898
wave7,642,Romania,F063,10,0.596534810004279
wave7,642,Romania,F063,2,0.003954192420064411
wave7,642,Romania,F063,3,0.012020997565565345
wave7,642,Romania,F063,4,0.01658152456511725
wave7,642,Romania,F063,5,0.05115584570443971
wave7,642,Romania,F063,6,0.04665821113850944
wave7,642,Romania,F063,7,0.05908155486952918
wave7,642,Romania,F063,8,0.10823647391648286
wave7,642,Romania,F063,9,0.085231271815749
wave7,642,Romania,F118,1,0.6971570513970051
wave7,642,Romania,F118,10,0.027963881164337307
wave7,642,Romania,F118,2,0.054445265079224515
wave7,642,Romania,F118,3,0.04106106091264387
wave7,642,Romania,F118,4,0.0299706421483353
wave7,642,Romania,F118,5,0.056387487538579625
wave7,642,Romania,F118,6,0.04970205944325254
wave7,642,Romania,F118,7,0.018402731696123796
wave7,642,Romania,F118,8,0.014431861392621837
wave7,642,Romania,F118,9,0.010477959227875982
wave7,642,Romania,F120,1,0.5012537076313504
wave7,642,Romania,F120,10,0.03382849328001433
wave7,642,Romania,F120,2,0.05564297034176343
wave7,642,Romania,F120,3,0.0626295305244501
wave7,642,Romania,F120,4,0.0574139708329654
wave7,642,Romania,F120,5,0.10303303722934712
wave7,642,Romania,F120,6,0.08018633325275731
wave7,642,Romania,F120,7,0.034941977889203335
wave7,642,Romania,F120,8,0.03405926080293855
wave7,642,Romania,F120,9,0.03701071821520997
wave7,642,Romania,G006,1,0.5027034729506806
wave7,642,Romania,G006,2,0.3957264819104053
wave7,642,Romania,G006,3,0.08514560352068702
wave7,642,Romania,G006,4,0.016424441618226968
wave7,642,Romania,Y002,1,0.3061223946240706
wave7,642,Romania,Y002,2,0.5923370188462302
wave7,642,Romania,Y002,3,0.10154058652969905
wave7,643,Russia,A008,1,0.15169903374620744
wave7,643,Russia,A008,2,0.6671196305172132
wave7,643,Russia,A008,3,0.16460232254795726
wave7,643,Russia,A008,4,0.016579013188622052
wave7,643,Russia,A165,1,0.23580577156519172
wave7,643,Russia,A165,2,0.7641942284348082
wave7,643,Russia,E018,1,0.5497521835175142
wave7,643,Russia,E018,2,0.3290734513247704
wave7,643,Russia,E018,3,0.12117436515771533
wave7,643,Russia,E025,1,0.11847148458781318
wave7,643,Russia,E025,2,0.28401906449452985
wave7,643,Russia,E025,3,0.597509450917657
wave7,643,Russia,F063,1,0.10395321587112857
wave7,643,Russia,F063,10,0.1921606091586087
wave7,643,Russia,F063,2,0.03798592817531046
wave7,643,Russia,F063,3,0.049898431648529286
wave7,643,Russia,F063,4,0.04795170595053593
wave7,643,Russia,F063,5,0.16723274344764238
wave7,643,Russia,F063,6,0.11520253713767922
wave7,643,Russia,F063,7,0.11247408509015928
wave7,643,Russia,F063,8,0.11055108690636282
wave7,643,Russia,F063,9,0.06258965661404331
wave7,643,Russia,F118,1,0.6292073622589937
wave7,643,Russia,F118,10,0.03405231185822374
wave7,643,Russia,F118,2,0.08033649995359587
wave7,643,Russia,F118,3,0.04796923972636392
wave7,643,Russia,F118,4,0.043000961433066004
wave7,643,Russia,F118,5,0.07035016625313398
wave7,643,Russia,F118,6,0.04014294102726827
wave7,643,Russia,F118,7,0.026911373168948496
wave7,643,Russia,F118,8,0.01744118877333397
wave7,643,Russia,F118,9,0.010587955547072148
wave7,643,Russia,F120,1,0.2764159911949025
wave7,643,Russia,F120,10,0.0916224464884275
wave7,643,Russia,F120,2,0.06145054799226516
wave7,643,Russia,F120,3,0.07084395799936324
wave7,643,Russia,F120,4,0.07290198113712999
wave7,643,Russia,F120,5,0.14934856332141253
wave7,643,Russia,F120,6,0.09229717886026384
wave7,643,Russia,F120,7,0.07533834248529905
wave7,643,Russia,F120,8,0.07143614982235828
wave7,643,Russia,F120,9,0.03834484069857803
wave7,643,Russia,G006,1,0.4878781064794409
wave7,643,Russia,G006,2,0.42721907363675066
wave7,643,Russia,G006,3,0.061388140818113064
wave7,643,Russia,G006,4,0.0235146790656952
wave7,643,Russia,Y002,1,0.539086898509181
wave7,643,Russia,Y002,2,0.42607076864583754
wave7,643,Russia,Y002,3,0.034842332844981526
wave7,688,Serbia,A008,1,0.16084807568084816
wave7,688,Serbia,A008,2,0.6423210097428971
wave7,688,Serbia,A008,3,0.18207722090193307
wave7,688,Serbia,A008,4,0.014753693674321703
wave7,688,Serbia,A165,1,0.16886075944150164
wave7,688,Serbia,A165,2,0.8311392405584984
wave7,688,Serbia,E018,1,0.506500967773247
wave7,688,Serbia,E018,2,0.2836161698576831
wave7,688,Serbia,E018,3,0.20988286236906983
wave7,688,Serbia,E025,1,0.28579633428653295
wave7,688,Serbia,E025,2,0.40511458496235137
wave7,688,Serbia,E025,3,0.3090890807511157
wave7,688,Serbia,F063,1,0.07007497270141425
wave7,688,Serbia,F063,10,0.2294079851001058
wave7,688,Serbia,F063,2,0.037496427339513305
wave7,688,Serbia,F063,3,0.04128767210232784
wave7,688,Serbia,F063,4,0.03512107239638698
wave7,688,Serbia,F063,5,0.12824880713671047
wave7,688,Serbia,F063,6,0.08053723157393186
wave7,688,Serbia,F063,7,0.12714049661554863
wave7,688,Serbia,F063,8,0.140156462060908
wave7,688,Serbia,F063,9,0.11052887297315285
wave7,688,Serbia,F118,1,0.5745313589672812
wave7,688,Serbia,F118,10,0.07419767597443921
wave7,688,Serbia,F118,2,0.05873000353592345
wave7,688,Serbia,F118,3,0.047521589063507355
wave7,688,Serbia,F118,4,0.03819553882536766
wave7,688,Serbia,F118,5,0.11630739216854563
wave7,688,Serbia,F118,6,0.025527753805294533
wave7,688,Serbia,F118,7,0.02161013824519495
wave7,688,Serbia,F118,8,0.023300558105292253
wave7,688,Serbia,F118,9,0.02007799130915367
wave7,688,Serbia,F120,1,0.3311157503732731
wave7,688,Serbia,F120,10,0.08078877792630806
wave7,688,Serbia,F120,2,0.051789467200002215
wave7,688,Serbia,F120,3,0.0732287120784885
wave7,688,Serbia,F120,4,0.06607062458799645
wave7,688,Serbia,F120,5,0.2025557298823132
wave7,688,Serbia,F120,6,0.07749103492339972
wave7,688,Serbia,F120,7,0.056966424152728845
wave7,688,Serbia,F120,8,0.04348651578747498
wave7,688,Serbia,F120,9,0.016506963088014963
wave7,688,Serbia,G006,1,0.3930980890866935
wave7,688,Serbia,G006,2,0.45348315929069055
wave7,688,Serbia,G006,3,0.12894404007230814
wave7,688,Serbia,G006,4,0.024474711550307754
wave7,688,Serbia,Y002,1,0.36326457486366126
wave7,688,Serbia,Y002,2,0.5536800034085188
wave7,688,Serbia,Y002,3,0.08305542172782007
wave7,702,Singapore,A008,1,0.25870364260355655
wave7,702,Singapore,A008,2,0.6323078982722107
wave7,702,Singapore,A008,3,0.09880353294868781
wave7,702,Singapore,A008,4,0.010184926175544999
wave7,702,Singapore,A165,1,0.3462187018058419
wave7,702,Singapore,A165,2,0.6537812981941582
wave7,702,Singapore,E018,1,0.38855619846820066
wave7,702,Singapore,E018,2,0.4629772333390669
wave7,702,Singapore,E018,3,0.14846656819273235
wave7,702,Singapore,E025,1,0.1519979758358772
wave7,702,Singapore,E025,2,0.2874742847833489
wave7,702,Singapore,E025,3,0.5605277393807738
wave7,702,Singapore,F063,1,0.08900006617298371
wave7,702,Singapore,F063,10,0.2895134801206619
wave7,702,Singapore,F063,2,0.036961139988649465
wave7,702,Singapore,F063,3,0.056044292284786315
wave7,702,Singapore,F063,4,0.03115285727527678
wave7,702,Singapore,F063,5,0.15538021353592654
wave7,702,Singapore,F063,6,0.06978320624315626
wave7,702,Singapore,F063,7,0.08565044257549555
wave7,702,Singapore,F063,8,0.1280448543886222
wave7,702,Singapore,F063,9,0.05846944741444126
wave7,702,Singapore,F118,1,0.46209236340908516
wave7,702,Singapore,F118,10,0.085679302664228
wave7,702,Singapore,F118,2,0.06043866936326565
wave7,702,Singapore,F118,3,0.07050613528660382
wave7,702,Singapore,F118,4,0.03413817345349904
wave7,702,Singapore,F118,5,0.1745788742108001
wave7,702,Singapore,F118,6,0.02429076399256748
wave7,702,Singapore,F118,7,0.04216666661565264
wave7,702,Singapore,F118,8,0.032420028222945575
wave7,702,Singapore,F118,9,0.01368902278135262
wave7,702,Singapore,F120,1,0.4261174921174762
wave7,702,Singapore,F120,10,0.04775881395004292
wave7,702,Singapore,F120,2,0.08592957877166117
wave7,702,Singapore,F120,3,0.09070196972292736
wave7,702,Singapore,F120,4,0.03447421524431604
wave7,702,Singapore,F120,5,0.19312161519641288
wave7,702,Singapore,F120,6,0.0359473725194762
wave7,702,Singapore,F120,7,0.039463575214604675
wave7,702,Singapore,F120,8,0.037105360847140785
wave7,702,Singapore,F120,9,0.009380006415941802
wave7,702,Singapore,G006,1,0.5177556487327635
wave7,702,Singapore,G006,2,0.4058364201900809
wave7,702,Singapore,G006,3,0.06351948889988773
wave7,702,Singapore,G006,4,0.012888442177267931
wave7,702,Singapore,Y002,1,0.3163145201759593
wave7,702,Singapore,Y002,2,0.5983737048113316
wave7,702,Singapore,Y002,3,0.08531177501270934
wave7,703,Slovakia,A008,1,0.14039831800967117
wave7,703,Slovakia,A008,2,0.6462239162490597
wave7,703,Slovakia,A008,3,0.18248238959565405
wave7,703,Slovakia,A008,4,0.030895376145614925
wave7,703,Slovakia,A165,1,0.21817111642828274
wave7,703,Slovakia,A165,2,0.7818288835717173
wave7,703,Slovakia,E018,1,0.5626867439682262
wave7,703,Slovakia,E018,2,0.2895076071044438
wave7,703,Slovakia,E018,3,0.14780564892732995
wave7,703,Slovakia,E025,1,0.4292574232417536
wave7,703,Slovakia,E025,2,0.3284618434879648
wave7,703,Slovakia,E025,3,0.2422807332702815
wave7,703,Slovakia,F063,1,0.13099226722293283
wave7,703,Slovakia,F063,10,0.1853587054349472
wave7,703,Slovakia,F063,2,0.06396168341212183
wave7,703,Slovakia,F063,3,0.05595437350252372
wave7,703,Slovakia,F063,4,0.04146192160609952
wave7,703,Slovakia,F063,5,0.12071433229216005
wave7,703,Slovakia,F063,6,0.08554018387689777
wave7,703,Slovakia,F063,7,0.10810994023395279
wave7,703,Slovakia,F063,8,0.11387496251938764
wave7,703,Slovakia,F063,9,0.0940316298989766
wave7,703,Slovakia,F118,1,0.20364910270459102
wave7,703,Slovakia,F118,10,0.11420695751795187
wave7,703,Slovakia,F118,2,0.06473073274812821
wave7,703,Slovakia,F118,3,0.06426179096639317
wave7,703,Slovakia,F118,4,0.05972988527545049
wave7,703,Slovakia,F118,5,0.18137585061264183
wave7,703,Slovakia,F118,6,0.09486931361914333
wave7,703,Slovakia,F118,7,0.08499760949852622
wave7,703,Slovakia,F118,8,0.08809318209248831
wave7,703,Slovakia,F118,9,0.04408557496468554
wave7,703,Slovakia,F120,1,0.1965244621527467
wave7,703,Slovakia,F120,10,0.07992874972237907
wave7,703,Slovakia,F120,2,0.04634571387786089
wave7,703,Slovakia,F120,3,0.0639442772158656
wave7,703,Slovakia,F120,4,0.07707279058930722
wave7,703,Slovakia,F120,5,0.1762678365624265
wave7,703,Slovakia,F120,6,0.09669507622913462
wave7,703,Slovakia,F120,7,0.102846474442505
wave7,703,Slovakia,F120,8,0.1098612272156877
wave7,703,Slovakia,F120,9,0.05051339199208677
wave7,703,Slovakia,G006,1,0.34574339964387746
wave7,703,Slovakia,G006,2,0.5217068094199084
wave7,703,Slovakia,G006,3,0.11314156726220582
wave7,703,Slovakia,G006,4,0.019408223674008355
wave7,703,Slovakia,Y002,1,0.33638538152594244
wave7,703,Slovakia,Y002,2,0.5783192030479518
wave7,703,Slovakia,Y002,3,0.08529541542610569
wave7,704,Vietnam,A008,1,0.4791666666666667
wave7,704,Vietnam,A008,2,0.49416666666666664
wave7,704,Vietnam,A008,3,0.021666666666666667
wave7,704,Vietnam,A008,4,0.005
wave7,704,Vietnam,A165,1,0.27666666666666667
wave7,704,Vietnam,A165,2,0.7233333333333334
wave7,704,Vietnam,E018,1,0.8358333333333333
wave7,704,Vietnam,E018,2,0.15583333333333332
wave7,704,Vietnam,E018,3,0.008333333333333333
wave7,704,Vietnam,E025,1,0.03916666666666667
wave7,704,Vietnam,E025,2,0.205
wave7,704,Vietnam,E025,3,0.7558333333333334
wave7,704,Vietnam,F063,1,0.0975
wave7,704,Vietnam,F063,10,0.1525
wave7,704,Vietnam,F063,2,0.03
wave7,704,Vietnam,F063,3,0.041666666666666664
wave7,704,Vietnam,F063,4,0.050833333333333335
wave7,704,Vietnam,F063,5,0.22666666666666666
wave7,704,Vietnam,F063,6,0.1225
wave7,704,Vietnam,F063,7,0.11916666666666667
wave7,704,Vietnam,F063,8,0.11833333333333333
wave7,704,Vietnam,F063,9,0.04083333333333333
wave7,704,Vietnam,F118,1,0.0925
wave7,704,Vietnam,F118,10,0.13
wave7,704,Vietnam,F118,2,0.04416666666666667
wave7,704,Vietnam,F118,3,0.09083333333333334
wave7,704,Vietnam,F118,4,0.09416666666666666
wave7,704,Vietnam,F118,5,0.11166666666666666
wave7,704,Vietnam,F118,6,0.25166666666666665
wave7,704,Vietnam,F118,7,0.07416666666666667
wave7,704,Vietnam,F118,8,0.0725
wave7,704,Vietnam,F118,9,0.03833333333333333
wave7,704,Vietnam,F120,1,0.22166666666666668
wave7,704,Vietnam,F120,10,0.034166666666666665
wave7,704,Vietnam,F120,2,0.08416666666666667
wave7,704,Vietnam,F120,3,0.1375
wave7,704,Vietnam,F120,4,0.11166666666666666
wave7,704,Vietnam,F120,5,0.10333333333333333
wave7,704,Vietnam,F120,6,0.19083333333333333
wave7,704,Vietnam,F120,7,0.03916666666666667
wave7,704,Vietnam,F120,8,0.056666666666666664
wave7,704,Vietnam,F120,9,0.020833333333333332
wave7,704,Vietnam,G006,1,0.5941666666666666
wave7,704,Vietnam,G006,2,0.355
wave7,704,Vietnam,G006,3,0.0475
wave7,704,Vietnam,G006,4,0.0033333333333333335
wave7,704,Vietnam,Y002,1,0.23
wave7,704,Vietnam,Y002,2,0.6391666666666667
wave7,704,Vietnam,Y002,3,0.13083333333333333
wave7,705,Slovenia,A008,1,0.2099204431322309
wave7,705,Slovenia,A008,2,0.6267842026689626
wave7,705,Slovenia,A008,3,0.15743772093084954
wave7,705,Slovenia,A008,4,0.005857633267956919
wave7,705,Slovenia,A165,1,0.256520626600382
wave7,705,Slovenia,A165,2,0.7434793733996179
wave7,705,Slovenia,E018,1,0.5442166349638762
wave7,705,Slovenia,E018,2,0.3131755486808193
wave7,705,Slovenia,E018,3,0.14260781635530442
wave7,705,Slovenia,E025,1,0.3535137801372669
wave7,705,Slovenia,E025,2,0.3368145732769692
wave7,705,Slovenia,E025,3,0.3096716465857642
wave7,705,Slovenia,F063,1,0.25695926429533794
wave7,705,Slovenia,F063,10,0.13407889373699305
wave7,705,Slovenia,F063,2,0.044540185918807096
wave7,705,Slovenia,F063,3,0.06543302404656239
wave7,705,Slovenia,F063,4,0.055590891024315435
wave7,705,Slovenia,F063,5,0.15124586246273738
wave7,705,Slovenia,F063,6,0.08016232049791018
wave7,705,Slovenia,F063,7,0.07934935451179875
wave7,705,Slovenia,F063,8,0.09245678776846843
wave7,705,Slovenia,F063,9,0.04018341573706928
wave7,705,Slovenia,F118,1,0.2640637400224562
wave7,705,Slovenia,F118,10,0.24941328529428355
wave7,705,Slovenia,F118,2,0.04276954897839329
wave7,705,Slovenia,F118,3,0.03644912261062288
wave7,705,Slovenia,F118,4,0.02950896669541638
wave7,705,Slovenia,F118,5,0.1566720411327757
wave7,705,Slovenia,F118,6,0.05012218065206334
wave7,705,Slovenia,F118,7,0.058424091268252036
wave7,705,Slovenia,F118,8,0.06525302391874055
wave7,705,Slovenia,F118,9,0.04732399942699599
wave7,705,Slovenia,F120,1,0.12196515226019965
wave7,705,Slovenia,F120,10,0.256317321414207
wave7,705,Slovenia,F120,2,0.02430480197107532
wave7,705,Slovenia,F120,3,0.04744953509270851
wave7,705,Slovenia,F120,4,0.02918844537274743
wave7,705,Slovenia,F120,5,0.1910698063290672
wave7,705,Slovenia,F120,6,0.058291924634454644
wave7,705,Slovenia,F120,7,0.06330975143490969
wave7,705,Slovenia,F120,8,0.13967980156914572
wave7,705,Slovenia,F120,9,0.06842345992148469
wave7,705,Slovenia,G006,1,0.5372686669742394
wave7,705,Slovenia,G006,2,0.3795577445265488
wave7,705,Slovenia,G006,3,0.07144105705266411
wave7,705,Slovenia,G006,4,0.011732531446547671
wave7,705,Slovenia,Y002,1,0.13696650543695296
wave7,705,Slovenia,Y002,2,0.6072314690587054
wave7,705,Slovenia,Y002,3,0.25580202550434167
wave7,716,Zimbabwe,A008,1,0.1771004942339374
wave7,716,Zimbabwe,A008,2,0.342668863261944
wave7,716,Zimbabwe,A008,3,0.31960461285008235
wave7,716,Zimbabwe,A008,4,0.16062602965403625
wave7,716,Zimbabwe,A165,1,0.0214168039538715
wave7,716,Zimbabwe,A165,2,0.9785831960461285
wave7,716,Zimbabwe,E018,1,0.8700331125827815
wave7,716,Zimbabwe,E018,2,0.08774834437086093
wave7,716,Zimbabwe,E018,3,0.042218543046357616
wave7,716,Zimbabwe,E025,1,0.08833333333333333
wave7,716,Zimbabwe,E025,2,0.2658333333333333
wave7,716,Zimbabwe,E025,3,0.6458333333333334
wave7,716,Zimbabwe,F063,1,0.008237232289950576
wave7,716,Zimbabwe,F063,10,0.943986820428336
wave7,716,Zimbabwe,F063,2,0.0
wave7,716,Zimbabwe,F063,3,0.0008237232289950577
wave7,716,Zimbabwe,F063,4,0.0
wave7,716,Zimbabwe,F063,5,0.004942339373970346
wave7,716,Zimbabwe,F063,6,0.002471169686985173
wave7,716,Zimbabwe,F063,7,0.004118616144975288
wave7,716,Zimbabwe,F063,8,0.01070840197693575
wave7,716,Zimbabwe,F063,9,0.02471169686985173
wave7,716,Zimbabwe,F118,1,0.8622112211221122
wave7,716,Zimbabwe,F118,10,0.038778877887788776
wave7,716,Zimbabwe,F118,2,0.028877887788778877
wave7,716,Zimbabwe,F118,3,0.013201320132013201
wave7,716,Zimbabwe,F118,4,0.004125412541254125
wave7,716,Zimbabwe,F118,5,0.02145214521452145
wave7,716,Zimbabwe,F118,6,0.0049504950495049506
wave7,716,Zimbabwe,F118,7,0.006600660066006601
wave7,716,Zimbabwe,F118,8,0.00825082508250825
wave7,716,Zimbabwe,F118,9,0.01155115511551155
wave7,716,Zimbabwe,F120,1,0.8466611706512778
wave7,716,Zimbabwe,F120,10,0.03792250618301731
wave7,716,Zimbabwe,F120,2,0.03215169002473207
wave7,716,Zimbabwe,F120,3,0.014014839241549877
wave7,716,Zimbabwe,F120,4,0.01483924154987634
wave7,716,Zimbabwe,F120,5,0.016488046166529265
wave7,716,Zimbabwe,F120,6,0.008244023083264633
wave7,716,Zimbabwe,F120,7,0.005770816158285243
wave7,716,Zimbabwe,F120,8,0.009068425391591096
wave7,716,Zimbabwe,F120,9,0.01483924154987634
wave7,716,Zimbabwe,G006,1,0.6617038875103392
wave7,716,Zimbabwe,G006,2,0.16046319272125723
wave7,716,Zimbabwe,G006,3,0.09429280397022333
wave7,716,Zimbabwe,G006,4,0.08354011579818031
wave7,716,Zimbabwe,Y002,1,0.3884297520661157
wave7,716,Zimbabwe,Y002,2,0.543801652892562
wave7,716,Zimbabwe,Y002,3,0.06776859504132231
wave7,724,Spain,A008,1,0.21815496462349582
wave7,724,Spain,A008,2,0.6715246392491089
wave7,724,Spain,A008,3,0.09801636525715825
wave7,724,Spain,A008,4,0.01230403087023718
wave7,724,Spain,A165,1,0.4151286910434085
wave7,724,Spain,A165,2,0.5848713089565917
wave7,724,Spain,E018,1,0.6879021400470474
wave7,724,Spain,E018,2,0.16894403168075617
wave7,724,Spain,E018,3,0.1431538282721964
wave7,724,Spain,E025,1,0.3979069256977512
wave7,724,Spain,E025,2,0.2819195807454444
wave7,724,Spain,E025,3,0.3201734935568044
wave7,724,Spain,F063,1,0.20180601146727273
wave7,724,Spain,F063,10,0.11134923990381465
wave7,724,Spain,F063,2,0.058660883529228186
wave7,724,Spain,F063,3,0.056911279582489635
wave7,724,Spain,F063,4,0.04684538678212348
wave7,724,Spain,F063,5,0.11975797464622844
wave7,724,Spain,F063,6,0.08813306108387513
wave7,724,Spain,F063,7,0.11095084338649952
wave7,724,Spain,F063,8,0.13042040318714007
wave7,724,Spain,F063,9,0.07516491643132835
wave7,724,Spain,F118,1,0.10343293134045414
wave7,724,Spain,F118,10,0.31238906600260025
wave7,724,Spain,F118,2,0.029138507743544227
wave7,724,Spain,F118,3,0.03540128305564178
wave7,724,Spain,F118,4,0.03010865804457769
wave7,724,Spain,F118,5,0.10998057427879217
wave7,724,Spain,F118,6,0.06743626571656938
wave7,724,Spain,F118,7,0.07752070204011755
wave7,724,Spain,F118,8,0.11975090582606791
wave7,724,Spain,F118,9,0.11484110595163506
wave7,724,Spain,F120,1,0.1768513512111203
wave7,724,Spain,F120,10,0.20428335903355785
wave7,724,Spain,F120,2,0.05186995345147419
wave7,724,Spain,F120,3,0.03986932949686665
wave7,724,Spain,F120,4,0.04377836721953684
wave7,724,Spain,F120,5,0.09372349539556547
wave7,724,Spain,F120,6,0.08413269545808136
wave7,724,Spain,F120,7,0.09086618190787171
wave7,724,Spain,F120,8,0.11217339443103111
wave7,724,Spain,F120,9,0.10245187239489455
wave7,724,Spain,G006,1,0.4217160521318006
wave7,724,Spain,G006,2,0.42621984868174917
wave7,724,Spain,G006,3,0.10068292863206009
wave7,724,Spain,G006,4,0.05138117055439017
wave7,724,Spain,Y002,1,0.1980604302468105
wave7,724,Spain,Y002,2,0.5087718948560812
wave7,724,Spain,Y002,3,0.2931676748971084
wave7,752,Sweden,A008,1,0.39413596903043197
wave7,752,Sweden,A008,2,0.5444336232288165
wave7,752,Sweden,A008,3,0.05560194435047448
wave7,752,Sweden,A008,4,0.0058284633902768316
wave7,752,Sweden,A165,1,0.6376987728816811
wave7,752,Sweden,A165,2,0.36230122711831864
wave7,752,Sweden,E018,1,0.35927129088311144
wave7,752,Sweden,E018,2,0.24259648365124703
wave7,752,Sweden,E018,3,0.3981322254656415
wave7,752,Sweden,E025,1,0.6818222696799
wave7,752,Sweden,E025,2,0.26686825994554664
wave7,752,Sweden,E025,3,0.051309470374553544
wave7,752,Sweden,F063,1,0.4678784205029504
wave7,752,Sweden,F063,10,0.0939594965347614
wave7,752,Sweden,F063,2,0.07538251398349573
wave7,752,Sweden,F063,3,0.08091137712572788
wave7,752,Sweden,F063,4,0.04891409540746369
wave7,752,Sweden,F063,5,0.0812843980718736
wave7,752,Sweden,F063,6,0.04544269532569487
wave7,752,Sweden,F063,7,0.05657652770386986
wave7,752,Sweden,F063,8,0.03607474533983149
wave7,752,Sweden,F063,9,0.013575730004331205
wave7,752,Sweden,F118,1,0.062444527402046916
wave7,752,Sweden,F118,10,0.7230023856958154
wave7,752,Sweden,F118,2,0.005828370174717622
wave7,752,Sweden,F118,3,0.013419304231622214
wave7,752,Sweden,F118,4,0.0075484364348583945
wave7,752,Sweden,F118,5,0.06621414381748193
wave7,752,Sweden,F118,6,0.010923127463936153
wave7,752,Sweden,F118,7,0.015678415899047077
wave7,752,Sweden,F118,8,0.04663372389765516
wave7,752,Sweden,F118,9,0.048307564982819344
wave7,752,Sweden,F120,1,0.04665223532546167
wave7,752,Sweden,F120,10,0.5164637496053511
wave7,752,Sweden,F120,2,0.011774324464889263
wave7,752,Sweden,F120,3,0.01644864823848268
wave7,752,Sweden,F120,4,0.019954896779148815
wave7,752,Sweden,F120,5,0.081956604342998
wave7,752,Sweden,F120,6,0.029382583776149843
wave7,752,Sweden,F120,7,0.04605014101492544
wave7,752,Sweden,F120,8,0.12601292655780943
wave7,752,Sweden,F120,9,0.10530388989478368
wave7,752,Sweden,G006,1,0.555838958885273
wave7,752,Sweden,G006,2,0.3676120223961135
wave7,752,Sweden,G006,3,0.06599227754485688
wave7,752,Sweden,G006,4,0.010556741173756528
wave7,752,Sweden,Y002,1,0.027068773223601576
wave7,752,Sweden,Y002,2,0.7196015606240046
wave7,752,Sweden,Y002,3,0.25332966615239394
wave7,756,Switzerland,A008,1,0.3497912165388246
wave7,756,Switzerland,A008,2,0.5888825245407776
wave7,756,Switzerland,A008,3,0.0549674582249154
wave7,756,Switzerland,A008,4,0.006358800695482339
wave7,756,Switzerland,A165,1,0.5928308586824198
wave7,756,Switzerland,A165,2,0.40716914131758014
wave7,756,Switzerland,E018,1,0.452327431218668
wave7,756,Switzerland,E018,2,0.2592870946732677
wave7,756,Switzerland,E018,3,0.28838547410806437
wave7,756,Switzerland,E025,1,0.6936272087443098
wave7,756,Switzerland,E025,2,0.2416543245087233
wave7,756,Switzerland,E025,3,0.06471846674696682
wave7,756,Switzerland,F063,1,0.23348544642985058
wave7,756,Switzerland,F063,10,0.14828610209391968
wave7,756,Switzerland,F063,2,0.07865497895953052
wave7,756,Switzerland,F063,3,0.06811035212725192
wave7,756,Switzerland,F063,4,0.04375619560724986
wave7,756,Switzerland,F063,5,0.13064771225896488
wave7,756,Switzerland,F063,6,0.07133050629044398
wave7,756,Switzerland,F063,7,0.08261722837629419
wave7,756,Switzerland,F063,8,0.09952642655361146
wave7,756,Switzerland,F063,9,0.04358505130288301
wave7,756,Switzerland,F118,1,0.06266836899023417
wave7,756,Switzerland,F118,10,0.470245544388561
wave7,756,Switzerland,F118,2,0.021617773938791763
wave7,756,Switzerland,F118,3,0.03829817119261787
wave7,756,Switzerland,F118,4,0.021057400610036164
wave7,756,Switzerland,F118,5,0.12737226623435519
wave7,756,Switzerland,F118,6,0.04404656218783361
wave7,756,Switzerland,F118,7,0.04956063374219718
wave7,756,Switzerland,F118,8,0.08775832606712029
wave7,756,Switzerland,F118,9,0.07737495264825267
wave7,756,Switzerland,F120,1,0.0820212848939714
wave7,756,Switzerland,F120,10,0.19016060468905774
wave7,756,Switzerland,F120,2,0.048063299047248695
wave7,756,Switzerland,F120,3,0.05989012320239238
wave7,756,Switzerland,F120,4,0.04035285145618049
wave7,756,Switzerland,F120,5,0.19939964717460154
wave7,756,Switzerland,F120,6,0.07400764324448794
wave7,756,Switzerland,F120,7,0.09180812694286973
wave7,756,Switzerland,F120,8,0.1452149532637106
wave7,756,Switzerland,F120,9,0.06908146608547952
wave7,756,Switzerland,G006,1,0.4567912590214569
wave7,756,Switzerland,G006,2,0.4296568185261117
wave7,756,Switzerland,G006,3,0.08829206064699437
wave7,756,Switzerland,G006,4,0.025259861805437007
wave7,756,Switzerland,Y002,1,0.18265084756799443
wave7,756,Switzerland,Y002,2,0.6152352353420878
wave7,756,Switzerland,Y002,3,0.20211391708991766
wave7,764,Thailand,A008,1,0.3210341568113685
wave7,764,Thailand,A008,2,0.5165376136418477
wave7,764,Thailand,A008,3,0.15144393886629912
wave7,764,Thailand,A008,4,0.010984290680484489
wave7,764,Thailand,A165,1,0.3057333362242983
wave7,764,Thailand,A165,2,0.6942666637757017
wave7,764,Thailand,E018,1,0.21598462213883332
wave7,764,Thailand,E018,2,0.2658998432681031
wave7,764,Thailand,E018,3,0.5181155345930637
wave7,764,Thailand,E025,1,0.12786213501710028
wave7,764,Thailand,E025,2,0.271276428379072
wave7,764,Thailand,E025,3,0.6008614366038275
wave7,764,Thailand,F063,1,0.2718425343016246
wave7,764,Thailand,F063,10,0.1299625783409856
wave7,764,Thailand,F063,2,0.0339085748632638
wave7,764,Thailand,F063,3,0.034563278255445466
wave7,764,Thailand,F063,4,0.04285790058361864
wave7,764,Thailand,F063,5,0.16340045065127554
wave7,764,Thailand,F063,6,0.09081112281889982
wave7,764,Thailand,F063,7,0.09715380272549437
wave7,764,Thailand,F063,8,0.08538621864856065
wave7,764,Thailand,F063,9,0.05011353881083164
wave7,764,Thailand,F118,1,0.2919494072116154
wave7,764,Thailand,F118,10,0.11531048544851519
wave7,764,Thailand,F118,2,0.12420572291619715
wave7,764,Thailand,F118,3,0.09340036412316524
wave7,764,Thailand,F118,4,0.058083456334263484
wave7,764,Thailand,F118,5,0.1269958289069151
wave7,764,Thailand,F118,6,0.04434706713124588
wave7,764,Thailand,F118,7,0.03539164921061138
wave7,764,Thailand,F118,8,0.06957689305388971
wave7,764,Thailand,F118,9,0.0407391256635816
wave7,764,Thailand,F120,1,0.5551199269423146
wave7,764,Thailand,F120,10,0.017406155324208965
wave7,764,Thailand,F120,2,0.12220440130876956
wave7,764,Thailand,F120,3,0.08424614181910116
wave7,764,Thailand,F120,4,0.05780114895008241
wave7,764,Thailand,F120,5,0.0946060401115379
wave7,764,Thailand,F120,6,0.027741436059744697
wave7,764,Thailand,F120,7,0.01875302474654439
wave7,764,Thailand,F120,8,0.01594392792654284
wave7,764,Thailand,F120,9,0.006177796811153546
wave7,764,Thailand,G006,1,0.7415368584235631
wave7,764,Thailand,G006,2,0.19974029957242087
wave7,764,Thailand,G006,3,0.04878257213243938
wave7,764,Thailand,G006,4,0.009940269871576524
wave7,764,Thailand,Y002,1,0.2331070800059341
wave7,764,Thailand,Y002,2,0.6711996155556308
wave7,764,Thailand,Y002,3,0.09569330443843521
wave7,788,Tunisia,A008,1,0.15339966832504145
wave7,788,Tunisia,A008,2,0.6135986733001658
wave7,788,Tunisia,A008,3,0.19900497512437812
wave7,788,Tunisia,A008,4,0.03399668325041459
wave7,788,Tunisia,A165,1,0.14249146757679182
wave7,788,Tunisia,A165,2,0.8575085324232082
wave7,788,Tunisia,E018,1,0.6147332768839966
wave7,788,Tunisia,E018,2,0.3082133784928027
wave7,788,Tunisia,E018,3,0.07705334462320068
wave7,788,Tunisia,E025,1,0.0711645101663586
wave7,788,Tunisia,E025,2,0.16543438077634012
wave7,788,Tunisia,E025,3,0.7634011090573013
wave7,788,Tunisia,F063,1,0.1582014987510408
wave7,788,Tunisia,F063,10,0.668609492089925
wave7,788,Tunisia,F063,2,0.01498751040799334
wave7,788,Tunisia,F063,3,0.013322231473771857
wave7,788,Tunisia,F063,4,0.01665278934221482
wave7,788,Tunisia,F063,5,0.020815986677768527
wave7,788,Tunisia,F063,6,0.02164862614487927
wave7,788,Tunisia,F063,7,0.02164862614487927
wave7,788,Tunisia,F063,8,0.02164862614487927
wave7,788,Tunisia,F063,9,0.042464612822647796
wave7,788,Tunisia,F118,1,0.8156797331109258
wave7,788,Tunisia,F118,10,0.003336113427856547
wave7,788,Tunisia,F118,2,0.08924103419516263
wave7,788,Tunisia,F118,3,0.041701417848206836
wave7,788,Tunisia,F118,4,0.020850708924103418
wave7,788,Tunisia,F118,5,0.012510425354462052
wave7,788,Tunisia,F118,6,0.009174311926605505
wave7,788,Tunisia,F118,7,0.003336113427856547
wave7,788,Tunisia,F118,8,0.0025020850708924102
wave7,788,Tunisia,F118,9,0.0016680567139282735
wave7,788,Tunisia,F120,1,0.5545378850957535
wave7,788,Tunisia,F120,10,0.02164862614487927
wave7,788,Tunisia,F120,2,0.08326394671107411
wave7,788,Tunisia,F120,3,0.06661115736885928
wave7,788,Tunisia,F120,4,0.07327227310574522
wave7,788,Tunisia,F120,5,0.0890924229808493
wave7,788,Tunisia,F120,6,0.04079933388842631
wave7,788,Tunisia,F120,7,0.03164029975020816
wave7,788,Tunisia,F120,8,0.026644462947543714
wave7,788,Tunisia,F120,9,0.012489592006661115
wave7,788,Tunisia,G006,1,0.6296914095079232
wave7,788,Tunisia,G006,2,0.26688907422852376
wave7,788,Tunisia,G006,3,0.07923269391159299
wave7,788,Tunisia,G006,4,0.02418682235195997
wave7,788,Tunisia,Y002,1,0.49554013875123887
wave7,788,Tunisia,Y002,2,0.4757185332011893
wave7,788,Tunisia,Y002,3,0.028741328047571853
wave7,792,Turkey,A008,1,0.2235147486497715
wave7,792,Turkey,A008,2,0.6294142085583714
wave7,792,Turkey,A008,3,0.1271292064810968
wave7,792,Turkey,A008,4,0.019941836310760283
wave7,792,Turkey,A165,1,0.14261603375527426
wave7,792,Turkey,A165,2,0.8573839662447258
wave7,792,Turkey,E018,1,0.40034217279726264
wave7,792,Turkey,E018,2,0.437125748502994
wave7,792,Turkey,E018,3,0.16253207869974337
wave7,792,Turkey,E025,1,0.08560311284046693
wave7,792,Turkey,E025,2,0.4254215304798962
wave7,792,Turkey,E025,3,0.4889753566796368
wave7,792,Turkey,F063,1,0.010842368640533779
wave7,792,Turkey,F063,10,0.45037531276063386
wave7,792,Turkey,F063,2,0.008757297748123435
wave7,792,Turkey,F063,3,0.013344453711426188
wave7,792,Turkey,F063,4,0.027105921601334446
wave7,792,Turkey,F063,5,0.08256880733944955
wave7,792,Turkey,F063,6,0.10008340283569642
wave7,792,Turkey,F063,7,0.10133444537114263
wave7,792,Turkey,F063,8,0.11551292743953294
wave7,792,Turkey,F063,9,0.09007506255212677
wave7,792,Turkey,F118,1,0.6974185357596276
wave7,792,Turkey,F118,10,0.004231908590774439
wave7,792,Turkey,F118,2,0.050359712230215826
wave7,792,Turkey,F118,3,0.050359712230215826
wave7,792,Turkey,F118,4,0.060516292848074485
wave7,792,Turkey,F118,5,0.06009310198899704
wave7,792,Turkey,F118,6,0.028353787558188744
wave7,792,Turkey,F118,7,0.024121878967414304
wave7,792,Turkey,F118,8,0.016927634363097757
wave7,792,Turkey,F118,9,0.00761743546339399
wave7,792,Turkey,F120,1,0.5591715976331361
wave7,792,Turkey,F120,10,0.009721048182586645
wave7,792,Turkey,F120,2,0.06170752324598478
wave7,792,Turkey,F120,3,0.08072696534234995
wave7,792,Turkey,F120,4,0.08326289095519865
wave7,792,Turkey,F120,5,0.10270498732037193
wave7,792,Turkey,F120,6,0.04649196956889264
wave7,792,Turkey,F120,7,0.03085376162299239
wave7,792,Turkey,F120,8,0.019019442096365174
wave7,792,Turkey,F120,9,0.006339814032121725
wave7,792,Turkey,G006,1,0.6442307692307693
wave7,792,Turkey,G006,2,0.28103146853146854
wave7,792,Turkey,G006,3,0.06468531468531469
wave7,792,Turkey,G006,4,0.010052447552447552
wave7,792,Turkey,Y002,1,0.32161016949152543
wave7,792,Turkey,Y002,2,0.5758474576271186
wave7,792,Turkey,Y002,3,0.10254237288135593
wave7,804,Ukraine,A008,1,0.18346461615099802
wave7,804,Ukraine,A008,2,0.6076703456631083
wave7,804,Ukraine,A008,3,0.17760314411910985
wave7,804,Ukraine,A008,4,0.03126189406678401
wave7,804,Ukraine,A165,1,0.29389444856247676
wave7,804,Ukraine,A165,2,0.7061055514375233
wave7,804,Ukraine,E018,1,0.4223786330625478
wave7,804,Ukraine,E018,2,0.4587495337314015
wave7,804,Ukraine,E018,3,0.11887183320605064
wave7,804,Ukraine,E025,1,0.1363670244941806
wave7,804,Ukraine,E025,2,0.3674955523231799
wave7,804,Ukraine,E025,3,0.4961374231826397
wave7,804,Ukraine,F063,1,0.08427426523989648
wave7,804,Ukraine,F063,10,0.3215627092792674
wave7,804,Ukraine,F063,2,0.020684023539737407
wave7,804,Ukraine,F063,3,0.05657481246469434
wave7,804,Ukraine,F063,4,0.0398652349866504
wave7,804,Ukraine,F063,5,0.11714128499737204
wave7,804,Ukraine,F063,6,0.076093817143648
wave7,804,Ukraine,F063,7,0.10847420614298754
wave7,804,Ukraine,F063,8,0.11180724372990537
wave7,804,Ukraine,F063,9,0.06352240247584102
wave7,804,Ukraine,F118,1,0.5701583948732414
wave7,804,Ukraine,F118,10,0.020281693219303912
wave7,804,Ukraine,F118,2,0.07343617618819873
wave7,804,Ukraine,F118,3,0.0640804884628953
wave7,804,Ukraine,F118,4,0.060650486125369045
wave7,804,Ukraine,F118,5,0.1084553914632417
wave7,804,Ukraine,F118,6,0.05992912514013357
wave7,804,Ukraine,F118,7,0.02856221028306976
wave7,804,Ukraine,F118,8,0.011080548240501096
wave7,804,Ukraine,F118,9,0.0033654860040455456
wave7,804,Ukraine,F120,1,0.2915864311520254
wave7,804,Ukraine,F120,10,0.04599151876091726
wave7,804,Ukraine,F120,2,0.050637615484575516
wave7,804,Ukraine,F120,3,0.057570432913072074
wave7,804,Ukraine,F120,4,0.07747305710600107
wave7,804,Ukraine,F120,5,0.21153374269955635
wave7,804,Ukraine,F120,6,0.1111790698928881
wave7,804,Ukraine,F120,7,0.07315091742496437
wave7,804,Ukraine,F120,8,0.05062538698468375
wave7,804,Ukraine,F120,9,0.030251827581316035
wave7,804,Ukraine,G006,1,0.3833200253505563
wave7,804,Ukraine,G006,2,0.44352582068293767
wave7,804,Ukraine,G006,3,0.14465481600770083
wave7,804,Ukraine,G006,4,0.02849933795880528
wave7,804,Ukraine,Y002,1,0.4631811636376469
wave7,804,Ukraine,Y002,2,0.48527736023547874
wave7,804,Ukraine,Y002,3,0.05154147612687442
wave7,807,North Macedonia,A008,1,0.3526613033651935
wave7,807,North Macedonia,A008,2,0.5349265993358107
wave7,807,North Macedonia,A008,3,0.09555866012832283
wave7,807,North Macedonia,A008,4,0.016853437170672857
wave7,807,North Macedonia,A165,1,0.1586449491227706
wave7,807,North Macedonia,A165,2,0.8413550508772293
wave7,807,North Macedonia,E018,1,0.31962154443044594
wave7,807,North Macedonia,E018,2,0.4032590470365201
wave7,807,North Macedonia,E018,3,0.2771194085330339
wave7,807,North Macedonia,E025,1,0.22483987889717097
wave7,807,North Macedonia,E025,2,0.2921158335424833
wave7,807,North Macedonia,E025,3,0.4830442875603457
wave7,807,North Macedonia,F063,1,0.05388428329895116
wave7,807,North Macedonia,F063,10,0.561864393987197
wave7,807,North Macedonia,F063,2,0.009891109432012922
wave7,807,North Macedonia,F063,3,0.02236802166587489
wave7,807,North Macedonia,F063,4,0.013999045774032791
wave7,807,North Macedonia,F063,5,0.05782555861516791
wave7,807,North Macedonia,F063,6,0.046151167894171036
wave7,807,North Macedonia,F063,7,0.05844907281128445
wave7,807,North Macedonia,F063,8,0.09440219962296813
wave7,807,North Macedonia,F063,9,0.08116514689833972
wave7,807,North Macedonia,F118,1,0.7480622156163818
wave7,807,North Macedonia,F118,10,0.050786051649085694
wave7,807,North Macedonia,F118,2,0.04221613442456548
wave7,807,North Macedonia,F118,3,0.027762177691546007
wave7,807,North Macedonia,F118,4,0.024738064309535093
wave7,807,North Macedonia,F118,5,0.05933286897322246
wave7,807,North Macedonia,F118,6,0.012182472234231637
wave7,807,North Macedonia,F118,7,0.01681939900258022
wave7,807,North Macedonia,F118,8,0.012946288862791054
wave7,807,North Macedonia,F118,9,0.005154327236060597
wave7,807,North Macedonia,F120,1,0.43274440905812994
wave7,807,North Macedonia,F120,10,0.13185742187306676
wave7,807,North Macedonia,F120,2,0.04978042307086792
wave7,807,North Macedonia,F120,3,0.05871761109368761
wave7,807,North Macedonia,F120,4,0.04299198325077822
wave7,807,North Macedonia,F120,5,0.13684550366168813
wave7,807,North Macedonia,F120,6,0.04790077755262513
wave7,807,North Macedonia,F120,7,0.04571782672496731
wave7,807,North Macedonia,F120,8,0.035599731752615965
wave7,807,North Macedonia,F120,9,0.01784431196157292
wave7,807,North Macedonia,G006,1,0.37098924040262654
wave7,807,North Macedonia,G006,2,0.3791711000680069
wave7,807,North Macedonia,G006,3,0.15813294863218083
wave7,807,North Macedonia,G006,4,0.09170671089718566
wave7,807,North Macedonia,Y002,1,0.21038927249925385
wave7,807,North Macedonia,Y002,2,0.6648606376872265
wave7,807,North Macedonia,Y002,3,0.12475008981351964
wave7,826,United Kingdom,A008,1,0.36401839100691846
wave7,826,United Kingdom,A008,2,0.5546079836945516
wave7,826,United Kingdom,A008,3,0.07275617509343303
wave7,826,United Kingdom,A008,4,0.00861745020509683
wave7,826,United Kingdom,A165,1,0.4327535925061321
wave7,826,United Kingdom,A165,2,0.5672464074938679
wave7,826,United Kingdom,E018,1,0.6257651966716307
wave7,826,United Kingdom,E018,2,0.2655488310590903
wave7,826,United Kingdom,E018,3,0.1086859722692791
wave7,826,United Kingdom,E025,1,0.723483590934592
wave7,826,United Kingdom,E025,2,0.20664056249096155
wave7,826,United Kingdom,E025,3,0.06987584657444626
wave7,826,United Kingdom,F063,1,0.3712825490633415
wave7,826,United Kingdom,F063,10,0.1462942858744175
wave7,826,United Kingdom,F063,2,0.0911353545951046
wave7,826,United Kingdom,F063,3,0.0675610050634616
wave7,826,United Kingdom,F063,4,0.04626099005275863
wave7,826,United Kingdom,F063,5,0.08390015373377033
wave7,826,United Kingdom,F063,6,0.05801889694633465
wave7,826,United Kingdom,F063,7,0.04890970022067739
wave7,826,United Kingdom,F063,8,0.057555916593480305
wave7,826,United Kingdom,F063,9,0.02908114785665346
wave7,826,United Kingdom,F118,1,0.09781570601472643
wave7,826,United Kingdom,F118,10,0.5039614489134194
wave7,826,United Kingdom,F118,2,0.01434519808360582
wave7,826,United Kingdom,F118,3,0.02198646391008286
wave7,826,United Kingdom,F118,4,0.017835730372668675
wave7,826,United Kingdom,F118,5,0.1355064374086003
wave7,826,United Kingdom,F118,6,0.04195594684078343
wave7,826,United Kingdom,F118,7,0.042695559750082046
wave7,826,United Kingdom,F118,8,0.06835880049323526
wave7,826,United Kingdom,F118,9,0.05553870821279574
wave7,826,United Kingdom,F120,1,0.10136365916765264
wave7,826,United Kingdom,F120,10,0.252213954929091
wave7,826,United Kingdom,F120,2,0.023834599319672425
wave7,826,United Kingdom,F120,3,0.04320881202176338
wave7,826,United Kingdom,F120,4,0.03423505215993318
wave7,826,United Kingdom,F120,5,0.19819365093660612
wave7,826,United Kingdom,F120,6,0.07630471507397053
wave7,826,United Kingdom,F120,7,0.08813903574547029
wave7,826,United Kingdom,F120,8,0.11161155128823871
wave7,826,United Kingdom,F120,9,0.07089496935760171
wave7,826,United Kingdom,G006,1,0.4490209252901871
wave7,826,United Kingdom,G006,2,0.40406838301012116
wave7,826,United Kingdom,G006,3,0.11166987473698495
wave7,826,United Kingdom,G006,4,0.03524081696270674
wave7,826,United Kingdom,Y002,1,0.13691560229906335
wave7,826,United Kingdom,Y002,2,0.6350084127791766
wave7,826,United Kingdom,Y002,3,0.22807598492175984
wave7,840,United States,A008,1,0.2845535939598108
wave7,840,United States,A008,2,0.5994825039223922
wave7,840,United States,A008,3,0.10227451377551458
wave7,840,United States,A008,4,0.013689388342282326
wave7,840,United States,A165,1,0.3718208970095189
wave7,840,United States,A165,2,0.6281791029904811
wave7,840,United States,E018,1,0.5899947175669319
wave7,840,United States,E018,2,0.30183406334651325
wave7,840,United States,E018,3,0.10817121908655479
wave7,840,United States,E025,1,0.6029838032102803
wave7,840,United States,E025,2,0.3124217072991607
wave7,840,United States,E025,3,0.08459448949055903
wave7,840,United States,F063,1,0.1290691936981986
wave7,840,United States,F063,10,0.4349937958821236
wave7,840,United States,F063,2,0.03555199994952339
wave7,840,United States,F063,3,0.041062202501812195
wave7,840,United States,F063,4,0.03328611261404076
wave7,840,United States,F063,5,0.09079326461659572
wave7,840,United States,F063,6,0.04581243267202118
wave7,840,United States,F063,7,0.058339279303519016
wave7,840,United States,F063,8,0.07776157939061794
wave7,840,United States,F063,9,0.05333013937154756
wave7,840,United States,F118,1,0.19301518461193626
wave7,840,United States,F118,10,0.31148213857705254
wave7,840,United States,F118,2,0.030336070821837705
wave7,840,United States,F118,3,0.03253990292240599
wave7,840,United States,F118,4,0.030014239143348973
wave7,840,United States,F118,5,0.1777826210809725
wave7,840,United States,F118,6,0.05218628567276399
wave7,840,United States,F118,7,0.04056510785584792
wave7,840,United States,F118,8,0.07444810232611657
wave7,840,United States,F118,9,0.05763034698771754
wave7,840,United States,F120,1,0.22024429402492282
wave7,840,United States,F120,10,0.10573107908904775
wave7,840,United States,F120,2,0.08047204572783531
wave7,840,United States,F120,3,0.07409186785889967
wave7,840,United States,F120,4,0.04331734738224758
wave7,840,United States,F120,5,0.2064642953338802
wave7,840,United States,F120,6,0.06611891592423072
wave7,840,United States,F120,7,0.06959141374236817
wave7,840,United States,F120,8,0.0911554392248053
wave7,840,United States,F120,9,0.04281330169176252
wave7,840,United States,G006,1,0.4708316525798186
wave7,840,United States,G006,2,0.3340824646217714
wave7,840,United States,G006,3,0.15166692491395597
wave7,840,United States,G006,4,0.04341895788445399
wave7,840,United States,Y002,1,0.15119706872317729
wave7,840,United States,Y002,2,0.597081709347732
wave7,840,United States,Y002,3,0.25172122192909085
wave7,858,Uruguay,A008,1,0.44002101192391413
wave7,858,Uruguay,A008,2,0.4867860174661816
wave7,858,Uruguay,A008,3,0.059906875882808325
wave7,858,Uruguay,A008,4,0.013286094727095835
wave7,858,Uruguay,A165,1,0.14569016865086543
wave7,858,Uruguay,A165,2,0.8543098313491345
wave7,858,Uruguay,E018,1,0.8019900760168952
wave7,858,Uruguay,E018,2,0.14277488012290682
wave7,858,Uruguay,E018,3,0.055235043860198
wave7,858,Uruguay,E025,1,0.39879255143192394
wave7,858,Uruguay,E025,2,0.2718136226866443
wave7,858,Uruguay,E025,3,0.32939382588143173
wave7,858,Uruguay,F063,1,0.18752406465683627
wave7,858,Uruguay,F063,10,0.3681596108469185
wave7,858,Uruguay,F063,2,0.04291190166440052
wave7,858,Uruguay,F063,3,0.048004597212079
wave7,858,Uruguay,F063,4,0.030289519823126825
wave7,858,Uruguay,F063,5,0.08458459192626643
wave7,858,Uruguay,F063,6,0.04419683543104562
wave7,858,Uruguay,F063,7,0.06062295519573802
wave7,858,Uruguay,F063,8,0.08334939332126809
wave7,858,Uruguay,F063,9,0.05035652992232069
wave7,858,Uruguay,F118,1,0.19245957456233082
wave7,858,Uruguay,F118,10,0.40925576171919936
wave7,858,Uruguay,F118,2,0.02261836502252548
wave7,858,Uruguay,F118,3,0.04421592373488973
wave7,858,Uruguay,F118,4,0.020714115697518617
wave7,858,Uruguay,F118,5,0.10972498913536897
wave7,858,Uruguay,F118,6,0.0455847106546084
wave7,858,Uruguay,F118,7,0.03345740024568904
wave7,858,Uruguay,F118,8,0.06833817734624069
wave7,858,Uruguay,F118,9,0.053630981881628806
wave7,858,Uruguay,F120,1,0.4152721602227278
wave7,858,Uruguay,F120,10,0.1875449682351874
wave7,858,Uruguay,F120,2,0.026509276608043503
wave7,858,Uruguay,F120,3,0.028109260762665074
wave7,858,Uruguay,F120,4,0.023515961058974497
wave7,858,Uruguay,F120,5,0.13785680943256176
wave7,858,Uruguay,F120,6,0.04620283652785112
wave7,858,Uruguay,F120,7,0.03140082767831923
wave7,858,Uruguay,F120,8,0.0621237228039546
wave7,858,Uruguay,F120,9,0.04146417666971503
wave7,858,Uruguay,G006,1,0.6806591160510825
wave7,858,Uruguay,G006,2,0.2680223429828558
wave7,858,Uruguay,G006,3,0.042086326178184426
wave7,858,Uruguay,G006,4,0.009232214787877368
wave7,858,Uruguay,Y002,1,0.17959647877995497
wave7,858,Uruguay,Y002,2,0.6066934742882478
wave7,858,Uruguay,Y002,3,0.2137100469317972
wave7,862,Venezuela,A008,1,0.3722689075630252
wave7,862,Venezuela,A008,2,0.4176470588235294
wave7,862,Venezuela,A008,3,0.17647058823529413
wave7,862,Venezuela,A008,4,0.03361344537815126
wave7,862,Venezuela,A165,1,0.14201680672268907
wave7,862,Venezuela,A165,2,0.8579831932773109
wave7,862,Venezuela,E018,1,0.7781512605042017
wave7,862,Venezuela,E018,2,0.18823529411764706
wave7,862,Venezuela,E018,3,0.03361344537815126
wave7,862,Venezuela,E025,1,0.16050420168067228
wave7,862,Venezuela,E025,2,0.32100840336134456
wave7,862,Venezuela,E025,3,0.5184873949579832
wave7,862,Venezuela,F063,1,0.0033613445378151263
wave7,862,Venezuela,F063,10,0.6109243697478992
wave7,862,Venezuela,F063,2,0.005042016806722689
wave7,862,Venezuela,F063,3,0.0008403361344537816
wave7,862,Venezuela,F063,4,0.011764705882352941
wave7,862,Venezuela,F063,5,0.020168067226890758
wave7,862,Venezuela,F063,6,0.0226890756302521
wave7,862,Venezuela,F063,7,0.05630252100840336
wave7,862,Venezuela,F063,8,0.1134453781512605
wave7,862,Venezuela,F063,9,0.15546218487394958
wave7,862,Venezuela,F118,1,0.3630252100840336
wave7,862,Venezuela,F118,10,0.0907563025210084
wave7,862,Venezuela,F118,2,0.0
wave7,862,Venezuela,F118,3,0.12352941176470589
wave7,862,Venezuela,F118,4,0.0
wave7,862,Venezuela,F118,5,0.280672268907563
wave7,862,Venezuela,F118,6,0.0
wave7,862,Venezuela,F118,7,0.0
wave7,862,Venezuela,F118,8,0.14201680672268907
wave7,862,Venezuela,F118,9,0.0
wave7,862,Venezuela,F120,1,0.5680672268907563
wave7,862,Venezuela,F120,10,0.046218487394957986
wave7,862,Venezuela,F120,2,0.0
wave7,862,Venezuela,F120,3,0.18319327731092436
wave7,862,Venezuela,F120,4,0.0
wave7,862,Venezuela,F120,5,0.11932773109243698
wave7,862,Venezuela,F120,6,0.0
wave7,862,Venezuela,F120,7,0.0
wave7,862,Venezuela,F120,8,0.08319327731092437
wave7,862,Venezuela,F120,9,0.0
wave7,862,Venezuela,G006,1,0.7908552074513124
wave7,862,Venezuela,G006,2,0.14309906858594412
wave7,862,Venezuela,G006,3,0.04149026248941575
wave7,862,Venezuela,G006,4,0.024555461473327687
wave7,862,Venezuela,Y002,1,0.3352941176470588
wave7,862,Venezuela,Y002,2,0.5747899159663865
wave7,862,Venezuela,Y002,3,0.08991596638655462
wave7,909,Northern Ireland,A008,1,0.42176781004474395
wave7,909,Northern Ireland,A008,2,0.5148356525626352
wave7,909,Northern Ireland,A008,3,0.05239254470698184
wave7,909,Northern Ireland,A008,4,0.011003992685638977
wave7,909,Northern Ireland,A165,1,0.39801096530709973
wave7,909,Northern Ireland,A165,2,0.6019890346929003
wave7,909,Northern Ireland,E018,1,0.5485227563671038
wave7,909,Northern Ireland,E018,2,0.27692519349745537
wave7,909,Northern Ireland,E018,3,0.17455205013544062
wave7,909,Northern Ireland,E025,1,0.7435804952803889
wave7,909,Northern Ireland,E025,2,0.19656591423723443
wave7,909,Northern Ireland,E025,3,0.059853590482376484
wave7,909,Northern Ireland,F063,1,0.18832435953787122
wave7,909,Northern Ireland,F063,10,0.2697380441340447
wave7,909,Northern Ireland,F063,2,0.07340349242588365
wave7,909,Northern Ireland,F063,3,0.0823905198623309
wave7,909,Northern Ireland,F063,4,0.03310279150574572
wave7,909,Northern Ireland,F063,5,0.11225520250739998
wave7,909,Northern Ireland,F063,6,0.023917811133275194
wave7,909,Northern Ireland,F063,7,0.07013683531160876
wave7,909,Northern Ireland,F063,8,0.11010474893923278
wave7,909,Northern Ireland,F063,9,0.03662619464260712
wave7,909,Northern Ireland,F118,1,0.15870697469914335
wave7,909,Northern Ireland,F118,10,0.40277863167801187
wave7,909,Northern Ireland,F118,2,0.011399056339515268
wave7,909,Northern Ireland,F118,3,0.034858484925846055
wave7,909,Northern Ireland,F118,4,0.02411948740417507
wave7,909,Northern Ireland,F118,5,0.15131860741412845
wave7,909,Northern Ireland,F118,6,0.03607004260173313
wave7,909,Northern Ireland,F118,7,0.044220553510886856
wave7,909,Northern Ireland,F118,8,0.08161443244748105
wave7,909,Northern Ireland,F118,9,0.05491372897907868
wave7,909,Northern Ireland,F120,1,0.24687734375027676
wave7,909,Northern Ireland,F120,10,0.1488035320006216
wave7,909,Northern Ireland,F120,2,0.05668542280228652
wave7,909,Northern Ireland,F120,3,0.06529223908087035
wave7,909,Northern Ireland,F120,4,0.02974245239151283
wave7,909,Northern Ireland,F120,5,0.21487165105914935
wave7,909,Northern Ireland,F120,6,0.055380480725641223
wave7,909,Northern Ireland,F120,7,0.055742652512775576
wave7,909,Northern Ireland,F120,8,0.08147487732554637
wave7,909,Northern Ireland,F120,9,0.045129348351319404
wave7,909,Northern Ireland,G006,1,0.424369682152051
wave7,909,Northern Ireland,G006,2,0.38427967571596844
wave7,909,Northern Ireland,G006,3,0.15166938097887953
wave7,909,Northern Ireland,G006,4,0.039681261153101145
wave7,909,Northern Ireland,Y002,1,0.14221562597412266
wave7,909,Northern Ireland,Y002,2,0.7132268904713854
wave7,909,Northern Ireland,Y002,3,0.144557483554492
