target,country_id,country,item,response,p
latest_available,8,Albania,A008,1,0.17507027177805332
latest_available,8,Albania,A008,2,0.5663620751294597
latest_available,8,Albania,A008,3,0.2132577607453975
latest_available,8,Albania,A008,4,0.04530989234708951
latest_available,8,Albania,A165,1,0.02785656558715993
latest_available,8,Albania,A165,2,0.9721434344128402
latest_available,8,Albania,E018,1,0.7574898698157403
latest_available,8,Albania,E018,2,0.18800995141444174
latest_available,8,Albania,E018,3,0.05450017876981771
latest_available,8,Albania,E025,1,0.1227826959905071
latest_available,8,Albania,E025,2,0.5004449036222445
latest_available,8,Albania,E025,3,0.37677240038724835
latest_available,8,Albania,F063,1,0.025552932958714095
latest_available,8,Albania,F063,10,0.7998099067075752
latest_available,8,Albania,F063,2,0.0031198660601191534
latest_available,8,Albania,F063,3,0.005887399176514848
latest_available,8,Albania,F063,4,0.003829825478120683
latest_available,8,Albania,F063,5,0.03681472216713147
latest_available,8,Albania,F063,6,0.01585680195394707
latest_available,8,Albania,F063,7,0.030708844894000175
latest_available,8,Albania,F063,8,0.03987829475453462
latest_available,8,Albania,F063,9,0.0385414058493427
latest_available,8,Albania,F118,1,0.7967656386496039
latest_available,8,Albania,F118,10,0.05176263500021455
latest_available,8,Albania,F118,2,0.021679314635290325
latest_available,8,Albania,F118,3,0.02519470260544501
latest_available,8,Albania,F118,4,0.01764739714303831
latest_available,8,Albania,F118,5,0.052980924159991255
latest_available,8,Albania,F118,6,0.011812653551928162
latest_available,8,Albania,F118,7,0.011161267461832103
latest_available,8,Albania,F118,8,0.00798005935097673
latest_available,8,Albania,F118,9,0.003015407441679692
latest_available,8,Albania,F120,1,0.4734994161713578
latest_available,8,Albania,F120,10,0.024294068843089635
latest_available,8,Albania,F120,2,0.08768873559879634
latest_available,8,Albania,F120,3,0.09628435200129436
latest_available,8,Albania,F120,4,0.07751885082194591
latest_available,8,Albania,F120,5,0.1690014926405167
latest_available,8,Albania,F120,6,0.03756436098255249
latest_available,8,Albania,F120,7,0.017867538507185907
latest_available,8,Albania,F120,8,0.011245612673035392
latest_available,8,Albania,F120,9,0.005035571760225432
latest_available,8,Albania,G006,1,0.7984624685933723
latest_available,8,Albania,G006,2,0.15154522444792679
latest_available,8,Albania,G006,3,0.04357679041574595
latest_available,8,Albania,G006,4,0.006415516542954989
latest_available,8,Albania,Y002,1,0.2867167844678942
latest_available,8,Albania,Y002,2,0.6217810980872635
latest_available,8,Albania,Y002,3,0.09150211744484246
latest_available,12,Algeria,A008,1,0.18606701940035272
latest_available,12,Algeria,A008,2,0.6128747795414462
latest_available,12,Algeria,A008,3,0.16049382716049382
latest_available,12,Algeria,A008,4,0.04056437389770723
latest_available,12,Algeria,A165,1,0.17928633594429938
latest_available,12,Algeria,A165,2,0.8207136640557006
latest_available,12,Algeria,E018,1,0.48698884758364314
latest_available,12,Algeria,E018,2,0.43029739776951675
latest_available,12,Algeria,E018,3,0.08271375464684015
latest_available,12,Algeria,E025,1,0.08949880668257756
latest_available,12,Algeria,E025,2,0.28878281622911695
latest_available,12,Algeria,E025,3,0.6217183770883055
latest_available,12,Algeria,F063,1,0.003404255319148936
latest_available,12,Algeria,F063,10,0.7991489361702128
latest_available,12,Algeria,F063,2,0.002553191489361702
latest_available,12,Algeria,F063,3,0.001702127659574468
latest_available,12,Algeria,F063,4,0.005957446808510639
latest_available,12,Algeria,F063,5,0.011063829787234043
latest_available,12,Algeria,F063,6,0.01276595744680851
latest_available,12,Algeria,F063,7,0.011914893617021277
latest_available,12,Algeria,F063,8,0.04851063829787234
latest_available,12,Algeria,F063,9,0.10297872340425532
latest_available,12,Algeria,F118,1,0.6302281368821293
latest_available,12,Algeria,F118,10,0.024714828897338403
latest_available,12,Algeria,F118,2,0.10551330798479087
latest_available,12,Algeria,F118,3,0.07224334600760456
latest_available,12,Algeria,F118,4,0.045627376425855515
latest_available,12,Algeria,F118,5,0.057034220532319393
latest_available,12,Algeria,F118,6,0.02376425855513308
latest_available,12,Algeria,F118,7,0.017110266159695818
latest_available,12,Algeria,F118,8,0.014258555133079848
latest_available,12,Algeria,F118,9,0.009505703422053232
latest_available,12,Algeria,F120,1,0.5510752688172043
latest_available,12,Algeria,F120,10,0.025089605734767026
latest_available,12,Algeria,F120,2,0.1057347670250896
latest_available,12,Algeria,F120,3,0.08243727598566308
latest_available,12,Algeria,F120,4,0.047491039426523295
latest_available,12,Algeria,F120,5,0.1003584229390681
latest_available,12,Algeria,F120,6,0.03494623655913978
latest_available,12,Algeria,F120,7,0.027777777777777776
latest_available,12,Algeria,F120,8,0.013440860215053764
latest_available,12,Algeria,F120,9,0.011648745519713262
latest_available,12,Algeria,G006,1,0.6078767123287672
latest_available,12,Algeria,G006,2,0.351027397260274
latest_available,12,Algeria,G006,3,0.030821917808219176
latest_available,12,Algeria,G006,4,0.010273972602739725
latest_available,12,Algeria,Y002,1,0.3348623853211009
latest_available,12,Algeria,Y002,2,0.5981651376146789
latest_available,12,Algeria,Y002,3,0.06697247706422019
latest_available,20,Andorra,A008,1,0.3426294820717131
latest_available,20,Andorra,A008,2,0.6075697211155379
latest_available,20,Andorra,A008,3,0.046812749003984064
latest_available,20,Andorra,A008,4,0.00298804780876494
latest_available,20,Andorra,A165,1,0.25574425574425574
latest_available,20,Andorra,A165,2,0.7442557442557443
latest_available,20,Andorra,E018,1,0.4724724724724725
latest_available,20,Andorra,E018,2,0.44544544544544545
latest_available,20,Andorra,E018,3,0.08208208208208208
latest_available,20,Andorra,E025,1,0.521
latest_available,20,Andorra,E025,2,0.313
latest_available,20,Andorra,E025,3,0.166
latest_available,20,Andorra,F063,1,0.25502008032128515
latest_available,20,Andorra,F063,10,0.10341365461847389
latest_available,20,Andorra,F063,2,0.09538152610441768
latest_available,20,Andorra,F063,3,0.07530120481927711
latest_available,20,Andorra,F063,4,0.05321285140562249
latest_available,20,Andorra,F063,5,0.11947791164658635
latest_available,20,Andorra,F063,6,0.0572289156626506
latest_available,20,Andorra,F063,7,0.08132530120481928
latest_available,20,Andorra,F063,8,0.10240963855421686
latest_available,20,Andorra,F063,9,0.0572289156626506
latest_available,20,Andorra,F118,1,0.06106106106106106
latest_available,20,Andorra,F118,10,0.5315315315315315
latest_available,20,Andorra,F118,2,0.01001001001001001
latest_available,20,Andorra,F118,3,0.014014014014014014
latest_available,20,Andorra,F118,4,0.023023023023023025
latest_available,20,Andorra,F118,5,0.08308308308308308
latest_available,20,Andorra,F118,6,0.06006006006006006
latest_available,20,Andorra,F118,7,0.07807807807807808
latest_available,20,Andorra,F118,8,0.08008008008008008
latest_available,20,Andorra,F118,9,0.05905905905905906
latest_available,20,Andorra,F120,1,0.14814814814814814
latest_available,20,Andorra,F120,10,0.2722722722722723
latest_available,20,Andorra,F120,2,0.04904904904904905
latest_available,20,Andorra,F120,3,0.05205205205205205
latest_available,20,Andorra,F120,4,0.07207207207207207
latest_available,20,Andorra,F120,5,0.14314314314314314
latest_available,20,Andorra,F120,6,0.07407407407407407
latest_available,20,Andorra,F120,7,0.057057057057057055
latest_available,20,Andorra,F120,8,0.08808808808808809
latest_available,20,Andorra,F120,9,0.044044044044044044
latest_available,20,Andorra,G006,1,0.5450733752620545
latest_available,20,Andorra,G006,2,0.37735849056603776
latest_available,20,Andorra,G006,3,0.06079664570230608
latest_available,20,Andorra,G006,4,0.016771488469601678
latest_available,20,Andorra,Y002,1,0.21184738955823293
latest_available,20,Andorra,Y002,2,0.6014056224899599
latest_available,20,Andorra,Y002,3,0.18674698795180722
latest_available,31,Azerbaijan,A008,1,0.20332633202385783
latest_available,31,Azerbaijan,A008,2,0.6403162136460512
latest_available,31,Azerbaijan,A008,3,0.13763542250548585
latest_available,31,Azerbaijan,A008,4,0.018722031824605204
latest_available,31,Azerbaijan,A165,1,0.28228229676627437
latest_available,31,Azerbaijan,A165,2,0.7177177032337256
latest_available,31,Azerbaijan,E018,1,0.7040602231672886
latest_available,31,Azerbaijan,E018,2,0.19970646751756396
latest_available,31,Azerbaijan,E018,3,0.09623330931514734
latest_available,31,Azerbaijan,E025,1,0.08102282928581724
latest_available,31,Azerbaijan,E025,2,0.21182656372483086
latest_available,31,Azerbaijan,E025,3,0.7071506069893522
latest_available,31,Azerbaijan,F063,1,0.015546726454716227
latest_available,31,Azerbaijan,F063,10,0.5167196399848065
latest_available,31,Azerbaijan,F063,2,0.006658215598109551
latest_available,31,Azerbaijan,F063,3,0.010350730496087092
latest_available,31,Azerbaijan,F063,4,0.012052887851682372
latest_available,31,Azerbaijan,F063,5,0.02571381286409545
latest_available,31,Azerbaijan,F063,6,0.04115032039635179
latest_available,31,Azerbaijan,F063,7,0.08373175586988997
latest_available,31,Azerbaijan,F063,8,0.14280740139661038
latest_available,31,Azerbaijan,F063,9,0.14526850908765063
latest_available,31,Azerbaijan,F118,1,0.8412335786917781
latest_available,31,Azerbaijan,F118,10,0.001623739864525744
latest_available,31,Azerbaijan,F118,2,0.0807925810394947
latest_available,31,Azerbaijan,F118,3,0.02787436260162026
latest_available,31,Azerbaijan,F118,4,0.020831917976768012
latest_available,31,Azerbaijan,F118,5,0.01752884066039852
latest_available,31,Azerbaijan,F118,6,0.004933599092776278
latest_available,31,Azerbaijan,F118,7,0.0022488909297243976
latest_available,31,Azerbaijan,F118,8,0.0
latest_available,31,Azerbaijan,F118,9,0.0029324891429142147
latest_available,31,Azerbaijan,F120,1,0.36114934248129366
latest_available,31,Azerbaijan,F120,10,0.04082884219062109
latest_available,31,Azerbaijan,F120,2,0.09413022805965114
latest_available,31,Azerbaijan,F120,3,0.08826555109379726
latest_available,31,Azerbaijan,F120,4,0.0837907271807928
latest_available,31,Azerbaijan,F120,5,0.1394806060304466
latest_available,31,Azerbaijan,F120,6,0.0753364102649463
latest_available,31,Azerbaijan,F120,7,0.07743427490135862
latest_available,31,Azerbaijan,F120,8,0.026476092284641522
latest_available,31,Azerbaijan,F120,9,0.013107925512450973
latest_available,31,Azerbaijan,G006,1,0.6628509656245176
latest_available,31,Azerbaijan,G006,2,0.3061938501111992
latest_available,31,Azerbaijan,G006,3,0.029093089423713744
latest_available,31,Azerbaijan,G006,4,0.0018620948405695954
latest_available,31,Azerbaijan,Y002,1,0.4954711130459303
latest_available,31,Azerbaijan,Y002,2,0.48306122953529435
latest_available,31,Azerbaijan,Y002,3,0.021467657418775293
latest_available,32,Argentina,A008,1,0.3248308193475894
latest_available,32,Argentina,A008,2,0.5479657484401983
latest_available,32,Argentina,A008,3,0.11416489099631637
latest_available,32,Argentina,A008,4,0.013038541215895904
latest_available,32,Argentina,A165,1,0.20104310462630584
latest_available,32,Argentina,A165,2,0.7989568953736943
latest_available,32,Argentina,E018,1,0.6645143123408632
latest_available,32,Argentina,E018,2,0.27844369055125745
latest_available,32,Argentina,E018,3,0.05704199710787941
latest_available,32,Argentina,E025,1,0.16696638382818232
latest_available,32,Argentina,E025,2,0.46448141577178614
latest_available,32,Argentina,E025,3,0.3685522004000315
latest_available,32,Argentina,F063,1,0.049885712285324506
latest_available,32,Argentina,F063,10,0.30637629076653383
latest_available,32,Argentina,F063,2,0.02035581552752471
latest_available,32,Argentina,F063,3,0.031724894296593475
latest_available,32,Argentina,F063,4,0.023020198522861676
latest_available,32,Argentina,F063,5,0.0679431173844097
latest_available,32,Argentina,F063,6,0.1011104833344355
latest_available,32,Argentina,F063,7,0.13188329713036984
latest_available,32,Argentina,F063,8,0.17716970403565324
latest_available,32,Argentina,F063,9,0.09053048671629346
latest_available,32,Argentina,F118,1,0.1995913675127161
latest_available,32,Argentina,F118,10,0.12927072788487481
latest_available,32,Argentina,F118,2,0.01276133289441104
latest_available,32,Argentina,F118,3,0.03300423318201008
latest_available,32,Argentina,F118,4,0.03671705383978836
latest_available,32,Argentina,F118,5,0.1868386165646855
latest_available,32,Argentina,F118,6,0.12073008148862378
latest_available,32,Argentina,F118,7,0.12171813360815541
latest_available,32,Argentina,F118,8,0.11137092956590185
latest_available,32,Argentina,F118,9,0.04799752345883312
latest_available,32,Argentina,F120,1,0.5030216852911351
latest_available,32,Argentina,F120,10,0.034363816487568345
latest_available,32,Argentina,F120,2,0.03798293403741734
latest_available,32,Argentina,F120,3,0.056136011624299105
latest_available,32,Argentina,F120,4,0.03275322764783796
latest_available,32,Argentina,F120,5,0.13681866654305133
latest_available,32,Argentina,F120,6,0.09438474329776789
latest_available,32,Argentina,F120,7,0.053505496410558094
latest_available,32,Argentina,F120,8,0.02998595072494181
latest_available,32,Argentina,F120,9,0.02104746793542293
latest_available,32,Argentina,G006,1,0.5957651493292738
latest_available,32,Argentina,G006,2,0.3056408775805659
latest_available,32,Argentina,G006,3,0.08143317114111112
latest_available,32,Argentina,G006,4,0.017160801949049273
latest_available,32,Argentina,Y002,1,0.3564510694821113
latest_available,32,Argentina,Y002,2,0.582902737960505
latest_available,32,Argentina,Y002,3,0.06064619255738381
latest_available,36,Australia,A008,1,0.2679599490950038
latest_available,36,Australia,A008,2,0.6301467603366628
latest_available,36,Australia,A008,3,0.08729521988546884
latest_available,36,Australia,A008,4,0.014598070682864546
latest_available,36,Australia,A165,1,0.48936543235485574
latest_available,36,Australia,A165,2,0.5106345676451444
latest_available,36,Australia,E018,1,0.5576343389376648
latest_available,36,Australia,E018,2,0.33905764744225303
latest_available,36,Australia,E018,3,0.10330801362008214
latest_available,36,Australia,E025,1,0.7613897524354531
latest_available,36,Australia,E025,2,0.19529715705328454
latest_available,36,Australia,E025,3,0.04331309051126244
latest_available,36,Australia,F063,1,0.3457410900209921
latest_available,36,Australia,F063,10,0.17167155274327922
latest_available,36,Australia,F063,2,0.07802714981078787
latest_available,36,Australia,F063,3,0.08284292128967288
latest_available,36,Australia,F063,4,0.032299935076983026
latest_available,36,Australia,F063,5,0.08171950130957974
latest_available,36,Australia,F063,6,0.05356351959381499
latest_available,36,Australia,F063,7,0.054800248461098836
latest_available,36,Australia,F063,8,0.06176509129466128
latest_available,36,Australia,F063,9,0.037568990399130156
latest_available,36,Australia,F118,1,0.11031766496242022
latest_available,36,Australia,F118,10,0.470033335904332
latest_available,36,Australia,F118,2,0.020644567562918954
latest_available,36,Australia,F118,3,0.02319486870291794
latest_available,36,Australia,F118,4,0.01877014024396208
latest_available,36,Australia,F118,5,0.1267192999567353
latest_available,36,Australia,F118,6,0.06047363086636067
latest_available,36,Australia,F118,7,0.038884155895896284
latest_available,36,Australia,F118,8,0.06756951807850539
latest_available,36,Australia,F118,9,0.06339281782595113
latest_available,36,Australia,F120,1,0.11654471619364071
latest_available,36,Australia,F120,10,0.25335850273644295
latest_available,36,Australia,F120,2,0.02808710143201525
latest_available,36,Australia,F120,3,0.034155435912760594
latest_available,36,Australia,F120,4,0.03567969634257764
latest_available,36,Australia,F120,5,0.1736704010551315
latest_available,36,Australia,F120,6,0.06563773086832057
latest_available,36,Australia,F120,7,0.08548182708768869
latest_available,36,Australia,F120,8,0.11299156131775295
latest_available,36,Australia,F120,9,0.09439302705366912
latest_available,36,Australia,G006,1,0.5737685887268751
latest_available,36,Australia,G006,2,0.3468199789716609
latest_available,36,Australia,G006,3,0.06054223110927763
latest_available,36,Australia,G006,4,0.018869201192186415
latest_available,36,Australia,Y002,1,0.16357310387722557
latest_available,36,Australia,Y002,2,0.6330977123036695
latest_available,36,Australia,Y002,3,0.20332918381910478
latest_available,40,Austria,A008,1,0.3306130127658955
latest_available,40,Austria,A008,2,0.5626548712577828
latest_available,40,Austria,A008,3,0.09941387561873208
latest_available,40,Austria,A008,4,0.007318240357589694
latest_available,40,Austria,A165,1,0.511881143602015
latest_available,40,Austria,A165,2,0.488118856397985
latest_available,40,Austria,E018,1,0.4118140114570906
latest_available,40,Austria,E018,2,0.21545954899781658
latest_available,40,Austria,E018,3,0.3727264395450928
latest_available,40,Austria,E025,1,0.5668310298587911
latest_available,40,Austria,E025,2,0.2726256741061943
latest_available,40,Austria,E025,3,0.1605432960350146
latest_available,40,Austria,F063,1,0.18012715533655246
latest_available,40,Austria,F063,10,0.14611165386520117
latest_available,40,Austria,F063,2,0.060067041904868786
latest_available,40,Austria,F063,3,0.07750153801820092
latest_available,40,Austria,F063,4,0.05402735114609527
latest_available,40,Austria,F063,5,0.11479075570332493
latest_available,40,Austria,F063,6,0.09218896297443102
latest_available,40,Austria,F063,7,0.10839417739566748
latest_available,40,Austria,F063,8,0.11270708244899505
latest_available,40,Austria,F063,9,0.05408428120666296
latest_available,40,Austria,F118,1,0.09982182004610828
latest_available,40,Austria,F118,10,0.39576900189712516
latest_available,40,Austria,F118,2,0.024986714908819416
latest_available,40,Austria,F118,3,0.053408155948433435
latest_available,40,Austria,F118,4,0.04111214835534242
latest_available,40,Austria,F118,5,0.10982911603090709
latest_available,40,Austria,F118,6,0.06926030745618972
latest_available,40,Austria,F118,7,0.05733940535899104
latest_available,40,Austria,F118,8,0.07159268841622475
latest_available,40,Austria,F118,9,0.07688064158185867
latest_available,40,Austria,F120,1,0.14267521659991958
latest_available,40,Austria,F120,10,0.18587521886264344
latest_available,40,Austria,F120,2,0.04880194519442427
latest_available,40,Austria,F120,3,0.06377356433152881
latest_available,40,Austria,F120,4,0.06600129448500966
latest_available,40,Austria,F120,5,0.14917413361317072
latest_available,40,Austria,F120,6,0.08924687461720968
latest_available,40,Austria,F120,7,0.08120100158999718
latest_available,40,Austria,F120,8,0.09852825213914924
latest_available,40,Austria,F120,9,0.07472249856694733
latest_available,40,Austria,G006,1,0.5334886251271506
latest_available,40,Austria,G006,2,0.38019465311585754
latest_available,40,Austria,G006,3,0.058543345361437286
latest_available,40,Austria,G006,4,0.027773376395554782
latest_available,40,Austria,Y002,1,0.18885527784696263
latest_available,40,Austria,Y002,2,0.5680609391922148
latest_available,40,Austria,Y002,3,0.24308378296082248
latest_available,50,Bangladesh,A008,1,0.26666666666666666
latest_available,50,Bangladesh,A008,2,0.64
latest_available,50,Bangladesh,A008,3,0.085
latest_available,50,Bangladesh,A008,4,0.008333333333333333
latest_available,50,Bangladesh,A165,1,0.1292743953294412
latest_available,50,Bangladesh,A165,2,0.8707256046705588
latest_available,50,Bangladesh,E018,1,0.7640249332146037
latest_available,50,Bangladesh,E018,2,0.21816562778272486
latest_available,50,Bangladesh,E018,3,0.017809439002671415
latest_available,50,Bangladesh,E025,1,0.062325581395348835
latest_available,50,Bangladesh,E025,2,0.41209302325581393
latest_available,50,Bangladesh,E025,3,0.5255813953488372
latest_available,50,Bangladesh,F063,1,0.0125
latest_available,50,Bangladesh,F063,10,0.8641666666666666
latest_available,50,Bangladesh,F063,2,0.0
latest_available,50,Bangladesh,F063,3,0.0008333333333333334
latest_available,50,Bangladesh,F063,4,0.0
latest_available,50,Bangladesh,F063,5,0.005
latest_available,50,Bangladesh,F063,6,0.010833333333333334
latest_available,50,Bangladesh,F063,7,0.01
latest_available,50,Bangladesh,F063,8,0.025833333333333333
latest_available,50,Bangladesh,F063,9,0.07083333333333333
latest_available,50,Bangladesh,F118,1,0.6666666666666666
latest_available,50,Bangladesh,F118,10,0.0008333333333333334
latest_available,50,Bangladesh,F118,2,0.1425
latest_available,50,Bangladesh,F118,3,0.085
latest_available,50,Bangladesh,F118,4,0.06333333333333334
latest_available,50,Bangladesh,F118,5,0.03166666666666667
latest_available,50,Bangladesh,F118,6,0.009166666666666667
latest_available,50,Bangladesh,F118,7,0.0008333333333333334
latest_available,50,Bangladesh,F118,8,0.0
latest_available,50,Bangladesh,F118,9,0.0
latest_available,50,Bangladesh,F120,1,0.6108333333333333
latest_available,50,Bangladesh,F120,10,0.004166666666666667
latest_available,50,Bangladesh,F120,2,0.125
latest_available,50,Bangladesh,F120,3,0.10166666666666667
latest_available,50,Bangladesh,F120,4,0.0575
latest_available,50,Bangladesh,F120,5,0.04583333333333333
latest_available,50,Bangladesh,F120,6,0.035
latest_available,50,Bangladesh,F120,7,0.015833333333333335
latest_available,50,Bangladesh,F120,8,0.0033333333333333335
latest_available,50,Bangladesh,F120,9,0.0008333333333333334
latest_available,50,Bangladesh,G006,1,0.8340283569641368
latest_available,50,Bangladesh,G006,2,0.14762301918265222
latest_available,50,Bangladesh,G006,3,0.0158465387823186
latest_available,50,Bangladesh,G006,4,0.0025020850708924102
latest_available,50,Bangladesh,Y002,1,0.2725
latest_available,50,Bangladesh,Y002,2,0.65
latest_available,50,Bangladesh,Y002,3,0.0775
latest_available,51,Armenia,A008,1,0.48902832969476373
latest_available,51,Armenia,A008,2,0.4085717994868997
latest_available,51,Armenia,A008,3,0.06617434541258393
latest_available,51,Armenia,A008,4,0.036225525405752544
latest_available,51,Armenia,A165,1,0.08512585477221765
latest_available,51,Armenia,A165,2,0.9148741452277825
latest_available,51,Armenia,E018,1,0.7953504633761432
latest_available,51,Armenia,E018,2,0.15614947541544624
latest_available,51,Armenia,E018,3,0.048500061208410584
latest_available,51,Armenia,E025,1,0.10971185956866056
latest_available,51,Armenia,E025,2,0.2981855447227596
latest_available,51,Armenia,E025,3,0.5921025957085799
latest_available,51,Armenia,F063,1,0.025808657980258567
latest_available,51,Armenia,F063,10,0.7865088871900812
latest_available,51,Armenia,F063,2,0.0031025938400354555
latest_available,51,Armenia,F063,3,0.0070479623117658
latest_available,51,Armenia,F063,4,0.006296463908890211
latest_available,51,Armenia,F063,5,0.047289328330805715
latest_available,51,Armenia,F063,6,0.017800104025772336
latest_available,51,Armenia,F063,7,0.034163004560917566
latest_available,51,Armenia,F063,8,0.04567982017430159
latest_available,51,Armenia,F063,9,0.02630317767717158
latest_available,51,Armenia,F118,1,0.9116344461918423
latest_available,51,Armenia,F118,10,0.01920569260397158
latest_available,51,Armenia,F118,2,0.013911043340405764
latest_available,51,Armenia,F118,3,0.010203141805549673
latest_available,51,Armenia,F118,4,0.008323257818440588
latest_available,51,Armenia,F118,5,0.02262722066920654
latest_available,51,Armenia,F118,6,0.001915761685101308
latest_available,51,Armenia,F118,7,0.004701195607197443
latest_available,51,Armenia,F118,8,0.005974241183187482
latest_available,51,Armenia,F118,9,0.0015039990950973558
latest_available,51,Armenia,F120,1,0.623554785217389
latest_available,51,Armenia,F120,10,0.023303081536776866
latest_available,51,Armenia,F120,2,0.03448666239751713
latest_available,51,Armenia,F120,3,0.07048330013298426
latest_available,51,Armenia,F120,4,0.03318464391767701
latest_available,51,Armenia,F120,5,0.1705696316174069
latest_available,51,Armenia,F120,6,0.02302155593595904
latest_available,51,Armenia,F120,7,0.011153919232746006
latest_available,51,Armenia,F120,8,0.007010452190038634
latest_available,51,Armenia,F120,9,0.0032319678215050793
latest_available,51,Armenia,G006,1,0.8451840435010651
latest_available,51,Armenia,G006,2,0.1102175030744322
latest_available,51,Armenia,G006,3,0.03249417231531408
latest_available,51,Armenia,G006,4,0.012104281109188658
latest_available,51,Armenia,Y002,1,0.41860398473248406
latest_available,51,Armenia,Y002,2,0.5629933859934502
latest_available,51,Armenia,Y002,3,0.018402629274065725
latest_available,56,Belgium,A008,1,0.4454094654975492
latest_available,56,Belgium,A008,2,0.4992919941161068
latest_available,56,Belgium,A008,3,0.047262616087785446
latest_available,56,Belgium,A008,4,0.008035924298558605
latest_available,56,Belgium,A165,1,0.3594234468061838
latest_available,56,Belgium,A165,2,0.6405765531938163
latest_available,56,Belgium,E018,1,0.7957962175699046
latest_available,56,Belgium,E018,2,0.14402389919211847
latest_available,56,Belgium,E018,3,0.06017988323797697
latest_available,56,Belgium,E025,1,0.5859411599865746
latest_available,56,Belgium,E025,2,0.25527883240733523
latest_available,56,Belgium,E025,3,0.15878000760609018
latest_available,56,Belgium,F063,1,0.277993072222853
latest_available,56,Belgium,F063,10,0.08640611021001662
latest_available,56,Belgium,F063,2,0.07075073592991381
latest_available,56,Belgium,F063,3,0.06715976699448738
latest_available,56,Belgium,F063,4,0.05313937487201542
latest_available,56,Belgium,F063,5,0.11822998370250579
latest_available,56,Belgium,F063,6,0.09442647514126573
latest_available,56,Belgium,F063,7,0.08604670598713851
latest_available,56,Belgium,F063,8,0.0973430917528051
latest_available,56,Belgium,F063,9,0.04850468318699864
latest_available,56,Belgium,F118,1,0.1592231689292274
latest_available,56,Belgium,F118,10,0.1700999080555395
latest_available,56,Belgium,F118,2,0.04562947682857228
latest_available,56,Belgium,F118,3,0.04997073158088903
latest_available,56,Belgium,F118,4,0.04251577135778866
latest_available,56,Belgium,F118,5,0.20723192721115166
latest_available,56,Belgium,F118,6,0.058479821990694
latest_available,56,Belgium,F118,7,0.08722737601138611
latest_available,56,Belgium,F118,8,0.12244353640392305
latest_available,56,Belgium,F118,9,0.05717828163082831
latest_available,56,Belgium,F120,1,0.16283130205089863
latest_available,56,Belgium,F120,10,0.06076894447162475
latest_available,56,Belgium,F120,2,0.058963880926152575
latest_available,56,Belgium,F120,3,0.08677355270484631
latest_available,56,Belgium,F120,4,0.061217708441058505
latest_available,56,Belgium,F120,5,0.245133176494996
latest_available,56,Belgium,F120,6,0.07996667151976974
latest_available,56,Belgium,F120,7,0.09851453594054359
latest_available,56,Belgium,F120,8,0.10839077409026734
latest_available,56,Belgium,F120,9,0.03743945335984253
latest_available,56,Belgium,G006,1,0.30659440861956844
latest_available,56,Belgium,G006,2,0.5740060709253146
latest_available,56,Belgium,G006,3,0.09723217618297113
latest_available,56,Belgium,G006,4,0.022167344272145693
latest_available,56,Belgium,Y002,1,0.19514418978893852
latest_available,56,Belgium,Y002,2,0.5929747579329205
latest_available,56,Belgium,Y002,3,0.211881052278141
latest_available,68,Bolivia,A008,1,0.3736050460941291
latest_available,68,Bolivia,A008,2,0.3585638039786511
latest_available,68,Bolivia,A008,3,0.25084910237748664
latest_available,68,Bolivia,A008,4,0.016982047549733138
latest_available,68,Bolivia,A165,1,0.08597948216902784
latest_available,68,Bolivia,A165,2,0.9140205178309722
latest_available,68,Bolivia,E018,1,0.895609756097561
latest_available,68,Bolivia,E018,2,0.07707317073170732
latest_available,68,Bolivia,E018,3,0.027317073170731707
latest_available,68,Bolivia,E025,1,0.12418627941912869
latest_available,68,Bolivia,E025,2,0.38607911867801703
latest_available,68,Bolivia,E025,3,0.4897346019028543
latest_available,68,Bolivia,F063,1,0.010653753026634382
latest_available,68,Bolivia,F063,10,0.735593220338983
latest_available,68,Bolivia,F063,2,0.006779661016949152
latest_available,68,Bolivia,F063,3,0.005326876513317191
latest_available,68,Bolivia,F063,4,0.006295399515738499
latest_available,68,Bolivia,F063,5,0.02711864406779661
latest_available,68,Bolivia,F063,6,0.01646489104116223
latest_available,68,Bolivia,F063,7,0.03438256658595642
latest_available,68,Bolivia,F063,8,0.07312348668280871
latest_available,68,Bolivia,F063,9,0.08426150121065375
latest_available,68,Bolivia,F118,1,0.46382978723404256
latest_available,68,Bolivia,F118,10,0.05159574468085106
latest_available,68,Bolivia,F118,2,0.08244680851063829
latest_available,68,Bolivia,F118,3,0.05319148936170213
latest_available,68,Bolivia,F118,4,0.05425531914893617
latest_available,68,Bolivia,F118,5,0.14893617021276595
latest_available,68,Bolivia,F118,6,0.05851063829787234
latest_available,68,Bolivia,F118,7,0.03404255319148936
latest_available,68,Bolivia,F118,8,0.032446808510638296
latest_available,68,Bolivia,F118,9,0.02074468085106383
latest_available,68,Bolivia,F120,1,0.6630648330058939
latest_available,68,Bolivia,F120,10,0.026522593320235755
latest_available,68,Bolivia,F120,2,0.08546168958742632
latest_available,68,Bolivia,F120,3,0.0481335952848723
latest_available,68,Bolivia,F120,4,0.028978388998035363
latest_available,68,Bolivia,F120,5,0.06925343811394892
latest_available,68,Bolivia,F120,6,0.029469548133595286
latest_available,68,Bolivia,F120,7,0.016208251473477406
latest_available,68,Bolivia,F120,8,0.021611001964636542
latest_available,68,Bolivia,F120,9,0.011296660117878193
latest_available,68,Bolivia,G006,1,0.764934434191355
latest_available,68,Bolivia,G006,2,0.14424477901894123
latest_available,68,Bolivia,G006,3,0.0796503156872268
latest_available,68,Bolivia,G006,4,0.011170471102476931
latest_available,68,Bolivia,Y002,1,0.215
latest_available,68,Bolivia,Y002,2,0.599
latest_available,68,Bolivia,Y002,3,0.186
latest_available,70,Bosnia Herzegovina,A008,1,0.2958116641487703
latest_available,70,Bosnia Herzegovina,A008,2,0.5754718990493581
latest_available,70,Bosnia Herzegovina,A008,3,0.10132154368934083
latest_available,70,Bosnia Herzegovina,A008,4,0.027394893112530745
latest_available,70,Bosnia Herzegovina,A165,1,0.09735417216505733
latest_available,70,Bosnia Herzegovina,A165,2,0.9026458278349426
latest_available,70,Bosnia Herzegovina,E018,1,0.6473005628573946
latest_available,70,Bosnia Herzegovina,E018,2,0.16706901399183535
latest_available,70,Bosnia Herzegovina,E018,3,0.18563042315077002
latest_available,70,Bosnia Herzegovina,E025,1,0.32104185188384526
latest_available,70,Bosnia Herzegovina,E025,2,0.45534318251689687
latest_available,70,Bosnia Herzegovina,E025,3,0.22361496559925784
latest_available,70,Bosnia Herzegovina,F063,1,0.018669917976722572
latest_available,70,Bosnia Herzegovina,F063,10,0.516640627566865
latest_available,70,Bosnia Herzegovina,F063,2,0.01621558348257344
latest_available,70,Bosnia Herzegovina,F063,3,0.014282171856173425
latest_available,70,Bosnia Herzegovina,F063,4,0.0167627863252434
latest_available,70,Bosnia Herzegovina,F063,5,0.07020294546516896
latest_available,70,Bosnia Herzegovina,F063,6,0.04284719685902003
latest_available,70,Bosnia Herzegovina,F063,7,0.088356170843557
latest_available,70,Bosnia Herzegovina,F063,8,0.11935098226022495
latest_available,70,Bosnia Herzegovina,F063,9,0.09667161736445111
latest_available,70,Bosnia Herzegovina,F118,1,0.8289147587820298
latest_available,70,Bosnia Herzegovina,F118,10,0.038523786749871225
latest_available,70,Bosnia Herzegovina,F118,2,0.0456999667094828
latest_available,70,Bosnia Herzegovina,F118,3,0.0178192990556546
latest_available,70,Bosnia Herzegovina,F118,4,0.011426728970163844
latest_available,70,Bosnia Herzegovina,F118,5,0.03218443991452839
latest_available,70,Bosnia Herzegovina,F118,6,0.005380641864485762
latest_available,70,Bosnia Herzegovina,F118,7,0.002923040876967362
latest_available,70,Bosnia Herzegovina,F118,8,0.008926502591939108
latest_available,70,Bosnia Herzegovina,F118,9,0.008200834484877198
latest_available,70,Bosnia Herzegovina,F120,1,0.5020722927223294
latest_available,70,Bosnia Herzegovina,F120,10,0.0864009668850972
latest_available,70,Bosnia Herzegovina,F120,2,0.061579901721089646
latest_available,70,Bosnia Herzegovina,F120,3,0.05337039875340877
latest_available,70,Bosnia Herzegovina,F120,4,0.03874752511543458
latest_available,70,Bosnia Herzegovina,F120,5,0.14212354091389107
latest_available,70,Bosnia Herzegovina,F120,6,0.025630748787351602
latest_available,70,Bosnia Herzegovina,F120,7,0.02644402981191646
latest_available,70,Bosnia Herzegovina,F120,8,0.04952104486099967
latest_available,70,Bosnia Herzegovina,F120,9,0.014109550428481644
latest_available,70,Bosnia Herzegovina,G006,1,0.29225797890806354
latest_available,70,Bosnia Herzegovina,G006,2,0.44746614102404497
latest_available,70,Bosnia Herzegovina,G006,3,0.2001214352447175
latest_available,70,Bosnia Herzegovina,G006,4,0.06015444482317399
latest_available,70,Bosnia Herzegovina,Y002,1,0.35155357163258094
latest_available,70,Bosnia Herzegovina,Y002,2,0.568173084566096
latest_available,70,Bosnia Herzegovina,Y002,3,0.08027334380132295
latest_available,76,Brazil,A008,1,0.2809148544533768
latest_available,76,Brazil,A008,2,0.6202470585878783
latest_available,76,Brazil,A008,3,0.09094468671441688
latest_available,76,Brazil,A008,4,0.00789340024432805
latest_available,76,Brazil,A165,1,0.06647943724606635
latest_available,76,Brazil,A165,2,0.9335205627539337
latest_available,76,Brazil,E018,1,0.7354047059763678
latest_available,76,Brazil,E018,2,0.20139158352787248
latest_available,76,Brazil,E018,3,0.06320371049575992
latest_available,76,Brazil,E025,1,0.49217023237534496
latest_available,76,Brazil,E025,2,0.29441857500936364
latest_available,76,Brazil,E025,3,0.21341119261529154
latest_available,76,Brazil,F063,1,0.02408327281915052
latest_available,76,Brazil,F063,10,0.7942167204411199
latest_available,76,Brazil,F063,2,0.007556378119594557
latest_available,76,Brazil,F063,3,0.012095556539611748
latest_available,76,Brazil,F063,4,0.017158987804367733
latest_available,76,Brazil,F063,5,0.0484508419827534
latest_available,76,Brazil,F063,6,0.023660103883312567
latest_available,76,Brazil,F063,7,0.028228685728124626
latest_available,76,Brazil,F063,8,0.026987116788063672
latest_available,76,Brazil,F063,9,0.017562335893901396
latest_available,76,Brazil,F118,1,0.3418741851521386
latest_available,76,Brazil,F118,10,0.21923999660669682
latest_available,76,Brazil,F118,2,0.018468438600845478
latest_available,76,Brazil,F118,3,0.027377379467246235
latest_available,76,Brazil,F118,4,0.03193198606432738
latest_available,76,Brazil,F118,5,0.19236797904338188
latest_available,76,Brazil,F118,6,0.05348469129046703
latest_available,76,Brazil,F118,7,0.04121381802711304
latest_available,76,Brazil,F118,8,0.05000635098897025
latest_available,76,Brazil,F118,9,0.024035174758813463
latest_available,76,Brazil,F120,1,0.6727625095145329
latest_available,76,Brazil,F120,10,0.048855977915438414
latest_available,76,Brazil,F120,2,0.027924996746949267
latest_available,76,Brazil,F120,3,0.028025345525951036
latest_available,76,Brazil,F120,4,0.030945791338945195
latest_available,76,Brazil,F120,5,0.1197818134358063
latest_available,76,Brazil,F120,6,0.021778882078954828
latest_available,76,Brazil,F120,7,0.024167019979321115
latest_available,76,Brazil,F120,8,0.02211013965724013
latest_available,76,Brazil,F120,9,0.003647523806860961
latest_available,76,Brazil,G006,1,0.24785525375969417
latest_available,76,Brazil,G006,2,0.37901099870176186
latest_available,76,Brazil,G006,3,0.2719260963412731
latest_available,76,Brazil,G006,4,0.10120765119727088
latest_available,76,Brazil,Y002,1,0.2958875278958834
latest_available,76,Brazil,Y002,2,0.6025200590405929
latest_available,76,Brazil,Y002,3,0.10159241306352361
latest_available,100,Bulgaria,A008,1,0.15394248221685056
latest_available,100,Bulgaria,A008,2,0.45569577575497705
latest_available,100,Bulgaria,A008,3,0.3017424106059472
latest_available,100,Bulgaria,A008,4,0.08861933142222517
latest_available,100,Bulgaria,A165,1,0.17548802660019688
latest_available,100,Bulgaria,A165,2,0.8245119733998032
latest_available,100,Bulgaria,E018,1,0.5160800638473603
latest_available,100,Bulgaria,E018,2,0.36526166931497006
latest_available,100,Bulgaria,E018,3,0.1186582668376696
latest_available,100,Bulgaria,E025,1,0.14050630051009375
latest_available,100,Bulgaria,E025,2,0.3111175890501923
latest_available,100,Bulgaria,E025,3,0.548376110439714
latest_available,100,Bulgaria,F063,1,0.11617468996892694
latest_available,100,Bulgaria,F063,10,0.2068331460621738
latest_available,100,Bulgaria,F063,2,0.04797779188800458
latest_available,100,Bulgaria,F063,3,0.04818130541183229
latest_available,100,Bulgaria,F063,4,0.05808712798558829
latest_available,100,Bulgaria,F063,5,0.14252005016501837
latest_available,100,Bulgaria,F063,6,0.09619700639967457
latest_available,100,Bulgaria,F063,7,0.09530328819650029
latest_available,100,Bulgaria,F063,8,0.11886218836025823
latest_available,100,Bulgaria,F063,9,0.0698634055620228
latest_available,100,Bulgaria,F118,1,0.6463661919880148
latest_available,100,Bulgaria,F118,10,0.021603827089896825
latest_available,100,Bulgaria,F118,2,0.023519312763855365
latest_available,100,Bulgaria,F118,3,0.036732783910768944
latest_available,100,Bulgaria,F118,4,0.050608698364241485
latest_available,100,Bulgaria,F118,5,0.12448195748424627
latest_available,100,Bulgaria,F118,6,0.04153749550889
latest_available,100,Bulgaria,F118,7,0.03093491522820422
latest_available,100,Bulgaria,F118,8,0.01732178411158812
latest_available,100,Bulgaria,F118,9,0.006893033550293943
latest_available,100,Bulgaria,F120,1,0.23565199958233657
latest_available,100,Bulgaria,F120,10,0.06444052765381227
latest_available,100,Bulgaria,F120,2,0.020524861258830757
latest_available,100,Bulgaria,F120,3,0.043331274859962174
latest_available,100,Bulgaria,F120,4,0.059245207039067896
latest_available,100,Bulgaria,F120,5,0.26296177109355395
latest_available,100,Bulgaria,F120,6,0.10791883670028245
latest_available,100,Bulgaria,F120,7,0.09049381474790276
latest_available,100,Bulgaria,F120,8,0.07267762182283179
latest_available,100,Bulgaria,F120,9,0.042754085241419416
latest_available,100,Bulgaria,G006,1,0.5148459258922615
latest_available,100,Bulgaria,G006,2,0.3358194180860405
latest_available,100,Bulgaria,G006,3,0.1224933386329909
latest_available,100,Bulgaria,G006,4,0.026841317388707066
latest_available,100,Bulgaria,Y002,1,0.4807430580747235
latest_available,100,Bulgaria,Y002,2,0.5053055961306521
latest_available,100,Bulgaria,Y002,3,0.0139513457946244
latest_available,104,Myanmar,A008,1,0.3333333333333333
latest_available,104,Myanmar,A008,2,0.5425
latest_available,104,Myanmar,A008,3,0.09
latest_available,104,Myanmar,A008,4,0.034166666666666665
latest_available,104,Myanmar,A165,1,0.15083333333333335
latest_available,104,Myanmar,A165,2,0.8491666666666666
latest_available,104,Myanmar,E018,1,0.4275
latest_available,104,Myanmar,E018,2,0.0925
latest_available,104,Myanmar,E018,3,0.48
latest_available,104,Myanmar,E025,1,0.045099739809193407
latest_available,104,Myanmar,E025,2,0.17606244579358196
latest_available,104,Myanmar,E025,3,0.7788378143972247
latest_available,104,Myanmar,F063,1,0.0033333333333333335
latest_available,104,Myanmar,F063,10,0.8816666666666667
latest_available,104,Myanmar,F063,2,0.0016666666666666668
latest_available,104,Myanmar,F063,3,0.0025
latest_available,104,Myanmar,F063,4,0.0025
latest_available,104,Myanmar,F063,5,0.005833333333333334
latest_available,104,Myanmar,F063,6,0.011666666666666667
latest_available,104,Myanmar,F063,7,0.010833333333333334
latest_available,104,Myanmar,F063,8,0.030833333333333334
latest_available,104,Myanmar,F063,9,0.049166666666666664
latest_available,104,Myanmar,F118,1,0.7639699749791493
latest_available,104,Myanmar,F118,10,0.0025020850708924102
latest_available,104,Myanmar,F118,2,0.05170975813177648
latest_available,104,Myanmar,F118,3,0.045037531276063386
latest_available,104,Myanmar,F118,4,0.027522935779816515
latest_available,104,Myanmar,F118,5,0.08590492076730609
latest_available,104,Myanmar,F118,6,0.015012510425354461
latest_available,104,Myanmar,F118,7,0.003336113427856547
latest_available,104,Myanmar,F118,8,0.004170141784820684
latest_available,104,Myanmar,F118,9,0.0008340283569641367
latest_available,104,Myanmar,F120,1,0.8448707256046706
latest_available,104,Myanmar,F120,10,0.0008340283569641367
latest_available,104,Myanmar,F120,2,0.04837364470391994
latest_available,104,Myanmar,F120,3,0.027522935779816515
latest_available,104,Myanmar,F120,4,0.021684737281067557
latest_available,104,Myanmar,F120,5,0.05254378648874062
latest_available,104,Myanmar,F120,6,0.0016680567139282735
latest_available,104,Myanmar,F120,7,0.0016680567139282735
latest_available,104,Myanmar,F120,8,0.0008340283569641367
latest_available,104,Myanmar,F120,9,0.0
latest_available,104,Myanmar,G006,1,0.855
latest_available,104,Myanmar,G006,2,0.1275
latest_available,104,Myanmar,G006,3,0.013333333333333334
latest_available,104,Myanmar,G006,4,0.004166666666666667
latest_available,104,Myanmar,Y002,1,0.2683333333333333
latest_available,104,Myanmar,Y002,2,0.5766666666666667
latest_available,104,Myanmar,Y002,3,0.155
latest_available,112,Belarus,A008,1,0.2221622622685124
latest_available,112,Belarus,A008,2,0.687195850525358
latest_available,112,Belarus,A008,3,0.08153393845389185
latest_available,112,Belarus,A008,4,0.009107948752237808
latest_available,112,Belarus,A165,1,0.4221057324745587
latest_available,112,Belarus,A165,2,0.5778942675254413
latest_available,112,Belarus,E018,1,0.46899576079605465
latest_available,112,Belarus,E018,2,0.4096295356081118
latest_available,112,Belarus,E018,3,0.1213747035958334
latest_available,112,Belarus,E025,1,0.10587738128605965
latest_available,112,Belarus,E025,2,0.21861315778862728
latest_available,112,Belarus,E025,3,0.6755094609253133
latest_available,112,Belarus,F063,1,0.11365829855631068
latest_available,112,Belarus,F063,10,0.13820022035180776
latest_available,112,Belarus,F063,2,0.05113934778042576
latest_available,112,Belarus,F063,3,0.077489506479412
latest_available,112,Belarus,F063,4,0.06133672441656048
latest_available,112,Belarus,F063,5,0.16327720937293466
latest_available,112,Belarus,F063,6,0.08400694883871568
latest_available,112,Belarus,F063,7,0.12188370934093183
latest_available,112,Belarus,F063,8,0.1255470776187844
latest_available,112,Belarus,F063,9,0.06346095724411674
latest_available,112,Belarus,F118,1,0.641497423690516
latest_available,112,Belarus,F118,10,0.041897263227497795
latest_available,112,Belarus,F118,2,0.07634071036555953
latest_available,112,Belarus,F118,3,0.051214111725680266
latest_available,112,Belarus,F118,4,0.03615712105374936
latest_available,112,Belarus,F118,5,0.0695948956728068
latest_available,112,Belarus,F118,6,0.029884044076912107
latest_available,112,Belarus,F118,7,0.023893931348462485
latest_available,112,Belarus,F118,8,0.015970585220787314
latest_available,112,Belarus,F118,9,0.013549913618028216
latest_available,112,Belarus,F120,1,0.2934223875345317
latest_available,112,Belarus,F120,10,0.051443639680260486
latest_available,112,Belarus,F120,2,0.06860644501177218
latest_available,112,Belarus,F120,3,0.08087109938248455
latest_available,112,Belarus,F120,4,0.0798744769524481
latest_available,112,Belarus,F120,5,0.1735906297868955
latest_available,112,Belarus,F120,6,0.07774621282896596
latest_available,112,Belarus,F120,7,0.07730029716014888
latest_available,112,Belarus,F120,8,0.06419578001855471
latest_available,112,Belarus,F120,9,0.032949031643938025
latest_available,112,Belarus,G006,1,0.3627663460724388
latest_available,112,Belarus,G006,2,0.5398347859293792
latest_available,112,Belarus,G006,3,0.07661022433041974
latest_available,112,Belarus,G006,4,0.02078864366776241
latest_available,112,Belarus,Y002,1,0.39572660109839064
latest_available,112,Belarus,Y002,2,0.5148296411477439
latest_available,112,Belarus,Y002,3,0.08944375775386561
latest_available,124,Canada,A008,1,0.19513235725794575
latest_available,124,Canada,A008,2,0.6535993444270937
latest_available,124,Canada,A008,3,0.13303986893011757
latest_available,124,Canada,A008,4,0.01822842938484301
latest_available,124,Canada,A165,1,0.46693013953251283
latest_available,124,Canada,A165,2,0.5330698604674871
latest_available,124,Canada,E018,1,0.44369665302359823
latest_available,124,Canada,E018,2,0.42824592964575325
latest_available,124,Canada,E018,3,0.1280574173306484
latest_available,124,Canada,E025,1,0.7023102877751425
latest_available,124,Canada,E025,2,0.24162981260457136
latest_available,124,Canada,E025,3,0.05605989962028609
latest_available,124,Canada,F063,1,0.2761590044213276
latest_available,124,Canada,F063,10,0.15569229845924132
latest_available,124,Canada,F063,2,0.07888210963320047
latest_available,124,Canada,F063,3,0.06825210440917123
latest_available,124,Canada,F063,4,0.03810567356395246
latest_available,124,Canada,F063,5,0.09348658614205432
latest_available,124,Canada,F063,6,0.06933279900781088
latest_available,124,Canada,F063,7,0.08590993077116887
latest_available,124,Canada,F063,8,0.08464383995988929
latest_available,124,Canada,F063,9,0.0495356536321834
latest_available,124,Canada,F118,1,0.06382443502655019
latest_available,124,Canada,F118,10,0.43805654215645307
latest_available,124,Canada,F118,2,0.018628756403750158
latest_available,124,Canada,F118,3,0.01397753600600649
latest_available,124,Canada,F118,4,0.017712251198938805
latest_available,124,Canada,F118,5,0.1299998102663061
latest_available,124,Canada,F118,6,0.06360275558928277
latest_available,124,Canada,F118,7,0.06717856834694773
latest_available,124,Canada,F118,8,0.10266241618891749
latest_available,124,Canada,F118,9,0.08435692881684712
latest_available,124,Canada,F120,1,0.08580703555209845
latest_available,124,Canada,F120,10,0.19356915819087356
latest_available,124,Canada,F120,2,0.02752189656182674
latest_available,124,Canada,F120,3,0.037481950333303815
latest_available,124,Canada,F120,4,0.034589897639113916
latest_available,124,Canada,F120,5,0.16401916262274252
latest_available,124,Canada,F120,6,0.08267917425223455
latest_available,124,Canada,F120,7,0.11826869531221351
latest_available,124,Canada,F120,8,0.1627660932148385
latest_available,124,Canada,F120,9,0.09329693632075436
latest_available,124,Canada,G006,1,0.5188782502044268
latest_available,124,Canada,G006,2,0.3741236696767868
latest_available,124,Canada,G006,3,0.0818503905522429
latest_available,124,Canada,G006,4,0.025147689566543587
latest_available,124,Canada,Y002,1,0.15307118602743586
latest_available,124,Canada,Y002,2,0.6086160134846885
latest_available,124,Canada,Y002,3,0.2383128004878755
latest_available,152,Chile,A008,1,0.2659706984573446
latest_available,152,Chile,A008,2,0.5711064444878138
latest_available,152,Chile,A008,3,0.15569288717494342
latest_available,152,Chile,A008,4,0.007229969879898199
latest_available,152,Chile,A165,1,0.1318578936428691
latest_available,152,Chile,A165,2,0.8681421063571308
latest_available,152,Chile,E018,1,0.6064901196735198
latest_available,152,Chile,E018,2,0.28659954587840897
latest_available,152,Chile,E018,3,0.10691033444807106
latest_available,152,Chile,E025,1,0.10299255077235088
latest_available,152,Chile,E025,2,0.39645962253558265
latest_available,152,Chile,E025,3,0.5005478266920664
latest_available,152,Chile,F063,1,0.04374118975621167
latest_available,152,Chile,F063,10,0.22295455716482546
latest_available,152,Chile,F063,2,0.038637190895514914
latest_available,152,Chile,F063,3,0.047158046431957514
latest_available,152,Chile,F063,4,0.09587756538405516
latest_available,152,Chile,F063,5,0.16166593520328876
latest_available,152,Chile,F063,6,0.12218563937616332
latest_available,152,Chile,F063,7,0.09057866562950828
latest_available,152,Chile,F063,8,0.1220506404070788
latest_available,152,Chile,F063,9,0.05515056975139609
latest_available,152,Chile,F118,1,0.2008781030220189
latest_available,152,Chile,F118,10,0.1304380134088063
latest_available,152,Chile,F118,2,0.050137582176696616
latest_available,152,Chile,F118,3,0.05452716594477497
latest_available,152,Chile,F118,4,0.12565788653014767
latest_available,152,Chile,F118,5,0.17279299627018282
latest_available,152,Chile,F118,6,0.08943071040653575
latest_available,152,Chile,F118,7,0.08974270030286437
latest_available,152,Chile,F118,8,0.05850194223903067
latest_available,152,Chile,F118,9,0.027892899698941976
latest_available,152,Chile,F120,1,0.37387129280913645
latest_available,152,Chile,F120,10,0.05755709746464206
latest_available,152,Chile,F120,2,0.07855374559301602
latest_available,152,Chile,F120,3,0.058952190577702956
latest_available,152,Chile,F120,4,0.09614121812446759
latest_available,152,Chile,F120,5,0.11200621084407938
latest_available,152,Chile,F120,6,0.07966887100192462
latest_available,152,Chile,F120,7,0.04582861029064947
latest_available,152,Chile,F120,8,0.06292295458208982
latest_available,152,Chile,F120,9,0.03449780871229159
latest_available,152,Chile,G006,1,0.34527052792804264
latest_available,152,Chile,G006,2,0.4440842333303856
latest_available,152,Chile,G006,3,0.12014345763584719
latest_available,152,Chile,G006,4,0.09050178110572453
latest_available,152,Chile,Y002,1,0.29247257361105095
latest_available,152,Chile,Y002,2,0.5895344649987437
latest_available,152,Chile,Y002,3,0.11799296139020532
latest_available,156,China,A008,1,0.2742272187546606
latest_available,156,China,A008,2,0.6155291696722118
latest_available,156,China,A008,3,0.09546641532332496
latest_available,156,China,A008,4,0.01477719624980268
latest_available,156,China,A165,1,0.6397954688087929
latest_available,156,China,A165,2,0.36020453119120704
latest_available,156,China,E018,1,0.6230634643476657
latest_available,156,China,E018,2,0.19784748175722913
latest_available,156,China,E018,3,0.1790890538951052
latest_available,156,China,E025,1,0.06914736900805063
latest_available,156,China,E025,2,0.45661594509767256
latest_available,156,China,E025,3,0.4742366858942768
latest_available,156,China,F063,1,0.5240079596855154
latest_available,156,China,F063,10,0.029971020091755743
latest_available,156,China,F063,2,0.10835262787443527
latest_available,156,China,F063,3,0.08605193015326137
latest_available,156,China,F063,4,0.04156355145736568
latest_available,156,China,F063,5,0.09226866065529712
latest_available,156,China,F063,6,0.042849303066549146
latest_available,156,China,F063,7,0.028713431159992434
latest_available,156,China,F063,8,0.03195266877506008
latest_available,156,China,F063,9,0.014268847080767701
latest_available,156,China,F118,1,0.6766622846357397
latest_available,156,China,F118,10,0.03808579615617959
latest_available,156,China,F118,2,0.07683035042470863
latest_available,156,China,F118,3,0.05281844409476487
latest_available,156,China,F118,4,0.023901201820344376
latest_available,156,China,F118,5,0.06551234279452954
latest_available,156,China,F118,6,0.019889008866390032
latest_available,156,China,F118,7,0.01642484869935983
latest_available,156,China,F118,8,0.020850992436495644
latest_available,156,China,F118,9,0.009024730071487817
latest_available,156,China,F120,1,0.615472234183748
latest_available,156,China,F120,10,0.0195438607206644
latest_available,156,China,F120,2,0.08262971970352156
latest_available,156,China,F120,3,0.07089910218907344
latest_available,156,China,F120,4,0.04370937829922985
latest_available,156,China,F120,5,0.09077041576415829
latest_available,156,China,F120,6,0.029384231184962355
latest_available,156,China,F120,7,0.015118610287997965
latest_available,156,China,F120,8,0.02742362053758732
latest_available,156,China,F120,9,0.005048827129056834
latest_available,156,China,G006,1,0.42730651422372257
latest_available,156,China,G006,2,0.5002186727323612
latest_available,156,China,G006,3,0.06626981959183616
latest_available,156,China,G006,4,0.006204993452080111
latest_available,156,China,Y002,1,0.4980759944482959
latest_available,156,China,Y002,2,0.46354383484651074
latest_available,156,China,Y002,3,0.0383801707051934
latest_available,158,Taiwan ROC,A008,1,0.2591253713705007
latest_available,158,Taiwan ROC,A008,2,0.6480983732324703
latest_available,158,Taiwan ROC,A008,3,0.07573254821739342
latest_available,158,Taiwan ROC,A008,4,0.01704370717963536
latest_available,158,Taiwan ROC,A165,1,0.3079178862179679
latest_available,158,Taiwan ROC,A165,2,0.692082113782032
latest_available,158,Taiwan ROC,E018,1,0.19637150010009094
latest_available,158,Taiwan ROC,E018,2,0.1623496818313009
latest_available,158,Taiwan ROC,E018,3,0.6412788180686082
latest_available,158,Taiwan ROC,E025,1,0.18191537263008373
latest_available,158,Taiwan ROC,E025,2,0.40531561092623924
latest_available,158,Taiwan ROC,E025,3,0.4127690164436769
latest_available,158,Taiwan ROC,F063,1,0.0423073341813971
latest_available,158,Taiwan ROC,F063,10,0.1032645398831956
latest_available,158,Taiwan ROC,F063,2,0.034077640033897405
latest_available,158,Taiwan ROC,F063,3,0.0828657337857235
latest_available,158,Taiwan ROC,F063,4,0.03608646258985671
latest_available,158,Taiwan ROC,F063,5,0.22771315323467534
latest_available,158,Taiwan ROC,F063,6,0.1786790063362608
latest_available,158,Taiwan ROC,F063,7,0.10639651370010172
latest_available,158,Taiwan ROC,F063,8,0.1259264007510345
latest_available,158,Taiwan ROC,F063,9,0.0626832155038573
latest_available,158,Taiwan ROC,F118,1,0.273793940378939
latest_available,158,Taiwan ROC,F118,10,0.07616586301458621
latest_available,158,Taiwan ROC,F118,2,0.05953597512939344
latest_available,158,Taiwan ROC,F118,3,0.07834806005851477
latest_available,158,Taiwan ROC,F118,4,0.035034362841176996
latest_available,158,Taiwan ROC,F118,5,0.27079496001997977
latest_available,158,Taiwan ROC,F118,6,0.062300409291821034
latest_available,158,Taiwan ROC,F118,7,0.0486252801795773
latest_available,158,Taiwan ROC,F118,8,0.056792515619339644
latest_available,158,Taiwan ROC,F118,9,0.03860863346667176
latest_available,158,Taiwan ROC,F120,1,0.32313492946693007
latest_available,158,Taiwan ROC,F120,10,0.016843996632945234
latest_available,158,Taiwan ROC,F120,2,0.10694261590466204
latest_available,158,Taiwan ROC,F120,3,0.14669759932388943
latest_available,158,Taiwan ROC,F120,4,0.06922159567902603
latest_available,158,Taiwan ROC,F120,5,0.22124874280560816
latest_available,158,Taiwan ROC,F120,6,0.04504899892449469
latest_available,158,Taiwan ROC,F120,7,0.027528599188307277
latest_available,158,Taiwan ROC,F120,8,0.03527636283979187
latest_available,158,Taiwan ROC,F120,9,0.008056559234345121
latest_available,158,Taiwan ROC,G006,1,0.19727925152049003
latest_available,158,Taiwan ROC,G006,2,0.6000404096905348
latest_available,158,Taiwan ROC,G006,3,0.15684594108597588
latest_available,158,Taiwan ROC,G006,4,0.04583439770299925
latest_available,158,Taiwan ROC,Y002,1,0.4242200805051811
latest_available,158,Taiwan ROC,Y002,2,0.48684394922673374
latest_available,158,Taiwan ROC,Y002,3,0.08893597026808531
latest_available,170,Colombia,A008,1,0.5730263157894737
latest_available,170,Colombia,A008,2,0.32105263157894737
latest_available,170,Colombia,A008,3,0.09276315789473684
latest_available,170,Colombia,A008,4,0.013157894736842105
latest_available,170,Colombia,A165,1,0.045394736842105265
latest_available,170,Colombia,A165,2,0.9546052631578947
latest_available,170,Colombia,E018,1,0.875
latest_available,170,Colombia,E018,2,0.07763157894736843
latest_available,170,Colombia,E018,3,0.04736842105263158
latest_available,170,Colombia,E025,1,0.29605263157894735
latest_available,170,Colombia,E025,2,0.34210526315789475
latest_available,170,Colombia,E025,3,0.3618421052631579
latest_available,170,Colombia,F063,1,0.03223684210526316
latest_available,170,Colombia,F063,10,0.8427631578947369
latest_available,170,Colombia,F063,2,0.005263157894736842
latest_available,170,Colombia,F063,3,0.006578947368421052
latest_available,170,Colombia,F063,4,0.005263157894736842
latest_available,170,Colombia,F063,5,0.015789473684210527
latest_available,170,Colombia,F063,6,0.017105263157894738
latest_available,170,Colombia,F063,7,0.015789473684210527
latest_available,170,Colombia,F063,8,0.023026315789473683
latest_available,170,Colombia,F063,9,0.03618421052631579
latest_available,170,Colombia,F118,1,0.44671052631578945
latest_available,170,Colombia,F118,10,0.1394736842105263
latest_available,170,Colombia,F118,2,0.03289473684210526
latest_available,170,Colombia,F118,3,0.03684210526315789
latest_available,170,Colombia,F118,4,0.03223684210526316
latest_available,170,Colombia,F118,5,0.14671052631578949
latest_available,170,Colombia,F118,6,0.06513157894736842
latest_available,170,Colombia,F118,7,0.03618421052631579
latest_available,170,Colombia,F118,8,0.03684210526315789
latest_available,170,Colombia,F118,9,0.026973684210526316
latest_available,170,Colombia,F120,1,0.7151315789473685
latest_available,170,Colombia,F120,10,0.060526315789473685
latest_available,170,Colombia,F120,2,0.04473684210526316
latest_available,170,Colombia,F120,3,0.029605263157894735
latest_available,170,Colombia,F120,4,0.017105263157894738
latest_available,170,Colombia,F120,5,0.07697368421052632
latest_available,170,Colombia,F120,6,0.021052631578947368
latest_available,170,Colombia,F120,7,0.013157894736842105
latest_available,170,Colombia,F120,8,0.0125
latest_available,170,Colombia,F120,9,0.009210526315789473
latest_available,170,Colombia,G006,1,0.819212808539026
latest_available,170,Colombia,G006,2,0.1134089392928619
latest_available,170,Colombia,G006,3,0.054036024016010674
latest_available,170,Colombia,G006,4,0.0133422281521014
latest_available,170,Colombia,Y002,1,0.22105263157894736
latest_available,170,Colombia,Y002,2,0.6059210526315789
latest_available,170,Colombia,Y002,3,0.1730263157894737
latest_available,191,Croatia,A008,1,0.1869671027410037
latest_available,191,Croatia,A008,2,0.6366874588539225
latest_available,191,Croatia,A008,3,0.1511826760515925
latest_available,191,Croatia,A008,4,0.025162762353481288
latest_available,191,Croatia,A165,1,0.13960531451437705
latest_available,191,Croatia,A165,2,0.8603946854856227
latest_available,191,Croatia,E018,1,0.6805389631750839
latest_available,191,Croatia,E018,2,0.1521507786734811
latest_available,191,Croatia,E018,3,0.1673102581514351
latest_available,191,Croatia,E025,1,0.5105908506370362
latest_available,191,Croatia,E025,2,0.3455459372036349
latest_available,191,Croatia,E025,3,0.1438632121593288
latest_available,191,Croatia,F063,1,0.10688588252185008
latest_available,191,Croatia,F063,10,0.39510735544786624
latest_available,191,Croatia,F063,2,0.02370121440013894
latest_available,191,Croatia,F063,3,0.038700543849332476
latest_available,191,Croatia,F063,4,0.021622748058527427
latest_available,191,Croatia,F063,5,0.11475725116429734
latest_available,191,Croatia,F063,6,0.060912210075777254
latest_available,191,Croatia,F063,7,0.08329446665506164
latest_available,191,Croatia,F063,8,0.09218201088436917
latest_available,191,Croatia,F063,9,0.06283631694277941
latest_available,191,Croatia,F118,1,0.5743432832860859
latest_available,191,Croatia,F118,10,0.1152664659826494
latest_available,191,Croatia,F118,2,0.04122158478832828
latest_available,191,Croatia,F118,3,0.0328294699416756
latest_available,191,Croatia,F118,4,0.019255823379891786
latest_available,191,Croatia,F118,5,0.12096225795979594
latest_available,191,Croatia,F118,6,0.030103936312592314
latest_available,191,Croatia,F118,7,0.026780817700427992
latest_available,191,Croatia,F118,8,0.02575467239763255
latest_available,191,Croatia,F118,9,0.013481688250920089
latest_available,191,Croatia,F120,1,0.4012723326473283
latest_available,191,Croatia,F120,10,0.11013727834237641
latest_available,191,Croatia,F120,2,0.04340339578523355
latest_available,191,Croatia,F120,3,0.043982174506422805
latest_available,191,Croatia,F120,4,0.033089876041021635
latest_available,191,Croatia,F120,5,0.176562518384927
latest_available,191,Croatia,F120,6,0.05220208996341983
latest_available,191,Croatia,F120,7,0.05025855493671856
latest_available,191,Croatia,F120,8,0.05237590993366153
latest_available,191,Croatia,F120,9,0.03671586945889039
latest_available,191,Croatia,G006,1,0.4086721373102047
latest_available,191,Croatia,G006,2,0.4188501822703454
latest_available,191,Croatia,G006,3,0.1285062282417011
latest_available,191,Croatia,G006,4,0.04397145217774876
latest_available,191,Croatia,Y002,1,0.22670535910454134
latest_available,191,Croatia,Y002,2,0.5883077281065837
latest_available,191,Croatia,Y002,3,0.18498691278887486
latest_available,196,Cyprus,A008,1,0.26410661555077913
latest_available,196,Cyprus,A008,2,0.5573938619437007
latest_available,196,Cyprus,A008,3,0.14633503354397404
latest_available,196,Cyprus,A008,4,0.03216448896154609
latest_available,196,Cyprus,A165,1,0.06756517998580047
latest_available,196,Cyprus,A165,2,0.9324348200141993
latest_available,196,Cyprus,E018,1,0.46449414516704074
latest_available,196,Cyprus,E018,2,0.34554664513033917
latest_available,196,Cyprus,E018,3,0.18995920970262
latest_available,196,Cyprus,E025,1,0.21982112930315023
latest_available,196,Cyprus,E025,2,0.39577839234175516
latest_available,196,Cyprus,E025,3,0.3844004783550944
latest_available,196,Cyprus,F063,1,0.031107537726481622
latest_available,196,Cyprus,F063,10,0.4563961094621162
latest_available,196,Cyprus,F063,2,0.011417242072624323
latest_available,196,Cyprus,F063,3,0.022834484145248652
latest_available,196,Cyprus,F063,4,0.013652679061648541
latest_available,196,Cyprus,F063,5,0.09613245448340424
latest_available,196,Cyprus,F063,6,0.05498150520091976
latest_available,196,Cyprus,F063,7,0.10218077433868368
latest_available,196,Cyprus,F063,8,0.13493864147618365
latest_available,196,Cyprus,F063,9,0.07635857203268896
latest_available,196,Cyprus,F118,1,0.38189194926061737
latest_available,196,Cyprus,F118,10,0.07955544358814161
latest_available,196,Cyprus,F118,2,0.07009119102574314
latest_available,196,Cyprus,F118,3,0.04759324552069325
latest_available,196,Cyprus,F118,4,0.05805185169391782
latest_available,196,Cyprus,F118,5,0.19998886612941666
latest_available,196,Cyprus,F118,6,0.05478116802284381
latest_available,196,Cyprus,F118,7,0.0470336399733966
latest_available,196,Cyprus,F118,8,0.038079951216650205
latest_available,196,Cyprus,F118,9,0.022932693568579358
latest_available,196,Cyprus,F120,1,0.5039349558155968
latest_available,196,Cyprus,F120,10,0.029090342766151273
latest_available,196,Cyprus,F120,2,0.05762998997432104
latest_available,196,Cyprus,F120,3,0.07253607434516111
latest_available,196,Cyprus,F120,4,0.05034807820644837
latest_available,196,Cyprus,F120,5,0.18774779339036898
latest_available,196,Cyprus,F120,6,0.04175634059972589
latest_available,196,Cyprus,F120,7,0.022995387323015287
latest_available,196,Cyprus,F120,8,0.023460517672223114
latest_available,196,Cyprus,F120,9,0.010500519906988028
latest_available,196,Cyprus,G006,1,0.591469062274877
latest_available,196,Cyprus,G006,2,0.28734216995804335
latest_available,196,Cyprus,G006,3,0.08566218057687085
latest_available,196,Cyprus,G006,4,0.035526587190208535
latest_available,196,Cyprus,Y002,1,0.32627530295909063
latest_available,196,Cyprus,Y002,2,0.5573083292190251
latest_available,196,Cyprus,Y002,3,0.11641636782188397
latest_available,197,Northern Cyprus,A008,1,0.28237528966713604
latest_available,197,Northern Cyprus,A008,2,0.4826944979394235
latest_available,197,Northern Cyprus,A008,3,0.1757427443615169
latest_available,197,Northern Cyprus,A008,4,0.05918746803192347
latest_available,197,Northern Cyprus,A165,1,0.04754510964580351
latest_available,197,Northern Cyprus,A165,2,0.9524548903541966
latest_available,197,Northern Cyprus,E018,1,0.4112433534953703
latest_available,197,Northern Cyprus,E018,2,0.43450951692107725
latest_available,197,Northern Cyprus,E018,3,0.15424712958355244
latest_available,197,Northern Cyprus,E025,1,0.18654077732831084
latest_available,197,Northern Cyprus,E025,2,0.44791285921903023
latest_available,197,Northern Cyprus,E025,3,0.365546363452659
latest_available,197,Northern Cyprus,F063,1,0.015265431582644344
latest_available,197,Northern Cyprus,F063,10,0.5793566409584668
latest_available,197,Northern Cyprus,F063,2,0.005851062262748557
latest_available,197,Northern Cyprus,F063,3,0.009800655071924552
latest_available,197,Northern Cyprus,F063,4,0.014788271965401651
latest_available,197,Northern Cyprus,F063,5,0.07468144929683541
latest_available,197,Northern Cyprus,F063,6,0.03940462987949892
latest_available,197,Northern Cyprus,F063,7,0.045215794194104084
latest_available,197,Northern Cyprus,F063,8,0.12768019356080795
latest_available,197,Northern Cyprus,F063,9,0.08795587122756762
latest_available,197,Northern Cyprus,F118,1,0.718983272831248
latest_available,197,Northern Cyprus,F118,10,0.02144726696625601
latest_available,197,Northern Cyprus,F118,2,0.04334788700249217
latest_available,197,Northern Cyprus,F118,3,0.035734724272115624
latest_available,197,Northern Cyprus,F118,4,0.01617565634351087
latest_available,197,Northern Cyprus,F118,5,0.11885448051258797
latest_available,197,Northern Cyprus,F118,6,0.019098369451548882
latest_available,197,Northern Cyprus,F118,7,0.0058742305402106594
latest_available,197,Northern Cyprus,F118,8,0.0134283998832507
latest_available,197,Northern Cyprus,F118,9,0.007055712196778956
latest_available,197,Northern Cyprus,F120,1,0.5332949164297145
latest_available,197,Northern Cyprus,F120,10,0.05286780866028758
latest_available,197,Northern Cyprus,F120,2,0.05456441530722791
latest_available,197,Northern Cyprus,F120,3,0.04687387101367615
latest_available,197,Northern Cyprus,F120,4,0.04543032919198267
latest_available,197,Northern Cyprus,F120,5,0.15502273330531968
latest_available,197,Northern Cyprus,F120,6,0.025015351323090032
latest_available,197,Northern Cyprus,F120,7,0.04070944635980816
latest_available,197,Northern Cyprus,F120,8,0.03175435037700476
latest_available,197,Northern Cyprus,F120,9,0.0144667780318886
latest_available,197,Northern Cyprus,G006,1,0.5019679929012957
latest_available,197,Northern Cyprus,G006,2,0.39649160866837196
latest_available,197,Northern Cyprus,G006,3,0.07205166180094492
latest_available,197,Northern Cyprus,G006,4,0.02948873662938726
latest_available,197,Northern Cyprus,Y002,1,0.27787448947242643
latest_available,197,Northern Cyprus,Y002,2,0.5413516522768136
latest_available,197,Northern Cyprus,Y002,3,0.1807738582507599
latest_available,203,Czechia,A008,1,0.14323908570382038
latest_available,203,Czechia,A008,2,0.6923582926391082
latest_available,203,Czechia,A008,3,0.156293905700657
latest_available,203,Czechia,A008,4,0.008108715956414405
latest_available,203,Czechia,A165,1,0.37038945738866913
latest_available,203,Czechia,A165,2,0.6296105426113309
latest_available,203,Czechia,E018,1,0.414015604262228
latest_available,203,Czechia,E018,2,0.4091564758808048
latest_available,203,Czechia,E018,3,0.1768279198569672
latest_available,203,Czechia,E025,1,0.2145121063440975
latest_available,203,Czechia,E025,2,0.511355048443692
latest_available,203,Czechia,E025,3,0.27413284521221054
latest_available,203,Czechia,F063,1,0.3085543600352766
latest_available,203,Czechia,F063,10,0.06116520794863867
latest_available,203,Czechia,F063,2,0.09552884272448944
latest_available,203,Czechia,F063,3,0.07122019040921689
latest_available,203,Czechia,F063,4,0.06334810276196305
latest_available,203,Czechia,F063,5,0.11976226862544372
latest_available,203,Czechia,F063,6,0.09475172905028376
latest_available,203,Czechia,F063,7,0.07888004366645292
latest_available,203,Czechia,F063,8,0.07666628953072617
latest_available,203,Czechia,F063,9,0.0301229652475089
latest_available,203,Czechia,F118,1,0.0645944327892116
latest_available,203,Czechia,F118,10,0.2450154287456205
latest_available,203,Czechia,F118,2,0.03861494847367401
latest_available,203,Czechia,F118,3,0.03955731285546554
latest_available,203,Czechia,F118,4,0.05762919381887961
latest_available,203,Czechia,F118,5,0.14238493627196144
latest_available,203,Czechia,F118,6,0.13521402682850062
latest_available,203,Czechia,F118,7,0.09812863585181222
latest_available,203,Czechia,F118,8,0.11780474361864665
latest_available,203,Czechia,F118,9,0.06105634074622784
latest_available,203,Czechia,F120,1,0.08377748633908302
latest_available,203,Czechia,F120,10,0.1761939586118967
latest_available,203,Czechia,F120,2,0.03395733283683501
latest_available,203,Czechia,F120,3,0.054902617838151604
latest_available,203,Czechia,F120,4,0.05900287490111476
latest_available,203,Czechia,F120,5,0.1926893608013067
latest_available,203,Czechia,F120,6,0.1431810921941471
latest_available,203,Czechia,F120,7,0.09618249560950835
latest_available,203,Czechia,F120,8,0.10846093054582513
latest_available,203,Czechia,F120,9,0.05165185032213169
latest_available,203,Czechia,G006,1,0.25027398188254063
latest_available,203,Czechia,G006,2,0.5275925571241318
latest_available,203,Czechia,G006,3,0.1775567282384522
latest_available,203,Czechia,G006,4,0.04457673275487536
latest_available,203,Czechia,Y002,1,0.32592346536130107
latest_available,203,Czechia,Y002,2,0.5941225054806593
latest_available,203,Czechia,Y002,3,0.07995402915803966
latest_available,208,Denmark,A008,1,0.3157453074728809
latest_available,208,Denmark,A008,2,0.587527045735364
latest_available,208,Denmark,A008,3,0.084774006302821
latest_available,208,Denmark,A008,4,0.011953640488934228
latest_available,208,Denmark,A165,1,0.7409044945839969
latest_available,208,Denmark,A165,2,0.2590955054160031
latest_available,208,Denmark,E018,1,0.6335790834734044
latest_available,208,Denmark,E018,2,0.18630000700562102
latest_available,208,Denmark,E018,3,0.18012090952097465
latest_available,208,Denmark,E025,1,0.5317607017690483
latest_available,208,Denmark,E025,2,0.3396782786492976
latest_available,208,Denmark,E025,3,0.12856101958165397
latest_available,208,Denmark,F063,1,0.341767575071217
latest_available,208,Denmark,F063,10,0.05374347678019872
latest_available,208,Denmark,F063,2,0.15361990296740174
latest_available,208,Denmark,F063,3,0.11338517914810585
latest_available,208,Denmark,F063,4,0.06567641068546626
latest_available,208,Denmark,F063,5,0.10832995394297999
latest_available,208,Denmark,F063,6,0.04650375215765594
latest_available,208,Denmark,F063,7,0.059289042691002505
latest_available,208,Denmark,F063,8,0.04104878864206062
latest_available,208,Denmark,F063,9,0.016635917913911374
latest_available,208,Denmark,F118,1,0.03471043813257358
latest_available,208,Denmark,F118,10,0.6829846838492853
latest_available,208,Denmark,F118,2,0.008116274965350152
latest_available,208,Denmark,F118,3,0.015167049847401961
latest_available,208,Denmark,F118,4,0.01067139095520478
latest_available,208,Denmark,F118,5,0.05264588643157541
latest_available,208,Denmark,F118,6,0.01886605695061446
latest_available,208,Denmark,F118,7,0.030137852033943386
latest_available,208,Denmark,F118,8,0.059679294799387356
latest_available,208,Denmark,F118,9,0.08702107203466343
latest_available,208,Denmark,F120,1,0.03973306025484936
latest_available,208,Denmark,F120,10,0.5486365654625132
latest_available,208,Denmark,F120,2,0.013844114040953032
latest_available,208,Denmark,F120,3,0.013570613701702289
latest_available,208,Denmark,F120,4,0.016174999840263434
latest_available,208,Denmark,F120,5,0.07257305220310455
latest_available,208,Denmark,F120,6,0.02468039120898754
latest_available,208,Denmark,F120,7,0.06819607962596601
latest_available,208,Denmark,F120,8,0.11520585605182396
latest_available,208,Denmark,F120,9,0.08738526760983671
latest_available,208,Denmark,G006,1,0.5011635617371522
latest_available,208,Denmark,G006,2,0.4269418866475376
latest_available,208,Denmark,G006,3,0.06175767674181891
latest_available,208,Denmark,G006,4,0.010136874873491119
latest_available,208,Denmark,Y002,1,0.08669998553117228
latest_available,208,Denmark,Y002,2,0.7872586353068681
latest_available,208,Denmark,Y002,3,0.1260413791619597
latest_available,218,Ecuador,A008,1,0.6169491525423729
latest_available,218,Ecuador,A008,2,0.27627118644067794
latest_available,218,Ecuador,A008,3,0.09491525423728814
latest_available,218,Ecuador,A008,4,0.011864406779661017
latest_available,218,Ecuador,A165,1,0.05862361937128292
latest_available,218,Ecuador,A165,2,0.9413763806287171
latest_available,218,Ecuador,E018,1,0.8993288590604027
latest_available,218,Ecuador,E018,2,0.0796979865771812
latest_available,218,Ecuador,E018,3,0.02097315436241611
latest_available,218,Ecuador,E025,1,0.1400679117147708
latest_available,218,Ecuador,E025,2,0.34125636672325976
latest_available,218,Ecuador,E025,3,0.5186757215619694
latest_available,218,Ecuador,F063,1,0.019166666666666665
latest_available,218,Ecuador,F063,10,0.7683333333333333
latest_available,218,Ecuador,F063,2,0.006666666666666667
latest_available,218,Ecuador,F063,3,0.004166666666666667
latest_available,218,Ecuador,F063,4,0.005833333333333334
latest_available,218,Ecuador,F063,5,0.03333333333333333
latest_available,218,Ecuador,F063,6,0.011666666666666667
latest_available,218,Ecuador,F063,7,0.02666666666666667
latest_available,218,Ecuador,F063,8,0.059166666666666666
latest_available,218,Ecuador,F063,9,0.065
latest_available,218,Ecuador,F118,1,0.4152910512597741
latest_available,218,Ecuador,F118,10,0.09383145091225022
latest_available,218,Ecuador,F118,2,0.07558644656820157
latest_available,218,Ecuador,F118,3,0.05821025195482189
latest_available,218,Ecuador,F118,4,0.05647263249348393
latest_available,218,Ecuador,F118,5,0.16159860990443092
latest_available,218,Ecuador,F118,6,0.04691572545612511
latest_available,218,Ecuador,F118,7,0.043440486533449174
latest_available,218,Ecuador,F118,8,0.03214596003475239
latest_available,218,Ecuador,F118,9,0.016507384882710686
latest_available,218,Ecuador,F120,1,0.6402695871946082
latest_available,218,Ecuador,F120,10,0.05728727885425442
latest_available,218,Ecuador,F120,2,0.07329401853411963
latest_available,218,Ecuador,F120,3,0.04717775905644482
latest_available,218,Ecuador,F120,4,0.03538331929233361
latest_available,218,Ecuador,F120,5,0.07413647851727043
latest_available,218,Ecuador,F120,6,0.019376579612468407
latest_available,218,Ecuador,F120,7,0.015164279696714406
latest_available,218,Ecuador,F120,8,0.02695871946082561
latest_available,218,Ecuador,F120,9,0.010951979780960405
latest_available,218,Ecuador,G006,1,0.8699664429530202
latest_available,218,Ecuador,G006,2,0.08389261744966443
latest_available,218,Ecuador,G006,3,0.03859060402684564
latest_available,218,Ecuador,G006,4,0.007550335570469799
latest_available,218,Ecuador,Y002,1,0.2799325463743676
latest_available,218,Ecuador,Y002,2,0.5733558178752108
latest_available,218,Ecuador,Y002,3,0.1467116357504216
latest_available,231,Ethiopia,A008,1,0.3300813008130081
latest_available,231,Ethiopia,A008,2,0.5447154471544715
latest_available,231,Ethiopia,A008,3,0.10325203252032521
latest_available,231,Ethiopia,A008,4,0.02195121951219512
latest_available,231,Ethiopia,A165,1,0.11908646003262642
latest_available,231,Ethiopia,A165,2,0.8809135399673735
latest_available,231,Ethiopia,E018,1,0.596694214876033
latest_available,231,Ethiopia,E018,2,0.2190082644628099
latest_available,231,Ethiopia,E018,3,0.18429752066115704
latest_available,231,Ethiopia,E025,1,0.12363330529857022
latest_available,231,Ethiopia,E025,2,0.2077375946173255
latest_available,231,Ethiopia,E025,3,0.6686291000841043
latest_available,231,Ethiopia,F063,1,0.0024390243902439024
latest_available,231,Ethiopia,F063,10,0.9455284552845529
latest_available,231,Ethiopia,F063,2,0.0016260162601626016
latest_available,231,Ethiopia,F063,3,0.0
latest_available,231,Ethiopia,F063,4,0.0032520325203252032
latest_available,231,Ethiopia,F063,5,0.013008130081300813
latest_available,231,Ethiopia,F063,6,0.0024390243902439024
latest_available,231,Ethiopia,F063,7,0.0024390243902439024
latest_available,231,Ethiopia,F063,8,0.013008130081300813
latest_available,231,Ethiopia,F063,9,0.016260162601626018
latest_available,231,Ethiopia,F118,1,0.9052132701421801
latest_available,231,Ethiopia,F118,10,0.058767772511848344
latest_available,231,Ethiopia,F118,2,0.02085308056872038
latest_available,231,Ethiopia,F118,3,0.0018957345971563982
latest_available,231,Ethiopia,F118,4,0.002843601895734597
latest_available,231,Ethiopia,F118,5,0.0
latest_available,231,Ethiopia,F118,6,0.0
latest_available,231,Ethiopia,F118,7,0.0009478672985781991
latest_available,231,Ethiopia,F118,8,0.002843601895734597
latest_available,231,Ethiopia,F118,9,0.006635071090047393
latest_available,231,Ethiopia,F120,1,0.8742857142857143
latest_available,231,Ethiopia,F120,10,0.044081632653061226
latest_available,231,Ethiopia,F120,2,0.02857142857142857
latest_available,231,Ethiopia,F120,3,0.004081632653061225
latest_available,231,Ethiopia,F120,4,0.006530612244897959
latest_available,231,Ethiopia,F120,5,0.019591836734693877
latest_available,231,Ethiopia,F120,6,0.00816326530612245
latest_available,231,Ethiopia,F120,7,0.004897959183673469
latest_available,231,Ethiopia,F120,8,0.0032653061224489797
latest_available,231,Ethiopia,F120,9,0.006530612244897959
latest_available,231,Ethiopia,G006,1,0.8633034987794955
latest_available,231,Ethiopia,G006,2,0.10496338486574451
latest_available,231,Ethiopia,G006,3,0.02034174125305126
latest_available,231,Ethiopia,G006,4,0.011391375101708706
latest_available,231,Ethiopia,Y002,1,0.3860971524288107
latest_available,231,Ethiopia,Y002,2,0.5611390284757118
latest_available,231,Ethiopia,Y002,3,0.052763819095477386
latest_available,233,Estonia,A008,1,0.181461282328275
latest_available,233,Estonia,A008,2,0.6666946238903343
latest_available,233,Estonia,A008,3,0.1420306814084382
latest_available,233,Estonia,A008,4,0.009813412372952702
latest_available,233,Estonia,A165,1,0.3444530727977959
latest_available,233,Estonia,A165,2,0.6555469272022043
latest_available,233,Estonia,E018,1,0.4275484933689021
latest_available,233,Estonia,E018,2,0.33266489133722504
latest_available,233,Estonia,E018,3,0.2397866152938728
latest_available,233,Estonia,E025,1,0.26211670656441904
latest_available,233,Estonia,E025,2,0.31144781395439525
latest_available,233,Estonia,E025,3,0.426435479481186
latest_available,233,Estonia,F063,1,0.3410055403247339
latest_available,233,Estonia,F063,10,0.09565828132416526
latest_available,233,Estonia,F063,2,0.08793851986639663
latest_available,233,Estonia,F063,3,0.08189452577117824
latest_available,233,Estonia,F063,4,0.04320106405835514
latest_available,233,Estonia,F063,5,0.16417520093190133
latest_available,233,Estonia,F063,6,0.05291802637847796
latest_available,233,Estonia,F063,7,0.05694036961872954
latest_available,233,Estonia,F063,8,0.05228117774152842
latest_available,233,Estonia,F063,9,0.023987293984533718
latest_available,233,Estonia,F118,1,0.4648178187542816
latest_available,233,Estonia,F118,10,0.0945491394777335
latest_available,233,Estonia,F118,2,0.044619941063570825
latest_available,233,Estonia,F118,3,0.03188196170155774
latest_available,233,Estonia,F118,4,0.035090048500104436
latest_available,233,Estonia,F118,5,0.17209434623421568
latest_available,233,Estonia,F118,6,0.04795600373835503
latest_available,233,Estonia,F118,7,0.03330940942445094
latest_available,233,Estonia,F118,8,0.04617062136100055
latest_available,233,Estonia,F118,9,0.029510709744729705
latest_available,233,Estonia,F120,1,0.16577767299996082
latest_available,233,Estonia,F120,10,0.1460076866656803
latest_available,233,Estonia,F120,2,0.03369172486773674
latest_available,233,Estonia,F120,3,0.03479335262927809
latest_available,233,Estonia,F120,4,0.04589566498276898
latest_available,233,Estonia,F120,5,0.2680573706429023
latest_available,233,Estonia,F120,6,0.09505023943150476
latest_available,233,Estonia,F120,7,0.07327657587570918
latest_available,233,Estonia,F120,8,0.08362085180619595
latest_available,233,Estonia,F120,9,0.053828860098262925
latest_available,233,Estonia,G006,1,0.4606799206123865
latest_available,233,Estonia,G006,2,0.4770019046623844
latest_available,233,Estonia,G006,3,0.053024185638087855
latest_available,233,Estonia,G006,4,0.009293989087141246
latest_available,233,Estonia,Y002,1,0.16779450585224606
latest_available,233,Estonia,Y002,2,0.6821984340540219
latest_available,233,Estonia,Y002,3,0.15000706009373213
latest_available,246,Finland,A008,1,0.2168527931476434
latest_available,246,Finland,A008,2,0.6748521690329841
latest_available,246,Finland,A008,3,0.1002952763174877
latest_available,246,Finland,A008,4,0.007999761501884613
latest_available,246,Finland,A165,1,0.6978041095086619
latest_available,246,Finland,A165,2,0.30219589049133805
latest_available,246,Finland,E018,1,0.3401602394050503
latest_available,246,Finland,E018,2,0.2670514266088458
latest_available,246,Finland,E018,3,0.3927883339861039
latest_available,246,Finland,E025,1,0.5085216895085984
latest_available,246,Finland,E025,2,0.3635690078058808
latest_available,246,Finland,E025,3,0.12790930268552073
latest_available,246,Finland,F063,1,0.26666676632935116
latest_available,246,Finland,F063,10,0.11076247055860322
latest_available,246,Finland,F063,2,0.09950826385565402
latest_available,246,Finland,F063,3,0.08524889542818263
latest_available,246,Finland,F063,4,0.04867986706625641
latest_available,246,Finland,F063,5,0.11184541293880651
latest_available,246,Finland,F063,6,0.06543713276329326
latest_available,246,Finland,F063,7,0.07632014112019113
latest_available,246,Finland,F063,8,0.0804603350498594
latest_available,246,Finland,F063,9,0.05507071488980215
latest_available,246,Finland,F118,1,0.11882298210922147
latest_available,246,Finland,F118,10,0.4612614934541608
latest_available,246,Finland,F118,2,0.0479956528220491
latest_available,246,Finland,F118,3,0.0193561470977858
latest_available,246,Finland,F118,4,0.025266698428214655
latest_available,246,Finland,F118,5,0.10852896107698055
latest_available,246,Finland,F118,6,0.02921020479716526
latest_available,246,Finland,F118,7,0.04416305625678601
latest_available,246,Finland,F118,8,0.06411549380943275
latest_available,246,Finland,F118,9,0.08127931014820355
latest_available,246,Finland,F120,1,0.061483690236277685
latest_available,246,Finland,F120,10,0.24692422876104483
latest_available,246,Finland,F120,2,0.03324831597951295
latest_available,246,Finland,F120,3,0.04220223140745594
latest_available,246,Finland,F120,4,0.03770374701513704
latest_available,246,Finland,F120,5,0.1539245901327474
latest_available,246,Finland,F120,6,0.04425735446885383
latest_available,246,Finland,F120,7,0.08292287371295388
latest_available,246,Finland,F120,8,0.1649311631958863
latest_available,246,Finland,F120,9,0.13240180509013003
latest_available,246,Finland,G006,1,0.6693028214334692
latest_available,246,Finland,G006,2,0.2909603115098208
latest_available,246,Finland,G006,3,0.033843740993967336
latest_available,246,Finland,G006,4,0.0058931260627425874
latest_available,246,Finland,Y002,1,0.09893742625890717
latest_available,246,Finland,Y002,2,0.6506462880210725
latest_available,246,Finland,Y002,3,0.25041628572002034
latest_available,250,France,A008,1,0.3340359503759857
latest_available,250,France,A008,2,0.5763268234736346
latest_available,250,France,A008,3,0.07562241297670119
latest_available,250,France,A008,4,0.014014813173678425
latest_available,250,France,A165,1,0.2663902026915716
latest_available,250,France,A165,2,0.7336097973084282
latest_available,250,France,E018,1,0.7779778010653262
latest_available,250,France,E018,2,0.16272260561199378
latest_available,250,France,E018,3,0.059299593322679894
latest_available,250,France,E025,1,0.641639207132448
latest_available,250,France,E025,2,0.22999897943151504
latest_available,250,France,E025,3,0.128361813436037
latest_available,250,France,F063,1,0.3563089360390902
latest_available,250,France,F063,10,0.13141639835811797
latest_available,250,France,F063,2,0.05869444584330038
latest_available,250,France,F063,3,0.06093157030682027
latest_available,250,France,F063,4,0.042752456523763645
latest_available,250,France,F063,5,0.12366591592035188
latest_available,250,France,F063,6,0.056156115405596084
latest_available,250,France,F063,7,0.06590285583038386
latest_available,250,France,F063,8,0.07422842151680435
latest_available,250,France,F063,9,0.02994288425577134
latest_available,250,France,F118,1,0.1405160316506162
latest_available,250,France,F118,10,0.3637736700763246
latest_available,250,France,F118,2,0.02471922787112356
latest_available,250,France,F118,3,0.02978389038810767
latest_available,250,France,F118,4,0.024278384476820177
latest_available,250,France,F118,5,0.16836196512821874
latest_available,250,France,F118,6,0.05547799792804046
latest_available,250,France,F118,7,0.04411415240725617
latest_available,250,France,F118,8,0.0796304952717585
latest_available,250,France,F118,9,0.06934418480173392
latest_available,250,France,F120,1,0.11467803536720529
latest_available,250,France,F120,10,0.31252191224122
latest_available,250,France,F120,2,0.03351420719688186
latest_available,250,France,F120,3,0.027546238448047825
latest_available,250,France,F120,4,0.020197615250606378
latest_available,250,France,F120,5,0.16570583313622944
latest_available,250,France,F120,6,0.06772393968310567
latest_available,250,France,F120,7,0.0663682233749372
latest_available,250,France,F120,8,0.11127833332401253
latest_available,250,France,F120,9,0.08046566197775372
latest_available,250,France,G006,1,0.5099411064855172
latest_available,250,France,G006,2,0.41012757880738465
latest_available,250,France,G006,3,0.05219566222816323
latest_available,250,France,G006,4,0.02773565247893507
latest_available,250,France,Y002,1,0.1969773839681181
latest_available,250,France,Y002,2,0.5619073254779969
latest_available,250,France,Y002,3,0.24111529055388506
latest_available,268,Georgia,A008,1,0.33235777444388886
latest_available,268,Georgia,A008,2,0.4568170396224477
latest_available,268,Georgia,A008,3,0.1784498219776338
latest_available,268,Georgia,A008,4,0.03237536395602958
latest_available,268,Georgia,A165,1,0.09110767112632313
latest_available,268,Georgia,A165,2,0.9088923288736769
latest_available,268,Georgia,E018,1,0.7602562390188405
latest_available,268,Georgia,E018,2,0.1605944496643284
latest_available,268,Georgia,E018,3,0.07914931131683117
latest_available,268,Georgia,E025,1,0.20945204950023893
latest_available,268,Georgia,E025,2,0.2874045593278924
latest_available,268,Georgia,E025,3,0.5031433911718689
latest_available,268,Georgia,F063,1,0.012331100728812406
latest_available,268,Georgia,F063,10,0.7914159591318782
latest_available,268,Georgia,F063,2,0.004124586653254001
latest_available,268,Georgia,F063,3,0.004330744781484737
latest_available,268,Georgia,F063,4,0.005529503747944583
latest_available,268,Georgia,F063,5,0.025908769122615964
latest_available,268,Georgia,F063,6,0.0214695467195266
latest_available,268,Georgia,F063,7,0.03970981060924204
latest_available,268,Georgia,F063,8,0.04819771220972117
latest_available,268,Georgia,F063,9,0.04698226629552016
latest_available,268,Georgia,F118,1,0.8430712821100188
latest_available,268,Georgia,F118,10,0.003770645708891423
latest_available,268,Georgia,F118,2,0.06373924831853821
latest_available,268,Georgia,F118,3,0.021095159627448398
latest_available,268,Georgia,F118,4,0.01679998916712082
latest_available,268,Georgia,F118,5,0.033037317216229045
latest_available,268,Georgia,F118,6,0.006890256828241922
latest_available,268,Georgia,F118,7,0.005187037827034695
latest_available,268,Georgia,F118,8,0.0022577609936129837
latest_available,268,Georgia,F118,9,0.004151302202863683
latest_available,268,Georgia,F120,1,0.7118894035793567
latest_available,268,Georgia,F120,10,0.006138314916690501
latest_available,268,Georgia,F120,2,0.07982275295417018
latest_available,268,Georgia,F120,3,0.04812538690231381
latest_available,268,Georgia,F120,4,0.03688020017562027
latest_available,268,Georgia,F120,5,0.07257163088913289
latest_available,268,Georgia,F120,6,0.025420682319398206
latest_available,268,Georgia,F120,7,0.008944895126558295
latest_available,268,Georgia,F120,8,0.00836899730812908
latest_available,268,Georgia,F120,9,0.0018377358286302875
latest_available,268,Georgia,G006,1,0.7049222447503642
latest_available,268,Georgia,G006,2,0.23800154355371175
latest_available,268,Georgia,G006,3,0.049898733771909565
latest_available,268,Georgia,G006,4,0.00717747792401421
latest_available,268,Georgia,Y002,1,0.2872505547964836
latest_available,268,Georgia,Y002,2,0.6188630531458079
latest_available,268,Georgia,Y002,3,0.09388639205770861
latest_available,275,Palestine,A008,1,0.10341365461847389
latest_available,275,Palestine,A008,2,0.643574297188755
latest_available,275,Palestine,A008,3,0.19779116465863453
latest_available,275,Palestine,A008,4,0.055220883534136546
latest_available,275,Palestine,A165,1,0.17713004484304934
latest_available,275,Palestine,A165,2,0.8228699551569507
latest_available,275,Palestine,E018,1,0.632398753894081
latest_available,275,Palestine,E018,2,0.3125649013499481
latest_available,275,Palestine,E018,3,0.055036344755970926
latest_available,275,Palestine,E025,1,0.10444674250258532
latest_available,275,Palestine,E025,2,0.281282316442606
latest_available,275,Palestine,E025,3,0.6142709410548087
latest_available,275,Palestine,F063,1,0.0010030090270812437
latest_available,275,Palestine,F063,10,0.8485456369107321
latest_available,275,Palestine,F063,2,0.0020060180541624875
latest_available,275,Palestine,F063,3,0.003009027081243731
latest_available,275,Palestine,F063,4,0.003009027081243731
latest_available,275,Palestine,F063,5,0.007021063189568706
latest_available,275,Palestine,F063,6,0.0160481444332999
latest_available,275,Palestine,F063,7,0.04012036108324975
latest_available,275,Palestine,F063,8,0.03911735205616851
latest_available,275,Palestine,F063,9,0.04012036108324975
latest_available,275,Palestine,F118,1,0.8078141499472017
latest_available,275,Palestine,F118,10,0.0021119324181626186
latest_available,275,Palestine,F118,2,0.061246040126715945
latest_available,275,Palestine,F118,3,0.05385427666314678
latest_available,275,Palestine,F118,4,0.023231256599788808
latest_available,275,Palestine,F118,5,0.026399155227032733
latest_available,275,Palestine,F118,6,0.008447729672650475
latest_available,275,Palestine,F118,7,0.013727560718057022
latest_available,275,Palestine,F118,8,0.0010559662090813093
latest_available,275,Palestine,F118,9,0.0021119324181626186
latest_available,275,Palestine,F120,1,0.5631951466127402
latest_available,275,Palestine,F120,10,0.003033367037411527
latest_available,275,Palestine,F120,2,0.09201213346814964
latest_available,275,Palestine,F120,3,0.134479271991911
latest_available,275,Palestine,F120,4,0.0788675429726997
latest_available,275,Palestine,F120,5,0.06572295247724974
latest_available,275,Palestine,F120,6,0.024266936299292215
latest_available,275,Palestine,F120,7,0.019211324570273004
latest_available,275,Palestine,F120,8,0.015166835187057633
latest_available,275,Palestine,F120,9,0.004044489383215369
latest_available,275,Palestine,G006,1,0.6599394550958627
latest_available,275,Palestine,G006,2,0.3087790110998991
latest_available,275,Palestine,G006,3,0.027245206861755803
latest_available,275,Palestine,G006,4,0.004036326942482341
latest_available,275,Palestine,Y002,1,0.46625129802699894
latest_available,275,Palestine,Y002,2,0.4755970924195223
latest_available,275,Palestine,Y002,3,0.058151609553478714
latest_available,276,Germany,A008,1,0.2774490466798159
latest_available,276,Germany,A008,2,0.6140696909927679
latest_available,276,Germany,A008,3,0.09796186719263643
latest_available,276,Germany,A008,4,0.01051939513477975
latest_available,276,Germany,A165,1,0.45951417004048584
latest_available,276,Germany,A165,2,0.5404858299595142
latest_available,276,Germany,E018,1,0.5968728755948335
latest_available,276,Germany,E018,2,0.13392250169952413
latest_available,276,Germany,E018,3,0.26920462270564244
latest_available,276,Germany,E025,1,0.6891534391534392
latest_available,276,Germany,E025,2,0.20238095238095238
latest_available,276,Germany,E025,3,0.10846560846560846
latest_available,276,Germany,F063,1,0.26790450928381965
latest_available,276,Germany,F063,10,0.16180371352785147
latest_available,276,Germany,F063,2,0.08952254641909814
latest_available,276,Germany,F063,3,0.07228116710875332
latest_available,276,Germany,F063,4,0.047082228116710874
latest_available,276,Germany,F063,5,0.09946949602122016
latest_available,276,Germany,F063,6,0.05238726790450928
latest_available,276,Germany,F063,7,0.07758620689655173
latest_available,276,Germany,F063,8,0.09217506631299735
latest_available,276,Germany,F063,9,0.03978779840848806
latest_available,276,Germany,F118,1,0.10363391655450875
latest_available,276,Germany,F118,10,0.5699865410497981
latest_available,276,Germany,F118,2,0.009421265141318977
latest_available,276,Germany,F118,3,0.01547779273216689
latest_available,276,Germany,F118,4,0.016150740242261104
latest_available,276,Germany,F118,5,0.1016150740242261
latest_available,276,Germany,F118,6,0.034993270524899055
latest_available,276,Germany,F118,7,0.03633916554508748
latest_available,276,Germany,F118,8,0.06123822341857335
latest_available,276,Germany,F118,9,0.05114401076716016
latest_available,276,Germany,F120,1,0.19324324324324324
latest_available,276,Germany,F120,10,0.17635135135135135
latest_available,276,Germany,F120,2,0.04391891891891892
latest_available,276,Germany,F120,3,0.04054054054054054
latest_available,276,Germany,F120,4,0.0445945945945946
latest_available,276,Germany,F120,5,0.25135135135135134
latest_available,276,Germany,F120,6,0.06013513513513514
latest_available,276,Germany,F120,7,0.06689189189189189
latest_available,276,Germany,F120,8,0.07635135135135135
latest_available,276,Germany,F120,9,0.046621621621621624
latest_available,276,Germany,G006,1,0.31511976047904194
latest_available,276,Germany,G006,2,0.5067365269461078
latest_available,276,Germany,G006,3,0.11377245508982035
latest_available,276,Germany,G006,4,0.06437125748502993
latest_available,276,Germany,Y002,1,0.0740242261103634
latest_available,276,Germany,Y002,2,0.5343203230148048
latest_available,276,Germany,Y002,3,0.3916554508748318
latest_available,288,Ghana,A008,1,0.5104562296643614
latest_available,288,Ghana,A008,2,0.2975637441080773
latest_available,288,Ghana,A008,3,0.15850818374138634
latest_available,288,Ghana,A008,4,0.03347184248617486
latest_available,288,Ghana,A165,1,0.05030944192203487
latest_available,288,Ghana,A165,2,0.9496905580779651
latest_available,288,Ghana,E018,1,0.9445695339659289
latest_available,288,Ghana,E018,2,0.041176961809206866
latest_available,288,Ghana,E018,3,0.014253504224864223
latest_available,288,Ghana,E025,1,0.021046999294825005
latest_available,288,Ghana,E025,2,0.24092009872449924
latest_available,288,Ghana,E025,3,0.7380329019806758
latest_available,288,Ghana,F063,1,0.00031779267855154585
latest_available,288,Ghana,F063,10,0.8377200578985785
latest_available,288,Ghana,F063,2,0.0011513218938278631
latest_available,288,Ghana,F063,3,0.0
latest_available,288,Ghana,F063,4,0.0011513218938278631
latest_available,288,Ghana,F063,5,0.0038916071804134555
latest_available,288,Ghana,F063,6,0.009132480112827999
latest_available,288,Ghana,F063,7,0.03398757902289963
latest_available,288,Ghana,F063,8,0.04470902252848536
latest_available,288,Ghana,F063,9,0.06793881679058776
latest_available,288,Ghana,F118,1,0.8492642055646967
latest_available,288,Ghana,F118,10,0.005162777894619638
latest_available,288,Ghana,F118,2,0.08060877015006619
latest_available,288,Ghana,F118,3,0.025016701513033365
latest_available,288,Ghana,F118,4,0.01346172879217132
latest_available,288,Ghana,F118,5,0.006314099788447502
latest_available,288,Ghana,F118,6,0.005876458289517637
latest_available,288,Ghana,F118,7,0.00357381450186191
latest_available,288,Ghana,F118,8,0.007981158219000136
latest_available,288,Ghana,F118,9,0.0027402852865855924
latest_available,288,Ghana,F120,1,0.7518959310165655
latest_available,288,Ghana,F120,10,0.0038916071804134555
latest_available,288,Ghana,F120,2,0.1080479642711336
latest_available,288,Ghana,F120,3,0.04320356670089446
latest_available,288,Ghana,F120,4,0.03970784723682746
latest_available,288,Ghana,F120,5,0.029663742870928243
latest_available,288,Ghana,F120,6,0.006949685145550593
latest_available,288,Ghana,F120,7,0.006949685145550593
latest_available,288,Ghana,F120,8,0.004844985216068093
latest_available,288,Ghana,F120,9,0.004844985216068093
latest_available,288,Ghana,G006,1,0.9578858847324911
latest_available,288,Ghana,G006,2,0.034517684738066406
latest_available,288,Ghana,G006,3,0.00465387843852699
latest_available,288,Ghana,G006,4,0.002942552090915568
latest_available,288,Ghana,Y002,1,0.38031355544283757
latest_available,288,Ghana,Y002,2,0.5775143509297176
latest_available,288,Ghana,Y002,3,0.04217209362744492
latest_available,300,Greece,A008,1,0.15974436791836263
latest_available,300,Greece,A008,2,0.5564684766818473
latest_available,300,Greece,A008,3,0.19683563242504235
latest_available,300,Greece,A008,4,0.08695152297474762
latest_available,300,Greece,A165,1,0.08526826426625923
latest_available,300,Greece,A165,2,0.914731735733741
latest_available,300,Greece,E018,1,0.28791832405069695
latest_available,300,Greece,E018,2,0.3841775071244029
latest_available,300,Greece,E018,3,0.32790416882490014
latest_available,300,Greece,E025,1,0.1442964858128742
latest_available,300,Greece,E025,2,0.4415535227744536
latest_available,300,Greece,E025,3,0.4141499914126723
latest_available,300,Greece,F063,1,0.03912977787834359
latest_available,300,Greece,F063,10,0.45169199626154877
latest_available,300,Greece,F063,2,0.02142077591426892
latest_available,300,Greece,F063,3,0.019384516857732372
latest_available,300,Greece,F063,4,0.018900361880768272
latest_available,300,Greece,F063,5,0.06232844741450587
latest_available,300,Greece,F063,6,0.04214510892104134
latest_available,300,Greece,F063,7,0.07184124737633237
latest_available,300,Greece,F063,8,0.1410622545512154
latest_available,300,Greece,F063,9,0.132095512944243
latest_available,300,Greece,F118,1,0.25485618909804914
latest_available,300,Greece,F118,10,0.1061830048337012
latest_available,300,Greece,F118,2,0.0693832655989561
latest_available,300,Greece,F118,3,0.07470177489992226
latest_available,300,Greece,F118,4,0.08434295480446324
latest_available,300,Greece,F118,5,0.1551471520920541
latest_available,300,Greece,F118,6,0.07385637382694696
latest_available,300,Greece,F118,7,0.06814025571505088
latest_available,300,Greece,F118,8,0.060728224500940814
latest_available,300,Greece,F118,9,0.05266080462991521
latest_available,300,Greece,F120,1,0.25864754446142224
latest_available,300,Greece,F120,10,0.06491434412355926
latest_available,300,Greece,F120,2,0.0720765973714749
latest_available,300,Greece,F120,3,0.06986093547415889
latest_available,300,Greece,F120,4,0.06207811762323524
latest_available,300,Greece,F120,5,0.19188958182105773
latest_available,300,Greece,F120,6,0.08272708578504064
latest_available,300,Greece,F120,7,0.07638140774046358
latest_available,300,Greece,F120,8,0.07650145001740928
latest_available,300,Greece,F120,9,0.044922935582178206
latest_available,300,Greece,G006,1,0.7368520090474668
latest_available,300,Greece,G006,2,0.21859088386316136
latest_available,300,Greece,G006,3,0.03380247682030408
latest_available,300,Greece,G006,4,0.01075463026906774
latest_available,300,Greece,Y002,1,0.3957531213840161
latest_available,300,Greece,Y002,2,0.5360456532620832
latest_available,300,Greece,Y002,3,0.06820122535390077
latest_available,320,Guatemala,A008,1,0.5109845402766476
latest_available,320,Guatemala,A008,2,0.39625711960943855
latest_available,320,Guatemala,A008,3,0.08136696501220504
latest_available,320,Guatemala,A008,4,0.011391375101708706
latest_available,320,Guatemala,A165,1,0.17982099267697316
latest_available,320,Guatemala,A165,2,0.8201790073230268
latest_available,320,Guatemala,E018,1,0.6501220504475184
latest_available,320,Guatemala,E018,2,0.2847843775427177
latest_available,320,Guatemala,E018,3,0.06509357200976404
latest_available,320,Guatemala,E025,1,0.23936613844870724
latest_available,320,Guatemala,E025,2,0.3711426188490409
latest_available,320,Guatemala,E025,3,0.3894912427022519
latest_available,320,Guatemala,F063,1,0.02064409578860446
latest_available,320,Guatemala,F063,10,0.6399669694467383
latest_available,320,Guatemala,F063,2,0.013212221304706853
latest_available,320,Guatemala,F063,3,0.01981833195706028
latest_available,320,Guatemala,F063,4,0.016515276630883566
latest_available,320,Guatemala,F063,5,0.06275805119735756
latest_available,320,Guatemala,F063,6,0.05202312138728324
latest_available,320,Guatemala,F063,7,0.05202312138728324
latest_available,320,Guatemala,F063,8,0.06440957886044592
latest_available,320,Guatemala,F063,9,0.058629232039636665
latest_available,320,Guatemala,F118,1,0.4149377593360996
latest_available,320,Guatemala,F118,10,0.06970954356846473
latest_available,320,Guatemala,F118,2,0.07053941908713693
latest_available,320,Guatemala,F118,3,0.06473029045643154
latest_available,320,Guatemala,F118,4,0.05560165975103734
latest_available,320,Guatemala,F118,5,0.13112033195020747
latest_available,320,Guatemala,F118,6,0.06721991701244813
latest_available,320,Guatemala,F118,7,0.04398340248962656
latest_available,320,Guatemala,F118,8,0.04564315352697095
latest_available,320,Guatemala,F118,9,0.036514522821576766
latest_available,320,Guatemala,F120,1,0.5560165975103735
latest_available,320,Guatemala,F120,10,0.04564315352697095
latest_available,320,Guatemala,F120,2,0.05892116182572614
latest_available,320,Guatemala,F120,3,0.06224066390041494
latest_available,320,Guatemala,F120,4,0.043153526970954356
latest_available,320,Guatemala,F120,5,0.09626556016597511
latest_available,320,Guatemala,F120,6,0.04979253112033195
latest_available,320,Guatemala,F120,7,0.036514522821576766
latest_available,320,Guatemala,F120,8,0.029045643153526972
latest_available,320,Guatemala,F120,9,0.022406639004149378
latest_available,320,Guatemala,G006,1,0.6575682382133995
latest_available,320,Guatemala,G006,2,0.26468155500413565
latest_available,320,Guatemala,G006,3,0.06286186931348221
latest_available,320,Guatemala,G006,4,0.01488833746898263
latest_available,320,Guatemala,Y002,1,0.23376623376623376
latest_available,320,Guatemala,Y002,2,0.6403596403596403
latest_available,320,Guatemala,Y002,3,0.1258741258741259
latest_available,332,Haiti,A008,1,0.32
latest_available,332,Haiti,A008,2,0.5230379746835443
latest_available,332,Haiti,A008,3,0.09974683544303797
latest_available,332,Haiti,A008,4,0.05721518987341772
latest_available,332,Haiti,A165,1,0.21657346212506354
latest_available,332,Haiti,A165,2,0.7834265378749364
latest_available,332,Haiti,E018,1,0.9134177215189874
latest_available,332,Haiti,E018,2,0.07544303797468355
latest_available,332,Haiti,E018,3,0.011139240506329114
latest_available,332,Haiti,E025,1,0.032739804709936815
latest_available,332,Haiti,E025,2,0.8225157955198162
latest_available,332,Haiti,E025,3,0.14474439977024697
latest_available,332,Haiti,F063,1,0.07700258397932816
latest_available,332,Haiti,F063,10,0.655297157622739
latest_available,332,Haiti,F063,2,0.004134366925064599
latest_available,332,Haiti,F063,3,0.013953488372093023
latest_available,332,Haiti,F063,4,0.018604651162790697
latest_available,332,Haiti,F063,5,0.06614987080103359
latest_available,332,Haiti,F063,6,0.04082687338501292
latest_available,332,Haiti,F063,7,0.023255813953488372
latest_available,332,Haiti,F063,8,0.028940568475452195
latest_available,332,Haiti,F063,9,0.07183462532299742
latest_available,332,Haiti,F118,1,0.4205075090626618
latest_available,332,Haiti,F118,10,0.05385810460901087
latest_available,332,Haiti,F118,2,0.09476954945624029
latest_available,332,Haiti,F118,3,0.061108234075608496
latest_available,332,Haiti,F118,4,0.0859658208182289
latest_available,332,Haiti,F118,5,0.11496633868461936
latest_available,332,Haiti,F118,6,0.05437597099948213
latest_available,332,Haiti,F118,7,0.061108234075608496
latest_available,332,Haiti,F118,8,0.0398757120662869
latest_available,332,Haiti,F118,9,0.013464526152252718
latest_available,332,Haiti,F120,1,0.36020671834625323
latest_available,332,Haiti,F120,10,0.06253229974160207
latest_available,332,Haiti,F120,2,0.05219638242894057
latest_available,332,Haiti,F120,3,0.059431524547803614
latest_available,332,Haiti,F120,4,0.09612403100775194
latest_available,332,Haiti,F120,5,0.23824289405684754
latest_available,332,Haiti,F120,6,0.053746770025839795
latest_available,332,Haiti,F120,7,0.05167958656330749
latest_available,332,Haiti,F120,8,0.022739018087855296
latest_available,332,Haiti,F120,9,0.0031007751937984496
latest_available,332,Haiti,G006,1,0.5090439276485789
latest_available,332,Haiti,G006,2,0.4444444444444444
latest_available,332,Haiti,G006,3,0.044444444444444446
latest_available,332,Haiti,G006,4,0.0020671834625322996
latest_available,332,Haiti,Y002,1,0.005047955577990914
latest_available,332,Haiti,Y002,2,0.9767794043412418
latest_available,332,Haiti,Y002,3,0.01817264008076729
latest_available,344,Hong Kong SAR,A008,1,0.12537358644376836
latest_available,344,Hong Kong SAR,A008,2,0.6829877730774213
latest_available,344,Hong Kong SAR,A008,3,0.16741115472121051
latest_available,344,Hong Kong SAR,A008,4,0.0242274857575997
latest_available,344,Hong Kong SAR,A165,1,0.36564849248537246
latest_available,344,Hong Kong SAR,A165,2,0.6343515075146275
latest_available,344,Hong Kong SAR,E018,1,0.25040482474576126
latest_available,344,Hong Kong SAR,E018,2,0.423010360972198
latest_available,344,Hong Kong SAR,E018,3,0.3265848142820406
latest_available,344,Hong Kong SAR,E025,1,0.19171377909474574
latest_available,344,Hong Kong SAR,E025,2,0.4050159306936397
latest_available,344,Hong Kong SAR,E025,3,0.4032702902116145
latest_available,344,Hong Kong SAR,F063,1,0.20867665029173327
latest_available,344,Hong Kong SAR,F063,10,0.08737088084518498
latest_available,344,Hong Kong SAR,F063,2,0.07145853300388665
latest_available,344,Hong Kong SAR,F063,3,0.09285926917460671
latest_available,344,Hong Kong SAR,F063,4,0.05580954721341723
latest_available,344,Hong Kong SAR,F063,5,0.15746267670356967
latest_available,344,Hong Kong SAR,F063,6,0.11733639774062539
latest_available,344,Hong Kong SAR,F063,7,0.08997287840784063
latest_available,344,Hong Kong SAR,F063,8,0.07681272275441728
latest_available,344,Hong Kong SAR,F063,9,0.04224044386471803
latest_available,344,Hong Kong SAR,F118,1,0.193440074802177
latest_available,344,Hong Kong SAR,F118,10,0.06831476545993599
latest_available,344,Hong Kong SAR,F118,2,0.04301500507974451
latest_available,344,Hong Kong SAR,F118,3,0.06612900578391588
latest_available,344,Hong Kong SAR,F118,4,0.06168276047393849
latest_available,344,Hong Kong SAR,F118,5,0.2403406743250139
latest_available,344,Hong Kong SAR,F118,6,0.12652573068467995
latest_available,344,Hong Kong SAR,F118,7,0.0849862222427156
latest_available,344,Hong Kong SAR,F118,8,0.08387621852031792
latest_available,344,Hong Kong SAR,F118,9,0.03168954262756083
latest_available,344,Hong Kong SAR,F120,1,0.26596349560779586
latest_available,344,Hong Kong SAR,F120,10,0.020162284148069618
latest_available,344,Hong Kong SAR,F120,2,0.07583342774312339
latest_available,344,Hong Kong SAR,F120,3,0.12781742948502622
latest_available,344,Hong Kong SAR,F120,4,0.09262843188750502
latest_available,344,Hong Kong SAR,F120,5,0.23585697784257273
latest_available,344,Hong Kong SAR,F120,6,0.0869313287255336
latest_available,344,Hong Kong SAR,F120,7,0.053621877907324825
latest_available,344,Hong Kong SAR,F120,8,0.03237430828428291
latest_available,344,Hong Kong SAR,F120,9,0.008810438368765935
latest_available,344,Hong Kong SAR,G006,1,0.16763083775708293
latest_available,344,Hong Kong SAR,G006,2,0.5214785231505517
latest_available,344,Hong Kong SAR,G006,3,0.24968936228791097
latest_available,344,Hong Kong SAR,G006,4,0.0612012768044545
latest_available,344,Hong Kong SAR,Y002,1,0.35535597839695765
latest_available,344,Hong Kong SAR,Y002,2,0.47785293324539035
latest_available,344,Hong Kong SAR,Y002,3,0.16679108835765194
latest_available,348,Hungary,A008,1,0.20541786133671885
latest_available,348,Hungary,A008,2,0.610994534820204
latest_available,348,Hungary,A008,3,0.16081619166815267
latest_available,348,Hungary,A008,4,0.02277141217492422
latest_available,348,Hungary,A165,1,0.27433395907095004
latest_available,348,Hungary,A165,2,0.7256660409290501
latest_available,348,Hungary,E018,1,0.5769271498406098
latest_available,348,Hungary,E018,2,0.1591434987747847
latest_available,348,Hungary,E018,3,0.26392935138460555
latest_available,348,Hungary,E025,1,0.176090867911285
latest_available,348,Hungary,E025,2,0.21406809403778443
latest_available,348,Hungary,E025,3,0.6098410380509305
latest_available,348,Hungary,F063,1,0.19781223029387002
latest_available,348,Hungary,F063,10,0.21504059915007404
latest_available,348,Hungary,F063,2,0.06580419739021472
latest_available,348,Hungary,F063,3,0.0649448329372437
latest_available,348,Hungary,F063,4,0.041368523010715245
latest_available,348,Hungary,F063,5,0.13729298733126424
latest_available,348,Hungary,F063,6,0.058548769872010166
latest_available,348,Hungary,F063,7,0.07167892962472264
latest_available,348,Hungary,F063,8,0.09303449241082853
latest_available,348,Hungary,F063,9,0.05447443797905672
latest_available,348,Hungary,F118,1,0.46728411420628274
latest_available,348,Hungary,F118,10,0.1193992796939092
latest_available,348,Hungary,F118,2,0.047483364109771
latest_available,348,Hungary,F118,3,0.0490731442539606
latest_available,348,Hungary,F118,4,0.03847439700644466
latest_available,348,Hungary,F118,5,0.1319036406864229
latest_available,348,Hungary,F118,6,0.06110376730248022
latest_available,348,Hungary,F118,7,0.022458914551800557
latest_available,348,Hungary,F118,8,0.03238625869863289
latest_available,348,Hungary,F118,9,0.030433119490295243
latest_available,348,Hungary,F120,1,0.24251071444659203
latest_available,348,Hungary,F120,10,0.11803234596963556
latest_available,348,Hungary,F120,2,0.04811227586614253
latest_available,348,Hungary,F120,3,0.05349933554178041
latest_available,348,Hungary,F120,4,0.04295338027788949
latest_available,348,Hungary,F120,5,0.2161181218509057
latest_available,348,Hungary,F120,6,0.09716320493614312
latest_available,348,Hungary,F120,7,0.06797647092100895
latest_available,348,Hungary,F120,8,0.07114101616567832
latest_available,348,Hungary,F120,9,0.04249313402422379
latest_available,348,Hungary,G006,1,0.5006706743879599
latest_available,348,Hungary,G006,2,0.37318267958747253
latest_available,348,Hungary,G006,3,0.10752317553135295
latest_available,348,Hungary,G006,4,0.018623470493214764
latest_available,348,Hungary,Y002,1,0.26906583217971436
latest_available,348,Hungary,Y002,2,0.5484078209625582
latest_available,348,Hungary,Y002,3,0.18252634685772737
latest_available,352,Iceland,A008,1,0.44890037126823673
latest_available,352,Iceland,A008,2,0.5050850571117327
latest_available,352,Iceland,A008,3,0.037334308016544006
latest_available,352,Iceland,A008,4,0.008680263603486588
latest_available,352,Iceland,A165,1,0.6325188656995108
latest_available,352,Iceland,A165,2,0.3674811343004893
latest_available,352,Iceland,E018,1,0.4955229706556553
latest_available,352,Iceland,E018,2,0.31072288506396156
latest_available,352,Iceland,E018,3,0.19375414428038312
latest_available,352,Iceland,E025,1,0.5960076969670512
latest_available,352,Iceland,E025,2,0.33063185483831975
latest_available,352,Iceland,E025,3,0.07336044819462907
latest_available,352,Iceland,F063,1,0.23920062576210888
latest_available,352,Iceland,F063,10,0.10192922274412004
latest_available,352,Iceland,F063,2,0.06983120247384773
latest_available,352,Iceland,F063,3,0.051946306191284396
latest_available,352,Iceland,F063,4,0.05677286251433503
latest_available,352,Iceland,F063,5,0.12353301999497879
latest_available,352,Iceland,F063,6,0.10558357700118885
latest_available,352,Iceland,F063,7,0.10569635372002538
latest_available,352,Iceland,F063,8,0.11231753563340217
latest_available,352,Iceland,F063,9,0.03318929396470887
latest_available,352,Iceland,F118,1,0.023175782675366925
latest_available,352,Iceland,F118,10,0.7490543266244701
latest_available,352,Iceland,F118,2,0.005179841329448379
latest_available,352,Iceland,F118,3,0.009295382780106536
latest_available,352,Iceland,F118,4,0.0032267462398601165
latest_available,352,Iceland,F118,5,0.06972763556701668
latest_available,352,Iceland,F118,6,0.01862093096014496
latest_available,352,Iceland,F118,7,0.025353987775781954
latest_available,352,Iceland,F118,8,0.04497696879851015
latest_available,352,Iceland,F118,9,0.05138839724929423
latest_available,352,Iceland,F120,1,0.04691443967915327
latest_available,352,Iceland,F120,10,0.3027474366952619
latest_available,352,Iceland,F120,2,0.016979785699080922
latest_available,352,Iceland,F120,3,0.027706023358813336
latest_available,352,Iceland,F120,4,0.03340689623238922
latest_available,352,Iceland,F120,5,0.20007566219858586
latest_available,352,Iceland,F120,6,0.053119863185963935
latest_available,352,Iceland,F120,7,0.10911301285182988
latest_available,352,Iceland,F120,8,0.12843015745721276
latest_available,352,Iceland,F120,9,0.08150672264170883
latest_available,352,Iceland,G006,1,0.6469277100769706
latest_available,352,Iceland,G006,2,0.30822284171408854
latest_available,352,Iceland,G006,3,0.03587001964190275
latest_available,352,Iceland,G006,4,0.008979428567038194
latest_available,352,Iceland,Y002,1,0.1910715776771616
latest_available,352,Iceland,Y002,2,0.6266361179522184
latest_available,352,Iceland,Y002,3,0.18229230437062005
latest_available,356,India,A008,1,0.375
latest_available,356,India,A008,2,0.5022145669291339
latest_available,356,India,A008,3,0.10851377952755906
latest_available,356,India,A008,4,0.014271653543307087
latest_available,356,India,A165,1,0.17634854771784234
latest_available,356,India,A165,2,0.8236514522821576
latest_available,356,India,E018,1,0.4332842415316642
latest_available,356,India,E018,2,0.34698085419734903
latest_available,356,India,E018,3,0.21973490427098674
latest_available,356,India,E025,1,0.17888
latest_available,356,India,E025,2,0.20256
latest_available,356,India,E025,3,0.61856
latest_available,356,India,F063,1,0.010617283950617284
latest_available,356,India,F063,10,0.43777777777777777
latest_available,356,India,F063,2,0.007407407407407408
latest_available,356,India,F063,3,0.006913580246913581
latest_available,356,India,F063,4,0.015555555555555555
latest_available,356,India,F063,5,0.051111111111111114
latest_available,356,India,F063,6,0.06641975308641976
latest_available,356,India,F063,7,0.10567901234567902
latest_available,356,India,F063,8,0.1474074074074074
latest_available,356,India,F063,9,0.1511111111111111
latest_available,356,India,F118,1,0.8264966740576497
latest_available,356,India,F118,10,0.011086474501108648
latest_available,356,India,F118,2,0.05349223946784922
latest_available,356,India,F118,3,0.02965631929046563
latest_available,356,India,F118,4,0.020509977827051
latest_available,356,India,F118,5,0.02106430155210643
latest_available,356,India,F118,6,0.017184035476718405
latest_available,356,India,F118,7,0.009423503325942351
latest_available,356,India,F118,8,0.006097560975609756
latest_available,356,India,F118,9,0.004988913525498891
latest_available,356,India,F120,1,0.8066943435391801
latest_available,356,India,F120,10,0.012195121951219513
latest_available,356,India,F120,2,0.06434872859366891
latest_available,356,India,F120,3,0.03321224701608718
latest_available,356,India,F120,4,0.024649714582252204
latest_available,356,India,F120,5,0.029320186818889465
latest_available,356,India,F120,6,0.008562532433834976
latest_available,356,India,F120,7,0.007265179034769071
latest_available,356,India,F120,8,0.007784120394395433
latest_available,356,India,F120,9,0.005967825635703166
latest_available,356,India,G006,1,0.7065298974230673
latest_available,356,India,G006,2,0.2651988991743808
latest_available,356,India,G006,3,0.025769326995246436
latest_available,356,India,G006,4,0.002501876407305479
latest_available,356,India,Y002,1,0.4396355353075171
latest_available,356,India,Y002,2,0.4996203492786636
latest_available,356,India,Y002,3,0.060744115413819286
latest_available,360,Indonesia,A008,1,0.4423545889294079
latest_available,360,Indonesia,A008,2,0.49654157089183987
latest_available,360,Indonesia,A008,3,0.05025891384413591
latest_available,360,Indonesia,A008,4,0.010844926334616412
latest_available,360,Indonesia,A165,1,0.04638056163177895
latest_available,360,Indonesia,A165,2,0.9536194383682209
latest_available,360,Indonesia,E018,1,0.4205179348354294
latest_available,360,Indonesia,E018,2,0.2640383431382366
latest_available,360,Indonesia,E018,3,0.3154437220263341
latest_available,360,Indonesia,E025,1,0.08027032507903992
latest_available,360,Indonesia,E025,2,0.20691804014711007
latest_available,360,Indonesia,E025,3,0.71281163477385
latest_available,360,Indonesia,F063,1,0.0026894934660758674
latest_available,360,Indonesia,F063,10,0.8545871787674887
latest_available,360,Indonesia,F063,2,0.0
latest_available,360,Indonesia,F063,3,0.00041353062939376286
latest_available,360,Indonesia,F063,4,0.0014912493908445245
latest_available,360,Indonesia,F063,5,0.005842574124577351
latest_available,360,Indonesia,F063,6,0.007433813516484267
latest_available,360,Indonesia,F063,7,0.012221938567358093
latest_available,360,Indonesia,F063,8,0.03258593628372557
latest_available,360,Indonesia,F063,9,0.08273428525405176
latest_available,360,Indonesia,F118,1,0.7920213105759683
latest_available,360,Indonesia,F118,10,0.015952355352780653
latest_available,360,Indonesia,F118,2,0.07915575493178724
latest_available,360,Indonesia,F118,3,0.03966451489516303
latest_available,360,Indonesia,F118,4,0.02474881476527496
latest_available,360,Indonesia,F118,5,0.028352213167054847
latest_available,360,Indonesia,F118,6,0.004647232333932279
latest_available,360,Indonesia,F118,7,0.008031677434622764
latest_available,360,Indonesia,F118,8,0.003677348055033228
latest_available,360,Indonesia,F118,9,0.003748778488382749
latest_available,360,Indonesia,F120,1,0.7932572685074772
latest_available,360,Indonesia,F120,10,0.010656877773474783
latest_available,360,Indonesia,F120,2,0.07721422627937774
latest_available,360,Indonesia,F120,3,0.04060194337393641
latest_available,360,Indonesia,F120,4,0.025715897072252906
latest_available,360,Indonesia,F120,5,0.02572267507630186
latest_available,360,Indonesia,F120,6,0.006919867946177602
latest_available,360,Indonesia,F120,7,0.007627031349898315
latest_available,360,Indonesia,F120,8,0.00730638612485462
latest_available,360,Indonesia,F120,9,0.004977826496248324
latest_available,360,Indonesia,G006,1,0.7976404913830837
latest_available,360,Indonesia,G006,2,0.18462458877486926
latest_available,360,Indonesia,G006,3,0.01613860317601026
latest_available,360,Indonesia,G006,4,0.0015963166660367184
latest_available,360,Indonesia,Y002,1,0.21665304953709566
latest_available,360,Indonesia,Y002,2,0.728518065351503
latest_available,360,Indonesia,Y002,3,0.05482888511140129
latest_available,364,Iran,A008,1,0.18370073480293922
latest_available,364,Iran,A008,2,0.5130260521042084
latest_available,364,Iran,A008,3,0.20307281229124916
latest_available,364,Iran,A008,4,0.10020040080160321
latest_available,364,Iran,A165,1,0.1483957219251337
latest_available,364,Iran,A165,2,0.8516042780748663
latest_available,364,Iran,E018,1,0.44317417619367855
latest_available,364,Iran,E018,2,0.34700739744451914
latest_available,364,Iran,E018,3,0.20981842636180228
latest_available,364,Iran,E025,1,0.11661016949152542
latest_available,364,Iran,E025,2,0.4257627118644068
latest_available,364,Iran,E025,3,0.4576271186440678
latest_available,364,Iran,F063,1,0.012683578104138851
latest_available,364,Iran,F063,10,0.8157543391188251
latest_available,364,Iran,F063,2,0.012016021361815754
latest_available,364,Iran,F063,3,0.007343124165554072
latest_available,364,Iran,F063,4,0.009345794392523364
latest_available,364,Iran,F063,5,0.017356475300400534
latest_available,364,Iran,F063,6,0.021361815754339118
latest_available,364,Iran,F063,7,0.016688918558077435
latest_available,364,Iran,F063,8,0.035380507343124167
latest_available,364,Iran,F063,9,0.0520694259012016
latest_available,364,Iran,F118,1,0.8302013422818791
latest_available,364,Iran,F118,10,0.020134228187919462
latest_available,364,Iran,F118,2,0.05503355704697987
latest_available,364,Iran,F118,3,0.02214765100671141
latest_available,364,Iran,F118,4,0.015436241610738255
latest_available,364,Iran,F118,5,0.036241610738255034
latest_available,364,Iran,F118,6,0.006040268456375839
latest_available,364,Iran,F118,7,0.006040268456375839
latest_available,364,Iran,F118,8,0.006040268456375839
latest_available,364,Iran,F118,9,0.0026845637583892616
latest_available,364,Iran,F120,1,0.5870147255689424
latest_available,364,Iran,F120,10,0.041499330655957165
latest_available,364,Iran,F120,2,0.07563587684069611
latest_available,364,Iran,F120,3,0.04819277108433735
latest_available,364,Iran,F120,4,0.03480589022757698
latest_available,364,Iran,F120,5,0.10843373493975904
latest_available,364,Iran,F120,6,0.0321285140562249
latest_available,364,Iran,F120,7,0.03346720214190094
latest_available,364,Iran,F120,8,0.02610441767068273
latest_available,364,Iran,F120,9,0.012717536813922356
latest_available,364,Iran,G006,1,0.8452702702702702
latest_available,364,Iran,G006,2,0.10810810810810811
latest_available,364,Iran,G006,3,0.02837837837837838
latest_available,364,Iran,G006,4,0.018243243243243244
latest_available,364,Iran,Y002,1,0.2983164983164983
latest_available,364,Iran,Y002,2,0.5616161616161616
latest_available,364,Iran,Y002,3,0.14006734006734006
latest_available,368,Iraq,A008,1,0.1823579304495335
latest_available,368,Iraq,A008,2,0.5216284987277354
latest_available,368,Iraq,A008,3,0.1967769296013571
latest_available,368,Iraq,A008,4,0.09923664122137404
latest_available,368,Iraq,A165,1,0.11243611584327087
latest_available,368,Iraq,A165,2,0.8875638841567292
latest_available,368,Iraq,E018,1,0.770223752151463
latest_available,368,Iraq,E018,2,0.20654044750430292
latest_available,368,Iraq,E018,3,0.02323580034423408
latest_available,368,Iraq,E025,1,0.11492281303602059
latest_available,368,Iraq,E025,2,0.13807890222984562
latest_available,368,Iraq,E025,3,0.7469982847341338
latest_available,368,Iraq,F118,1,0.5676646706586826
latest_available,368,Iraq,F118,10,0.009580838323353293
latest_available,368,Iraq,F118,2,0.15808383233532936
latest_available,368,Iraq,F118,3,0.07664670658682635
latest_available,368,Iraq,F118,4,0.03473053892215569
latest_available,368,Iraq,F118,5,0.045508982035928146
latest_available,368,Iraq,F118,6,0.0658682634730539
latest_available,368,Iraq,F118,7,0.02155688622754491
latest_available,368,Iraq,F118,8,0.009580838323353293
latest_available,368,Iraq,F118,9,0.010778443113772455
latest_available,368,Iraq,F120,1,0.43166666666666664
latest_available,368,Iraq,F120,10,0.008333333333333333
latest_available,368,Iraq,F120,2,0.16166666666666665
latest_available,368,Iraq,F120,3,0.10083333333333333
latest_available,368,Iraq,F120,4,0.07333333333333333
latest_available,368,Iraq,F120,5,0.0975
latest_available,368,Iraq,F120,6,0.0675
latest_available,368,Iraq,F120,7,0.030833333333333334
latest_available,368,Iraq,F120,8,0.015833333333333335
latest_available,368,Iraq,F120,9,0.0125
latest_available,368,Iraq,G006,1,0.6663872590108969
latest_available,368,Iraq,G006,2,0.18860016764459347
latest_available,368,Iraq,G006,3,0.08549874266554904
latest_available,368,Iraq,G006,4,0.05951383067896061
latest_available,368,Iraq,Y002,1,0.31083333333333335
latest_available,368,Iraq,Y002,2,0.64
latest_available,368,Iraq,Y002,3,0.049166666666666664
latest_available,372,Ireland,A008,1,0.4650038024713847
latest_available,372,Ireland,A008,2,0.4869319706749763
latest_available,372,Ireland,A008,3,0.04130333359672005
latest_available,372,Ireland,A008,4,0.006760893256918982
latest_available,372,Ireland,A165,1,0.3848475767651641
latest_available,372,Ireland,A165,2,0.615152423234836
latest_available,372,Ireland,E018,1,0.7093429136083356
latest_available,372,Ireland,E018,2,0.20844524456897143
latest_available,372,Ireland,E018,3,0.08221184182269302
latest_available,372,Ireland,E025,1,0.5402624585896487
latest_available,372,Ireland,E025,2,0.306799364009352
latest_available,372,Ireland,E025,3,0.15293817740099924
latest_available,372,Ireland,F063,1,0.056262810611649804
latest_available,372,Ireland,F063,10,0.2622736327119262
latest_available,372,Ireland,F063,2,0.04006040484113556
latest_available,372,Ireland,F063,3,0.041316803329040086
latest_available,372,Ireland,F063,4,0.03537428762844086
latest_available,372,Ireland,F063,5,0.11938722035746856
latest_available,372,Ireland,F063,6,0.1048348304394224
latest_available,372,Ireland,F063,7,0.11794754391146638
latest_available,372,Ireland,F063,8,0.13525469442775084
latest_available,372,Ireland,F063,9,0.08728777174169927
latest_available,372,Ireland,F118,1,0.2625588258119676
latest_available,372,Ireland,F118,10,0.1843825725680555
latest_available,372,Ireland,F118,2,0.04554990274188991
latest_available,372,Ireland,F118,3,0.03678999129729817
latest_available,372,Ireland,F118,4,0.05838830895252251
latest_available,372,Ireland,F118,5,0.14436399219961776
latest_available,372,Ireland,F118,6,0.09588962533134601
latest_available,372,Ireland,F118,7,0.055895595564509
latest_available,372,Ireland,F118,8,0.07169549207278347
latest_available,372,Ireland,F118,9,0.04448569346001007
latest_available,372,Ireland,F120,1,0.4574510035075373
latest_available,372,Ireland,F120,10,0.03064826564937245
latest_available,372,Ireland,F120,2,0.06862767577752335
latest_available,372,Ireland,F120,3,0.06387335934300509
latest_available,372,Ireland,F120,4,0.06476142155374408
latest_available,372,Ireland,F120,5,0.16324817534612193
latest_available,372,Ireland,F120,6,0.05811216473676525
latest_available,372,Ireland,F120,7,0.04019354661348224
latest_available,372,Ireland,F120,8,0.03451196280687127
latest_available,372,Ireland,F120,9,0.018572424665577035
latest_available,372,Ireland,G006,1,0.7692269259801989
latest_available,372,Ireland,G006,2,0.21847283388250116
latest_available,372,Ireland,G006,3,0.008544033854996271
latest_available,372,Ireland,G006,4,0.0037562062823035106
latest_available,372,Ireland,Y002,1,0.33932295937972823
latest_available,372,Ireland,Y002,2,0.5775918113064541
latest_available,372,Ireland,Y002,3,0.08308522931381773
latest_available,380,Italy,A008,1,0.1814159866108904
latest_available,380,Italy,A008,2,0.6480840512734034
latest_available,380,Italy,A008,3,0.1428693197917647
latest_available,380,Italy,A008,4,0.027630642323941468
latest_available,380,Italy,A165,1,0.2714246346498681
latest_available,380,Italy,A165,2,0.7285753653501318
latest_available,380,Italy,E018,1,0.6928781812799375
latest_available,380,Italy,E018,2,0.20571392658212942
latest_available,380,Italy,E018,3,0.10140789213793293
latest_available,380,Italy,E025,1,0.39527358255514494
latest_available,380,Italy,E025,2,0.349816132618358
latest_available,380,Italy,E025,3,0.2549102848264971
latest_available,380,Italy,F063,1,0.10760001659366965
latest_available,380,Italy,F063,10,0.20719873964296592
latest_available,380,Italy,F063,2,0.020971214217361683
latest_available,380,Italy,F063,3,0.03181576920202385
latest_available,380,Italy,F063,4,0.03594079145422205
latest_available,380,Italy,F063,5,0.07095173742679013
latest_available,380,Italy,F063,6,0.10746663059206275
latest_available,380,Italy,F063,7,0.1649129682632524
latest_available,380,Italy,F063,8,0.17357261658919113
latest_available,380,Italy,F063,9,0.07956951601846046
latest_available,380,Italy,F118,1,0.15590210171374508
latest_available,380,Italy,F118,10,0.2410373857671905
latest_available,380,Italy,F118,2,0.027421616540006154
latest_available,380,Italy,F118,3,0.051899489024342556
latest_available,380,Italy,F118,4,0.052216606680329104
latest_available,380,Italy,F118,5,0.14510052982383645
latest_available,380,Italy,F118,6,0.10292015461146958
latest_available,380,Italy,F118,7,0.09699424086795357
latest_available,380,Italy,F118,8,0.09571642533459152
latest_available,380,Italy,F118,9,0.030791449636535413
latest_available,380,Italy,F120,1,0.23043256877298993
latest_available,380,Italy,F120,10,0.11845651194192407
latest_available,380,Italy,F120,2,0.03798581497722241
latest_available,380,Italy,F120,3,0.05632273419612802
latest_available,380,Italy,F120,4,0.06015730026651276
latest_available,380,Italy,F120,5,0.14755907177300093
latest_available,380,Italy,F120,6,0.11836950664446326
latest_available,380,Italy,F120,7,0.11262045214453613
latest_available,380,Italy,F120,8,0.0890926322080404
latest_available,380,Italy,F120,9,0.029003407075182227
latest_available,380,Italy,G006,1,0.39726050008179864
latest_available,380,Italy,G006,2,0.4682022036911215
latest_available,380,Italy,G006,3,0.11525004120555105
latest_available,380,Italy,G006,4,0.01928725502152878
latest_available,380,Italy,Y002,1,0.21901833794676231
latest_available,380,Italy,Y002,2,0.5991536341476932
latest_available,380,Italy,Y002,3,0.18182802790554442
latest_available,392,Japan,A008,1,0.30589123867069484
latest_available,392,Japan,A008,2,0.5966767371601208
latest_available,392,Japan,A008,3,0.09063444108761329
latest_available,392,Japan,A008,4,0.006797583081570997
latest_available,392,Japan,A165,1,0.3559718969555035
latest_available,392,Japan,A165,2,0.6440281030444965
latest_available,392,Japan,E018,1,0.018628912071535022
latest_available,392,Japan,E018,2,0.16840536512667661
latest_available,392,Japan,E018,3,0.8129657228017884
latest_available,392,Japan,E025,1,0.5681255161023947
latest_available,392,Japan,E025,2,0.2791081750619323
latest_available,392,Japan,E025,3,0.152766308835673
latest_available,392,Japan,F063,1,0.17656500802568217
latest_available,392,Japan,F063,10,0.0521669341894061
latest_available,392,Japan,F063,2,0.10914927768860354
latest_available,392,Japan,F063,3,0.12680577849117175
latest_available,392,Japan,F063,4,0.0666131621187801
latest_available,392,Japan,F063,5,0.1725521669341894
latest_available,392,Japan,F063,6,0.1043338683788122
latest_available,392,Japan,F063,7,0.09069020866773676
latest_available,392,Japan,F063,8,0.0754414125200642
latest_available,392,Japan,F063,9,0.025682182985553772
latest_available,392,Japan,F118,1,0.09523809523809523
latest_available,392,Japan,F118,10,0.2939244663382594
latest_available,392,Japan,F118,2,0.022167487684729065
latest_available,392,Japan,F118,3,0.05008210180623974
latest_available,392,Japan,F118,4,0.031198686371100164
latest_available,392,Japan,F118,5,0.19704433497536947
latest_available,392,Japan,F118,6,0.05172413793103448
latest_available,392,Japan,F118,7,0.07142857142857142
latest_available,392,Japan,F118,8,0.12397372742200329
latest_available,392,Japan,F118,9,0.06321839080459771
latest_available,392,Japan,F120,1,0.12640901771336555
latest_available,392,Japan,F120,10,0.06763285024154589
latest_available,392,Japan,F120,2,0.07004830917874397
latest_available,392,Japan,F120,3,0.12962962962962962
latest_available,392,Japan,F120,4,0.05233494363929147
latest_available,392,Japan,F120,5,0.31239935587761675
latest_available,392,Japan,F120,6,0.06843800322061191
latest_available,392,Japan,F120,7,0.061191626409017714
latest_available,392,Japan,F120,8,0.07890499194847021
latest_available,392,Japan,F120,9,0.033011272141706925
latest_available,392,Japan,G006,1,0.34450506625097427
latest_available,392,Japan,G006,2,0.47388932190179267
latest_available,392,Japan,G006,3,0.17381137957911147
latest_available,392,Japan,G006,4,0.00779423226812159
latest_available,392,Japan,Y002,1,0.256816182937555
latest_available,392,Japan,Y002,2,0.6262093227792436
latest_available,392,Japan,Y002,3,0.1169744942832014
latest_available,398,Kazakhstan,A008,1,0.3022295623451693
latest_available,398,Kazakhstan,A008,2,0.587943848059455
latest_available,398,Kazakhstan,A008,3,0.10487200660611065
latest_available,398,Kazakhstan,A008,4,0.00495458298926507
latest_available,398,Kazakhstan,A165,1,0.23891625615763548
latest_available,398,Kazakhstan,A165,2,0.7610837438423645
latest_available,398,Kazakhstan,E018,1,0.53719723183391
latest_available,398,Kazakhstan,E018,2,0.14186851211072665
latest_available,398,Kazakhstan,E018,3,0.3209342560553633
latest_available,398,Kazakhstan,E025,1,0.05877342419080068
latest_available,398,Kazakhstan,E025,2,0.17546848381601363
latest_available,398,Kazakhstan,E025,3,0.7657580919931857
latest_available,398,Kazakhstan,F063,1,0.012965964343598054
latest_available,398,Kazakhstan,F063,10,0.3500810372771475
latest_available,398,Kazakhstan,F063,2,0.004862236628849271
latest_available,398,Kazakhstan,F063,3,0.014586709886547812
latest_available,398,Kazakhstan,F063,4,0.03565640194489465
latest_available,398,Kazakhstan,F063,5,0.16450567260940033
latest_available,398,Kazakhstan,F063,6,0.1094003241491086
latest_available,398,Kazakhstan,F063,7,0.09238249594813615
latest_available,398,Kazakhstan,F063,8,0.11507293354943274
latest_available,398,Kazakhstan,F063,9,0.10048622366288493
latest_available,398,Kazakhstan,F118,1,0.6368375325803649
latest_available,398,Kazakhstan,F118,10,0.013032145960034752
latest_available,398,Kazakhstan,F118,2,0.10947002606429192
latest_available,398,Kazakhstan,F118,3,0.03909643788010426
latest_available,398,Kazakhstan,F118,4,0.03996524761077324
latest_available,398,Kazakhstan,F118,5,0.07645525629887055
latest_available,398,Kazakhstan,F118,6,0.04257167680278019
latest_available,398,Kazakhstan,F118,7,0.02432667245873154
latest_available,398,Kazakhstan,F118,8,0.014769765421372719
latest_available,398,Kazakhstan,F118,9,0.0034752389226759338
latest_available,398,Kazakhstan,F120,1,0.39452780229479256
latest_available,398,Kazakhstan,F120,10,0.08649602824360106
latest_available,398,Kazakhstan,F120,2,0.1209179170344219
latest_available,398,Kazakhstan,F120,3,0.07766990291262135
latest_available,398,Kazakhstan,F120,4,0.0820829655781112
latest_available,398,Kazakhstan,F120,5,0.1147396293027361
latest_available,398,Kazakhstan,F120,6,0.04589585172109444
latest_available,398,Kazakhstan,F120,7,0.038834951456310676
latest_available,398,Kazakhstan,F120,8,0.02559576345984113
latest_available,398,Kazakhstan,F120,9,0.01323918799646955
latest_available,398,Kazakhstan,G006,1,0.5064
latest_available,398,Kazakhstan,G006,2,0.3976
latest_available,398,Kazakhstan,G006,3,0.0936
latest_available,398,Kazakhstan,G006,4,0.0024
latest_available,398,Kazakhstan,Y002,1,0.39576271186440676
latest_available,398,Kazakhstan,Y002,2,0.561864406779661
latest_available,398,Kazakhstan,Y002,3,0.0423728813559322
latest_available,400,Jordan,A008,1,0.24103419516263552
latest_available,400,Jordan,A008,2,0.6271893244370309
latest_available,400,Jordan,A008,3,0.10008340283569642
latest_available,400,Jordan,A008,4,0.0316930775646372
latest_available,400,Jordan,A165,1,0.1596989966555184
latest_available,400,Jordan,A165,2,0.8403010033444817
latest_available,400,Jordan,E018,1,0.8742665549036044
latest_available,400,Jordan,E018,2,0.07795473595976529
latest_available,400,Jordan,E018,3,0.04777870913663034
latest_available,400,Jordan,E025,1,0.0778652668416448
latest_available,400,Jordan,E025,2,0.13910761154855644
latest_available,400,Jordan,E025,3,0.7830271216097988
latest_available,400,Jordan,F063,1,0.01670843776106934
latest_available,400,Jordan,F063,10,0.8822055137844611
latest_available,400,Jordan,F063,2,0.002506265664160401
latest_available,400,Jordan,F063,3,0.005012531328320802
latest_available,400,Jordan,F063,4,0.011695906432748537
latest_available,400,Jordan,F063,5,0.011695906432748537
latest_available,400,Jordan,F063,6,0.015873015873015872
latest_available,400,Jordan,F063,7,0.00835421888053467
latest_available,400,Jordan,F063,8,0.02172096908939014
latest_available,400,Jordan,F063,9,0.02422723475355054
latest_available,400,Jordan,F118,1,0.901255230125523
latest_available,400,Jordan,F118,10,0.0016736401673640166
latest_available,400,Jordan,F118,2,0.03765690376569038
latest_available,400,Jordan,F118,3,0.02092050209205021
latest_available,400,Jordan,F118,4,0.009205020920502092
latest_available,400,Jordan,F118,5,0.011715481171548118
latest_available,400,Jordan,F118,6,0.008368200836820083
latest_available,400,Jordan,F118,7,0.00502092050209205
latest_available,400,Jordan,F118,8,0.0033472803347280333
latest_available,400,Jordan,F118,9,0.0008368200836820083
latest_available,400,Jordan,F120,1,0.6931438127090301
latest_available,400,Jordan,F120,10,0.008361204013377926
latest_available,400,Jordan,F120,2,0.09280936454849498
latest_available,400,Jordan,F120,3,0.06354515050167224
latest_available,400,Jordan,F120,4,0.034280936454849496
latest_available,400,Jordan,F120,5,0.06605351170568562
latest_available,400,Jordan,F120,6,0.01588628762541806
latest_available,400,Jordan,F120,7,0.01254180602006689
latest_available,400,Jordan,F120,8,0.010033444816053512
latest_available,400,Jordan,F120,9,0.0033444816053511705
latest_available,400,Jordan,G006,1,0.9146443514644351
latest_available,400,Jordan,G006,2,0.06108786610878661
latest_available,400,Jordan,G006,3,0.017573221757322177
latest_available,400,Jordan,G006,4,0.0066945606694560665
latest_available,400,Jordan,Y002,1,0.4107744107744108
latest_available,400,Jordan,Y002,2,0.5488215488215489
latest_available,400,Jordan,Y002,3,0.04040404040404041
latest_available,404,Kenya,A008,1,0.5059856344772546
latest_available,404,Kenya,A008,2,0.3312051077414206
latest_available,404,Kenya,A008,3,0.13567438148443736
latest_available,404,Kenya,A008,4,0.02713487629688747
latest_available,404,Kenya,A165,1,0.09584664536741214
latest_available,404,Kenya,A165,2,0.9041533546325878
latest_available,404,Kenya,E018,1,0.7856
latest_available,404,Kenya,E018,2,0.1616
latest_available,404,Kenya,E018,3,0.0528
latest_available,404,Kenya,E025,1,0.159798149705635
latest_available,404,Kenya,E025,2,0.4087468460891506
latest_available,404,Kenya,E025,3,0.4314550042052145
latest_available,404,Kenya,F063,1,0.009531374106433678
latest_available,404,Kenya,F063,10,0.7307386814932486
latest_available,404,Kenya,F063,2,0.005559968228752979
latest_available,404,Kenya,F063,3,0.011914217633042097
latest_available,404,Kenya,F063,4,0.019857029388403495
latest_available,404,Kenya,F063,5,0.03653693407466243
latest_available,404,Kenya,F063,6,0.03891977760127085
latest_available,404,Kenya,F063,7,0.051628276409849086
latest_available,404,Kenya,F063,8,0.04447974583002383
latest_available,404,Kenya,F063,9,0.050833995234312944
latest_available,404,Kenya,F118,1,0.5160493827160494
latest_available,404,Kenya,F118,10,0.04609053497942387
latest_available,404,Kenya,F118,2,0.08148148148148149
latest_available,404,Kenya,F118,3,0.08148148148148149
latest_available,404,Kenya,F118,4,0.08065843621399177
latest_available,404,Kenya,F118,5,0.056790123456790124
latest_available,404,Kenya,F118,6,0.03868312757201646
latest_available,404,Kenya,F118,7,0.03621399176954732
latest_available,404,Kenya,F118,8,0.03292181069958848
latest_available,404,Kenya,F118,9,0.02962962962962963
latest_available,404,Kenya,F120,1,0.4256535947712418
latest_available,404,Kenya,F120,10,0.061274509803921566
latest_available,404,Kenya,F120,2,0.06781045751633986
latest_available,404,Kenya,F120,3,0.07516339869281045
latest_available,404,Kenya,F120,4,0.06290849673202614
latest_available,404,Kenya,F120,5,0.09477124183006536
latest_available,404,Kenya,F120,6,0.0718954248366013
latest_available,404,Kenya,F120,7,0.06045751633986928
latest_available,404,Kenya,F120,8,0.042483660130718956
latest_available,404,Kenya,F120,9,0.03758169934640523
latest_available,404,Kenya,G006,1,0.5576
latest_available,404,Kenya,G006,2,0.2928
latest_available,404,Kenya,G006,3,0.116
latest_available,404,Kenya,G006,4,0.0336
latest_available,404,Kenya,Y002,1,0.22877930476960387
latest_available,404,Kenya,Y002,2,0.6952303961196443
latest_available,404,Kenya,Y002,3,0.07599029911075182
latest_available,410,South Korea,A008,1,0.04096385542168675
latest_available,410,South Korea,A008,2,0.8497991967871485
latest_available,410,South Korea,A008,3,0.10843373493975904
latest_available,410,South Korea,A008,4,0.0008032128514056225
latest_available,410,South Korea,A165,1,0.3293172690763052
latest_available,410,South Korea,A165,2,0.6706827309236948
latest_available,410,South Korea,E018,1,0.18072289156626506
latest_available,410,South Korea,E018,2,0.40963855421686746
latest_available,410,South Korea,E018,3,0.40963855421686746
latest_available,410,South Korea,E025,1,0.1751004016064257
latest_available,410,South Korea,E025,2,0.472289156626506
latest_available,410,South Korea,E025,3,0.3526104417670683
latest_available,410,South Korea,F063,1,0.06666666666666667
latest_available,410,South Korea,F063,10,0.024899598393574297
latest_available,410,South Korea,F063,2,0.09156626506024096
latest_available,410,South Korea,F063,3,0.1493975903614458
latest_available,410,South Korea,F063,4,0.11646586345381527
latest_available,410,South Korea,F063,5,0.15100401606425704
latest_available,410,South Korea,F063,6,0.1108433734939759
latest_available,410,South Korea,F063,7,0.13975903614457832
latest_available,410,South Korea,F063,8,0.11967871485943775
latest_available,410,South Korea,F063,9,0.02971887550200803
latest_available,410,South Korea,F118,1,0.2393574297188755
latest_available,410,South Korea,F118,10,0.00321285140562249
latest_available,410,South Korea,F118,2,0.20080321285140562
latest_available,410,South Korea,F118,3,0.17349397590361446
latest_available,410,South Korea,F118,4,0.1140562248995984
latest_available,410,South Korea,F118,5,0.13413654618473897
latest_available,410,South Korea,F118,6,0.06345381526104418
latest_available,410,South Korea,F118,7,0.04417670682730924
latest_available,410,South Korea,F118,8,0.024096385542168676
latest_available,410,South Korea,F118,9,0.00321285140562249
latest_available,410,South Korea,F120,1,0.157429718875502
latest_available,410,South Korea,F120,10,0.0008032128514056225
latest_available,410,South Korea,F120,2,0.13253012048192772
latest_available,410,South Korea,F120,3,0.14538152610441768
latest_available,410,South Korea,F120,4,0.15261044176706828
latest_available,410,South Korea,F120,5,0.19036144578313252
latest_available,410,South Korea,F120,6,0.10120481927710843
latest_available,410,South Korea,F120,7,0.08835341365461848
latest_available,410,South Korea,F120,8,0.024899598393574297
latest_available,410,South Korea,F120,9,0.00642570281124498
latest_available,410,South Korea,G006,1,0.09959839357429719
latest_available,410,South Korea,G006,2,0.7140562248995984
latest_available,410,South Korea,G006,3,0.1783132530120482
latest_available,410,South Korea,G006,4,0.008032128514056224
latest_available,410,South Korea,Y002,1,0.4497991967871486
latest_available,410,South Korea,Y002,2,0.5092369477911647
latest_available,410,South Korea,Y002,3,0.04096385542168675
latest_available,417,Kyrgyzstan,A008,1,0.6895883323374464
latest_available,417,Kyrgyzstan,A008,2,0.2713662020710859
latest_available,417,Kyrgyzstan,A008,3,0.034774071836871076
latest_available,417,Kyrgyzstan,A008,4,0.004271393754596662
latest_available,417,Kyrgyzstan,A165,1,0.1290583131164022
latest_available,417,Kyrgyzstan,A165,2,0.8709416868835979
latest_available,417,Kyrgyzstan,E018,1,0.6493302318337049
latest_available,417,Kyrgyzstan,E018,2,0.24674930297386732
latest_available,417,Kyrgyzstan,E018,3,0.10392046519242774
latest_available,417,Kyrgyzstan,E025,1,0.0881911397266783
latest_available,417,Kyrgyzstan,E025,2,0.11659039914395193
latest_available,417,Kyrgyzstan,E025,3,0.7952184611293698
latest_available,417,Kyrgyzstan,F063,1,0.019288582137099792
latest_available,417,Kyrgyzstan,F063,10,0.8397001118596138
latest_available,417,Kyrgyzstan,F063,2,0.004666338336700687
latest_available,417,Kyrgyzstan,F063,3,0.007202563332125625
latest_available,417,Kyrgyzstan,F063,4,0.003122964542509412
latest_available,417,Kyrgyzstan,F063,5,0.03932086344482766
latest_available,417,Kyrgyzstan,F063,6,0.018463112716500092
latest_available,417,Kyrgyzstan,F063,7,0.01637358130714846
latest_available,417,Kyrgyzstan,F063,8,0.03211141771372587
latest_available,417,Kyrgyzstan,F063,9,0.01975046460974853
latest_available,417,Kyrgyzstan,F118,1,0.8762593613831462
latest_available,417,Kyrgyzstan,F118,10,0.013583639924666704
latest_available,417,Kyrgyzstan,F118,2,0.03360260276556512
latest_available,417,Kyrgyzstan,F118,3,0.012807267247434645
latest_available,417,Kyrgyzstan,F118,4,0.009480012330115025
latest_available,417,Kyrgyzstan,F118,5,0.029758535517772137
latest_available,417,Kyrgyzstan,F118,6,0.009624684443002494
latest_available,417,Kyrgyzstan,F118,7,0.007358517358414398
latest_available,417,Kyrgyzstan,F118,8,0.0036750241820647307
latest_available,417,Kyrgyzstan,F118,9,0.0038503548478185786
latest_available,417,Kyrgyzstan,F120,1,0.7975939990053251
latest_available,417,Kyrgyzstan,F120,10,0.01817363222413515
latest_available,417,Kyrgyzstan,F120,2,0.035899013417336985
latest_available,417,Kyrgyzstan,F120,3,0.025166688505387336
latest_available,417,Kyrgyzstan,F120,4,0.02228756865320831
latest_available,417,Kyrgyzstan,F120,5,0.06596630682967036
latest_available,417,Kyrgyzstan,F120,6,0.012724247572651361
latest_available,417,Kyrgyzstan,F120,7,0.010223766248201396
latest_available,417,Kyrgyzstan,F120,8,0.003961160174750682
latest_available,417,Kyrgyzstan,F120,9,0.008003617369333077
latest_available,417,Kyrgyzstan,G006,1,0.7876823741149487
latest_available,417,Kyrgyzstan,G006,2,0.16159857270001807
latest_available,417,Kyrgyzstan,G006,3,0.03958035605459271
latest_available,417,Kyrgyzstan,G006,4,0.011138697130440432
latest_available,417,Kyrgyzstan,Y002,1,0.34140645159492355
latest_available,417,Kyrgyzstan,Y002,2,0.6042469013154663
latest_available,417,Kyrgyzstan,Y002,3,0.05434664708961012
latest_available,422,Lebanon,A008,1,0.18583333333333332
latest_available,422,Lebanon,A008,2,0.675
latest_available,422,Lebanon,A008,3,0.1225
latest_available,422,Lebanon,A008,4,0.016666666666666666
latest_available,422,Lebanon,A165,1,0.09916666666666667
latest_available,422,Lebanon,A165,2,0.9008333333333334
latest_available,422,Lebanon,E018,1,0.7516891891891891
latest_available,422,Lebanon,E018,2,0.16891891891891891
latest_available,422,Lebanon,E018,3,0.07939189189189189
latest_available,422,Lebanon,E025,1,0.1080168776371308
latest_available,422,Lebanon,E025,2,0.15949367088607594
latest_available,422,Lebanon,E025,3,0.7324894514767932
latest_available,422,Lebanon,F063,1,0.0025
latest_available,422,Lebanon,F063,10,0.6016666666666667
latest_available,422,Lebanon,F063,2,0.0008333333333333334
latest_available,422,Lebanon,F063,3,0.0008333333333333334
latest_available,422,Lebanon,F063,4,0.0008333333333333334
latest_available,422,Lebanon,F063,5,0.0008333333333333334
latest_available,422,Lebanon,F063,6,0.03333333333333333
latest_available,422,Lebanon,F063,7,0.058333333333333334
latest_available,422,Lebanon,F063,8,0.13833333333333334
latest_available,422,Lebanon,F063,9,0.1625
latest_available,422,Lebanon,F118,1,0.4848993288590604
latest_available,422,Lebanon,F118,10,0.0041946308724832215
latest_available,422,Lebanon,F118,2,0.21644295302013422
latest_available,422,Lebanon,F118,3,0.09563758389261745
latest_available,422,Lebanon,F118,4,0.05704697986577181
latest_available,422,Lebanon,F118,5,0.06459731543624161
latest_available,422,Lebanon,F118,6,0.03104026845637584
latest_available,422,Lebanon,F118,7,0.02348993288590604
latest_available,422,Lebanon,F118,8,0.013422818791946308
latest_available,422,Lebanon,F118,9,0.009228187919463088
latest_available,422,Lebanon,F120,1,0.4816666666666667
latest_available,422,Lebanon,F120,10,0.006666666666666667
latest_available,422,Lebanon,F120,2,0.19833333333333333
latest_available,422,Lebanon,F120,3,0.1325
latest_available,422,Lebanon,F120,4,0.05416666666666667
latest_available,422,Lebanon,F120,5,0.04833333333333333
latest_available,422,Lebanon,F120,6,0.028333333333333332
latest_available,422,Lebanon,F120,7,0.020833333333333332
latest_available,422,Lebanon,F120,8,0.0175
latest_available,422,Lebanon,F120,9,0.011666666666666667
latest_available,422,Lebanon,G006,1,0.5391666666666667
latest_available,422,Lebanon,G006,2,0.3641666666666667
latest_available,422,Lebanon,G006,3,0.07166666666666667
latest_available,422,Lebanon,G006,4,0.025
latest_available,422,Lebanon,Y002,1,0.38
latest_available,422,Lebanon,Y002,2,0.575
latest_available,422,Lebanon,Y002,3,0.045
latest_available,428,Latvia,A008,1,0.13354132902750734
latest_available,428,Latvia,A008,2,0.6711532308538396
latest_available,428,Latvia,A008,3,0.18349848029147528
latest_available,428,Latvia,A008,4,0.011806959827177773
latest_available,428,Latvia,A165,1,0.22980373664926995
latest_available,428,Latvia,A165,2,0.7701962633507302
latest_available,428,Latvia,E018,1,0.5140043536000901
latest_available,428,Latvia,E018,2,0.3841116925559454
latest_available,428,Latvia,E018,3,0.10188395384396469
latest_available,428,Latvia,E025,1,0.2175580421593423
latest_available,428,Latvia,E025,2,0.3541979332396156
latest_available,428,Latvia,E025,3,0.42824402460104194
latest_available,428,Latvia,F063,1,0.18212511336198087
latest_available,428,Latvia,F063,10,0.12428536249249479
latest_available,428,Latvia,F063,2,0.0852848412668437
latest_available,428,Latvia,F063,3,0.0787275268900314
latest_available,428,Latvia,F063,4,0.0696557511657045
latest_available,428,Latvia,F063,5,0.1417992256922076
latest_available,428,Latvia,F063,6,0.0832982760815523
latest_available,428,Latvia,F063,7,0.1205046065939387
latest_available,428,Latvia,F063,8,0.07966990208873721
latest_available,428,Latvia,F063,9,0.034649394366508976
latest_available,428,Latvia,F118,1,0.5036876407258746
latest_available,428,Latvia,F118,10,0.08419656500159438
latest_available,428,Latvia,F118,2,0.05784511559581338
latest_available,428,Latvia,F118,3,0.06754062002738842
latest_available,428,Latvia,F118,4,0.04477732341956692
latest_available,428,Latvia,F118,5,0.11897084517324828
latest_available,428,Latvia,F118,6,0.03457761017131329
latest_available,428,Latvia,F118,7,0.03245631719543923
latest_available,428,Latvia,F118,8,0.033444852852291165
latest_available,428,Latvia,F118,9,0.022503109837470343
latest_available,428,Latvia,F120,1,0.16293034981717783
latest_available,428,Latvia,F120,10,0.06730181455213928
latest_available,428,Latvia,F120,2,0.05456295160806951
latest_available,428,Latvia,F120,3,0.11419197865190926
latest_available,428,Latvia,F120,4,0.09747779413828135
latest_available,428,Latvia,F120,5,0.2580590930566622
latest_available,428,Latvia,F120,6,0.07978016963136293
latest_available,428,Latvia,F120,7,0.06858455951421087
latest_available,428,Latvia,F120,8,0.06125089742472906
latest_available,428,Latvia,F120,9,0.03586039160545783
latest_available,428,Latvia,G006,1,0.3289966023059855
latest_available,428,Latvia,G006,2,0.5276089745640924
latest_available,428,Latvia,G006,3,0.1257368818631974
latest_available,428,Latvia,G006,4,0.017657541266724783
latest_available,428,Latvia,Y002,1,0.23262922725597954
latest_available,428,Latvia,Y002,2,0.6404840144715305
latest_available,428,Latvia,Y002,3,0.12688675827249
latest_available,434,Libya,A008,1,0.3610411418975651
latest_available,434,Libya,A008,2,0.5591939546599496
latest_available,434,Libya,A008,3,0.05961376994122586
latest_available,434,Libya,A008,4,0.020151133501259445
latest_available,434,Libya,A165,1,0.09268707482993198
latest_available,434,Libya,A165,2,0.907312925170068
latest_available,434,Libya,E018,1,0.8554216867469879
latest_available,434,Libya,E018,2,0.10327022375215146
latest_available,434,Libya,E018,3,0.04130808950086059
latest_available,434,Libya,E025,1,0.08680248007085917
latest_available,434,Libya,E025,2,0.1966341895482728
latest_available,434,Libya,E025,3,0.7165633303808681
latest_available,434,Libya,F063,1,0.0016806722689075631
latest_available,434,Libya,F063,10,0.9596638655462185
latest_available,434,Libya,F063,2,0.0
latest_available,434,Libya,F063,3,0.0016806722689075631
latest_available,434,Libya,F063,4,0.0016806722689075631
latest_available,434,Libya,F063,5,0.005042016806722689
latest_available,434,Libya,F063,6,0.0016806722689075631
latest_available,434,Libya,F063,7,0.007563025210084034
latest_available,434,Libya,F063,8,0.005042016806722689
latest_available,434,Libya,F063,9,0.015966386554621848
latest_available,434,Libya,F118,1,0.9651162790697675
latest_available,434,Libya,F118,10,0.005366726296958855
latest_available,434,Libya,F118,2,0.014311270125223614
latest_available,434,Libya,F118,3,0.006261180679785331
latest_available,434,Libya,F118,4,0.0035778175313059034
latest_available,434,Libya,F118,5,0.0026833631484794273
latest_available,434,Libya,F118,6,0.0
latest_available,434,Libya,F118,7,0.0
latest_available,434,Libya,F118,8,0.0008944543828264759
latest_available,434,Libya,F118,9,0.0017889087656529517
latest_available,434,Libya,F120,1,0.8738898756660746
latest_available,434,Libya,F120,10,0.027531083481349913
latest_available,434,Libya,F120,2,0.023978685612788632
latest_available,434,Libya,F120,3,0.017761989342806393
latest_available,434,Libya,F120,4,0.011545293072824156
latest_available,434,Libya,F120,5,0.021314387211367674
latest_available,434,Libya,F120,6,0.0053285968028419185
latest_available,434,Libya,F120,7,0.007992895204262877
latest_available,434,Libya,F120,8,0.0053285968028419185
latest_available,434,Libya,F120,9,0.0053285968028419185
latest_available,434,Libya,G006,1,0.8273260687342833
latest_available,434,Libya,G006,2,0.15423302598491198
latest_available,434,Libya,G006,3,0.01173512154233026
latest_available,434,Libya,G006,4,0.006705783738474434
latest_available,434,Libya,Y002,1,0.3977853492333901
latest_available,434,Libya,Y002,2,0.5681431005110733
latest_available,434,Libya,Y002,3,0.034071550255536626
latest_available,440,Lithuania,A008,1,0.09420191547952783
latest_available,440,Lithuania,A008,2,0.7366296232665777
latest_available,440,Lithuania,A008,3,0.1592831349521461
latest_available,440,Lithuania,A008,4,0.009885326301748305
latest_available,440,Lithuania,A165,1,0.32898760374784347
latest_available,440,Lithuania,A165,2,0.6710123962521566
latest_available,440,Lithuania,E018,1,0.39848912434741623
latest_available,440,Lithuania,E018,2,0.4193432514955407
latest_available,440,Lithuania,E018,3,0.18216762415704318
latest_available,440,Lithuania,E025,1,0.1579925281742474
latest_available,440,Lithuania,E025,2,0.4961514478483813
latest_available,440,Lithuania,E025,3,0.34585602397737125
latest_available,440,Lithuania,F063,1,0.09601841149495075
latest_available,440,Lithuania,F063,10,0.1622790228917143
latest_available,440,Lithuania,F063,2,0.040154668031792906
latest_available,440,Lithuania,F063,3,0.046734761285243176
latest_available,440,Lithuania,F063,4,0.053157183843800485
latest_available,440,Lithuania,F063,5,0.13205673196077575
latest_available,440,Lithuania,F063,6,0.1208466668953377
latest_available,440,Lithuania,F063,7,0.12924579110210346
latest_available,440,Lithuania,F063,8,0.13972451045837464
latest_available,440,Lithuania,F063,9,0.0797822520359069
latest_available,440,Lithuania,F118,1,0.5149853172385833
latest_available,440,Lithuania,F118,10,0.027939471080175537
latest_available,440,Lithuania,F118,2,0.10462312609858401
latest_available,440,Lithuania,F118,3,0.08379789421647404
latest_available,440,Lithuania,F118,4,0.054647378189958656
latest_available,440,Lithuania,F118,5,0.09435406120873727
latest_available,440,Lithuania,F118,6,0.05162236405924591
latest_available,440,Lithuania,F118,7,0.041498638351662086
latest_available,440,Lithuania,F118,8,0.02275749327509436
latest_available,440,Lithuania,F118,9,0.003774256281484742
latest_available,440,Lithuania,F120,1,0.17485406428615635
latest_available,440,Lithuania,F120,10,0.026210366378249996
latest_available,440,Lithuania,F120,2,0.04781289593627764
latest_available,440,Lithuania,F120,3,0.07778781657986973
latest_available,440,Lithuania,F120,4,0.07813460202835981
latest_available,440,Lithuania,F120,5,0.2235119441676257
latest_available,440,Lithuania,F120,6,0.11711085998764915
latest_available,440,Lithuania,F120,7,0.1364750784662167
latest_available,440,Lithuania,F120,8,0.09243720331755204
latest_available,440,Lithuania,F120,9,0.02566516885204276
latest_available,440,Lithuania,G006,1,0.2853293845644795
latest_available,440,Lithuania,G006,2,0.53444349441702
latest_available,440,Lithuania,G006,3,0.15626948198808388
latest_available,440,Lithuania,G006,4,0.02395763903041654
latest_available,440,Lithuania,Y002,1,0.3044117471414819
latest_available,440,Lithuania,Y002,2,0.6420214872850186
latest_available,440,Lithuania,Y002,3,0.05356676557349962
latest_available,442,Luxembourg,A008,1,0.37718427222815093
latest_available,442,Luxembourg,A008,2,0.5622484369164324
latest_available,442,Luxembourg,A008,3,0.049283706771249026
latest_available,442,Luxembourg,A008,4,0.011283584084167663
latest_available,442,Luxembourg,A165,1,0.33010651794432794
latest_available,442,Luxembourg,A165,2,0.669893482055672
latest_available,442,Luxembourg,E018,1,0.5739770577650846
latest_available,442,Luxembourg,E018,2,0.2887028459599024
latest_available,442,Luxembourg,E018,3,0.1373200962750131
latest_available,442,Luxembourg,E025,1,0.5959309214916397
latest_available,442,Luxembourg,E025,2,0.25071810190204086
latest_available,442,Luxembourg,E025,3,0.1533509766063195
latest_available,442,Luxembourg,F063,1,0.23106077179104095
latest_available,442,Luxembourg,F063,10,0.15312640966640773
latest_available,442,Luxembourg,F063,2,0.06623002220440384
latest_available,442,Luxembourg,F063,3,0.07629955401668324
latest_available,442,Luxembourg,F063,4,0.052041557380523594
latest_available,442,Luxembourg,F063,5,0.13014817639350576
latest_available,442,Luxembourg,F063,6,0.07837739070355085
latest_available,442,Luxembourg,F063,7,0.06670221884985604
latest_available,442,Luxembourg,F063,8,0.10391381601552209
latest_available,442,Luxembourg,F063,9,0.04210008297850597
latest_available,442,Luxembourg,F118,1,0.22357512030396676
latest_available,442,Luxembourg,F118,10,0.3625491895155438
latest_available,442,Luxembourg,F118,2,0.021820919930864068
latest_available,442,Luxembourg,F118,3,0.023388923883743022
latest_available,442,Luxembourg,F118,4,0.026187521204860193
latest_available,442,Luxembourg,F118,5,0.15802861478149766
latest_available,442,Luxembourg,F118,6,0.03617283407906714
latest_available,442,Luxembourg,F118,7,0.03516458176579291
latest_available,442,Luxembourg,F118,8,0.06569484466342124
latest_available,442,Luxembourg,F118,9,0.047417449871243196
latest_available,442,Luxembourg,F120,1,0.2803871349436304
latest_available,442,Luxembourg,F120,10,0.16023968204110267
latest_available,442,Luxembourg,F120,2,0.043809837792829744
latest_available,442,Luxembourg,F120,3,0.056301674990284
latest_available,442,Luxembourg,F120,4,0.040613448271451615
latest_available,442,Luxembourg,F120,5,0.20477869069608298
latest_available,442,Luxembourg,F120,6,0.05288129872865976
latest_available,442,Luxembourg,F120,7,0.06377870456040387
latest_available,442,Luxembourg,F120,8,0.06513929460114594
latest_available,442,Luxembourg,F120,9,0.03207023337440905
latest_available,442,Luxembourg,G006,1,0.5430106775095191
latest_available,442,Luxembourg,G006,2,0.3761716715014633
latest_available,442,Luxembourg,G006,3,0.0487886736668323
latest_available,442,Luxembourg,G006,4,0.03202897732218527
latest_available,442,Luxembourg,Y002,1,0.330810176904119
latest_available,442,Luxembourg,Y002,2,0.5613150102808692
latest_available,442,Luxembourg,Y002,3,0.10787481281501203
latest_available,446,Macau SAR,A008,1,0.14467253176930597
latest_available,446,Macau SAR,A008,2,0.7653958944281525
latest_available,446,Macau SAR,A008,3,0.0801564027370479
latest_available,446,Macau SAR,A008,4,0.009775171065493646
latest_available,446,Macau SAR,A165,1,0.4380165289256198
latest_available,446,Macau SAR,A165,2,0.5619834710743802
latest_available,446,Macau SAR,E018,1,0.25984251968503935
latest_available,446,Macau SAR,E018,2,0.45177165354330706
latest_available,446,Macau SAR,E018,3,0.28838582677165353
latest_available,446,Macau SAR,E025,1,0.07737512242899118
latest_available,446,Macau SAR,E025,2,0.49461312438785504
latest_available,446,Macau SAR,E025,3,0.42801175318315376
latest_available,446,Macau SAR,F063,1,0.2573385518590998
latest_available,446,Macau SAR,F063,10,0.043052837573385516
latest_available,446,Macau SAR,F063,2,0.11350293542074363
latest_available,446,Macau SAR,F063,3,0.09197651663405088
latest_available,446,Macau SAR,F063,4,0.07827788649706457
latest_available,446,Macau SAR,F063,5,0.18003913894324852
latest_available,446,Macau SAR,F063,6,0.0821917808219178
latest_available,446,Macau SAR,F063,7,0.06653620352250489
latest_available,446,Macau SAR,F063,8,0.05870841487279843
latest_available,446,Macau SAR,F063,9,0.02837573385518591
latest_available,446,Macau SAR,F118,1,0.12242899118511263
latest_available,446,Macau SAR,F118,10,0.0910871694417238
latest_available,446,Macau SAR,F118,2,0.06366307541625857
latest_available,446,Macau SAR,F118,3,0.07737512242899118
latest_available,446,Macau SAR,F118,4,0.06660137120470128
latest_available,446,Macau SAR,F118,5,0.22918707149853085
latest_available,446,Macau SAR,F118,6,0.14005876591576885
latest_available,446,Macau SAR,F118,7,0.0920666013712047
latest_available,446,Macau SAR,F118,8,0.089128305582762
latest_available,446,Macau SAR,F118,9,0.02840352595494613
latest_available,446,Macau SAR,F120,1,0.20939334637964774
latest_available,446,Macau SAR,F120,10,0.025440313111545987
latest_available,446,Macau SAR,F120,2,0.11741682974559686
latest_available,446,Macau SAR,F120,3,0.12035225048923678
latest_available,446,Macau SAR,F120,4,0.0949119373776908
latest_available,446,Macau SAR,F120,5,0.27690802348336596
latest_available,446,Macau SAR,F120,6,0.07632093933463796
latest_available,446,Macau SAR,F120,7,0.04500978473581213
latest_available,446,Macau SAR,F120,8,0.0273972602739726
latest_available,446,Macau SAR,F120,9,0.00684931506849315
latest_available,446,Macau SAR,G006,1,0.18544366899302095
latest_available,446,Macau SAR,G006,2,0.6161515453639083
latest_available,446,Macau SAR,G006,3,0.17547357926221335
latest_available,446,Macau SAR,G006,4,0.022931206380857428
latest_available,446,Macau SAR,Y002,1,0.29111338100102147
latest_available,446,Macau SAR,Y002,2,0.6373850868232891
latest_available,446,Macau SAR,Y002,3,0.07150153217568948
latest_available,458,Malaysia,A008,1,0.1843107387661843
latest_available,458,Malaysia,A008,2,0.6717440974866717
latest_available,458,Malaysia,A008,3,0.13175932977913177
latest_available,458,Malaysia,A008,4,0.012185833968012186
latest_available,458,Malaysia,A165,1,0.19573495811119573
latest_available,458,Malaysia,A165,2,0.8042650418888042
latest_available,458,Malaysia,E018,1,0.5285605483625285
latest_available,458,Malaysia,E018,2,0.3389185072353389
latest_available,458,Malaysia,E018,3,0.13252094440213252
latest_available,458,Malaysia,E025,1,0.293983244478294
latest_available,458,Malaysia,E025,2,0.31454683929931454
latest_available,458,Malaysia,E025,3,0.39146991622239147
latest_available,458,Malaysia,F063,1,0.007616146230007616
latest_available,458,Malaysia,F063,10,0.5232292460015232
latest_available,458,Malaysia,F063,2,0.010662604722010662
latest_available,458,Malaysia,F063,3,0.00913937547600914
latest_available,458,Malaysia,F063,4,0.013709063214013708
latest_available,458,Malaysia,F063,5,0.0753998476770754
latest_available,458,Malaysia,F063,6,0.08073115003808073
latest_available,458,Malaysia,F063,7,0.07311500380807312
latest_available,458,Malaysia,F063,8,0.1172886519421173
latest_available,458,Malaysia,F063,9,0.0891089108910891
latest_available,458,Malaysia,F118,1,0.37395277989337394
latest_available,458,Malaysia,F118,10,0.044173648134044174
latest_available,458,Malaysia,F118,2,0.11119573495811119
latest_available,458,Malaysia,F118,3,0.0753998476770754
latest_available,458,Malaysia,F118,4,0.07083015993907082
latest_available,458,Malaysia,F118,5,0.08758568164508758
latest_available,458,Malaysia,F118,6,0.130997715156131
latest_available,458,Malaysia,F118,7,0.05026656511805026
latest_available,458,Malaysia,F118,8,0.0297029702970297
latest_available,458,Malaysia,F118,9,0.025894897182025894
latest_available,458,Malaysia,F120,1,0.3632901751713633
latest_available,458,Malaysia,F120,10,0.0357958872810358
latest_available,458,Malaysia,F120,2,0.10814927646610815
latest_available,458,Malaysia,F120,3,0.10434120335110435
latest_available,458,Malaysia,F120,4,0.07616146230007616
latest_available,458,Malaysia,F120,5,0.0753998476770754
latest_available,458,Malaysia,F120,6,0.14013709063214014
latest_available,458,Malaysia,F120,7,0.04265041888804265
latest_available,458,Malaysia,F120,8,0.03351104341203351
latest_available,458,Malaysia,F120,9,0.020563594821020565
latest_available,458,Malaysia,G006,1,0.35365853658536583
latest_available,458,Malaysia,G006,2,0.38948170731707316
latest_available,458,Malaysia,G006,3,0.2073170731707317
latest_available,458,Malaysia,G006,4,0.04954268292682927
latest_available,458,Malaysia,Y002,1,0.2795125666412795
latest_available,458,Malaysia,Y002,2,0.645087585681645
latest_available,458,Malaysia,Y002,3,0.0753998476770754
latest_available,462,Maldives,A008,1,0.2927536231884058
latest_available,462,Maldives,A008,2,0.5893719806763285
latest_available,462,Maldives,A008,3,0.0927536231884058
latest_available,462,Maldives,A008,4,0.025120772946859903
latest_available,462,Maldives,A165,1,0.21324245374878287
latest_available,462,Maldives,A165,2,0.7867575462512172
latest_available,462,Maldives,E018,1,0.7913043478260869
latest_available,462,Maldives,E018,2,0.16135265700483092
latest_available,462,Maldives,E018,3,0.04734299516908213
latest_available,462,Maldives,E025,1,0.26499032882011603
latest_available,462,Maldives,E025,2,0.4274661508704062
latest_available,462,Maldives,E025,3,0.30754352030947774
latest_available,462,Maldives,F063,1,0.0038498556304138597
latest_available,462,Maldives,F063,10,0.9538017324350336
latest_available,462,Maldives,F063,2,0.0
latest_available,462,Maldives,F063,3,0.0
latest_available,462,Maldives,F063,4,0.0009624639076034649
latest_available,462,Maldives,F063,5,0.0038498556304138597
latest_available,462,Maldives,F063,6,0.0009624639076034649
latest_available,462,Maldives,F063,7,0.0028873917228103944
latest_available,462,Maldives,F063,8,0.01828681424446583
latest_available,462,Maldives,F063,9,0.015399422521655439
latest_available,462,Maldives,F118,1,0.9315992292870906
latest_available,462,Maldives,F118,10,0.011560693641618497
latest_available,462,Maldives,F118,2,0.018304431599229287
latest_available,462,Maldives,F118,3,0.01348747591522158
latest_available,462,Maldives,F118,4,0.007707129094412331
latest_available,462,Maldives,F118,5,0.008670520231213872
latest_available,462,Maldives,F118,6,0.0019267822736030828
latest_available,462,Maldives,F118,7,0.0038535645472061657
latest_available,462,Maldives,F118,8,0.0019267822736030828
latest_available,462,Maldives,F118,9,0.0009633911368015414
latest_available,462,Maldives,F120,1,0.7213114754098361
latest_available,462,Maldives,F120,10,0.07328833172613308
latest_available,462,Maldives,F120,2,0.027965284474445518
latest_available,462,Maldives,F120,3,0.02507232401157184
latest_available,462,Maldives,F120,4,0.01253616200578592
latest_available,462,Maldives,F120,5,0.05689488910318226
latest_available,462,Maldives,F120,6,0.02507232401157184
latest_available,462,Maldives,F120,7,0.017357762777242044
latest_available,462,Maldives,F120,8,0.026036644165863067
latest_available,462,Maldives,F120,9,0.01446480231436837
latest_available,462,Maldives,G006,1,0.7008712487899322
latest_available,462,Maldives,G006,2,0.20329138431752178
latest_available,462,Maldives,G006,3,0.07841239109390126
latest_available,462,Maldives,G006,4,0.017424975798644726
latest_available,462,Maldives,Y002,1,0.34434434434434436
latest_available,462,Maldives,Y002,2,0.5965965965965966
latest_available,462,Maldives,Y002,3,0.05905905905905906
latest_available,466,Mali,A008,1,0.3944591029023747
latest_available,466,Mali,A008,2,0.4412928759894459
latest_available,466,Mali,A008,3,0.13654353562005278
latest_available,466,Mali,A008,4,0.027704485488126648
latest_available,466,Mali,A165,1,0.17498081350729086
latest_available,466,Mali,A165,2,0.8250191864927091
latest_available,466,Mali,E018,1,0.7805397727272727
latest_available,466,Mali,E018,2,0.11576704545454546
latest_available,466,Mali,E018,3,0.10369318181818182
latest_available,466,Mali,E025,1,0.18505942275042445
latest_available,466,Mali,E025,2,0.399830220713073
latest_available,466,Mali,E025,3,0.4151103565365025
latest_available,466,Mali,F063,1,0.009549795361527967
latest_available,466,Mali,F063,10,0.6828103683492497
latest_available,466,Mali,F063,2,0.002728512960436562
latest_available,466,Mali,F063,3,0.0020463847203274215
latest_available,466,Mali,F063,4,0.004092769440654843
latest_available,466,Mali,F063,5,0.0252387448840382
latest_available,466,Mali,F063,6,0.0286493860845839
latest_available,466,Mali,F063,7,0.05593451568894952
latest_available,466,Mali,F063,8,0.082537517053206
latest_available,466,Mali,F063,9,0.10641200545702592
latest_available,466,Mali,F118,1,0.6303030303030303
latest_available,466,Mali,F118,10,0.09318181818181819
latest_available,466,Mali,F118,2,0.06893939393939394
latest_available,466,Mali,F118,3,0.029545454545454545
latest_available,466,Mali,F118,4,0.025
latest_available,466,Mali,F118,5,0.06212121212121212
latest_available,466,Mali,F118,6,0.021212121212121213
latest_available,466,Mali,F118,7,0.02803030303030303
latest_available,466,Mali,F118,8,0.02878787878787879
latest_available,466,Mali,F118,9,0.012878787878787878
latest_available,466,Mali,F120,1,0.5513878469617405
latest_available,466,Mali,F120,10,0.12603150787696923
latest_available,466,Mali,F120,2,0.06301575393848462
latest_available,466,Mali,F120,3,0.03075768942235559
latest_available,466,Mali,F120,4,0.035258814703675916
latest_available,466,Mali,F120,5,0.0795198799699925
latest_available,466,Mali,F120,6,0.019504876219054765
latest_available,466,Mali,F120,7,0.03150787696924231
latest_available,466,Mali,F120,8,0.033008252063015754
latest_available,466,Mali,F120,9,0.030007501875468866
latest_available,466,Mali,G006,1,0.9
latest_available,466,Mali,G006,2,0.08533333333333333
latest_available,466,Mali,G006,3,0.013333333333333334
latest_available,466,Mali,G006,4,0.0013333333333333333
latest_available,466,Mali,Y002,1,0.41809458533241944
latest_available,466,Mali,Y002,2,0.5236463331048663
latest_available,466,Mali,Y002,3,0.058259081562714185
latest_available,470,Malta,A008,1,0.35428721746385716
latest_available,470,Malta,A008,2,0.5403085629456201
latest_available,470,Malta,A008,3,0.0947578749693074
latest_available,470,Malta,A008,4,0.010646344621215147
latest_available,470,Malta,A165,1,0.22526366499225187
latest_available,470,Malta,A165,2,0.7747363350077479
latest_available,470,Malta,E018,1,0.9283954346180722
latest_available,470,Malta,E018,2,0.049397249665759944
latest_available,470,Malta,E018,3,0.02220731571616802
latest_available,470,Malta,E025,1,0.36904486312596696
latest_available,470,Malta,E025,2,0.3227294908550976
latest_available,470,Malta,E025,3,0.3082256460189354
latest_available,470,Malta,F063,1,0.012530898259240112
latest_available,470,Malta,F063,10,0.6590099210401636
latest_available,470,Malta,F063,2,0.002679910823122482
latest_available,470,Malta,F063,3,0.008333424508567496
latest_available,470,Malta,F063,4,0.012199882355687544
latest_available,470,Malta,F063,5,0.03889884117580435
latest_available,470,Malta,F063,6,0.025167241699682128
latest_available,470,Malta,F063,7,0.05426726675309777
latest_available,470,Malta,F063,8,0.10829071878786577
latest_available,470,Malta,F063,9,0.07862189459676872
latest_available,470,Malta,F118,1,0.40662735878019085
latest_available,470,Malta,F118,10,0.13301814150576521
latest_available,470,Malta,F118,2,0.03114020001649024
latest_available,470,Malta,F118,3,0.043953078628928936
latest_available,470,Malta,F118,4,0.04754755520273339
latest_available,470,Malta,F118,5,0.1763015215324163
latest_available,470,Malta,F118,6,0.061663448274211136
latest_available,470,Malta,F118,7,0.043844660226693505
latest_available,470,Malta,F118,8,0.041090307712010166
latest_available,470,Malta,F118,9,0.014813728120560157
latest_available,470,Malta,F120,1,0.8576789966229758
latest_available,470,Malta,F120,10,0.01092167154716621
latest_available,470,Malta,F120,2,0.034681579619398
latest_available,470,Malta,F120,3,0.02455368321916746
latest_available,470,Malta,F120,4,0.009264000526596216
latest_available,470,Malta,F120,5,0.0419942361070868
latest_available,470,Malta,F120,6,0.007568725159649627
latest_available,470,Malta,F120,7,0.004702173352877422
latest_available,470,Malta,F120,8,0.006515758966168275
latest_available,470,Malta,F120,9,0.002119174878914351
latest_available,470,Malta,G006,1,0.7068349876901803
latest_available,470,Malta,G006,2,0.2586317980338443
latest_available,470,Malta,G006,3,0.029732615549957195
latest_available,470,Malta,G006,4,0.004800598726018264
latest_available,470,Malta,Y002,1,0.33500933774388314
latest_available,470,Malta,Y002,2,0.6109328011057586
latest_available,470,Malta,Y002,3,0.05405786115035822
latest_available,484,Mexico,A008,1,0.5906936147168441
latest_available,484,Mexico,A008,2,0.329515686931209
latest_available,484,Mexico,A008,3,0.07425136920922455
latest_available,484,Mexico,A008,4,0.005539329142722386
latest_available,484,Mexico,A165,1,0.10505278044025605
latest_available,484,Mexico,A165,2,0.8949472195597439
latest_available,484,Mexico,E018,1,0.6086561995927778
latest_available,484,Mexico,E018,2,0.3106794577675953
latest_available,484,Mexico,E018,3,0.0806643426396269
latest_available,484,Mexico,E025,1,0.11324378999065314
latest_available,484,Mexico,E025,2,0.3336619020163575
latest_available,484,Mexico,E025,3,0.5530943079929894
latest_available,484,Mexico,F063,1,0.031055602750193412
latest_available,484,Mexico,F063,10,0.5936794517561697
latest_available,484,Mexico,F063,2,0.008084358256143646
latest_available,484,Mexico,F063,3,0.013989381839245595
latest_available,484,Mexico,F063,4,0.017075979443427095
latest_available,484,Mexico,F063,5,0.05482764603497954
latest_available,484,Mexico,F063,6,0.03156746917254895
latest_available,484,Mexico,F063,7,0.05642323911759056
latest_available,484,Mexico,F063,8,0.10715815134096221
latest_available,484,Mexico,F063,9,0.08613872028873933
latest_available,484,Mexico,F118,1,0.30986345355469247
latest_available,484,Mexico,F118,10,0.10176441123175271
latest_available,484,Mexico,F118,2,0.07765863177894972
latest_available,484,Mexico,F118,3,0.05294833313885407
latest_available,484,Mexico,F118,4,0.05166314723849204
latest_available,484,Mexico,F118,5,0.18494627352812062
latest_available,484,Mexico,F118,6,0.07186773726593673
latest_available,484,Mexico,F118,7,0.05090250373508436
latest_available,484,Mexico,F118,8,0.06176740036525293
latest_available,484,Mexico,F118,9,0.03661810816286444
latest_available,484,Mexico,F120,1,0.47626040700575567
latest_available,484,Mexico,F120,10,0.05812803285097246
latest_available,484,Mexico,F120,2,0.09347740892957467
latest_available,484,Mexico,F120,3,0.0602165467395831
latest_available,484,Mexico,F120,4,0.04259395441611486
latest_available,484,Mexico,F120,5,0.11939403705139964
latest_available,484,Mexico,F120,6,0.03664428424987971
latest_available,484,Mexico,F120,7,0.05210523940293091
latest_available,484,Mexico,F120,8,0.034483676433556286
latest_available,484,Mexico,F120,9,0.02669641292023269
latest_available,484,Mexico,G006,1,0.7217737181252732
latest_available,484,Mexico,G006,2,0.19114512160299926
latest_available,484,Mexico,G006,3,0.06750044979326618
latest_available,484,Mexico,G006,4,0.019580710478461383
latest_available,484,Mexico,Y002,1,0.22563265983866443
latest_available,484,Mexico,Y002,2,0.6249501548903279
latest_available,484,Mexico,Y002,3,0.14941718527100778
latest_available,496,Mongolia,A008,1,0.2031854280384369
latest_available,496,Mongolia,A008,2,0.5301076607212023
latest_available,496,Mongolia,A008,3,0.25549056309386686
latest_available,496,Mongolia,A008,4,0.011216348146494087
latest_available,496,Mongolia,A165,1,0.260514218336651
latest_available,496,Mongolia,A165,2,0.7394857816633489
latest_available,496,Mongolia,E018,1,0.37798212527611874
latest_available,496,Mongolia,E018,2,0.42492811672320546
latest_available,496,Mongolia,E018,3,0.19708975800067555
latest_available,496,Mongolia,E025,1,0.448500434990004
latest_available,496,Mongolia,E025,2,0.35145664851885516
latest_available,496,Mongolia,E025,3,0.20004291649114087
latest_available,496,Mongolia,F063,1,0.12666200640508968
latest_available,496,Mongolia,F063,10,0.04827698660765406
latest_available,496,Mongolia,F063,2,0.05476910087567361
latest_available,496,Mongolia,F063,3,0.05281981756934596
latest_available,496,Mongolia,F063,4,0.05942071348578976
latest_available,496,Mongolia,F063,5,0.15460732595311752
latest_available,496,Mongolia,F063,6,0.2101108549297467
latest_available,496,Mongolia,F063,7,0.13525389991694983
latest_available,496,Mongolia,F063,8,0.10125256141476707
latest_available,496,Mongolia,F063,9,0.05682673284186572
latest_available,496,Mongolia,F118,1,0.2800177664744628
latest_available,496,Mongolia,F118,10,0.01910911694795668
latest_available,496,Mongolia,F118,2,0.08648073575451412
latest_available,496,Mongolia,F118,3,0.08209095719686726
latest_available,496,Mongolia,F118,4,0.09683772416347848
latest_available,496,Mongolia,F118,5,0.26828634863939405
latest_available,496,Mongolia,F118,6,0.08974182424595292
latest_available,496,Mongolia,F118,7,0.04748903835122722
latest_available,496,Mongolia,F118,8,0.020577868735140295
latest_available,496,Mongolia,F118,9,0.009368619491006272
latest_available,496,Mongolia,F120,1,0.21644924541314436
latest_available,496,Mongolia,F120,10,0.025148370157616434
latest_available,496,Mongolia,F120,2,0.07691386226003293
latest_available,496,Mongolia,F120,3,0.0859789688766056
latest_available,496,Mongolia,F120,4,0.09942342181453954
latest_available,496,Mongolia,F120,5,0.24990758224853873
latest_available,496,Mongolia,F120,6,0.13468126629563398
latest_available,496,Mongolia,F120,7,0.07274275468140515
latest_available,496,Mongolia,F120,8,0.02774589931261093
latest_available,496,Mongolia,F120,9,0.01100862893987242
latest_available,496,Mongolia,G006,1,0.41825127090542186
latest_available,496,Mongolia,G006,2,0.41603649961425015
latest_available,496,Mongolia,G006,3,0.12520598226188726
latest_available,496,Mongolia,G006,4,0.04050624721844067
latest_available,496,Mongolia,Y002,1,0.27736143999522533
latest_available,496,Mongolia,Y002,2,0.6342015033898887
latest_available,496,Mongolia,Y002,3,0.08843705661488614
latest_available,498,Moldova,A008,1,0.09221270721613288
latest_available,498,Moldova,A008,2,0.5622578914681139
latest_available,498,Moldova,A008,3,0.3062432802544244
latest_available,498,Moldova,A008,4,0.0392861210613287
latest_available,498,Moldova,A165,1,0.1212036190228814
latest_available,498,Moldova,A165,2,0.8787963809771184
latest_available,498,Moldova,E018,1,0.5724292086198591
latest_available,498,Moldova,E018,2,0.2461101109995918
latest_available,498,Moldova,E018,3,0.1814606803805491
latest_available,498,Moldova,E025,1,0.11551017616493969
latest_available,498,Moldova,E025,2,0.34864510128467435
latest_available,498,Moldova,E025,3,0.5358447225503858
latest_available,498,Moldova,F063,1,0.018521589586082212
latest_available,498,Moldova,F063,10,0.504659457753411
latest_available,498,Moldova,F063,2,0.00485866689464088
latest_available,498,Moldova,F063,3,0.014561959025995781
latest_available,498,Moldova,F063,4,0.01608321297917101
latest_available,498,Moldova,F063,5,0.050791860860990135
latest_available,498,Moldova,F063,6,0.04102804938518177
latest_available,498,Moldova,F063,7,0.07120250881075171
latest_available,498,Moldova,F063,8,0.12619906736078526
latest_available,498,Moldova,F063,9,0.1520936273429901
latest_available,498,Moldova,F118,1,0.7725749129600621
latest_available,498,Moldova,F118,10,0.013132243970220865
latest_available,498,Moldova,F118,2,0.06748062971523182
latest_available,498,Moldova,F118,3,0.031485798195982934
latest_available,498,Moldova,F118,4,0.03147094334770843
latest_available,498,Moldova,F118,5,0.043734000249555705
latest_available,498,Moldova,F118,6,0.01854218949271333
latest_available,498,Moldova,F118,7,0.017023990040163948
latest_available,498,Moldova,F118,8,0.0045552920283609384
latest_available,498,Moldova,F118,9,0.0
latest_available,498,Moldova,F120,1,0.6039099212847022
latest_available,498,Moldova,F120,10,0.008978547655783473
latest_available,498,Moldova,F120,2,0.09038759711915467
latest_available,498,Moldova,F120,3,0.05886599448021531
latest_available,498,Moldova,F120,4,0.06262429338000558
latest_available,498,Moldova,F120,5,0.10368082403858617
latest_available,498,Moldova,F120,6,0.03757919262661189
latest_available,498,Moldova,F120,7,0.014834467072065986
latest_available,498,Moldova,F120,8,0.01383469523530217
latest_available,498,Moldova,F120,9,0.005304467107572593
latest_available,498,Moldova,G006,1,0.2524782212341341
latest_available,498,Moldova,G006,2,0.5653491205398921
latest_available,498,Moldova,G006,3,0.1574654295525921
latest_available,498,Moldova,G006,4,0.02470722867338183
latest_available,498,Moldova,Y002,1,0.5074727477108242
latest_available,498,Moldova,Y002,2,0.44466484495851355
latest_available,498,Moldova,Y002,3,0.04786240733066225
latest_available,499,Montenegro,A008,1,0.3420859761759193
latest_available,499,Montenegro,A008,2,0.5849732885519031
latest_available,499,Montenegro,A008,3,0.06410076891429142
latest_available,499,Montenegro,A008,4,0.008839966357886262
latest_available,499,Montenegro,A165,1,0.22362375406821772
latest_available,499,Montenegro,A165,2,0.7763762459317822
latest_available,499,Montenegro,E018,1,0.6639188444665389
latest_available,499,Montenegro,E018,2,0.11173439910535497
latest_available,499,Montenegro,E018,3,0.22434675642810617
latest_available,499,Montenegro,E025,1,0.422208078091449
latest_available,499,Montenegro,E025,2,0.4073184741965327
latest_available,499,Montenegro,E025,3,0.17047344771201825
latest_available,499,Montenegro,F063,1,0.025771439357801212
latest_available,499,Montenegro,F063,10,0.4067288294856086
latest_available,499,Montenegro,F063,2,0.007312670416756029
latest_available,499,Montenegro,F063,3,0.00816993415896577
latest_available,499,Montenegro,F063,4,0.019438095099302295
latest_available,499,Montenegro,F063,5,0.10868823577999515
latest_available,499,Montenegro,F063,6,0.1207575559200661
latest_available,499,Montenegro,F063,7,0.10850335147484831
latest_available,499,Montenegro,F063,8,0.10432631732318581
latest_available,499,Montenegro,F063,9,0.09030357098347071
latest_available,499,Montenegro,F118,1,0.7513074863641497
latest_available,499,Montenegro,F118,10,0.01944756854224809
latest_available,499,Montenegro,F118,2,0.08767367398487509
latest_available,499,Montenegro,F118,3,0.024466424988111184
latest_available,499,Montenegro,F118,4,0.025655411244801512
latest_available,499,Montenegro,F118,5,0.038295597848491375
latest_available,499,Montenegro,F118,6,0.0256984912459616
latest_available,499,Montenegro,F118,7,0.014877688858282145
latest_available,499,Montenegro,F118,8,0.010470496592953333
latest_available,499,Montenegro,F118,9,0.002107160330125931
latest_available,499,Montenegro,F120,1,0.44549841986512007
latest_available,499,Montenegro,F120,10,0.022841174296958235
latest_available,499,Montenegro,F120,2,0.15977593388910144
latest_available,499,Montenegro,F120,3,0.11460962883895896
latest_available,499,Montenegro,F120,4,0.03094632340396185
latest_available,499,Montenegro,F120,5,0.11169593133202807
latest_available,499,Montenegro,F120,6,0.04253465195147297
latest_available,499,Montenegro,F120,7,0.02931374695478168
latest_available,499,Montenegro,F120,8,0.032477218125270116
latest_available,499,Montenegro,F120,9,0.010306971342346751
latest_available,499,Montenegro,G006,1,0.3233403554576955
latest_available,499,Montenegro,G006,2,0.6074309881102771
latest_available,499,Montenegro,G006,3,0.05879102644921643
latest_available,499,Montenegro,G006,4,0.010437629982811003
latest_available,499,Montenegro,Y002,1,0.19296182454710328
latest_available,499,Montenegro,Y002,2,0.713230563701436
latest_available,499,Montenegro,Y002,3,0.09380761175146085
latest_available,504,Morocco,A008,1,0.12416666666666666
latest_available,504,Morocco,A008,2,0.7041666666666667
latest_available,504,Morocco,A008,3,0.1625
latest_available,504,Morocco,A008,4,0.009166666666666667
latest_available,504,Morocco,A165,1,0.165
latest_available,504,Morocco,A165,2,0.835
latest_available,504,Morocco,E018,1,0.6325
latest_available,504,Morocco,E018,2,0.2275
latest_available,504,Morocco,E018,3,0.14
latest_available,504,Morocco,E025,1,0.1275
latest_available,504,Morocco,E025,2,0.43
latest_available,504,Morocco,E025,3,0.4425
latest_available,504,Morocco,F063,1,0.05416666666666667
latest_available,504,Morocco,F063,10,0.7216666666666667
latest_available,504,Morocco,F063,2,0.006666666666666667
latest_available,504,Morocco,F063,3,0.0016666666666666668
latest_available,504,Morocco,F063,4,0.0033333333333333335
latest_available,504,Morocco,F063,5,0.015833333333333335
latest_available,504,Morocco,F063,6,0.025833333333333333
latest_available,504,Morocco,F063,7,0.020833333333333332
latest_available,504,Morocco,F063,8,0.05
latest_available,504,Morocco,F063,9,0.1
latest_available,504,Morocco,F118,1,0.5158333333333334
latest_available,504,Morocco,F118,10,0.0175
latest_available,504,Morocco,F118,2,0.1125
latest_available,504,Morocco,F118,3,0.051666666666666666
latest_available,504,Morocco,F118,4,0.0575
latest_available,504,Morocco,F118,5,0.13333333333333333
latest_available,504,Morocco,F118,6,0.04666666666666667
latest_available,504,Morocco,F118,7,0.021666666666666667
latest_available,504,Morocco,F118,8,0.019166666666666665
latest_available,504,Morocco,F118,9,0.024166666666666666
latest_available,504,Morocco,F120,1,0.3625
latest_available,504,Morocco,F120,10,0.03666666666666667
latest_available,504,Morocco,F120,2,0.115
latest_available,504,Morocco,F120,3,0.07166666666666667
latest_available,504,Morocco,F120,4,0.07416666666666667
latest_available,504,Morocco,F120,5,0.12833333333333333
latest_available,504,Morocco,F120,6,0.07583333333333334
latest_available,504,Morocco,F120,7,0.0625
latest_available,504,Morocco,F120,8,0.045
latest_available,504,Morocco,F120,9,0.028333333333333332
latest_available,504,Morocco,G006,1,0.42333333333333334
latest_available,504,Morocco,G006,2,0.4825
latest_available,504,Morocco,G006,3,0.0825
latest_available,504,Morocco,G006,4,0.011666666666666667
latest_available,504,Morocco,Y002,1,0.39462636439966414
latest_available,504,Morocco,Y002,2,0.5566750629722922
latest_available,504,Morocco,Y002,3,0.04869857262804366
latest_available,528,Netherlands,A008,1,0.2637524557956778
latest_available,528,Netherlands,A008,2,0.6507858546168959
latest_available,528,Netherlands,A008,3,0.06827111984282908
latest_available,528,Netherlands,A008,4,0.01719056974459725
latest_available,528,Netherlands,A165,1,0.6120556414219475
latest_available,528,Netherlands,A165,2,0.38794435857805254
latest_available,528,Netherlands,E018,1,0.7108179419525066
latest_available,528,Netherlands,E018,2,0.21319261213720317
latest_available,528,Netherlands,E018,3,0.07598944591029023
latest_available,528,Netherlands,E025,1,0.5221238938053098
latest_available,528,Netherlands,E025,2,0.3956272774596564
latest_available,528,Netherlands,E025,3,0.08224882873503384
latest_available,528,Netherlands,F063,1,0.40939597315436244
latest_available,528,Netherlands,F063,10,0.09034589571502323
latest_available,528,Netherlands,F063,2,0.11357769747031492
latest_available,528,Netherlands,F063,3,0.07950438822922044
latest_available,528,Netherlands,F063,4,0.04078471863706763
latest_available,528,Netherlands,F063,5,0.06298399586990192
latest_available,528,Netherlands,F063,6,0.05627258647392876
latest_available,528,Netherlands,F063,7,0.055240061951471346
latest_available,528,Netherlands,F063,8,0.06711409395973154
latest_available,528,Netherlands,F063,9,0.0247805885389778
latest_available,528,Netherlands,F118,1,0.030818278427205102
latest_available,528,Netherlands,F118,10,0.7497343251859724
latest_available,528,Netherlands,F118,2,0.002656748140276302
latest_available,528,Netherlands,F118,3,0.006907545164718385
latest_available,528,Netherlands,F118,4,0.009032943676939426
latest_available,528,Netherlands,F118,5,0.04250797024442083
latest_available,528,Netherlands,F118,6,0.026036131774707757
latest_available,528,Netherlands,F118,7,0.036663124335812966
latest_available,528,Netherlands,F118,8,0.04516471838469713
latest_available,528,Netherlands,F118,9,0.05047821466524974
latest_available,528,Netherlands,F120,1,0.05052631578947368
latest_available,528,Netherlands,F120,10,0.37842105263157894
latest_available,528,Netherlands,F120,2,0.017894736842105262
latest_available,528,Netherlands,F120,3,0.02
latest_available,528,Netherlands,F120,4,0.020526315789473684
latest_available,528,Netherlands,F120,5,0.10894736842105263
latest_available,528,Netherlands,F120,6,0.08
latest_available,528,Netherlands,F120,7,0.09
latest_available,528,Netherlands,F120,8,0.13263157894736843
latest_available,528,Netherlands,F120,9,0.10105263157894737
latest_available,528,Netherlands,G006,1,0.206401766004415
latest_available,528,Netherlands,G006,2,0.5888520971302428
latest_available,528,Netherlands,G006,3,0.15783664459161148
latest_available,528,Netherlands,G006,4,0.04690949227373068
latest_available,528,Netherlands,Y002,1,0.24039978958442926
latest_available,528,Netherlands,Y002,2,0.6359810625986323
latest_available,528,Netherlands,Y002,3,0.12361914781693846
latest_available,554,New Zealand,A008,1,0.3343195266272189
latest_available,554,New Zealand,A008,2,0.5996055226824457
latest_available,554,New Zealand,A008,3,0.0631163708086785
latest_available,554,New Zealand,A008,4,0.0029585798816568047
latest_available,554,New Zealand,A165,1,0.5950248756218905
latest_available,554,New Zealand,A165,2,0.40497512437810945
latest_available,554,New Zealand,E018,1,0.4880239520958084
latest_available,554,New Zealand,E018,2,0.41317365269461076
latest_available,554,New Zealand,E018,3,0.09880239520958084
latest_available,554,New Zealand,E025,1,0.8035190615835777
latest_available,554,New Zealand,E025,2,0.16617790811339198
latest_available,554,New Zealand,E025,3,0.030303030303030304
latest_available,554,New Zealand,F063,1,0.35477386934673366
latest_available,554,New Zealand,F063,10,0.1748743718592965
latest_available,554,New Zealand,F063,2,0.10452261306532663
latest_available,554,New Zealand,F063,3,0.06633165829145729
latest_available,554,New Zealand,F063,4,0.035175879396984924
latest_available,554,New Zealand,F063,5,0.06733668341708543
latest_available,554,New Zealand,F063,6,0.053266331658291456
latest_available,554,New Zealand,F063,7,0.03919597989949749
latest_available,554,New Zealand,F063,8,0.06030150753768844
latest_available,554,New Zealand,F063,9,0.044221105527638194
latest_available,554,New Zealand,F118,1,0.13203463203463203
latest_available,554,New Zealand,F118,10,0.47294372294372294
latest_available,554,New Zealand,F118,2,0.020562770562770564
latest_available,554,New Zealand,F118,3,0.02813852813852814
latest_available,554,New Zealand,F118,4,0.023809523809523808
latest_available,554,New Zealand,F118,5,0.09307359307359307
latest_available,554,New Zealand,F118,6,0.046536796536796536
latest_available,554,New Zealand,F118,7,0.03463203463203463
latest_available,554,New Zealand,F118,8,0.07575757575757576
latest_available,554,New Zealand,F118,9,0.07251082251082251
latest_available,554,New Zealand,F120,1,0.08850457782299084
latest_available,554,New Zealand,F120,10,0.2451678535096643
latest_available,554,New Zealand,F120,2,0.03967446592065107
latest_available,554,New Zealand,F120,3,0.04577822990844354
latest_available,554,New Zealand,F120,4,0.03763987792472025
latest_available,554,New Zealand,F120,5,0.11190233977619532
latest_available,554,New Zealand,F120,6,0.07121057985757884
latest_available,554,New Zealand,F120,7,0.07121057985757884
latest_available,554,New Zealand,F120,8,0.18311291963377416
latest_available,554,New Zealand,F120,9,0.10579857578840285
latest_available,554,New Zealand,G006,1,0.6765913757700205
latest_available,554,New Zealand,G006,2,0.29876796714579057
latest_available,554,New Zealand,G006,3,0.021560574948665298
latest_available,554,New Zealand,G006,4,0.003080082135523614
latest_available,554,New Zealand,Y002,1,0.11095305832147938
latest_available,554,New Zealand,Y002,2,0.7083926031294452
latest_available,554,New Zealand,Y002,3,0.1806543385490754
latest_available,558,Nicaragua,A008,1,0.4975
latest_available,558,Nicaragua,A008,2,0.35833333333333334
latest_available,558,Nicaragua,A008,3,0.12416666666666666
latest_available,558,Nicaragua,A008,4,0.02
latest_available,558,Nicaragua,A165,1,0.0425
latest_available,558,Nicaragua,A165,2,0.9575
latest_available,558,Nicaragua,E018,1,0.8691666666666666
latest_available,558,Nicaragua,E018,2,0.0975
latest_available,558,Nicaragua,E018,3,0.03333333333333333
latest_available,558,Nicaragua,E025,1,0.095
latest_available,558,Nicaragua,E025,2,0.2891666666666667
latest_available,558,Nicaragua,E025,3,0.6158333333333333
latest_available,558,Nicaragua,F063,1,0.008333333333333333
latest_available,558,Nicaragua,F063,10,0.8766666666666667
latest_available,558,Nicaragua,F063,2,0.0025
latest_available,558,Nicaragua,F063,3,0.005
latest_available,558,Nicaragua,F063,4,0.005833333333333334
latest_available,558,Nicaragua,F063,5,0.0225
latest_available,558,Nicaragua,F063,6,0.010833333333333334
latest_available,558,Nicaragua,F063,7,0.0125
latest_available,558,Nicaragua,F063,8,0.030833333333333334
latest_available,558,Nicaragua,F063,9,0.025
latest_available,558,Nicaragua,F118,1,0.5491666666666667
latest_available,558,Nicaragua,F118,10,0.075
latest_available,558,Nicaragua,F118,2,0.03333333333333333
latest_available,558,Nicaragua,F118,3,0.029166666666666667
latest_available,558,Nicaragua,F118,4,0.035
latest_available,558,Nicaragua,F118,5,0.15666666666666668
latest_available,558,Nicaragua,F118,6,0.034166666666666665
latest_available,558,Nicaragua,F118,7,0.034166666666666665
latest_available,558,Nicaragua,F118,8,0.03666666666666667
latest_available,558,Nicaragua,F118,9,0.016666666666666666
latest_available,558,Nicaragua,F120,1,0.7633333333333333
latest_available,558,Nicaragua,F120,10,0.04
latest_available,558,Nicaragua,F120,2,0.043333333333333335
latest_available,558,Nicaragua,F120,3,0.025
latest_available,558,Nicaragua,F120,4,0.021666666666666667
latest_available,558,Nicaragua,F120,5,0.0575
latest_available,558,Nicaragua,F120,6,0.019166666666666665
latest_available,558,Nicaragua,F120,7,0.008333333333333333
latest_available,558,Nicaragua,F120,8,0.015
latest_available,558,Nicaragua,F120,9,0.006666666666666667
latest_available,558,Nicaragua,G006,1,0.8825
latest_available,558,Nicaragua,G006,2,0.059166666666666666
latest_available,558,Nicaragua,G006,3,0.04
latest_available,558,Nicaragua,G006,4,0.018333333333333333
latest_available,558,Nicaragua,Y002,1,0.2147887323943662
latest_available,558,Nicaragua,Y002,2,0.6382042253521126
latest_available,558,Nicaragua,Y002,3,0.14700704225352113
latest_available,566,Nigeria,A008,1,0.46671024999040234
latest_available,566,Nigeria,A008,2,0.2595819469295224
latest_available,566,Nigeria,A008,3,0.18603156386005917
latest_available,566,Nigeria,A008,4,0.0876762392200161
latest_available,566,Nigeria,A165,1,0.13082932002353334
latest_available,566,Nigeria,A165,2,0.8691706799764667
latest_available,566,Nigeria,E018,1,0.9078912466818251
latest_available,566,Nigeria,E018,2,0.08405510433741675
latest_available,566,Nigeria,E018,3,0.008053648980758197
latest_available,566,Nigeria,E025,1,0.07766910975111886
latest_available,566,Nigeria,E025,2,0.26283896507429805
latest_available,566,Nigeria,E025,3,0.6594919251745831
latest_available,566,Nigeria,F063,1,0.01152459626125759
latest_available,566,Nigeria,F063,10,0.8606160095065303
latest_available,566,Nigeria,F063,2,0.00413420158466723
latest_available,566,Nigeria,F063,3,0.012140062618416415
latest_available,566,Nigeria,F063,4,0.023359723415070133
latest_available,566,Nigeria,F063,5,0.00732205075186045
latest_available,566,Nigeria,F063,6,0.009748604034495293
latest_available,566,Nigeria,F063,7,0.01297847630447169
latest_available,566,Nigeria,F063,8,0.02044972418743643
latest_available,566,Nigeria,F063,9,0.03772655133579452
latest_available,566,Nigeria,F118,1,0.8031605345993
latest_available,566,Nigeria,F118,10,0.015514506556601304
latest_available,566,Nigeria,F118,2,0.09147458829992774
latest_available,566,Nigeria,F118,3,0.048745700302121726
latest_available,566,Nigeria,F118,4,0.01678143792045094
latest_available,566,Nigeria,F118,5,0.01301464968690007
latest_available,566,Nigeria,F118,6,0.003405398941606296
latest_available,566,Nigeria,F118,7,0.003697835730341991
latest_available,566,Nigeria,F118,8,0.0012783300161416193
latest_available,566,Nigeria,F118,9,0.0029270179466081413
latest_available,566,Nigeria,F120,1,0.7334345798486561
latest_available,566,Nigeria,F120,10,0.010922100509497556
latest_available,566,Nigeria,F120,2,0.09363540578335655
latest_available,566,Nigeria,F120,3,0.06697265904499321
latest_available,566,Nigeria,F120,4,0.04198105115051396
latest_available,566,Nigeria,F120,5,0.026800071916589927
latest_available,566,Nigeria,F120,6,0.014496366252569644
latest_available,566,Nigeria,F120,7,0.004432834794138558
latest_available,566,Nigeria,F120,8,0.005595197882064315
latest_available,566,Nigeria,F120,9,0.0017297328176201546
latest_available,566,Nigeria,G006,1,0.7028409602637856
latest_available,566,Nigeria,G006,2,0.18904503497243152
latest_available,566,Nigeria,G006,3,0.08461791584177057
latest_available,566,Nigeria,G006,4,0.023496088922012184
latest_available,566,Nigeria,Y002,1,0.28494855668633406
latest_available,566,Nigeria,Y002,2,0.633092053793095
latest_available,566,Nigeria,Y002,3,0.08195938952057093
latest_available,578,Norway,A008,1,0.409430461579224
latest_available,578,Norway,A008,2,0.5342340699265955
latest_available,578,Norway,A008,3,0.05131841345138641
latest_available,578,Norway,A008,4,0.00501705504279402
latest_available,578,Norway,A165,1,0.7284001993044243
latest_available,578,Norway,A165,2,0.2715998006955754
latest_available,578,Norway,E018,1,0.301317921119097
latest_available,578,Norway,E018,2,0.1903677208777075
latest_available,578,Norway,E018,3,0.5083143580031956
latest_available,578,Norway,E025,1,0.6327507487753208
latest_available,578,Norway,E025,2,0.2781623356496196
latest_available,578,Norway,E025,3,0.08908691557505968
latest_available,578,Norway,F063,1,0.38630147660160885
latest_available,578,Norway,F063,10,0.09765591321903595
latest_available,578,Norway,F063,2,0.08905397217841653
latest_available,578,Norway,F063,3,0.08727660997817076
latest_available,578,Norway,F063,4,0.04984732728155064
latest_available,578,Norway,F063,5,0.12270306501381013
latest_available,578,Norway,F063,6,0.05599784056257641
latest_available,578,Norway,F063,7,0.051657803713756494
latest_available,578,Norway,F063,8,0.03550603204043651
latest_available,578,Norway,F063,9,0.02399995941063777
latest_available,578,Norway,F118,1,0.06339551562070898
latest_available,578,Norway,F118,10,0.6617997160877244
latest_available,578,Norway,F118,2,0.01460061397150588
latest_available,578,Norway,F118,3,0.018986408074994108
latest_available,578,Norway,F118,4,0.009787926040736005
latest_available,578,Norway,F118,5,0.08712119278271305
latest_available,578,Norway,F118,6,0.012904905230568186
latest_available,578,Norway,F118,7,0.02432771014664481
latest_available,578,Norway,F118,8,0.05995574701372883
latest_available,578,Norway,F118,9,0.0471202650306759
latest_available,578,Norway,F120,1,0.06361130949987479
latest_available,578,Norway,F120,10,0.39483361031036596
latest_available,578,Norway,F120,2,0.026283877225131636
latest_available,578,Norway,F120,3,0.024161206687140967
latest_available,578,Norway,F120,4,0.021108295557290758
latest_available,578,Norway,F120,5,0.1418542515384523
latest_available,578,Norway,F120,6,0.03129878542453964
latest_available,578,Norway,F120,7,0.06947767810658459
latest_available,578,Norway,F120,8,0.13936845615371757
latest_available,578,Norway,F120,9,0.08800252949690184
latest_available,578,Norway,G006,1,0.6798666142278463
latest_available,578,Norway,G006,2,0.2765594171645436
latest_available,578,Norway,G006,3,0.040081978812090455
latest_available,578,Norway,G006,4,0.0034919897955197066
latest_available,578,Norway,Y002,1,0.07056948128482574
latest_available,578,Norway,Y002,2,0.7451267695644924
latest_available,578,Norway,Y002,3,0.18430374915068184
latest_available,586,Pakistan,A008,1,0.47867536377320624
latest_available,586,Pakistan,A008,2,0.4144505770195685
latest_available,586,Pakistan,A008,3,0.08178625188158554
latest_available,586,Pakistan,A008,4,0.025087807325639738
latest_available,586,Pakistan,A165,1,0.23496715512885297
latest_available,586,Pakistan,A165,2,0.7650328448711471
latest_available,586,Pakistan,E018,1,0.41458333333333336
latest_available,586,Pakistan,E018,2,0.2671875
latest_available,586,Pakistan,E018,3,0.3182291666666667
latest_available,586,Pakistan,E025,1,0.09488636363636363
latest_available,586,Pakistan,E025,2,0.22954545454545455
latest_available,586,Pakistan,E025,3,0.6755681818181818
latest_available,586,Pakistan,F063,1,0.0035371399696816574
latest_available,586,Pakistan,F063,10,0.8479029813036887
latest_available,586,Pakistan,F063,2,0.0025265285497726125
latest_available,586,Pakistan,F063,3,0.0035371399696816574
latest_available,586,Pakistan,F063,4,0.007074279939363315
latest_available,586,Pakistan,F063,5,0.019201616978271854
latest_available,586,Pakistan,F063,6,0.02223345123799899
latest_available,586,Pakistan,F063,7,0.026781202627589692
latest_available,586,Pakistan,F063,8,0.02223345123799899
latest_available,586,Pakistan,F063,9,0.0449722081859525
latest_available,586,Pakistan,F118,1,0.8037676609105181
latest_available,586,Pakistan,F118,10,0.018315018315018316
latest_available,586,Pakistan,F118,2,0.08058608058608059
latest_available,586,Pakistan,F118,3,0.03924646781789639
latest_available,586,Pakistan,F118,4,0.02564102564102564
latest_available,586,Pakistan,F118,5,0.009419152276295133
latest_available,586,Pakistan,F118,6,0.007326007326007326
latest_available,586,Pakistan,F118,7,0.007326007326007326
latest_available,586,Pakistan,F118,8,0.003663003663003663
latest_available,586,Pakistan,F118,9,0.004709576138147566
latest_available,586,Pakistan,F120,1,0.763509898341359
latest_available,586,Pakistan,F120,10,0.019261637239165328
latest_available,586,Pakistan,F120,2,0.08293204922418405
latest_available,586,Pakistan,F120,3,0.04066345639379347
latest_available,586,Pakistan,F120,4,0.023006955591225255
latest_available,586,Pakistan,F120,5,0.02675227394328518
latest_available,586,Pakistan,F120,6,0.014446227929373997
latest_available,586,Pakistan,F120,7,0.012306046013911182
latest_available,586,Pakistan,F120,8,0.006955591225254147
latest_available,586,Pakistan,F120,9,0.010165864098448368
latest_available,586,Pakistan,G006,1,0.8617021276595744
latest_available,586,Pakistan,G006,2,0.09929078014184398
latest_available,586,Pakistan,G006,3,0.028875379939209727
latest_available,586,Pakistan,G006,4,0.010131712259371834
latest_available,586,Pakistan,Y002,1,0.2239696312364425
latest_available,586,Pakistan,Y002,2,0.6827548806941431
latest_available,586,Pakistan,Y002,3,0.09327548806941431
latest_available,604,Peru,A008,1,0.35542290279589794
latest_available,604,Peru,A008,2,0.45618634497204164
latest_available,604,Peru,A008,3,0.1828454843994765
latest_available,604,Peru,A008,4,0.005545267832583828
latest_available,604,Peru,A165,1,0.041732224332898096
latest_available,604,Peru,A165,2,0.958267775667102
latest_available,604,Peru,E018,1,0.7012053371544851
latest_available,604,Peru,E018,2,0.2435016062173903
latest_available,604,Peru,E018,3,0.055293056628124504
latest_available,604,Peru,E025,1,0.11669278612151246
latest_available,604,Peru,E025,2,0.4485013858145318
latest_available,604,Peru,E025,3,0.43480582806395573
latest_available,604,Peru,F063,1,0.013858142244407979
latest_available,604,Peru,F063,10,0.6682428010616296
latest_available,604,Peru,F063,2,0.002377492464014267
latest_available,604,Peru,F063,3,0.004477349253200066
latest_available,604,Peru,F063,4,0.006410974775853956
latest_available,604,Peru,F063,5,0.02335799659450645
latest_available,604,Peru,F063,6,0.027533838208664008
latest_available,604,Peru,F063,7,0.051626227836278175
latest_available,604,Peru,F063,8,0.0974506021240786
latest_available,604,Peru,F063,9,0.10466457543736697
latest_available,604,Peru,F118,1,0.5150621988133314
latest_available,604,Peru,F118,10,0.028115648222572055
latest_available,604,Peru,F118,2,0.08945886712603285
latest_available,604,Peru,F118,3,0.07432259621861335
latest_available,604,Peru,F118,4,0.055072551530857806
latest_available,604,Peru,F118,5,0.1290331187741879
latest_available,604,Peru,F118,6,0.042094849030745465
latest_available,604,Peru,F118,7,0.019691894062985514
latest_available,604,Peru,F118,8,0.03839197715129174
latest_available,604,Peru,F118,9,0.008756299069382075
latest_available,604,Peru,F120,1,0.6472874828056597
latest_available,604,Peru,F120,10,0.018629349937021148
latest_available,604,Peru,F120,2,0.09067829057137425
latest_available,604,Peru,F120,3,0.05335218057826945
latest_available,604,Peru,F120,4,0.03886267017124952
latest_available,604,Peru,F120,5,0.07718402592200373
latest_available,604,Peru,F120,6,0.028873453694240894
latest_available,604,Peru,F120,7,0.018589822492392404
latest_available,604,Peru,F120,8,0.019110292774238723
latest_available,604,Peru,F120,9,0.007432431053550016
latest_available,604,Peru,G006,1,0.7227975076569594
latest_available,604,Peru,G006,2,0.21437186892925578
latest_available,604,Peru,G006,3,0.05162046291300481
latest_available,604,Peru,G006,4,0.011210160500780001
latest_available,604,Peru,Y002,1,0.30126547262975556
latest_available,604,Peru,Y002,2,0.6086449473133617
latest_available,604,Peru,Y002,3,0.09008958005688264
latest_available,608,Philippines,A008,1,0.5307690333341875
latest_available,608,Philippines,A008,2,0.38501901685297724
latest_available,608,Philippines,A008,3,0.07671098614441975
latest_available,608,Philippines,A008,4,0.007500963668415487
latest_available,608,Philippines,A165,1,0.053398864989702116
latest_available,608,Philippines,A165,2,0.9466011350102977
latest_available,608,Philippines,E018,1,0.8398473100000001
latest_available,608,Philippines,E018,2,0.10612666833333334
latest_available,608,Philippines,E018,3,0.05402602166666668
latest_available,608,Philippines,E025,1,0.11379468333333335
latest_available,608,Philippines,E025,2,0.31463332916666675
latest_available,608,Philippines,E025,3,0.5715719875
latest_available,608,Philippines,F063,1,0.005808200038973944
latest_available,608,Philippines,F063,10,0.8287376248252425
latest_available,608,Philippines,F063,2,0.0041997391333217626
latest_available,608,Philippines,F063,3,0.004949956914483563
latest_available,608,Philippines,F063,4,0.00922312856555585
latest_available,608,Philippines,F063,5,0.021730203219487598
latest_available,608,Philippines,F063,6,0.02150206818358909
latest_available,608,Philippines,F063,7,0.02267139157606368
latest_available,608,Philippines,F063,8,0.03800135003327803
latest_available,608,Philippines,F063,9,0.043176337510003916
latest_available,608,Philippines,F118,1,0.2573076725
latest_available,608,Philippines,F118,10,0.09822866833333334
latest_available,608,Philippines,F118,2,0.09207012500000002
latest_available,608,Philippines,F118,3,0.05176081916666668
latest_available,608,Philippines,F118,4,0.07927956749999998
latest_available,608,Philippines,F118,5,0.202990995
latest_available,608,Philippines,F118,6,0.0676367825
latest_available,608,Philippines,F118,7,0.05989572916666665
latest_available,608,Philippines,F118,8,0.05623711
latest_available,608,Philippines,F118,9,0.03459253083333334
latest_available,608,Philippines,F120,1,0.5349457883333334
latest_available,608,Philippines,F120,10,0.06943628083333332
latest_available,608,Philippines,F120,2,0.08572989833333332
latest_available,608,Philippines,F120,3,0.06196328416666667
latest_available,608,Philippines,F120,4,0.05291853333333334
latest_available,608,Philippines,F120,5,0.09459899166666667
latest_available,608,Philippines,F120,6,0.0260610175
latest_available,608,Philippines,F120,7,0.018344810833333332
latest_available,608,Philippines,F120,8,0.0386886875
latest_available,608,Philippines,F120,9,0.017312707499999993
latest_available,608,Philippines,G006,1,0.8919989754653229
latest_available,608,Philippines,G006,2,0.0954397604300277
latest_available,608,Philippines,G006,3,0.007192990413684706
latest_available,608,Philippines,G006,4,0.005368273690964556
latest_available,608,Philippines,Y002,1,0.3085253266666667
latest_available,608,Philippines,Y002,2,0.6000669225
latest_available,608,Philippines,Y002,3,0.09140775083333333
latest_available,616,Poland,A008,1,0.3166962752013101
latest_available,616,Poland,A008,2,0.5970951928025333
latest_available,616,Poland,A008,3,0.07929195457845162
latest_available,616,Poland,A008,4,0.006916577417705094
latest_available,616,Poland,A165,1,0.24827463758117158
latest_available,616,Poland,A165,2,0.7517253624188284
latest_available,616,Poland,E018,1,0.397158342546812
latest_available,616,Poland,E018,2,0.4388015402959721
latest_available,616,Poland,E018,3,0.16404011715721584
latest_available,616,Poland,E025,1,0.35296459489731663
latest_available,616,Poland,E025,2,0.3432639619237579
latest_available,616,Poland,E025,3,0.30377144317892557
latest_available,616,Poland,F063,1,0.05949179282989513
latest_available,616,Poland,F063,10,0.39573115338484754
latest_available,616,Poland,F063,2,0.0194344919432024
latest_available,616,Poland,F063,3,0.02639628141422752
latest_available,616,Poland,F063,4,0.017297800661635585
latest_available,616,Poland,F063,5,0.09220165602128964
latest_available,616,Poland,F063,6,0.060285277018696404
latest_available,616,Poland,F063,7,0.08804328525349614
latest_available,616,Poland,F063,8,0.14996037163966994
latest_available,616,Poland,F063,9,0.09115788983303955
latest_available,616,Poland,F118,1,0.46625839927075957
latest_available,616,Poland,F118,10,0.14697080743702473
latest_available,616,Poland,F118,2,0.039599258104286154
latest_available,616,Poland,F118,3,0.04680627399180638
latest_available,616,Poland,F118,4,0.038678063563109794
latest_available,616,Poland,F118,5,0.11796251234257568
latest_available,616,Poland,F118,6,0.03553385821725739
latest_available,616,Poland,F118,7,0.026025336179348588
latest_available,616,Poland,F118,8,0.05017360195406211
latest_available,616,Poland,F118,9,0.03199188893976951
latest_available,616,Poland,F120,1,0.4013961827735635
latest_available,616,Poland,F120,10,0.057355204665665155
latest_available,616,Poland,F120,2,0.060322314728750596
latest_available,616,Poland,F120,3,0.07379873321519918
latest_available,616,Poland,F120,4,0.036827050277657584
latest_available,616,Poland,F120,5,0.16369057482477495
latest_available,616,Poland,F120,6,0.06642749001906305
latest_available,616,Poland,F120,7,0.04418582861570529
latest_available,616,Poland,F120,8,0.06759245427768142
latest_available,616,Poland,F120,9,0.028404166601939215
latest_available,616,Poland,G006,1,0.6441043636125664
latest_available,616,Poland,G006,2,0.32872501486789313
latest_available,616,Poland,G006,3,0.024301094700027715
latest_available,616,Poland,G006,4,0.0028695268195128437
latest_available,616,Poland,Y002,1,0.16026002841417444
latest_available,616,Poland,Y002,2,0.5760449308748382
latest_available,616,Poland,Y002,3,0.2636950407109873
latest_available,620,Portugal,A008,1,0.18691310534762628
latest_available,620,Portugal,A008,2,0.6944017153553095
latest_available,620,Portugal,A008,3,0.1023000794239513
latest_available,620,Portugal,A008,4,0.016385099873113027
latest_available,620,Portugal,A165,1,0.17011044695662247
latest_available,620,Portugal,A165,2,0.8298895530433774
latest_available,620,Portugal,E018,1,0.8748522701482625
latest_available,620,Portugal,E018,2,0.08576823948309412
latest_available,620,Portugal,E018,3,0.03937949036864364
latest_available,620,Portugal,E025,1,0.2001810554131504
latest_available,620,Portugal,E025,2,0.3548178567843498
latest_available,620,Portugal,E025,3,0.4450010878024997
latest_available,620,Portugal,F063,1,0.0799679509641517
latest_available,620,Portugal,F063,10,0.26729318902692834
latest_available,620,Portugal,F063,2,0.037168622936780846
latest_available,620,Portugal,F063,3,0.031274855099515525
latest_available,620,Portugal,F063,4,0.04578782876887713
latest_available,620,Portugal,F063,5,0.10036748651789759
latest_available,620,Portugal,F063,6,0.056796456066188966
latest_available,620,Portugal,F063,7,0.13505113562319554
latest_available,620,Portugal,F063,8,0.16044338523291055
latest_available,620,Portugal,F063,9,0.08584908976355375
latest_available,620,Portugal,F118,1,0.247868364321741
latest_available,620,Portugal,F118,10,0.1436154125867191
latest_available,620,Portugal,F118,2,0.049563839190438774
latest_available,620,Portugal,F118,3,0.061721907753449594
latest_available,620,Portugal,F118,4,0.0637404790935964
latest_available,620,Portugal,F118,5,0.2550582504156478
latest_available,620,Portugal,F118,6,0.050638167065827244
latest_available,620,Portugal,F118,7,0.06364997507197337
latest_available,620,Portugal,F118,8,0.03857253015320801
latest_available,620,Portugal,F118,9,0.025571074347398817
latest_available,620,Portugal,F120,1,0.26100876259051414
latest_available,620,Portugal,F120,10,0.0735991114737533
latest_available,620,Portugal,F120,2,0.05935740358681935
latest_available,620,Portugal,F120,3,0.06181544572955056
latest_available,620,Portugal,F120,4,0.049876025507091394
latest_available,620,Portugal,F120,5,0.25270806535520285
latest_available,620,Portugal,F120,6,0.06825408475869635
latest_available,620,Portugal,F120,7,0.07987946916501884
latest_available,620,Portugal,F120,8,0.06613749346392289
latest_available,620,Portugal,F120,9,0.02736413836943025
latest_available,620,Portugal,G006,1,0.7019369170425687
latest_available,620,Portugal,G006,2,0.27167816177873505
latest_available,620,Portugal,G006,3,0.020707423873722323
latest_available,620,Portugal,G006,4,0.005677497304973864
latest_available,620,Portugal,Y002,1,0.3716284336445397
latest_available,620,Portugal,Y002,2,0.49600098834937495
latest_available,620,Portugal,Y002,3,0.1323705780060855
latest_available,630,Puerto Rico,A008,1,0.5053475935828877
latest_available,630,Puerto Rico,A008,2,0.4037433155080214
latest_available,630,Puerto Rico,A008,3,0.0748663101604278
latest_available,630,Puerto Rico,A008,4,0.016042780748663103
latest_available,630,Puerto Rico,A165,1,0.17831541218637992
latest_available,630,Puerto Rico,A165,2,0.8216845878136201
latest_available,630,Puerto Rico,E018,1,0.8871978513876455
latest_available,630,Puerto Rico,E018,2,0.05998209489704566
latest_available,630,Puerto Rico,E018,3,0.052820053715308866
latest_available,630,Puerto Rico,E025,1,0.22502250225022502
latest_available,630,Puerto Rico,E025,2,0.39243924392439244
latest_available,630,Puerto Rico,E025,3,0.38253825382538253
latest_available,630,Puerto Rico,F063,1,0.027051397655545536
latest_available,630,Puerto Rico,F063,10,0.8376916140667268
latest_available,630,Puerto Rico,F063,2,0.0018034265103697023
latest_available,630,Puerto Rico,F063,3,0.005410279531109108
latest_available,630,Puerto Rico,F063,4,0.004508566275924256
latest_available,630,Puerto Rico,F063,5,0.023444544634806132
latest_available,630,Puerto Rico,F063,6,0.018034265103697024
latest_available,630,Puerto Rico,F063,7,0.027051397655545536
latest_available,630,Puerto Rico,F063,8,0.027051397655545536
latest_available,630,Puerto Rico,F063,9,0.027953110910730387
latest_available,630,Puerto Rico,F118,1,0.3002729754322111
latest_available,630,Puerto Rico,F118,10,0.31392174704276615
latest_available,630,Puerto Rico,F118,2,0.014558689717925387
latest_available,630,Puerto Rico,F118,3,0.029117379435850774
latest_available,630,Puerto Rico,F118,4,0.022747952684258416
latest_available,630,Puerto Rico,F118,5,0.17015468607825296
latest_available,630,Puerto Rico,F118,6,0.052775250227479524
latest_available,630,Puerto Rico,F118,7,0.030937215650591446
latest_available,630,Puerto Rico,F118,8,0.04185623293903549
latest_available,630,Puerto Rico,F118,9,0.023657870791628753
latest_available,630,Puerto Rico,F120,1,0.6606982990152194
latest_available,630,Puerto Rico,F120,10,0.08325872873769025
latest_available,630,Puerto Rico,F120,2,0.025067144136078783
latest_available,630,Puerto Rico,F120,3,0.03043867502238138
latest_available,630,Puerto Rico,F120,4,0.012533572068039392
latest_available,630,Puerto Rico,F120,5,0.10564010743061773
latest_available,630,Puerto Rico,F120,6,0.03491495076096687
latest_available,630,Puerto Rico,F120,7,0.01611459265890779
latest_available,630,Puerto Rico,F120,8,0.011638316920322292
latest_available,630,Puerto Rico,F120,9,0.019695613249776187
latest_available,630,Puerto Rico,G006,1,0.8908256880733945
latest_available,630,Puerto Rico,G006,2,0.07706422018348624
latest_available,630,Puerto Rico,G006,3,0.022018348623853212
latest_available,630,Puerto Rico,G006,4,0.010091743119266056
latest_available,630,Puerto Rico,Y002,1,0.1574074074074074
latest_available,630,Puerto Rico,Y002,2,0.6625514403292181
latest_available,630,Puerto Rico,Y002,3,0.1800411522633745
latest_available,642,Romania,A008,1,0.20432436234268797
latest_available,642,Romania,A008,2,0.5823793158753562
latest_available,642,Romania,A008,3,0.18230655520532218
latest_available,642,Romania,A008,4,0.030989766576633625
latest_available,642,Romania,A165,1,0.12333877804635066
latest_available,642,Romania,A165,2,0.8766612219536495
latest_available,642,Romania,E018,1,0.6888471868579584
latest_available,642,Romania,E018,2,0.18940878217427437
latest_available,642,Romania,E018,3,0.12174403096776706
latest_available,642,Romania,E025,1,0.13622855915210927
latest_available,642,Romania,E025,2,0.33350017946106697
latest_available,642,Romania,E025,3,0.5302712613868238
latest_available,642,Romania,F063,1,0.020545118000263898
latest_available,642,Romania,F063,10,0.596534810004279
latest_available,642,Romania,F063,2,0.003954192420064411
latest_available,642,Romania,F063,3,0.012020997565565345
latest_available,642,Romania,F063,4,0.01658152456511725
latest_available,642,Romania,F063,5,0.05115584570443971
latest_available,642,Romania,F063,6,0.04665821113850944
latest_available,642,Romania,F063,7,0.05908155486952918
latest_available,642,Romania,F063,8,0.10823647391648286
latest_available,642,Romania,F063,9,0.085231271815749
latest_available,642,Romania,F118,1,0.6971570513970051
latest_available,642,Romania,F118,10,0.027963881164337307
latest_available,642,Romania,F118,2,0.054445265079224515
latest_available,642,Romania,F118,3,0.04106106091264387
latest_available,642,Romania,F118,4,0.0299706421483353
latest_available,642,Romania,F118,5,0.056387487538579625
latest_available,642,Romania,F118,6,0.04970205944325254
latest_available,642,Romania,F118,7,0.018402731696123796
latest_available,642,Romania,F118,8,0.014431861392621837
latest_available,642,Romania,F118,9,0.010477959227875982
latest_available,642,Romania,F120,1,0.5012537076313504
latest_available,642,Romania,F120,10,0.03382849328001433
latest_available,642,Romania,F120,2,0.05564297034176343
latest_available,642,Romania,F120,3,0.0626295305244501
latest_available,642,Romania,F120,4,0.0574139708329654
latest_available,642,Romania,F120,5,0.10303303722934712
latest_available,642,Romania,F120,6,0.08018633325275731
latest_available,642,Romania,F120,7,0.034941977889203335
latest_available,642,Romania,F120,8,0.03405926080293855
latest_available,642,Romania,F120,9,0.03701071821520997
latest_available,642,Romania,G006,1,0.5027034729506806
latest_available,642,Romania,G006,2,0.3957264819104053
latest_available,642,Romania,G006,3,0.08514560352068702
latest_available,642,Romania,G006,4,0.016424441618226968
latest_available,642,Romania,Y002,1,0.3061223946240706
latest_available,642,Romania,Y002,2,0.5923370188462302
latest_available,642,Romania,Y002,3,0.10154058652969905
latest_available,643,Russia,A008,1,0.15169903374620744
latest_available,643,Russia,A008,2,0.6671196305172132
latest_available,643,Russia,A008,3,0.16460232254795726
latest_available,643,Russia,A008,4,0.016579013188622052
latest_available,643,Russia,A165,1,0.23580577156519172
latest_available,643,Russia,A165,2,0.7641942284348082
latest_available,643,Russia,E018,1,0.5497521835175142
latest_available,643,Russia,E018,2,0.3290734513247704
latest_available,643,Russia,E018,3,0.12117436515771533
latest_available,643,Russia,E025,1,0.11847148458781318
latest_available,643,Russia,E025,2,0.28401906449452985
latest_available,643,Russia,E025,3,0.597509450917657
latest_available,643,Russia,F063,1,0.10395321587112857
latest_available,643,Russia,F063,10,0.1921606091586087
latest_available,643,Russia,F063,2,0.03798592817531046
latest_available,643,Russia,F063,3,0.049898431648529286
latest_available,643,Russia,F063,4,0.04795170595053593
latest_available,643,Russia,F063,5,0.16723274344764238
latest_available,643,Russia,F063,6,0.11520253713767922
latest_available,643,Russia,F063,7,0.11247408509015928
latest_available,643,Russia,F063,8,0.11055108690636282
latest_available,643,Russia,F063,9,0.06258965661404331
latest_available,643,Russia,F118,1,0.6292073622589937
latest_available,643,Russia,F118,10,0.03405231185822374
latest_available,643,Russia,F118,2,0.08033649995359587
latest_available,643,Russia,F118,3,0.04796923972636392
latest_available,643,Russia,F118,4,0.043000961433066004
latest_available,643,Russia,F118,5,0.07035016625313398
latest_available,643,Russia,F118,6,0.04014294102726827
latest_available,643,Russia,F118,7,0.026911373168948496
latest_available,643,Russia,F118,8,0.01744118877333397
latest_available,643,Russia,F118,9,0.010587955547072148
latest_available,643,Russia,F120,1,0.2764159911949025
latest_available,643,Russia,F120,10,0.0916224464884275
latest_available,643,Russia,F120,2,0.06145054799226516
latest_available,643,Russia,F120,3,0.07084395799936324
latest_available,643,Russia,F120,4,0.07290198113712999
latest_available,643,Russia,F120,5,0.14934856332141253
latest_available,643,Russia,F120,6,0.09229717886026384
latest_available,643,Russia,F120,7,0.07533834248529905
latest_available,643,Russia,F120,8,0.07143614982235828
latest_available,643,Russia,F120,9,0.03834484069857803
latest_available,643,Russia,G006,1,0.4878781064794409
latest_available,643,Russia,G006,2,0.42721907363675066
latest_available,643,Russia,G006,3,0.061388140818113064
latest_available,643,Russia,G006,4,0.0235146790656952
latest_available,643,Russia,Y002,1,0.539086898509181
latest_available,643,Russia,Y002,2,0.42607076864583754
latest_available,643,Russia,Y002,3,0.034842332844981526
latest_available,646,Rwanda,A008,1,0.4060248853962017
latest_available,646,Rwanda,A008,2,0.49836280288146695
latest_available,646,Rwanda,A008,3,0.08513425016371971
latest_available,646,Rwanda,A008,4,0.010478061558611657
latest_available,646,Rwanda,A165,1,0.16633922724296005
latest_available,646,Rwanda,A165,2,0.83366077275704
latest_available,646,Rwanda,E018,1,0.6941715782580222
latest_available,646,Rwanda,E018,2,0.23968565815324164
latest_available,646,Rwanda,E018,3,0.06614276358873608
latest_available,646,Rwanda,E025,1,0.08578912901113293
latest_available,646,Rwanda,E025,2,0.47085789129011135
latest_available,646,Rwanda,E025,3,0.44335297969875576
latest_available,646,Rwanda,F063,1,0.028814669286182055
latest_available,646,Rwanda,F063,10,0.3706614276358874
latest_available,646,Rwanda,F063,2,0.04453176162409954
latest_available,646,Rwanda,F063,3,0.0026195153896529143
latest_available,646,Rwanda,F063,4,0.0275049115913556
latest_available,646,Rwanda,F063,5,0.05762933857236411
latest_available,646,Rwanda,F063,6,0.14865749836280287
latest_available,646,Rwanda,F063,7,0.10740013097576949
latest_available,646,Rwanda,F063,8,0.08185985592665357
latest_available,646,Rwanda,F063,9,0.13032089063523247
latest_available,646,Rwanda,F118,1,0.6313032089063523
latest_available,646,Rwanda,F118,10,0.0006548788474132286
latest_available,646,Rwanda,F118,2,0.28094302554027506
latest_available,646,Rwanda,F118,3,0.07203667321545514
latest_available,646,Rwanda,F118,4,0.003929273084479371
latest_available,646,Rwanda,F118,5,0.003929273084479371
latest_available,646,Rwanda,F118,6,0.0045841519318926
latest_available,646,Rwanda,F118,7,0.0006548788474132286
latest_available,646,Rwanda,F118,8,0.0019646365422396855
latest_available,646,Rwanda,F118,9,0.0
latest_available,646,Rwanda,F120,1,0.21414538310412573
latest_available,646,Rwanda,F120,10,0.0019646365422396855
latest_available,646,Rwanda,F120,2,0.5036018336607727
latest_available,646,Rwanda,F120,3,0.23051735428945644
latest_available,646,Rwanda,F120,4,0.012442698100851343
latest_available,646,Rwanda,F120,5,0.009823182711198428
latest_available,646,Rwanda,F120,6,0.009823182711198428
latest_available,646,Rwanda,F120,7,0.010478061558611657
latest_available,646,Rwanda,F120,8,0.003929273084479371
latest_available,646,Rwanda,F120,9,0.0032743942370661427
latest_available,646,Rwanda,G006,1,0.8068107400130976
latest_available,646,Rwanda,G006,2,0.1859855926653569
latest_available,646,Rwanda,G006,3,0.007203667321545514
latest_available,646,Rwanda,G006,4,0.0
latest_available,646,Rwanda,Y002,1,0.5417488494411571
latest_available,646,Rwanda,Y002,2,0.42998027613412226
latest_available,646,Rwanda,Y002,3,0.02827087442472058
latest_available,688,Serbia,A008,1,0.15279020126572704
latest_available,688,Serbia,A008,2,0.6502850137276367
latest_available,688,Serbia,A008,3,0.18373217692862623
latest_available,688,Serbia,A008,4,0.01319260807801001
latest_available,688,Serbia,A165,1,0.17154076086551057
latest_available,688,Serbia,A165,2,0.8284592391344895
latest_available,688,Serbia,E018,1,0.4929195462571017
latest_available,688,Serbia,E018,2,0.2912282202508966
latest_available,688,Serbia,E018,3,0.2158522334920017
latest_available,688,Serbia,E025,1,0.29679928014331386
latest_available,688,Serbia,E025,2,0.45795644265197544
latest_available,688,Serbia,E025,3,0.24524427720471073
latest_available,688,Serbia,F063,1,0.07335420484135705
latest_available,688,Serbia,F063,10,0.24971626061647487
latest_available,688,Serbia,F063,2,0.048855390981059524
latest_available,688,Serbia,F063,3,0.04772539260736623
latest_available,688,Serbia,F063,4,0.03732830161755615
latest_available,688,Serbia,F063,5,0.0880561815531886
latest_available,688,Serbia,F063,6,0.07588569257671172
latest_available,688,Serbia,F063,7,0.12552978316333346
latest_available,688,Serbia,F063,8,0.13704090088851495
latest_available,688,Serbia,F063,9,0.11650789115443735
latest_available,688,Serbia,F118,1,0.7421451187483977
latest_available,688,Serbia,F118,10,0.036493012172683095
latest_available,688,Serbia,F118,2,0.04014566322647559
latest_available,688,Serbia,F118,3,0.03909200823891706
latest_available,688,Serbia,F118,4,0.030612847742291772
latest_available,688,Serbia,F118,5,0.056622922689074984
latest_available,688,Serbia,F118,6,0.018502099675695882
latest_available,688,Serbia,F118,7,0.012701456551427537
latest_available,688,Serbia,F118,8,0.01404770827569132
latest_available,688,Serbia,F118,9,0.009637162679344979
latest_available,688,Serbia,F120,1,0.4204282220580216
latest_available,688,Serbia,F120,10,0.0744873919181899
latest_available,688,Serbia,F120,2,0.04620188521967655
latest_available,688,Serbia,F120,3,0.06961316186189502
latest_available,688,Serbia,F120,4,0.06451829835632078
latest_available,688,Serbia,F120,5,0.13666883681380676
latest_available,688,Serbia,F120,6,0.07301485673204534
latest_available,688,Serbia,F120,7,0.05348202863332655
latest_available,688,Serbia,F120,8,0.04496483485363849
latest_available,688,Serbia,F120,9,0.016620483553079105
latest_available,688,Serbia,G006,1,0.3529312911097321
latest_available,688,Serbia,G006,2,0.5178492754602312
latest_available,688,Serbia,G006,3,0.10285727932326107
latest_available,688,Serbia,G006,4,0.02636215410677567
latest_available,688,Serbia,Y002,1,0.38638614666297116
latest_available,688,Serbia,Y002,2,0.5404550017097852
latest_available,688,Serbia,Y002,3,0.07315885162724384
latest_available,702,Singapore,A008,1,0.25870364260355655
latest_available,702,Singapore,A008,2,0.6323078982722107
latest_available,702,Singapore,A008,3,0.09880353294868781
latest_available,702,Singapore,A008,4,0.010184926175544999
latest_available,702,Singapore,A165,1,0.3462187018058419
latest_available,702,Singapore,A165,2,0.6537812981941582
latest_available,702,Singapore,E018,1,0.38855619846820066
latest_available,702,Singapore,E018,2,0.4629772333390669
latest_available,702,Singapore,E018,3,0.14846656819273235
latest_available,702,Singapore,E025,1,0.1519979758358772
latest_available,702,Singapore,E025,2,0.2874742847833489
latest_available,702,Singapore,E025,3,0.5605277393807738
latest_available,702,Singapore,F063,1,0.08900006617298371
latest_available,702,Singapore,F063,10,0.2895134801206619
latest_available,702,Singapore,F063,2,0.036961139988649465
latest_available,702,Singapore,F063,3,0.056044292284786315
latest_available,702,Singapore,F063,4,0.03115285727527678
latest_available,702,Singapore,F063,5,0.15538021353592654
latest_available,702,Singapore,F063,6,0.06978320624315626
latest_available,702,Singapore,F063,7,0.08565044257549555
latest_available,702,Singapore,F063,8,0.1280448543886222
latest_available,702,Singapore,F063,9,0.05846944741444126
latest_available,702,Singapore,F118,1,0.46209236340908516
latest_available,702,Singapore,F118,10,0.085679302664228
latest_available,702,Singapore,F118,2,0.06043866936326565
latest_available,702,Singapore,F118,3,0.07050613528660382
latest_available,702,Singapore,F118,4,0.03413817345349904
latest_available,702,Singapore,F118,5,0.1745788742108001
latest_available,702,Singapore,F118,6,0.02429076399256748
latest_available,702,Singapore,F118,7,0.04216666661565264
latest_available,702,Singapore,F118,8,0.032420028222945575
latest_available,702,Singapore,F118,9,0.01368902278135262
latest_available,702,Singapore,F120,1,0.4261174921174762
latest_available,702,Singapore,F120,10,0.04775881395004292
latest_available,702,Singapore,F120,2,0.08592957877166117
latest_available,702,Singapore,F120,3,0.09070196972292736
latest_available,702,Singapore,F120,4,0.03447421524431604
latest_available,702,Singapore,F120,5,0.19312161519641288
latest_available,702,Singapore,F120,6,0.0359473725194762
latest_available,702,Singapore,F120,7,0.039463575214604675
latest_available,702,Singapore,F120,8,0.037105360847140785
latest_available,702,Singapore,F120,9,0.009380006415941802
latest_available,702,Singapore,G006,1,0.5177556487327635
latest_available,702,Singapore,G006,2,0.4058364201900809
latest_available,702,Singapore,G006,3,0.06351948889988773
latest_available,702,Singapore,G006,4,0.012888442177267931
latest_available,702,Singapore,Y002,1,0.3163145201759593
latest_available,702,Singapore,Y002,2,0.5983737048113316
latest_available,702,Singapore,Y002,3,0.08531177501270934
latest_available,703,Slovakia,A008,1,0.08508321575688882
latest_available,703,Slovakia,A008,2,0.5871728279036711
latest_available,703,Slovakia,A008,3,0.27532895766249876
latest_available,703,Slovakia,A008,4,0.052414998676941174
latest_available,703,Slovakia,A165,1,0.22005276273574895
latest_available,703,Slovakia,A165,2,0.7799472372642511
latest_available,703,Slovakia,E018,1,0.5595435827385534
latest_available,703,Slovakia,E018,2,0.3220690156344209
latest_available,703,Slovakia,E018,3,0.11838740162702556
latest_available,703,Slovakia,E025,1,0.4622895913046838
latest_available,703,Slovakia,E025,2,0.33514455398888976
latest_available,703,Slovakia,E025,3,0.20256585470642627
latest_available,703,Slovakia,F063,1,0.12327439898963825
latest_available,703,Slovakia,F063,10,0.19275847359126905
latest_available,703,Slovakia,F063,2,0.06853552991325547
latest_available,703,Slovakia,F063,3,0.0746345245004843
latest_available,703,Slovakia,F063,4,0.047133456509257994
latest_available,703,Slovakia,F063,5,0.09639349532501974
latest_available,703,Slovakia,F063,6,0.07400407552782613
latest_available,703,Slovakia,F063,7,0.12621910129146716
latest_available,703,Slovakia,F063,8,0.11719308845912517
latest_available,703,Slovakia,F063,9,0.07985385589265663
latest_available,703,Slovakia,F118,1,0.24409477402284555
latest_available,703,Slovakia,F118,10,0.10960473519490922
latest_available,703,Slovakia,F118,2,0.06579340743445927
latest_available,703,Slovakia,F118,3,0.058824674588415594
latest_available,703,Slovakia,F118,4,0.06864510953113988
latest_available,703,Slovakia,F118,5,0.1465276523381808
latest_available,703,Slovakia,F118,6,0.08254082012172875
latest_available,703,Slovakia,F118,7,0.0799774519759363
latest_available,703,Slovakia,F118,8,0.09558641863748052
latest_available,703,Slovakia,F118,9,0.04840495615490413
latest_available,703,Slovakia,F120,1,0.236576282534702
latest_available,703,Slovakia,F120,10,0.07534004726665418
latest_available,703,Slovakia,F120,2,0.04368355957922267
latest_available,703,Slovakia,F120,3,0.05263975527677868
latest_available,703,Slovakia,F120,4,0.08138407167582346
latest_available,703,Slovakia,F120,5,0.1556057851836814
latest_available,703,Slovakia,F120,6,0.09725175290734567
latest_available,703,Slovakia,F120,7,0.11698846593297202
latest_available,703,Slovakia,F120,8,0.09260365777383382
latest_available,703,Slovakia,F120,9,0.0479266218689862
latest_available,703,Slovakia,G006,1,0.36561093551345364
latest_available,703,Slovakia,G006,2,0.4679784520969483
latest_available,703,Slovakia,G006,3,0.13721476652412642
latest_available,703,Slovakia,G006,4,0.029195845865471658
latest_available,703,Slovakia,Y002,1,0.3525916680125942
latest_available,703,Slovakia,Y002,2,0.5750064061041701
latest_available,703,Slovakia,Y002,3,0.07240192588323578
latest_available,704,Vietnam,A008,1,0.4791666666666667
latest_available,704,Vietnam,A008,2,0.49416666666666664
latest_available,704,Vietnam,A008,3,0.021666666666666667
latest_available,704,Vietnam,A008,4,0.005
latest_available,704,Vietnam,A165,1,0.27666666666666667
latest_available,704,Vietnam,A165,2,0.7233333333333334
latest_available,704,Vietnam,E018,1,0.8358333333333333
latest_available,704,Vietnam,E018,2,0.15583333333333332
latest_available,704,Vietnam,E018,3,0.008333333333333333
latest_available,704,Vietnam,E025,1,0.03916666666666667
latest_available,704,Vietnam,E025,2,0.205
latest_available,704,Vietnam,E025,3,0.7558333333333334
latest_available,704,Vietnam,F063,1,0.0975
latest_available,704,Vietnam,F063,10,0.1525
latest_available,704,Vietnam,F063,2,0.03
latest_available,704,Vietnam,F063,3,0.041666666666666664
latest_available,704,Vietnam,F063,4,0.050833333333333335
latest_available,704,Vietnam,F063,5,0.22666666666666666
latest_available,704,Vietnam,F063,6,0.1225
latest_available,704,Vietnam,F063,7,0.11916666666666667
latest_available,704,Vietnam,F063,8,0.11833333333333333
latest_available,704,Vietnam,F063,9,0.04083333333333333
latest_available,704,Vietnam,F118,1,0.0925
latest_available,704,Vietnam,F118,10,0.13
latest_available,704,Vietnam,F118,2,0.04416666666666667
latest_available,704,Vietnam,F118,3,0.09083333333333334
latest_available,704,Vietnam,F118,4,0.09416666666666666
latest_available,704,Vietnam,F118,5,0.11166666666666666
latest_available,704,Vietnam,F118,6,0.25166666666666665
latest_available,704,Vietnam,F118,7,0.07416666666666667
latest_available,704,Vietnam,F118,8,0.0725
latest_available,704,Vietnam,F118,9,0.03833333333333333
latest_available,704,Vietnam,F120,1,0.22166666666666668
latest_available,704,Vietnam,F120,10,0.034166666666666665
latest_available,704,Vietnam,F120,2,0.08416666666666667
latest_available,704,Vietnam,F120,3,0.1375
latest_available,704,Vietnam,F120,4,0.11166666666666666
latest_available,704,Vietnam,F120,5,0.10333333333333333
latest_available,704,Vietnam,F120,6,0.19083333333333333
latest_available,704,Vietnam,F120,7,0.03916666666666667
latest_available,704,Vietnam,F120,8,0.056666666666666664
latest_available,704,Vietnam,F120,9,0.020833333333333332
latest_available,704,Vietnam,G006,1,0.5941666666666666
latest_available,704,Vietnam,G006,2,0.355
latest_available,704,Vietnam,G006,3,0.0475
latest_available,704,Vietnam,G006,4,0.0033333333333333335
latest_available,704,Vietnam,Y002,1,0.23
latest_available,704,Vietnam,Y002,2,0.6391666666666667
latest_available,704,Vietnam,Y002,3,0.13083333333333333
latest_available,705,Slovenia,A008,1,0.2099204431322309
latest_available,705,Slovenia,A008,2,0.6267842026689626
latest_available,705,Slovenia,A008,3,0.15743772093084954
latest_available,705,Slovenia,A008,4,0.005857633267956919
latest_available,705,Slovenia,A165,1,0.256520626600382
latest_available,705,Slovenia,A165,2,0.7434793733996179
latest_available,705,Slovenia,E018,1,0.5442166349638762
latest_available,705,Slovenia,E018,2,0.3131755486808193
latest_available,705,Slovenia,E018,3,0.14260781635530442
latest_available,705,Slovenia,E025,1,0.3535137801372669
latest_available,705,Slovenia,E025,2,0.3368145732769692
latest_available,705,Slovenia,E025,3,0.3096716465857642
latest_available,705,Slovenia,F063,1,0.25695926429533794
latest_available,705,Slovenia,F063,10,0.13407889373699305
latest_available,705,Slovenia,F063,2,0.044540185918807096
latest_available,705,Slovenia,F063,3,0.06543302404656239
latest_available,705,Slovenia,F063,4,0.055590891024315435
latest_available,705,Slovenia,F063,5,0.15124586246273738
latest_available,705,Slovenia,F063,6,0.08016232049791018
latest_available,705,Slovenia,F063,7,0.07934935451179875
latest_available,705,Slovenia,F063,8,0.09245678776846843
latest_available,705,Slovenia,F063,9,0.04018341573706928
latest_available,705,Slovenia,F118,1,0.2640637400224562
latest_available,705,Slovenia,F118,10,0.24941328529428355
latest_available,705,Slovenia,F118,2,0.04276954897839329
latest_available,705,Slovenia,F118,3,0.03644912261062288
latest_available,705,Slovenia,F118,4,0.02950896669541638
latest_available,705,Slovenia,F118,5,0.1566720411327757
latest_available,705,Slovenia,F118,6,0.05012218065206334
latest_available,705,Slovenia,F118,7,0.058424091268252036
latest_available,705,Slovenia,F118,8,0.06525302391874055
latest_available,705,Slovenia,F118,9,0.04732399942699599
latest_available,705,Slovenia,F120,1,0.12196515226019965
latest_available,705,Slovenia,F120,10,0.256317321414207
latest_available,705,Slovenia,F120,2,0.02430480197107532
latest_available,705,Slovenia,F120,3,0.04744953509270851
latest_available,705,Slovenia,F120,4,0.02918844537274743
latest_available,705,Slovenia,F120,5,0.1910698063290672
latest_available,705,Slovenia,F120,6,0.058291924634454644
latest_available,705,Slovenia,F120,7,0.06330975143490969
latest_available,705,Slovenia,F120,8,0.13967980156914572
latest_available,705,Slovenia,F120,9,0.06842345992148469
latest_available,705,Slovenia,G006,1,0.5372686669742394
latest_available,705,Slovenia,G006,2,0.3795577445265488
latest_available,705,Slovenia,G006,3,0.07144105705266411
latest_available,705,Slovenia,G006,4,0.011732531446547671
latest_available,705,Slovenia,Y002,1,0.13696650543695296
latest_available,705,Slovenia,Y002,2,0.6072314690587054
latest_available,705,Slovenia,Y002,3,0.25580202550434167
latest_available,710,South Africa,A008,1,0.39412406596924204
latest_available,710,South Africa,A008,2,0.3721463848964472
latest_available,710,South Africa,A008,3,0.177661436080373
latest_available,710,South Africa,A008,4,0.05606811305393788
latest_available,710,South Africa,A165,1,0.23412249198820598
latest_available,710,South Africa,A165,2,0.765877508011794
latest_available,710,South Africa,E018,1,0.5632658328171978
latest_available,710,South Africa,E018,2,0.3261020518798991
latest_available,710,South Africa,E018,3,0.11063211530290316
latest_available,710,South Africa,E025,1,0.1266034558902877
latest_available,710,South Africa,E025,2,0.3970691874817713
latest_available,710,South Africa,E025,3,0.47632735662794096
latest_available,710,South Africa,F063,1,0.00887304724655667
latest_available,710,South Africa,F063,10,0.4189292562113976
latest_available,710,South Africa,F063,2,0.002103585874049961
latest_available,710,South Africa,F063,3,0.011865744673889945
latest_available,710,South Africa,F063,4,0.03748873905452244
latest_available,710,South Africa,F063,5,0.08272058695883293
latest_available,710,South Africa,F063,6,0.10514188049626759
latest_available,710,South Africa,F063,7,0.11119948755409183
latest_available,710,South Africa,F063,8,0.1424947616368406
latest_available,710,South Africa,F063,9,0.07918291029355023
latest_available,710,South Africa,F118,1,0.28913586535972
latest_available,710,South Africa,F118,10,0.041168744237262585
latest_available,710,South Africa,F118,2,0.09836725594862691
latest_available,710,South Africa,F118,3,0.07470676613455646
latest_available,710,South Africa,F118,4,0.08050227370435206
latest_available,710,South Africa,F118,5,0.11047780487619711
latest_available,710,South Africa,F118,6,0.08964420296361332
latest_available,710,South Africa,F118,7,0.08072146467140773
latest_available,710,South Africa,F118,8,0.0738218644443247
latest_available,710,South Africa,F118,9,0.0614537576599391
latest_available,710,South Africa,F120,1,0.3326401355764152
latest_available,710,South Africa,F120,10,0.04436345496057315
latest_available,710,South Africa,F120,2,0.10572017587661806
latest_available,710,South Africa,F120,3,0.07297196712715123
latest_available,710,South Africa,F120,4,0.059266496574074255
latest_available,710,South Africa,F120,5,0.09457403536956437
latest_available,710,South Africa,F120,6,0.09125206694614454
latest_available,710,South Africa,F120,7,0.08342738723894583
latest_available,710,South Africa,F120,8,0.059257841142427006
latest_available,710,South Africa,F120,9,0.05652643918808644
latest_available,710,South Africa,G006,1,0.628056353620346
latest_available,710,South Africa,G006,2,0.2858454988413833
latest_available,710,South Africa,G006,3,0.06867276969049635
latest_available,710,South Africa,G006,4,0.01742537784777447
latest_available,710,South Africa,Y002,1,0.3083083049186258
latest_available,710,South Africa,Y002,2,0.6364658608160196
latest_available,710,South Africa,Y002,3,0.05522583426535447
latest_available,716,Zimbabwe,A008,1,0.1771004942339374
latest_available,716,Zimbabwe,A008,2,0.342668863261944
latest_available,716,Zimbabwe,A008,3,0.31960461285008235
latest_available,716,Zimbabwe,A008,4,0.16062602965403625
latest_available,716,Zimbabwe,A165,1,0.0214168039538715
latest_available,716,Zimbabwe,A165,2,0.9785831960461285
latest_available,716,Zimbabwe,E018,1,0.8700331125827815
latest_available,716,Zimbabwe,E018,2,0.08774834437086093
latest_available,716,Zimbabwe,E018,3,0.042218543046357616
latest_available,716,Zimbabwe,E025,1,0.08833333333333333
latest_available,716,Zimbabwe,E025,2,0.2658333333333333
latest_available,716,Zimbabwe,E025,3,0.6458333333333334
latest_available,716,Zimbabwe,F063,1,0.008237232289950576
latest_available,716,Zimbabwe,F063,10,0.943986820428336
latest_available,716,Zimbabwe,F063,2,0.0
latest_available,716,Zimbabwe,F063,3,0.0008237232289950577
latest_available,716,Zimbabwe,F063,4,0.0
latest_available,716,Zimbabwe,F063,5,0.004942339373970346
latest_available,716,Zimbabwe,F063,6,0.002471169686985173
latest_available,716,Zimbabwe,F063,7,0.004118616144975288
latest_available,716,Zimbabwe,F063,8,0.01070840197693575
latest_available,716,Zimbabwe,F063,9,0.02471169686985173
latest_available,716,Zimbabwe,F118,1,0.8622112211221122
latest_available,716,Zimbabwe,F118,10,0.038778877887788776
latest_available,716,Zimbabwe,F118,2,0.028877887788778877
latest_available,716,Zimbabwe,F118,3,0.013201320132013201
latest_available,716,Zimbabwe,F118,4,0.004125412541254125
latest_available,716,Zimbabwe,F118,5,0.02145214521452145
latest_available,716,Zimbabwe,F118,6,0.0049504950495049506
latest_available,716,Zimbabwe,F118,7,0.006600660066006601
latest_available,716,Zimbabwe,F118,8,0.00825082508250825
latest_available,716,Zimbabwe,F118,9,0.01155115511551155
latest_available,716,Zimbabwe,F120,1,0.8466611706512778
latest_available,716,Zimbabwe,F120,10,0.03792250618301731
latest_available,716,Zimbabwe,F120,2,0.03215169002473207
latest_available,716,Zimbabwe,F120,3,0.014014839241549877
latest_available,716,Zimbabwe,F120,4,0.01483924154987634
latest_available,716,Zimbabwe,F120,5,0.016488046166529265
latest_available,716,Zimbabwe,F120,6,0.008244023083264633
latest_available,716,Zimbabwe,F120,7,0.005770816158285243
latest_available,716,Zimbabwe,F120,8,0.009068425391591096
latest_available,716,Zimbabwe,F120,9,0.01483924154987634
latest_available,716,Zimbabwe,G006,1,0.6617038875103392
latest_available,716,Zimbabwe,G006,2,0.16046319272125723
latest_available,716,Zimbabwe,G006,3,0.09429280397022333
latest_available,716,Zimbabwe,G006,4,0.08354011579818031
latest_available,716,Zimbabwe,Y002,1,0.3884297520661157
latest_available,716,Zimbabwe,Y002,2,0.543801652892562
latest_available,716,Zimbabwe,Y002,3,0.06776859504132231
latest_available,724,Spain,A008,1,0.21815496462349582
latest_available,724,Spain,A008,2,0.6715246392491089
latest_available,724,Spain,A008,3,0.09801636525715825
latest_available,724,Spain,A008,4,0.01230403087023718
latest_available,724,Spain,A165,1,0.4151286910434085
latest_available,724,Spain,A165,2,0.5848713089565917
latest_available,724,Spain,E018,1,0.6879021400470474
latest_available,724,Spain,E018,2,0.16894403168075617
latest_available,724,Spain,E018,3,0.1431538282721964
latest_available,724,Spain,E025,1,0.3979069256977512
latest_available,724,Spain,E025,2,0.2819195807454444
latest_available,724,Spain,E025,3,0.3201734935568044
latest_available,724,Spain,F063,1,0.20180601146727273
latest_available,724,Spain,F063,10,0.11134923990381465
latest_available,724,Spain,F063,2,0.058660883529228186
latest_available,724,Spain,F063,3,0.056911279582489635
latest_available,724,Spain,F063,4,0.04684538678212348
latest_available,724,Spain,F063,5,0.11975797464622844
latest_available,724,Spain,F063,6,0.08813306108387513
latest_available,724,Spain,F063,7,0.11095084338649952
latest_available,724,Spain,F063,8,0.13042040318714007
latest_available,724,Spain,F063,9,0.07516491643132835
latest_available,724,Spain,F118,1,0.10343293134045414
latest_available,724,Spain,F118,10,0.31238906600260025
latest_available,724,Spain,F118,2,0.029138507743544227
latest_available,724,Spain,F118,3,0.03540128305564178
latest_available,724,Spain,F118,4,0.03010865804457769
latest_available,724,Spain,F118,5,0.10998057427879217
latest_available,724,Spain,F118,6,0.06743626571656938
latest_available,724,Spain,F118,7,0.07752070204011755
latest_available,724,Spain,F118,8,0.11975090582606791
latest_available,724,Spain,F118,9,0.11484110595163506
latest_available,724,Spain,F120,1,0.1768513512111203
latest_available,724,Spain,F120,10,0.20428335903355785
latest_available,724,Spain,F120,2,0.05186995345147419
latest_available,724,Spain,F120,3,0.03986932949686665
latest_available,724,Spain,F120,4,0.04377836721953684
latest_available,724,Spain,F120,5,0.09372349539556547
latest_available,724,Spain,F120,6,0.08413269545808136
latest_available,724,Spain,F120,7,0.09086618190787171
latest_available,724,Spain,F120,8,0.11217339443103111
latest_available,724,Spain,F120,9,0.10245187239489455
latest_available,724,Spain,G006,1,0.4217160521318006
latest_available,724,Spain,G006,2,0.42621984868174917
latest_available,724,Spain,G006,3,0.10068292863206009
latest_available,724,Spain,G006,4,0.05138117055439017
latest_available,724,Spain,Y002,1,0.1980604302468105
latest_available,724,Spain,Y002,2,0.5087718948560812
latest_available,724,Spain,Y002,3,0.2931676748971084
latest_available,752,Sweden,A008,1,0.39413596903043197
latest_available,752,Sweden,A008,2,0.5444336232288165
latest_available,752,Sweden,A008,3,0.05560194435047448
latest_available,752,Sweden,A008,4,0.0058284633902768316
latest_available,752,Sweden,A165,1,0.6376987728816811
latest_available,752,Sweden,A165,2,0.36230122711831864
latest_available,752,Sweden,E018,1,0.35927129088311144
latest_available,752,Sweden,E018,2,0.24259648365124703
latest_available,752,Sweden,E018,3,0.3981322254656415
latest_available,752,Sweden,E025,1,0.6818222696799
latest_available,752,Sweden,E025,2,0.26686825994554664
latest_available,752,Sweden,E025,3,0.051309470374553544
latest_available,752,Sweden,F063,1,0.4678784205029504
latest_available,752,Sweden,F063,10,0.0939594965347614
latest_available,752,Sweden,F063,2,0.07538251398349573
latest_available,752,Sweden,F063,3,0.08091137712572788
latest_available,752,Sweden,F063,4,0.04891409540746369
latest_available,752,Sweden,F063,5,0.0812843980718736
latest_available,752,Sweden,F063,6,0.04544269532569487
latest_available,752,Sweden,F063,7,0.05657652770386986
latest_available,752,Sweden,F063,8,0.03607474533983149
latest_available,752,Sweden,F063,9,0.013575730004331205
latest_available,752,Sweden,F118,1,0.062444527402046916
latest_available,752,Sweden,F118,10,0.7230023856958154
latest_available,752,Sweden,F118,2,0.005828370174717622
latest_available,752,Sweden,F118,3,0.013419304231622214
latest_available,752,Sweden,F118,4,0.0075484364348583945
latest_available,752,Sweden,F118,5,0.06621414381748193
latest_available,752,Sweden,F118,6,0.010923127463936153
latest_available,752,Sweden,F118,7,0.015678415899047077
latest_available,752,Sweden,F118,8,0.04663372389765516
latest_available,752,Sweden,F118,9,0.048307564982819344
latest_available,752,Sweden,F120,1,0.04665223532546167
latest_available,752,Sweden,F120,10,0.5164637496053511
latest_available,752,Sweden,F120,2,0.011774324464889263
latest_available,752,Sweden,F120,3,0.01644864823848268
latest_available,752,Sweden,F120,4,0.019954896779148815
latest_available,752,Sweden,F120,5,0.081956604342998
latest_available,752,Sweden,F120,6,0.029382583776149843
latest_available,752,Sweden,F120,7,0.04605014101492544
latest_available,752,Sweden,F120,8,0.12601292655780943
latest_available,752,Sweden,F120,9,0.10530388989478368
latest_available,752,Sweden,G006,1,0.555838958885273
latest_available,752,Sweden,G006,2,0.3676120223961135
latest_available,752,Sweden,G006,3,0.06599227754485688
latest_available,752,Sweden,G006,4,0.010556741173756528
latest_available,752,Sweden,Y002,1,0.027068773223601576
latest_available,752,Sweden,Y002,2,0.7196015606240046
latest_available,752,Sweden,Y002,3,0.25332966615239394
latest_available,756,Switzerland,A008,1,0.3497912165388246
latest_available,756,Switzerland,A008,2,0.5888825245407776
latest_available,756,Switzerland,A008,3,0.0549674582249154
latest_available,756,Switzerland,A008,4,0.006358800695482339
latest_available,756,Switzerland,A165,1,0.5928308586824198
latest_available,756,Switzerland,A165,2,0.40716914131758014
latest_available,756,Switzerland,E018,1,0.452327431218668
latest_available,756,Switzerland,E018,2,0.2592870946732677
latest_available,756,Switzerland,E018,3,0.28838547410806437
latest_available,756,Switzerland,E025,1,0.6936272087443098
latest_available,756,Switzerland,E025,2,0.2416543245087233
latest_available,756,Switzerland,E025,3,0.06471846674696682
latest_available,756,Switzerland,F063,1,0.23348544642985058
latest_available,756,Switzerland,F063,10,0.14828610209391968
latest_available,756,Switzerland,F063,2,0.07865497895953052
latest_available,756,Switzerland,F063,3,0.06811035212725192
latest_available,756,Switzerland,F063,4,0.04375619560724986
latest_available,756,Switzerland,F063,5,0.13064771225896488
latest_available,756,Switzerland,F063,6,0.07133050629044398
latest_available,756,Switzerland,F063,7,0.08261722837629419
latest_available,756,Switzerland,F063,8,0.09952642655361146
latest_available,756,Switzerland,F063,9,0.04358505130288301
latest_available,756,Switzerland,F118,1,0.06266836899023417
latest_available,756,Switzerland,F118,10,0.470245544388561
latest_available,756,Switzerland,F118,2,0.021617773938791763
latest_available,756,Switzerland,F118,3,0.03829817119261787
latest_available,756,Switzerland,F118,4,0.021057400610036164
latest_available,756,Switzerland,F118,5,0.12737226623435519
latest_available,756,Switzerland,F118,6,0.04404656218783361
latest_available,756,Switzerland,F118,7,0.04956063374219718
latest_available,756,Switzerland,F118,8,0.08775832606712029
latest_available,756,Switzerland,F118,9,0.07737495264825267
latest_available,756,Switzerland,F120,1,0.0820212848939714
latest_available,756,Switzerland,F120,10,0.19016060468905774
latest_available,756,Switzerland,F120,2,0.048063299047248695
latest_available,756,Switzerland,F120,3,0.05989012320239238
latest_available,756,Switzerland,F120,4,0.04035285145618049
latest_available,756,Switzerland,F120,5,0.19939964717460154
latest_available,756,Switzerland,F120,6,0.07400764324448794
latest_available,756,Switzerland,F120,7,0.09180812694286973
latest_available,756,Switzerland,F120,8,0.1452149532637106
latest_available,756,Switzerland,F120,9,0.06908146608547952
latest_available,756,Switzerland,G006,1,0.4567912590214569
latest_available,756,Switzerland,G006,2,0.4296568185261117
latest_available,756,Switzerland,G006,3,0.08829206064699437
latest_available,756,Switzerland,G006,4,0.025259861805437007
latest_available,756,Switzerland,Y002,1,0.18265084756799443
latest_available,756,Switzerland,Y002,2,0.6152352353420878
latest_available,756,Switzerland,Y002,3,0.20211391708991766
latest_available,764,Thailand,A008,1,0.3210341568113685
latest_available,764,Thailand,A008,2,0.5165376136418477
latest_available,764,Thailand,A008,3,0.15144393886629912
latest_available,764,Thailand,A008,4,0.010984290680484489
latest_available,764,Thailand,A165,1,0.3057333362242983
latest_available,764,Thailand,A165,2,0.6942666637757017
latest_available,764,Thailand,E018,1,0.21598462213883332
latest_available,764,Thailand,E018,2,0.2658998432681031
latest_available,764,Thailand,E018,3,0.5181155345930637
latest_available,764,Thailand,E025,1,0.12786213501710028
latest_available,764,Thailand,E025,2,0.271276428379072
latest_available,764,Thailand,E025,3,0.6008614366038275
latest_available,764,Thailand,F063,1,0.2718425343016246
latest_available,764,Thailand,F063,10,0.1299625783409856
latest_available,764,Thailand,F063,2,0.0339085748632638
latest_available,764,Thailand,F063,3,0.034563278255445466
latest_available,764,Thailand,F063,4,0.04285790058361864
latest_available,764,Thailand,F063,5,0.16340045065127554
latest_available,764,Thailand,F063,6,0.09081112281889982
latest_available,764,Thailand,F063,7,0.09715380272549437
latest_available,764,Thailand,F063,8,0.08538621864856065
latest_available,764,Thailand,F063,9,0.05011353881083164
latest_available,764,Thailand,F118,1,0.2919494072116154
latest_available,764,Thailand,F118,10,0.11531048544851519
latest_available,764,Thailand,F118,2,0.12420572291619715
latest_available,764,Thailand,F118,3,0.09340036412316524
latest_available,764,Thailand,F118,4,0.058083456334263484
latest_available,764,Thailand,F118,5,0.1269958289069151
latest_available,764,Thailand,F118,6,0.04434706713124588
latest_available,764,Thailand,F118,7,0.03539164921061138
latest_available,764,Thailand,F118,8,0.06957689305388971
latest_available,764,Thailand,F118,9,0.0407391256635816
latest_available,764,Thailand,F120,1,0.5551199269423146
latest_available,764,Thailand,F120,10,0.017406155324208965
latest_available,764,Thailand,F120,2,0.12220440130876956
latest_available,764,Thailand,F120,3,0.08424614181910116
latest_available,764,Thailand,F120,4,0.05780114895008241
latest_available,764,Thailand,F120,5,0.0946060401115379
latest_available,764,Thailand,F120,6,0.027741436059744697
latest_available,764,Thailand,F120,7,0.01875302474654439
latest_available,764,Thailand,F120,8,0.01594392792654284
latest_available,764,Thailand,F120,9,0.006177796811153546
latest_available,764,Thailand,G006,1,0.7415368584235631
latest_available,764,Thailand,G006,2,0.19974029957242087
latest_available,764,Thailand,G006,3,0.04878257213243938
latest_available,764,Thailand,G006,4,0.009940269871576524
latest_available,764,Thailand,Y002,1,0.2331070800059341
latest_available,764,Thailand,Y002,2,0.6711996155556308
latest_available,764,Thailand,Y002,3,0.09569330443843521
latest_available,780,Trinidad and Tobago,A008,1,0.5415415415415415
latest_available,780,Trinidad and Tobago,A008,2,0.3383383383383383
latest_available,780,Trinidad and Tobago,A008,3,0.1111111111111111
latest_available,780,Trinidad and Tobago,A008,4,0.009009009009009009
latest_available,780,Trinidad and Tobago,A165,1,0.03219315895372234
latest_available,780,Trinidad and Tobago,A165,2,0.9678068410462777
latest_available,780,Trinidad and Tobago,E018,1,0.8890020366598778
latest_available,780,Trinidad and Tobago,E018,2,0.09674134419551934
latest_available,780,Trinidad and Tobago,E018,3,0.014256619144602852
latest_available,780,Trinidad and Tobago,E025,1,0.2379421221864952
latest_available,780,Trinidad and Tobago,E025,2,0.5133976420150054
latest_available,780,Trinidad and Tobago,E025,3,0.24866023579849947
latest_available,780,Trinidad and Tobago,F063,1,0.007035175879396985
latest_available,780,Trinidad and Tobago,F063,10,0.8793969849246231
latest_available,780,Trinidad and Tobago,F063,2,0.0010050251256281408
latest_available,780,Trinidad and Tobago,F063,3,0.003015075376884422
latest_available,780,Trinidad and Tobago,F063,4,0.0020100502512562816
latest_available,780,Trinidad and Tobago,F063,5,0.003015075376884422
latest_available,780,Trinidad and Tobago,F063,6,0.004020100502512563
latest_available,780,Trinidad and Tobago,F063,7,0.01407035175879397
latest_available,780,Trinidad and Tobago,F063,8,0.024120603015075376
latest_available,780,Trinidad and Tobago,F063,9,0.062311557788944726
latest_available,780,Trinidad and Tobago,F118,1,0.7889812889812889
latest_available,780,Trinidad and Tobago,F118,10,0.014553014553014554
latest_available,780,Trinidad and Tobago,F118,2,0.04573804573804574
latest_available,780,Trinidad and Tobago,F118,3,0.04261954261954262
latest_available,780,Trinidad and Tobago,F118,4,0.02286902286902287
latest_available,780,Trinidad and Tobago,F118,5,0.05405405405405406
latest_available,780,Trinidad and Tobago,F118,6,0.010395010395010396
latest_available,780,Trinidad and Tobago,F118,7,0.008316008316008316
latest_available,780,Trinidad and Tobago,F118,8,0.008316008316008316
latest_available,780,Trinidad and Tobago,F118,9,0.004158004158004158
latest_available,780,Trinidad and Tobago,F120,1,0.6580578512396694
latest_available,780,Trinidad and Tobago,F120,10,0.013429752066115703
latest_available,780,Trinidad and Tobago,F120,2,0.058884297520661155
latest_available,780,Trinidad and Tobago,F120,3,0.07334710743801653
latest_available,780,Trinidad and Tobago,F120,4,0.0371900826446281
latest_available,780,Trinidad and Tobago,F120,5,0.1115702479338843
latest_available,780,Trinidad and Tobago,F120,6,0.022727272727272728
latest_available,780,Trinidad and Tobago,F120,7,0.008264462809917356
latest_available,780,Trinidad and Tobago,F120,8,0.013429752066115703
latest_available,780,Trinidad and Tobago,F120,9,0.0030991735537190084
latest_available,780,Trinidad and Tobago,G006,1,0.8787878787878788
latest_available,780,Trinidad and Tobago,G006,2,0.09898989898989899
latest_available,780,Trinidad and Tobago,G006,3,0.020202020202020204
latest_available,780,Trinidad and Tobago,G006,4,0.00202020202020202
latest_available,780,Trinidad and Tobago,Y002,1,0.3843058350100604
latest_available,780,Trinidad and Tobago,Y002,2,0.545271629778672
latest_available,780,Trinidad and Tobago,Y002,3,0.07042253521126761
latest_available,788,Tunisia,A008,1,0.15339966832504145
latest_available,788,Tunisia,A008,2,0.6135986733001658
latest_available,788,Tunisia,A008,3,0.19900497512437812
latest_available,788,Tunisia,A008,4,0.03399668325041459
latest_available,788,Tunisia,A165,1,0.14249146757679182
latest_available,788,Tunisia,A165,2,0.8575085324232082
latest_available,788,Tunisia,E018,1,0.6147332768839966
latest_available,788,Tunisia,E018,2,0.3082133784928027
latest_available,788,Tunisia,E018,3,0.07705334462320068
latest_available,788,Tunisia,E025,1,0.0711645101663586
latest_available,788,Tunisia,E025,2,0.16543438077634012
latest_available,788,Tunisia,E025,3,0.7634011090573013
latest_available,788,Tunisia,F063,1,0.1582014987510408
latest_available,788,Tunisia,F063,10,0.668609492089925
latest_available,788,Tunisia,F063,2,0.01498751040799334
latest_available,788,Tunisia,F063,3,0.013322231473771857
latest_available,788,Tunisia,F063,4,0.01665278934221482
latest_available,788,Tunisia,F063,5,0.020815986677768527
latest_available,788,Tunisia,F063,6,0.02164862614487927
latest_available,788,Tunisia,F063,7,0.02164862614487927
latest_available,788,Tunisia,F063,8,0.02164862614487927
latest_available,788,Tunisia,F063,9,0.042464612822647796
latest_available,788,Tunisia,F118,1,0.8156797331109258
latest_available,788,Tunisia,F118,10,0.003336113427856547
latest_available,788,Tunisia,F118,2,0.08924103419516263
latest_available,788,Tunisia,F118,3,0.041701417848206836
latest_available,788,Tunisia,F118,4,0.020850708924103418
latest_available,788,Tunisia,F118,5,0.012510425354462052
latest_available,788,Tunisia,F118,6,0.009174311926605505
latest_available,788,Tunisia,F118,7,0.003336113427856547
latest_available,788,Tunisia,F118,8,0.0025020850708924102
latest_available,788,Tunisia,F118,9,0.0016680567139282735
latest_available,788,Tunisia,F120,1,0.5545378850957535
latest_available,788,Tunisia,F120,10,0.02164862614487927
latest_available,788,Tunisia,F120,2,0.08326394671107411
latest_available,788,Tunisia,F120,3,0.06661115736885928
latest_available,788,Tunisia,F120,4,0.07327227310574522
latest_available,788,Tunisia,F120,5,0.0890924229808493
latest_available,788,Tunisia,F120,6,0.04079933388842631
latest_available,788,Tunisia,F120,7,0.03164029975020816
latest_available,788,Tunisia,F120,8,0.026644462947543714
latest_available,788,Tunisia,F120,9,0.012489592006661115
latest_available,788,Tunisia,G006,1,0.6296914095079232
latest_available,788,Tunisia,G006,2,0.26688907422852376
latest_available,788,Tunisia,G006,3,0.07923269391159299
latest_available,788,Tunisia,G006,4,0.02418682235195997
latest_available,788,Tunisia,Y002,1,0.49554013875123887
latest_available,788,Tunisia,Y002,2,0.4757185332011893
latest_available,788,Tunisia,Y002,3,0.028741328047571853
latest_available,792,Turkey,A008,1,0.2235147486497715
latest_available,792,Turkey,A008,2,0.6294142085583714
latest_available,792,Turkey,A008,3,0.1271292064810968
latest_available,792,Turkey,A008,4,0.019941836310760283
latest_available,792,Turkey,A165,1,0.14261603375527426
latest_available,792,Turkey,A165,2,0.8573839662447258
latest_available,792,Turkey,E018,1,0.40034217279726264
latest_available,792,Turkey,E018,2,0.437125748502994
latest_available,792,Turkey,E018,3,0.16253207869974337
latest_available,792,Turkey,E025,1,0.08560311284046693
latest_available,792,Turkey,E025,2,0.4254215304798962
latest_available,792,Turkey,E025,3,0.4889753566796368
latest_available,792,Turkey,F063,1,0.010842368640533779
latest_available,792,Turkey,F063,10,0.45037531276063386
latest_available,792,Turkey,F063,2,0.008757297748123435
latest_available,792,Turkey,F063,3,0.013344453711426188
latest_available,792,Turkey,F063,4,0.027105921601334446
latest_available,792,Turkey,F063,5,0.08256880733944955
latest_available,792,Turkey,F063,6,0.10008340283569642
latest_available,792,Turkey,F063,7,0.10133444537114263
latest_available,792,Turkey,F063,8,0.11551292743953294
latest_available,792,Turkey,F063,9,0.09007506255212677
latest_available,792,Turkey,F118,1,0.6974185357596276
latest_available,792,Turkey,F118,10,0.004231908590774439
latest_available,792,Turkey,F118,2,0.050359712230215826
latest_available,792,Turkey,F118,3,0.050359712230215826
latest_available,792,Turkey,F118,4,0.060516292848074485
latest_available,792,Turkey,F118,5,0.06009310198899704
latest_available,792,Turkey,F118,6,0.028353787558188744
latest_available,792,Turkey,F118,7,0.024121878967414304
latest_available,792,Turkey,F118,8,0.016927634363097757
latest_available,792,Turkey,F118,9,0.00761743546339399
latest_available,792,Turkey,F120,1,0.5591715976331361
latest_available,792,Turkey,F120,10,0.009721048182586645
latest_available,792,Turkey,F120,2,0.06170752324598478
latest_available,792,Turkey,F120,3,0.08072696534234995
latest_available,792,Turkey,F120,4,0.08326289095519865
latest_available,792,Turkey,F120,5,0.10270498732037193
latest_available,792,Turkey,F120,6,0.04649196956889264
latest_available,792,Turkey,F120,7,0.03085376162299239
latest_available,792,Turkey,F120,8,0.019019442096365174
latest_available,792,Turkey,F120,9,0.006339814032121725
latest_available,792,Turkey,G006,1,0.6442307692307693
latest_available,792,Turkey,G006,2,0.28103146853146854
latest_available,792,Turkey,G006,3,0.06468531468531469
latest_available,792,Turkey,G006,4,0.010052447552447552
latest_available,792,Turkey,Y002,1,0.32161016949152543
latest_available,792,Turkey,Y002,2,0.5758474576271186
latest_available,792,Turkey,Y002,3,0.10254237288135593
latest_available,804,Ukraine,A008,1,0.18346461615099802
latest_available,804,Ukraine,A008,2,0.6076703456631083
latest_available,804,Ukraine,A008,3,0.17760314411910985
latest_available,804,Ukraine,A008,4,0.03126189406678401
latest_available,804,Ukraine,A165,1,0.29389444856247676
latest_available,804,Ukraine,A165,2,0.7061055514375233
latest_available,804,Ukraine,E018,1,0.4223786330625478
latest_available,804,Ukraine,E018,2,0.4587495337314015
latest_available,804,Ukraine,E018,3,0.11887183320605064
latest_available,804,Ukraine,E025,1,0.1363670244941806
latest_available,804,Ukraine,E025,2,0.3674955523231799
latest_available,804,Ukraine,E025,3,0.4961374231826397
latest_available,804,Ukraine,F063,1,0.08427426523989648
latest_available,804,Ukraine,F063,10,0.3215627092792674
latest_available,804,Ukraine,F063,2,0.020684023539737407
latest_available,804,Ukraine,F063,3,0.05657481246469434
latest_available,804,Ukraine,F063,4,0.0398652349866504
latest_available,804,Ukraine,F063,5,0.11714128499737204
latest_available,804,Ukraine,F063,6,0.076093817143648
latest_available,804,Ukraine,F063,7,0.10847420614298754
latest_available,804,Ukraine,F063,8,0.11180724372990537
latest_available,804,Ukraine,F063,9,0.06352240247584102
latest_available,804,Ukraine,F118,1,0.5701583948732414
latest_available,804,Ukraine,F118,10,0.020281693219303912
latest_available,804,Ukraine,F118,2,0.07343617618819873
latest_available,804,Ukraine,F118,3,0.0640804884628953
latest_available,804,Ukraine,F118,4,0.060650486125369045
latest_available,804,Ukraine,F118,5,0.1084553914632417
latest_available,804,Ukraine,F118,6,0.05992912514013357
latest_available,804,Ukraine,F118,7,0.02856221028306976
latest_available,804,Ukraine,F118,8,0.011080548240501096
latest_available,804,Ukraine,F118,9,0.0033654860040455456
latest_available,804,Ukraine,F120,1,0.2915864311520254
latest_available,804,Ukraine,F120,10,0.04599151876091726
latest_available,804,Ukraine,F120,2,0.050637615484575516
latest_available,804,Ukraine,F120,3,0.057570432913072074
latest_available,804,Ukraine,F120,4,0.07747305710600107
latest_available,804,Ukraine,F120,5,0.21153374269955635
latest_available,804,Ukraine,F120,6,0.1111790698928881
latest_available,804,Ukraine,F120,7,0.07315091742496437
latest_available,804,Ukraine,F120,8,0.05062538698468375
latest_available,804,Ukraine,F120,9,0.030251827581316035
latest_available,804,Ukraine,G006,1,0.3833200253505563
latest_available,804,Ukraine,G006,2,0.44352582068293767
latest_available,804,Ukraine,G006,3,0.14465481600770083
latest_available,804,Ukraine,G006,4,0.02849933795880528
latest_available,804,Ukraine,Y002,1,0.4631811636376469
latest_available,804,Ukraine,Y002,2,0.48527736023547874
latest_available,804,Ukraine,Y002,3,0.05154147612687442
latest_available,807,North Macedonia,A008,1,0.3526613033651935
latest_available,807,North Macedonia,A008,2,0.5349265993358107
latest_available,807,North Macedonia,A008,3,0.09555866012832283
latest_available,807,North Macedonia,A008,4,0.016853437170672857
latest_available,807,North Macedonia,A165,1,0.1586449491227706
latest_available,807,North Macedonia,A165,2,0.8413550508772293
latest_available,807,North Macedonia,E018,1,0.31962154443044594
latest_available,807,North Macedonia,E018,2,0.4032590470365201
latest_available,807,North Macedonia,E018,3,0.2771194085330339
latest_available,807,North Macedonia,E025,1,0.22483987889717097
latest_available,807,North Macedonia,E025,2,0.2921158335424833
latest_available,807,North Macedonia,E025,3,0.4830442875603457
latest_available,807,North Macedonia,F063,1,0.05388428329895116
latest_available,807,North Macedonia,F063,10,0.561864393987197
latest_available,807,North Macedonia,F063,2,0.009891109432012922
latest_available,807,North Macedonia,F063,3,0.02236802166587489
latest_available,807,North Macedonia,F063,4,0.013999045774032791
latest_available,807,North Macedonia,F063,5,0.05782555861516791
latest_available,807,North Macedonia,F063,6,0.046151167894171036
latest_available,807,North Macedonia,F063,7,0.05844907281128445
latest_available,807,North Macedonia,F063,8,0.09440219962296813
latest_available,807,North Macedonia,F063,9,0.08116514689833972
latest_available,807,North Macedonia,F118,1,0.7480622156163818
latest_available,807,North Macedonia,F118,10,0.050786051649085694
latest_available,807,North Macedonia,F118,2,0.04221613442456548
latest_available,807,North Macedonia,F118,3,0.027762177691546007
latest_available,807,North Macedonia,F118,4,0.024738064309535093
latest_available,807,North Macedonia,F118,5,0.05933286897322246
latest_available,807,North Macedonia,F118,6,0.012182472234231637
latest_available,807,North Macedonia,F118,7,0.01681939900258022
latest_available,807,North Macedonia,F118,8,0.012946288862791054
latest_available,807,North Macedonia,F118,9,0.005154327236060597
latest_available,807,North Macedonia,F120,1,0.43274440905812994
latest_available,807,North Macedonia,F120,10,0.13185742187306676
latest_available,807,North Macedonia,F120,2,0.04978042307086792
latest_available,807,North Macedonia,F120,3,0.05871761109368761
latest_available,807,North Macedonia,F120,4,0.04299198325077822
latest_available,807,North Macedonia,F120,5,0.13684550366168813
latest_available,807,North Macedonia,F120,6,0.04790077755262513
latest_available,807,North Macedonia,F120,7,0.04571782672496731
latest_available,807,North Macedonia,F120,8,0.035599731752615965
latest_available,807,North Macedonia,F120,9,0.01784431196157292
latest_available,807,North Macedonia,G006,1,0.37098924040262654
latest_available,807,North Macedonia,G006,2,0.3791711000680069
latest_available,807,North Macedonia,G006,3,0.15813294863218083
latest_available,807,North Macedonia,G006,4,0.09170671089718566
latest_available,807,North Macedonia,Y002,1,0.21038927249925385
latest_available,807,North Macedonia,Y002,2,0.6648606376872265
latest_available,807,North Macedonia,Y002,3,0.12475008981351964
latest_available,826,United Kingdom,A008,1,0.3201140788757387
latest_available,826,United Kingdom,A008,2,0.5828447162026383
latest_available,826,United Kingdom,A008,3,0.09116256631645554
latest_available,826,United Kingdom,A008,4,0.005878638605167334
latest_available,826,United Kingdom,A165,1,0.46125364897045806
latest_available,826,United Kingdom,A165,2,0.5387463510295418
latest_available,826,United Kingdom,E018,1,0.565005271043216
latest_available,826,United Kingdom,E018,2,0.30562465096509156
latest_available,826,United Kingdom,E018,3,0.1293700779916926
latest_available,826,United Kingdom,E025,1,0.7624817951279897
latest_available,826,United Kingdom,E025,2,0.18533159027278204
latest_available,826,United Kingdom,E025,3,0.05218661459922819
latest_available,826,United Kingdom,F063,1,0.3963627215127183
latest_available,826,United Kingdom,F063,10,0.14243456291251103
latest_available,826,United Kingdom,F063,2,0.10197965112302902
latest_available,826,United Kingdom,F063,3,0.06852287665763405
latest_available,826,United Kingdom,F063,4,0.036302347507863424
latest_available,826,United Kingdom,F063,5,0.06860707033509283
latest_available,826,United Kingdom,F063,6,0.05849210072874657
latest_available,826,United Kingdom,F063,7,0.04644528332031801
latest_available,826,United Kingdom,F063,8,0.0540656999718706
latest_available,826,United Kingdom,F063,9,0.02678768593021625
latest_available,826,United Kingdom,F118,1,0.08787142140707548
latest_available,826,United Kingdom,F118,10,0.5525155649804625
latest_available,826,United Kingdom,F118,2,0.008151578509576058
latest_available,826,United Kingdom,F118,3,0.02465906005310668
latest_available,826,United Kingdom,F118,4,0.012620551717932662
latest_available,826,United Kingdom,F118,5,0.12985456279592997
latest_available,826,United Kingdom,F118,6,0.022617545580698638
latest_available,826,United Kingdom,F118,7,0.04374245017562513
latest_available,826,United Kingdom,F118,8,0.05891930545270611
latest_available,826,United Kingdom,F118,9,0.05904795932688685
latest_available,826,United Kingdom,F120,1,0.07128226632950921
latest_available,826,United Kingdom,F120,10,0.2839633354468019
latest_available,826,United Kingdom,F120,2,0.021203414160034004
latest_available,826,United Kingdom,F120,3,0.03847699520667069
latest_available,826,United Kingdom,F120,4,0.03160059999493675
latest_available,826,United Kingdom,F120,5,0.19580289426629321
latest_available,826,United Kingdom,F120,6,0.04956181141008708
latest_available,826,United Kingdom,F120,7,0.10770630944016928
latest_available,826,United Kingdom,F120,8,0.11158819352181387
latest_available,826,United Kingdom,F120,9,0.08881418022368397
latest_available,826,United Kingdom,G006,1,0.39639421707068057
latest_available,826,United Kingdom,G006,2,0.419833328484365
latest_available,826,United Kingdom,G006,3,0.13763381167096367
latest_available,826,United Kingdom,G006,4,0.04613864277399073
latest_available,826,United Kingdom,Y002,1,0.18251363726948452
latest_available,826,United Kingdom,Y002,2,0.6485116442852653
latest_available,826,United Kingdom,Y002,3,0.1689747184452499
latest_available,840,United States,A008,1,0.2845535939598108
latest_available,840,United States,A008,2,0.5994825039223922
latest_available,840,United States,A008,3,0.10227451377551458
latest_available,840,United States,A008,4,0.013689388342282326
latest_available,840,United States,A165,1,0.3718208970095189
latest_available,840,United States,A165,2,0.6281791029904811
latest_available,840,United States,E018,1,0.5899947175669319
latest_available,840,United States,E018,2,0.30183406334651325
latest_available,840,United States,E018,3,0.10817121908655479
latest_available,840,United States,E025,1,0.6029838032102803
latest_available,840,United States,E025,2,0.3124217072991607
latest_available,840,United States,E025,3,0.08459448949055903
latest_available,840,United States,F063,1,0.1290691936981986
latest_available,840,United States,F063,10,0.4349937958821236
latest_available,840,United States,F063,2,0.03555199994952339
latest_available,840,United States,F063,3,0.041062202501812195
latest_available,840,United States,F063,4,0.03328611261404076
latest_available,840,United States,F063,5,0.09079326461659572
latest_available,840,United States,F063,6,0.04581243267202118
latest_available,840,United States,F063,7,0.058339279303519016
latest_available,840,United States,F063,8,0.07776157939061794
latest_available,840,United States,F063,9,0.05333013937154756
latest_available,840,United States,F118,1,0.19301518461193626
latest_available,840,United States,F118,10,0.31148213857705254
latest_available,840,United States,F118,2,0.030336070821837705
latest_available,840,United States,F118,3,0.03253990292240599
latest_available,840,United States,F118,4,0.030014239143348973
latest_available,840,United States,F118,5,0.1777826210809725
latest_available,840,United States,F118,6,0.05218628567276399
latest_available,840,United States,F118,7,0.04056510785584792
latest_available,840,United States,F118,8,0.07444810232611657
latest_available,840,United States,F118,9,0.05763034698771754
latest_available,840,United States,F120,1,0.22024429402492282
latest_available,840,United States,F120,10,0.10573107908904775
latest_available,840,United States,F120,2,0.08047204572783531
latest_available,840,United States,F120,3,0.07409186785889967
latest_available,840,United States,F120,4,0.04331734738224758
latest_available,840,United States,F120,5,0.2064642953338802
latest_available,840,United States,F120,6,0.06611891592423072
latest_available,840,United States,F120,7,0.06959141374236817
latest_available,840,United States,F120,8,0.0911554392248053
latest_available,840,United States,F120,9,0.04281330169176252
latest_available,840,United States,G006,1,0.4708316525798186
latest_available,840,United States,G006,2,0.3340824646217714
latest_available,840,United States,G006,3,0.15166692491395597
latest_available,840,United States,G006,4,0.04341895788445399
latest_available,840,United States,Y002,1,0.15119706872317729
latest_available,840,United States,Y002,2,0.597081709347732
latest_available,840,United States,Y002,3,0.25172122192909085
latest_available,854,Burkina Faso,A008,1,0.24294156270518713
latest_available,854,Burkina Faso,A008,2,0.5600787918581747
latest_available,854,Burkina Faso,A008,3,0.15692711753118843
latest_available,854,Burkina Faso,A008,4,0.04005252790544977
latest_available,854,Burkina Faso,A165,1,0.1469161469161469
latest_available,854,Burkina Faso,A165,2,0.853083853083853
latest_available,854,Burkina Faso,E018,1,0.6978723404255319
latest_available,854,Burkina Faso,E018,2,0.17375886524822695
latest_available,854,Burkina Faso,E018,3,0.12836879432624113
latest_available,854,Burkina Faso,E025,1,0.1546304163126593
latest_available,854,Burkina Faso,E025,2,0.6117247238742566
latest_available,854,Burkina Faso,E025,3,0.2336448598130841
latest_available,854,Burkina Faso,F063,1,0.0033200531208499337
latest_available,854,Burkina Faso,F063,10,0.702523240371846
latest_available,854,Burkina Faso,F063,2,0.004648074369189907
latest_available,854,Burkina Faso,F063,3,0.006640106241699867
latest_available,854,Burkina Faso,F063,4,0.009296148738379814
latest_available,854,Burkina Faso,F063,5,0.03851261620185923
latest_available,854,Burkina Faso,F063,6,0.03253652058432935
latest_available,854,Burkina Faso,F063,7,0.06108897742363878
latest_available,854,Burkina Faso,F063,8,0.0750332005312085
latest_available,854,Burkina Faso,F063,9,0.06640106241699867
latest_available,854,Burkina Faso,F118,1,0.7932489451476793
latest_available,854,Burkina Faso,F118,10,0.030239099859353025
latest_available,854,Burkina Faso,F118,2,0.06891701828410689
latest_available,854,Burkina Faso,F118,3,0.023206751054852322
latest_available,854,Burkina Faso,F118,4,0.026019690576652602
latest_available,854,Burkina Faso,F118,5,0.030942334739803096
latest_available,854,Burkina Faso,F118,6,0.009845288326300985
latest_available,854,Burkina Faso,F118,7,0.006329113924050633
latest_available,854,Burkina Faso,F118,8,0.007032348804500703
latest_available,854,Burkina Faso,F118,9,0.004219409282700422
latest_available,854,Burkina Faso,F120,1,0.6437414030261348
latest_available,854,Burkina Faso,F120,10,0.04264099037138927
latest_available,854,Burkina Faso,F120,2,0.05845942228335626
latest_available,854,Burkina Faso,F120,3,0.06052269601100413
latest_available,854,Burkina Faso,F120,4,0.0453920220082531
latest_available,854,Burkina Faso,F120,5,0.08459422283356259
latest_available,854,Burkina Faso,F120,6,0.02200825309491059
latest_available,854,Burkina Faso,F120,7,0.014442916093535076
latest_available,854,Burkina Faso,F120,8,0.01581843191196699
latest_available,854,Burkina Faso,F120,9,0.012379642365887207
latest_available,854,Burkina Faso,G006,1,0.833666001330672
latest_available,854,Burkina Faso,G006,2,0.1430472388556221
latest_available,854,Burkina Faso,G006,3,0.018629407850964737
latest_available,854,Burkina Faso,G006,4,0.004657351962741184
latest_available,854,Burkina Faso,Y002,1,0.42954390742001364
latest_available,854,Burkina Faso,Y002,2,0.517358747447243
latest_available,854,Burkina Faso,Y002,3,0.05309734513274336
latest_available,858,Uruguay,A008,1,0.44002101192391413
latest_available,858,Uruguay,A008,2,0.4867860174661816
latest_available,858,Uruguay,A008,3,0.059906875882808325
latest_available,858,Uruguay,A008,4,0.013286094727095835
latest_available,858,Uruguay,A165,1,0.14569016865086543
latest_available,858,Uruguay,A165,2,0.8543098313491345
latest_available,858,Uruguay,E018,1,0.8019900760168952
latest_available,858,Uruguay,E018,2,0.14277488012290682
latest_available,858,Uruguay,E018,3,0.055235043860198
latest_available,858,Uruguay,E025,1,0.39879255143192394
latest_available,858,Uruguay,E025,2,0.2718136226866443
latest_available,858,Uruguay,E025,3,0.32939382588143173
latest_available,858,Uruguay,F063,1,0.18752406465683627
latest_available,858,Uruguay,F063,10,0.3681596108469185
latest_available,858,Uruguay,F063,2,0.04291190166440052
latest_available,858,Uruguay,F063,3,0.048004597212079
latest_available,858,Uruguay,F063,4,0.030289519823126825
latest_available,858,Uruguay,F063,5,0.08458459192626643
latest_available,858,Uruguay,F063,6,0.04419683543104562
latest_available,858,Uruguay,F063,7,0.06062295519573802
latest_available,858,Uruguay,F063,8,0.08334939332126809
latest_available,858,Uruguay,F063,9,0.05035652992232069
latest_available,858,Uruguay,F118,1,0.19245957456233082
latest_available,858,Uruguay,F118,10,0.40925576171919936
latest_available,858,Uruguay,F118,2,0.02261836502252548
latest_available,858,Uruguay,F118,3,0.04421592373488973
latest_available,858,Uruguay,F118,4,0.020714115697518617
latest_available,858,Uruguay,F118,5,0.10972498913536897
latest_available,858,Uruguay,F118,6,0.0455847106546084
latest_available,858,Uruguay,F118,7,0.03345740024568904
latest_available,858,Uruguay,F118,8,0.06833817734624069
latest_available,858,Uruguay,F118,9,0.053630981881628806
latest_available,858,Uruguay,F120,1,0.4152721602227278
latest_available,858,Uruguay,F120,10,0.1875449682351874
latest_available,858,Uruguay,F120,2,0.026509276608043503
latest_available,858,Uruguay,F120,3,0.028109260762665074
latest_available,858,Uruguay,F120,4,0.023515961058974497
latest_available,858,Uruguay,F120,5,0.13785680943256176
latest_available,858,Uruguay,F120,6,0.04620283652785112
latest_available,858,Uruguay,F120,7,0.03140082767831923
latest_available,858,Uruguay,F120,8,0.0621237228039546
latest_available,858,Uruguay,F120,9,0.04146417666971503
latest_available,858,Uruguay,G006,1,0.6806591160510825
latest_available,858,Uruguay,G006,2,0.2680223429828558
latest_available,858,Uruguay,G006,3,0.042086326178184426
latest_available,858,Uruguay,G006,4,0.009232214787877368
latest_available,858,Uruguay,Y002,1,0.17959647877995497
latest_available,858,Uruguay,Y002,2,0.6066934742882478
latest_available,858,Uruguay,Y002,3,0.2137100469317972
latest_available,862,Venezuela,A008,1,0.3722689075630252
latest_available,862,Venezuela,A008,2,0.4176470588235294
latest_available,862,Venezuela,A008,3,0.17647058823529413
latest_available,862,Venezuela,A008,4,0.03361344537815126
latest_available,862,Venezuela,A165,1,0.14201680672268907
latest_available,862,Venezuela,A165,2,0.8579831932773109
latest_available,862,Venezuela,E018,1,0.7781512605042017
latest_available,862,Venezuela,E018,2,0.18823529411764706
latest_available,862,Venezuela,E018,3,0.03361344537815126
latest_available,862,Venezuela,E025,1,0.16050420168067228
latest_available,862,Venezuela,E025,2,0.32100840336134456
latest_available,862,Venezuela,E025,3,0.5184873949579832
latest_available,862,Venezuela,F063,1,0.0033613445378151263
latest_available,862,Venezuela,F063,10,0.6109243697478992
latest_available,862,Venezuela,F063,2,0.005042016806722689
latest_available,862,Venezuela,F063,3,0.0008403361344537816
latest_available,862,Venezuela,F063,4,0.011764705882352941
latest_available,862,Venezuela,F063,5,0.020168067226890758
latest_available,862,Venezuela,F063,6,0.0226890756302521
latest_available,862,Venezuela,F063,7,0.05630252100840336
latest_available,862,Venezuela,F063,8,0.1134453781512605
latest_available,862,Venezuela,F063,9,0.15546218487394958
latest_available,862,Venezuela,F118,1,0.3630252100840336
latest_available,862,Venezuela,F118,10,0.0907563025210084
latest_available,862,Venezuela,F118,2,0.0
latest_available,862,Venezuela,F118,3,0.12352941176470589
latest_available,862,Venezuela,F118,4,0.0
latest_available,862,Venezuela,F118,5,0.280672268907563
latest_available,862,Venezuela,F118,6,0.0
latest_available,862,Venezuela,F118,7,0.0
latest_available,862,Venezuela,F118,8,0.14201680672268907
latest_available,862,Venezuela,F118,9,0.0
latest_available,862,Venezuela,F120,1,0.5680672268907563
latest_available,862,Venezuela,F120,10,0.046218487394957986
latest_available,862,Venezuela,F120,2,0.0
latest_available,862,Venezuela,F120,3,0.18319327731092436
latest_available,862,Venezuela,F120,4,0.0
latest_available,862,Venezuela,F120,5,0.11932773109243698
latest_available,862,Venezuela,F120,6,0.0
latest_available,862,Venezuela,F120,7,0.0
latest_available,862,Venezuela,F120,8,0.08319327731092437
latest_available,862,Venezuela,F120,9,0.0
latest_available,862,Venezuela,G006,1,0.7908552074513124
latest_available,862,Venezuela,G006,2,0.14309906858594412
latest_available,862,Venezuela,G006,3,0.04149026248941575
latest_available,862,Venezuela,G006,4,0.024555461473327687
latest_available,862,Venezuela,Y002,1,0.3352941176470588
latest_available,862,Venezuela,Y002,2,0.5747899159663865
latest_available,862,Venezuela,Y002,3,0.08991596638655462
latest_available,887,Yemen,A008,1,0.179
latest_available,887,Yemen,A008,2,0.542
latest_available,887,Yemen,A008,3,0.244
latest_available,887,Yemen,A008,4,0.035
latest_available,887,Yemen,A165,1,0.40398740818467993
latest_available,887,Yemen,A165,2,0.5960125918153201
latest_available,887,Yemen,E018,1,0.8611111111111112
latest_available,887,Yemen,E018,2,0.11645299145299146
latest_available,887,Yemen,E018,3,0.022435897435897436
latest_available,887,Yemen,E025,1,0.05851755526657997
latest_available,887,Yemen,E025,2,0.20416124837451236
latest_available,887,Yemen,E025,3,0.7373211963589077
latest_available,887,Yemen,F063,1,0.0
latest_available,887,Yemen,F063,10,0.9427402862985685
latest_available,887,Yemen,F063,2,0.0010224948875255625
latest_available,887,Yemen,F063,3,0.0010224948875255625
latest_available,887,Yemen,F063,4,0.003067484662576687
latest_available,887,Yemen,F063,5,0.006134969325153374
latest_available,887,Yemen,F063,6,0.00408997955010225
latest_available,887,Yemen,F063,7,0.002044989775051125
latest_available,887,Yemen,F063,8,0.0081799591002045
latest_available,887,Yemen,F063,9,0.03169734151329243
latest_available,887,Yemen,F118,1,0.8792048929663608
latest_available,887,Yemen,F118,10,0.012232415902140673
latest_available,887,Yemen,F118,2,0.024464831804281346
latest_available,887,Yemen,F118,3,0.01834862385321101
latest_available,887,Yemen,F118,4,0.009174311926605505
latest_available,887,Yemen,F118,5,0.022935779816513763
latest_available,887,Yemen,F118,6,0.012232415902140673
latest_available,887,Yemen,F118,7,0.00764525993883792
latest_available,887,Yemen,F118,8,0.00764525993883792
latest_available,887,Yemen,F118,9,0.0061162079510703364
latest_available,887,Yemen,F120,1,0.6443243243243243
latest_available,887,Yemen,F120,10,0.022702702702702703
latest_available,887,Yemen,F120,2,0.07675675675675675
latest_available,887,Yemen,F120,3,0.04864864864864865
latest_available,887,Yemen,F120,4,0.03027027027027027
latest_available,887,Yemen,F120,5,0.06918918918918919
latest_available,887,Yemen,F120,6,0.032432432432432434
latest_available,887,Yemen,F120,7,0.02810810810810811
latest_available,887,Yemen,F120,8,0.032432432432432434
latest_available,887,Yemen,F120,9,0.015135135135135135
latest_available,887,Yemen,G006,1,0.8306451612903226
latest_available,887,Yemen,G006,2,0.13004032258064516
latest_available,887,Yemen,G006,3,0.038306451612903226
latest_available,887,Yemen,G006,4,0.0010080645161290322
latest_available,887,Yemen,Y002,1,0.6934156378600823
latest_available,887,Yemen,Y002,2,0.29732510288065844
latest_available,887,Yemen,Y002,3,0.009259259259259259
latest_available,894,Zambia,A008,1,0.19835943325876212
latest_available,894,Zambia,A008,2,0.3788217747949292
latest_available,894,Zambia,A008,3,0.4228187919463087
latest_available,894,Zambia,A008,4,0.0
latest_available,894,Zambia,A165,1,0.11546685673556664
latest_available,894,Zambia,A165,2,0.8845331432644333
latest_available,894,Zambia,E018,1,0.6230661040787623
latest_available,894,Zambia,E018,2,0.2967651195499297
latest_available,894,Zambia,E018,3,0.08016877637130802
latest_available,894,Zambia,E025,1,0.12340425531914893
latest_available,894,Zambia,E025,2,0.4127659574468085
latest_available,894,Zambia,E025,3,0.46382978723404256
latest_available,894,Zambia,F063,1,0.00472972972972973
latest_available,894,Zambia,F063,10,0.7054054054054054
latest_available,894,Zambia,F063,2,0.0
latest_available,894,Zambia,F063,3,0.004054054054054054
latest_available,894,Zambia,F063,4,0.008108108108108109
latest_available,894,Zambia,F063,5,0.02702702702702703
latest_available,894,Zambia,F063,6,0.037162162162162164
latest_available,894,Zambia,F063,7,0.06148648648648649
latest_available,894,Zambia,F063,8,0.0777027027027027
latest_available,894,Zambia,F063,9,0.07432432432432433
latest_available,894,Zambia,F118,1,0.5855172413793104
latest_available,894,Zambia,F118,10,0.04689655172413793
latest_available,894,Zambia,F118,2,0.08896551724137931
latest_available,894,Zambia,F118,3,0.0696551724137931
latest_available,894,Zambia,F118,4,0.05448275862068966
latest_available,894,Zambia,F118,5,0.05379310344827586
latest_available,894,Zambia,F118,6,0.04758620689655172
latest_available,894,Zambia,F118,7,0.028275862068965516
latest_available,894,Zambia,F118,8,0.01310344827586207
latest_available,894,Zambia,F118,9,0.011724137931034483
latest_available,894,Zambia,F120,1,0.46580027359781123
latest_available,894,Zambia,F120,10,0.0533515731874145
latest_available,894,Zambia,F120,2,0.09849521203830369
latest_available,894,Zambia,F120,3,0.08823529411764706
latest_available,894,Zambia,F120,4,0.05198358413132695
latest_available,894,Zambia,F120,5,0.08823529411764706
latest_available,894,Zambia,F120,6,0.06839945280437756
latest_available,894,Zambia,F120,7,0.03488372093023256
latest_available,894,Zambia,F120,8,0.0280437756497948
latest_available,894,Zambia,F120,9,0.022571819425444596
latest_available,894,Zambia,G006,1,0.63262508567512
latest_available,894,Zambia,G006,2,0.2556545579163811
latest_available,894,Zambia,G006,3,0.08361891706648389
latest_available,894,Zambia,G006,4,0.02810143934201508
latest_available,894,Zambia,Y002,1,0.28738800827015853
latest_available,894,Zambia,Y002,2,0.6030323914541695
latest_available,894,Zambia,Y002,3,0.10957960027567196
latest_available,909,Northern Ireland,A008,1,0.42176781004474395
latest_available,909,Northern Ireland,A008,2,0.5148356525626352
latest_available,909,Northern Ireland,A008,3,0.05239254470698184
latest_available,909,Northern Ireland,A008,4,0.011003992685638977
latest_available,909,Northern Ireland,A165,1,0.39801096530709973
latest_available,909,Northern Ireland,A165,2,0.6019890346929003
latest_available,909,Northern Ireland,E018,1,0.5485227563671038
latest_available,909,Northern Ireland,E018,2,0.27692519349745537
latest_available,909,Northern Ireland,E018,3,0.17455205013544062
latest_available,909,Northern Ireland,E025,1,0.7435804952803889
latest_available,909,Northern Ireland,E025,2,0.19656591423723443
latest_available,909,Northern Ireland,E025,3,0.059853590482376484
latest_available,909,Northern Ireland,F063,1,0.18832435953787122
latest_available,909,Northern Ireland,F063,10,0.2697380441340447
latest_available,909,Northern Ireland,F063,2,0.07340349242588365
latest_available,909,Northern Ireland,F063,3,0.0823905198623309
latest_available,909,Northern Ireland,F063,4,0.03310279150574572
latest_available,909,Northern Ireland,F063,5,0.11225520250739998
latest_available,909,Northern Ireland,F063,6,0.023917811133275194
latest_available,909,Northern Ireland,F063,7,0.07013683531160876
latest_available,909,Northern Ireland,F063,8,0.11010474893923278
latest_available,909,Northern Ireland,F063,9,0.03662619464260712
latest_available,909,Northern Ireland,F118,1,0.15870697469914335
latest_available,909,Northern Ireland,F118,10,0.40277863167801187
latest_available,909,Northern Ireland,F118,2,0.011399056339515268
latest_available,909,Northern Ireland,F118,3,0.034858484925846055
latest_available,909,Northern Ireland,F118,4,0.02411948740417507
latest_available,909,Northern Ireland,F118,5,0.15131860741412845
latest_available,909,Northern Ireland,F118,6,0.03607004260173313
latest_available,909,Northern Ireland,F118,7,0.044220553510886856
latest_available,909,Northern Ireland,F118,8,0.08161443244748105
latest_available,909,Northern Ireland,F118,9,0.05491372897907868
latest_available,909,Northern Ireland,F120,1,0.24687734375027676
latest_available,909,Northern Ireland,F120,10,0.1488035320006216
latest_available,909,Northern Ireland,F120,2,0.05668542280228652
latest_available,909,Northern Ireland,F120,3,0.06529223908087035
latest_available,909,Northern Ireland,F120,4,0.02974245239151283
latest_available,909,Northern Ireland,F120,5,0.21487165105914935
latest_available,909,Northern Ireland,F120,6,0.055380480725641223
latest_available,909,Northern Ireland,F120,7,0.055742652512775576
latest_available,909,Northern Ireland,F120,8,0.08147487732554637
latest_available,909,Northern Ireland,F120,9,0.045129348351319404
latest_available,909,Northern Ireland,G006,1,0.424369682152051
latest_available,909,Northern Ireland,G006,2,0.38427967571596844
latest_available,909,Northern Ireland,G006,3,0.15166938097887953
latest_available,909,Northern Ireland,G006,4,0.039681261153101145
latest_available,909,Northern Ireland,Y002,1,0.14221562597412266
latest_available,909,Northern Ireland,Y002,2,0.7132268904713854
latest_available,909,Northern Ireland,Y002,3,0.144557483554492
latest_available,915,Kosovo,A008,1,0.20556800478949444
latest_available,915,Kosovo,A008,2,0.6822337667566258
latest_available,915,Kosovo,A008,3,0.1077910645306651
latest_available,915,Kosovo,A008,4,0.004407163923214669
latest_available,915,Kosovo,A165,1,0.10899139571568299
latest_available,915,Kosovo,A165,2,0.891008604284317
latest_available,915,Kosovo,E018,1,0.748053833519342
latest_available,915,Kosovo,E018,2,0.12477757109046303
latest_available,915,Kosovo,E018,3,0.12716859539019484
latest_available,915,Kosovo,E025,1,0.32286118088922405
latest_available,915,Kosovo,E025,2,0.6304830088824844
latest_available,915,Kosovo,E025,3,0.04665581022829146
latest_available,915,Kosovo,F063,1,0.01799728082156296
latest_available,915,Kosovo,F063,10,0.6169284931788644
latest_available,915,Kosovo,F063,2,0.003192418479593982
latest_available,915,Kosovo,F063,3,0.005974294161646637
latest_available,915,Kosovo,F063,4,0.007464485479811879
latest_available,915,Kosovo,F063,5,0.022781891274574362
latest_available,915,Kosovo,F063,6,0.029867069923465155
latest_available,915,Kosovo,F063,7,0.05217454141009529
latest_available,915,Kosovo,F063,8,0.09401132613714341
latest_available,915,Kosovo,F063,9,0.149608199133242
latest_available,915,Kosovo,F118,1,0.9336809744065064
latest_available,915,Kosovo,F118,10,0.007864408880037886
latest_available,915,Kosovo,F118,2,0.00953893143632088
latest_available,915,Kosovo,F118,3,0.013711777567229294
latest_available,915,Kosovo,F118,4,0.006880441176927116
latest_available,915,Kosovo,F118,5,0.010700341472514427
latest_available,915,Kosovo,F118,6,0.0054984099104516725
latest_available,915,Kosovo,F118,7,0.006063073171353241
latest_available,915,Kosovo,F118,8,0.005498930406251412
latest_available,915,Kosovo,F118,9,0.0005627115724077252
latest_available,915,Kosovo,F120,1,0.772542961719163
latest_available,915,Kosovo,F120,10,0.01507610314232495
latest_available,915,Kosovo,F120,2,0.03609603272615053
latest_available,915,Kosovo,F120,3,0.04709610278902317
latest_available,915,Kosovo,F120,4,0.037253940710226974
latest_available,915,Kosovo,F120,5,0.05405796901315183
latest_available,915,Kosovo,F120,6,0.01856091022152749
latest_available,915,Kosovo,F120,7,0.009869758161782972
latest_available,915,Kosovo,F120,8,0.008386452889185702
latest_available,915,Kosovo,F120,9,0.0010597686274635277
latest_available,915,Kosovo,G006,1,0.8815694727494524
latest_available,915,Kosovo,G006,2,0.10389205929153462
latest_available,915,Kosovo,G006,3,0.010395673323717533
latest_available,915,Kosovo,G006,4,0.0041427946352956225
latest_available,915,Kosovo,Y002,1,0.3328310378646322
latest_available,915,Kosovo,Y002,2,0.593517191618408
latest_available,915,Kosovo,Y002,3,0.0736517705169598
