target,country_id,country,item,response,p
pooled_equal_year,8,Albania,A008,1,0.14882223472270462
pooled_equal_year,8,Albania,A008,2,0.5621058355641044
pooled_equal_year,8,Albania,A008,3,0.24731678442159044
pooled_equal_year,8,Albania,A008,4,0.041755145291600564
pooled_equal_year,8,Albania,A165,1,0.06573934312344579
pooled_equal_year,8,Albania,A165,2,0.9342606568765544
pooled_equal_year,8,Albania,E018,1,0.6047129710425406
pooled_equal_year,8,Albania,E018,2,0.3359081044195534
pooled_equal_year,8,Albania,E018,3,0.05937892453790583
pooled_equal_year,8,Albania,E025,1,0.17122684045178727
pooled_equal_year,8,Albania,E025,2,0.42472943811695674
pooled_equal_year,8,Albania,E025,3,0.404043721431256
pooled_equal_year,8,Albania,F063,1,0.04961984206847564
pooled_equal_year,8,Albania,F063,10,0.5544499670434316
pooled_equal_year,8,Albania,F063,2,0.022038769638102786
pooled_equal_year,8,Albania,F063,3,0.0321026389384193
pooled_equal_year,8,Albania,F063,4,0.023262654743201144
pooled_equal_year,8,Albania,F063,5,0.058370166651076145
pooled_equal_year,8,Albania,F063,6,0.041457461050390845
pooled_equal_year,8,Albania,F063,7,0.055723842735099616
pooled_equal_year,8,Albania,F063,8,0.08356928118552279
pooled_equal_year,8,Albania,F063,9,0.07940537594628015
pooled_equal_year,8,Albania,F118,1,0.7544663808026562
pooled_equal_year,8,Albania,F118,10,0.03197025682889769
pooled_equal_year,8,Albania,F118,2,0.035137405426440095
pooled_equal_year,8,Albania,F118,3,0.036482287923837016
pooled_equal_year,8,Albania,F118,4,0.02828945812350718
pooled_equal_year,8,Albania,F118,5,0.057049627719071586
pooled_equal_year,8,Albania,F118,6,0.024985711043558255
pooled_equal_year,8,Albania,F118,7,0.01416835967694826
pooled_equal_year,8,Albania,F118,8,0.011519116331743798
pooled_equal_year,8,Albania,F118,9,0.005931396123339921
pooled_equal_year,8,Albania,F120,1,0.47407524509532034
pooled_equal_year,8,Albania,F120,10,0.024867977475500125
pooled_equal_year,8,Albania,F120,2,0.07008190227777603
pooled_equal_year,8,Albania,F120,3,0.08511466880365372
pooled_equal_year,8,Albania,F120,4,0.08017163561380619
pooled_equal_year,8,Albania,F120,5,0.1465421656132578
pooled_equal_year,8,Albania,F120,6,0.049154421104457655
pooled_equal_year,8,Albania,F120,7,0.03540606864869901
pooled_equal_year,8,Albania,F120,8,0.021761268519311146
pooled_equal_year,8,Albania,F120,9,0.012824646848217953
pooled_equal_year,8,Albania,G006,1,0.6115430146961226
pooled_equal_year,8,Albania,G006,2,0.30159471449256947
pooled_equal_year,8,Albania,G006,3,0.0786309174355785
pooled_equal_year,8,Albania,G006,4,0.008231353375729366
pooled_equal_year,8,Albania,Y002,1,0.33199707668187195
pooled_equal_year,8,Albania,Y002,2,0.5884590279810666
pooled_equal_year,8,Albania,Y002,3,0.0795438953370615
pooled_equal_year,12,Algeria,A008,1,0.18606701940035272
pooled_equal_year,12,Algeria,A008,2,0.6128747795414462
pooled_equal_year,12,Algeria,A008,3,0.16049382716049382
pooled_equal_year,12,Algeria,A008,4,0.04056437389770723
pooled_equal_year,12,Algeria,A165,1,0.17928633594429938
pooled_equal_year,12,Algeria,A165,2,0.8207136640557006
pooled_equal_year,12,Algeria,E018,1,0.48698884758364314
pooled_equal_year,12,Algeria,E018,2,0.43029739776951675
pooled_equal_year,12,Algeria,E018,3,0.08271375464684015
pooled_equal_year,12,Algeria,E025,1,0.08949880668257756
pooled_equal_year,12,Algeria,E025,2,0.28878281622911695
pooled_equal_year,12,Algeria,E025,3,0.6217183770883055
pooled_equal_year,12,Algeria,F063,1,0.003404255319148936
pooled_equal_year,12,Algeria,F063,10,0.7991489361702128
pooled_equal_year,12,Algeria,F063,2,0.002553191489361702
pooled_equal_year,12,Algeria,F063,3,0.001702127659574468
pooled_equal_year,12,Algeria,F063,4,0.005957446808510639
pooled_equal_year,12,Algeria,F063,5,0.011063829787234043
pooled_equal_year,12,Algeria,F063,6,0.01276595744680851
pooled_equal_year,12,Algeria,F063,7,0.011914893617021277
pooled_equal_year,12,Algeria,F063,8,0.04851063829787234
pooled_equal_year,12,Algeria,F063,9,0.10297872340425532
pooled_equal_year,12,Algeria,F118,1,0.6302281368821293
pooled_equal_year,12,Algeria,F118,10,0.024714828897338403
pooled_equal_year,12,Algeria,F118,2,0.10551330798479087
pooled_equal_year,12,Algeria,F118,3,0.07224334600760456
pooled_equal_year,12,Algeria,F118,4,0.045627376425855515
pooled_equal_year,12,Algeria,F118,5,0.057034220532319393
pooled_equal_year,12,Algeria,F118,6,0.02376425855513308
pooled_equal_year,12,Algeria,F118,7,0.017110266159695818
pooled_equal_year,12,Algeria,F118,8,0.014258555133079848
pooled_equal_year,12,Algeria,F118,9,0.009505703422053232
pooled_equal_year,12,Algeria,F120,1,0.5510752688172043
pooled_equal_year,12,Algeria,F120,10,0.025089605734767026
pooled_equal_year,12,Algeria,F120,2,0.1057347670250896
pooled_equal_year,12,Algeria,F120,3,0.08243727598566308
pooled_equal_year,12,Algeria,F120,4,0.047491039426523295
pooled_equal_year,12,Algeria,F120,5,0.1003584229390681
pooled_equal_year,12,Algeria,F120,6,0.03494623655913978
pooled_equal_year,12,Algeria,F120,7,0.027777777777777776
pooled_equal_year,12,Algeria,F120,8,0.013440860215053764
pooled_equal_year,12,Algeria,F120,9,0.011648745519713262
pooled_equal_year,12,Algeria,G006,1,0.6078767123287672
pooled_equal_year,12,Algeria,G006,2,0.351027397260274
pooled_equal_year,12,Algeria,G006,3,0.030821917808219176
pooled_equal_year,12,Algeria,G006,4,0.010273972602739725
pooled_equal_year,12,Algeria,Y002,1,0.3348623853211009
pooled_equal_year,12,Algeria,Y002,2,0.5981651376146789
pooled_equal_year,12,Algeria,Y002,3,0.06697247706422019
pooled_equal_year,20,Andorra,A008,1,0.3112089938680495
pooled_equal_year,20,Andorra,A008,2,0.6290984992144335
pooled_equal_year,20,Andorra,A008,3,0.05304500530041791
pooled_equal_year,20,Andorra,A008,4,0.006647501617098997
pooled_equal_year,20,Andorra,A165,1,0.22856739100295662
pooled_equal_year,20,Andorra,A165,2,0.7714326089970434
pooled_equal_year,20,Andorra,E018,1,0.40019004829365545
pooled_equal_year,20,Andorra,E018,2,0.49171220022607076
pooled_equal_year,20,Andorra,E018,3,0.10809775148027373
pooled_equal_year,20,Andorra,E025,1,0.5380470938844466
pooled_equal_year,20,Andorra,E025,2,0.33722572167527587
pooled_equal_year,20,Andorra,E025,3,0.12472718444027758
pooled_equal_year,20,Andorra,F063,1,0.24132178296315532
pooled_equal_year,20,Andorra,F063,10,0.15300745063695703
pooled_equal_year,20,Andorra,F063,2,0.07831679930514746
pooled_equal_year,20,Andorra,F063,3,0.06403111295412008
pooled_equal_year,20,Andorra,F063,4,0.045364573837973356
pooled_equal_year,20,Andorra,F063,5,0.12185921468162933
pooled_equal_year,20,Andorra,F063,6,0.06755229044440521
pooled_equal_year,20,Andorra,F063,7,0.0754428297596671
pooled_equal_year,20,Andorra,F063,8,0.10483804745746464
pooled_equal_year,20,Andorra,F063,9,0.048265897959480525
pooled_equal_year,20,Andorra,F118,1,0.06813592255919951
pooled_equal_year,20,Andorra,F118,10,0.5672320507088675
pooled_equal_year,20,Andorra,F118,2,0.01003862443620808
pooled_equal_year,20,Andorra,F118,3,0.014830114860895222
pooled_equal_year,20,Andorra,F118,4,0.014713401141436223
pooled_equal_year,20,Andorra,F118,5,0.09501038963639313
pooled_equal_year,20,Andorra,F118,6,0.04398549325645004
pooled_equal_year,20,Andorra,F118,7,0.0561085931447606
pooled_equal_year,20,Andorra,F118,8,0.07247133955343558
pooled_equal_year,20,Andorra,F118,9,0.057474070702354094
pooled_equal_year,20,Andorra,F120,1,0.11706400142133583
pooled_equal_year,20,Andorra,F120,10,0.30285762907313607
pooled_equal_year,20,Andorra,F120,2,0.03189644720155852
pooled_equal_year,20,Andorra,F120,3,0.03776413680008109
pooled_equal_year,20,Andorra,F120,4,0.049145131367963515
pooled_equal_year,20,Andorra,F120,5,0.18297731457200417
pooled_equal_year,20,Andorra,F120,6,0.06686020458294549
pooled_equal_year,20,Andorra,F120,7,0.06153745428472153
pooled_equal_year,20,Andorra,F120,8,0.09418374878200175
pooled_equal_year,20,Andorra,F120,9,0.05571393191425206
pooled_equal_year,20,Andorra,G006,1,0.46981041305076066
pooled_equal_year,20,Andorra,G006,2,0.4337076561343161
pooled_equal_year,20,Andorra,G006,3,0.08049612169744623
pooled_equal_year,20,Andorra,G006,4,0.015985809117477
pooled_equal_year,20,Andorra,Y002,1,0.17721366021881813
pooled_equal_year,20,Andorra,Y002,2,0.6186021588377133
pooled_equal_year,20,Andorra,Y002,3,0.20418418094346863
pooled_equal_year,31,Azerbaijan,A008,1,0.23766990835421947
pooled_equal_year,31,Azerbaijan,A008,2,0.5873145847593682
pooled_equal_year,31,Azerbaijan,A008,3,0.15277665460428044
pooled_equal_year,31,Azerbaijan,A008,4,0.022238852282131814
pooled_equal_year,31,Azerbaijan,A165,1,0.21754250962481728
pooled_equal_year,31,Azerbaijan,A165,2,0.7824574903751826
pooled_equal_year,31,Azerbaijan,E018,1,0.6896787563613769
pooled_equal_year,31,Azerbaijan,E018,2,0.23712791686243873
pooled_equal_year,31,Azerbaijan,E018,3,0.07319332677618433
pooled_equal_year,31,Azerbaijan,E025,1,0.059051188277593654
pooled_equal_year,31,Azerbaijan,E025,2,0.13405030254422468
pooled_equal_year,31,Azerbaijan,E025,3,0.8068985091781817
pooled_equal_year,31,Azerbaijan,F063,1,0.008354228408703914
pooled_equal_year,31,Azerbaijan,F063,10,0.709579637272431
pooled_equal_year,31,Azerbaijan,F063,2,0.0041649744387237085
pooled_equal_year,31,Azerbaijan,F063,3,0.005768705976399044
pooled_equal_year,31,Azerbaijan,F063,4,0.008390823806693738
pooled_equal_year,31,Azerbaijan,F063,5,0.016656981204890675
pooled_equal_year,31,Azerbaijan,F063,6,0.022440515204629027
pooled_equal_year,31,Azerbaijan,F063,7,0.0464953318234909
pooled_equal_year,31,Azerbaijan,F063,8,0.08637195241968816
pooled_equal_year,31,Azerbaijan,F063,9,0.09177684944434983
pooled_equal_year,31,Azerbaijan,F118,1,0.8845432768540465
pooled_equal_year,31,Azerbaijan,F118,10,0.0012115889335031034
pooled_equal_year,31,Azerbaijan,F118,2,0.05291482953889113
pooled_equal_year,31,Azerbaijan,F118,3,0.02167406336068431
pooled_equal_year,31,Azerbaijan,F118,4,0.01638180189576113
pooled_equal_year,31,Azerbaijan,F118,5,0.013793593219985408
pooled_equal_year,31,Azerbaijan,F118,6,0.004188934514687026
pooled_equal_year,31,Azerbaijan,F118,7,0.0029898004713153313
pooled_equal_year,31,Azerbaijan,F118,8,0.0
pooled_equal_year,31,Azerbaijan,F118,9,0.00230211121112604
pooled_equal_year,31,Azerbaijan,F120,1,0.4367675660097885
pooled_equal_year,31,Azerbaijan,F120,10,0.024571298708239292
pooled_equal_year,31,Azerbaijan,F120,2,0.07565025839615097
pooled_equal_year,31,Azerbaijan,F120,3,0.08860088556770429
pooled_equal_year,31,Azerbaijan,F120,4,0.09522915090902348
pooled_equal_year,31,Azerbaijan,F120,5,0.11669056435610181
pooled_equal_year,31,Azerbaijan,F120,6,0.06925548377392389
pooled_equal_year,31,Azerbaijan,F120,7,0.04915025113747244
pooled_equal_year,31,Azerbaijan,F120,8,0.03200238062118419
pooled_equal_year,31,Azerbaijan,F120,9,0.012082160520411056
pooled_equal_year,31,Azerbaijan,G006,1,0.6926601301099968
pooled_equal_year,31,Azerbaijan,G006,2,0.2533789737154086
pooled_equal_year,31,Azerbaijan,G006,3,0.04156724670073242
pooled_equal_year,31,Azerbaijan,G006,4,0.01239364947386213
pooled_equal_year,31,Azerbaijan,Y002,1,0.49799141041786626
pooled_equal_year,31,Azerbaijan,Y002,2,0.4740824910547943
pooled_equal_year,31,Azerbaijan,Y002,3,0.027926098527339314
pooled_equal_year,32,Argentina,A008,1,0.32977515799967133
pooled_equal_year,32,Argentina,A008,2,0.5475802897430737
pooled_equal_year,32,Argentina,A008,3,0.11027578174681464
pooled_equal_year,32,Argentina,A008,4,0.012368770510440254
pooled_equal_year,32,Argentina,A165,1,0.19186185828100233
pooled_equal_year,32,Argentina,A165,2,0.8081381417189976
pooled_equal_year,32,Argentina,E018,1,0.6731179093375204
pooled_equal_year,32,Argentina,E018,2,0.2740610247185245
pooled_equal_year,32,Argentina,E018,3,0.052821065943955074
pooled_equal_year,32,Argentina,E025,1,0.21473788134917637
pooled_equal_year,32,Argentina,E025,2,0.41519172499232454
pooled_equal_year,32,Argentina,E025,3,0.3700703936584991
pooled_equal_year,32,Argentina,F063,1,0.051415892800612296
pooled_equal_year,32,Argentina,F063,10,0.39304343421916493
pooled_equal_year,32,Argentina,F063,2,0.01213714322204111
pooled_equal_year,32,Argentina,F063,3,0.024085736601036592
pooled_equal_year,32,Argentina,F063,4,0.021822585610956447
pooled_equal_year,32,Argentina,F063,5,0.05942700586438152
pooled_equal_year,32,Argentina,F063,6,0.07442315126391426
pooled_equal_year,32,Argentina,F063,7,0.12353438856846151
pooled_equal_year,32,Argentina,F063,8,0.16072340680163397
pooled_equal_year,32,Argentina,F063,9,0.07938725504779734
pooled_equal_year,32,Argentina,F118,1,0.24170085862509247
pooled_equal_year,32,Argentina,F118,10,0.18364118106840407
pooled_equal_year,32,Argentina,F118,2,0.021169523772429148
pooled_equal_year,32,Argentina,F118,3,0.043606446304690516
pooled_equal_year,32,Argentina,F118,4,0.033390041868673455
pooled_equal_year,32,Argentina,F118,5,0.1559960254849302
pooled_equal_year,32,Argentina,F118,6,0.09012843558775235
pooled_equal_year,32,Argentina,F118,7,0.09690517720046303
pooled_equal_year,32,Argentina,F118,8,0.0912322189469712
pooled_equal_year,32,Argentina,F118,9,0.04223009114059367
pooled_equal_year,32,Argentina,F120,1,0.5108178562728888
pooled_equal_year,32,Argentina,F120,10,0.05364613095891659
pooled_equal_year,32,Argentina,F120,2,0.04144339569277023
pooled_equal_year,32,Argentina,F120,3,0.047558102605161884
pooled_equal_year,32,Argentina,F120,4,0.03208306193951751
pooled_equal_year,32,Argentina,F120,5,0.13764077578110553
pooled_equal_year,32,Argentina,F120,6,0.07575601846325393
pooled_equal_year,32,Argentina,F120,7,0.05036664373915579
pooled_equal_year,32,Argentina,F120,8,0.03369773296766585
pooled_equal_year,32,Argentina,F120,9,0.016990281579563837
pooled_equal_year,32,Argentina,G006,1,0.5763368527695145
pooled_equal_year,32,Argentina,G006,2,0.3475540340289858
pooled_equal_year,32,Argentina,G006,3,0.057219815383163806
pooled_equal_year,32,Argentina,G006,4,0.01888929781833582
pooled_equal_year,32,Argentina,Y002,1,0.31091726842449346
pooled_equal_year,32,Argentina,Y002,2,0.5878029981270378
pooled_equal_year,32,Argentina,Y002,3,0.1012797334484687
pooled_equal_year,36,Australia,A008,1,0.32419155114214476
pooled_equal_year,36,Australia,A008,2,0.5927343223041105
pooled_equal_year,36,Australia,A008,3,0.07382701139737875
pooled_equal_year,36,Australia,A008,4,0.009247115156366037
pooled_equal_year,36,Australia,A165,1,0.4896281663781108
pooled_equal_year,36,Australia,A165,2,0.5103718336218892
pooled_equal_year,36,Australia,E018,1,0.5991330066559781
pooled_equal_year,36,Australia,E018,2,0.3265293400944647
pooled_equal_year,36,Australia,E018,3,0.07433765324955714
pooled_equal_year,36,Australia,E025,1,0.7549658739717792
pooled_equal_year,36,Australia,E025,2,0.20364898110654397
pooled_equal_year,36,Australia,E025,3,0.04138514492167692
pooled_equal_year,36,Australia,F063,1,0.2647901593662882
pooled_equal_year,36,Australia,F063,10,0.22452849672923123
pooled_equal_year,36,Australia,F063,2,0.0784537384776164
pooled_equal_year,36,Australia,F063,3,0.07053432632745416
pooled_equal_year,36,Australia,F063,4,0.03514918837992446
pooled_equal_year,36,Australia,F063,5,0.08328224848266219
pooled_equal_year,36,Australia,F063,6,0.061105083476414766
pooled_equal_year,36,Australia,F063,7,0.0652641704834505
pooled_equal_year,36,Australia,F063,8,0.06685278395368073
pooled_equal_year,36,Australia,F063,9,0.050039804323277426
pooled_equal_year,36,Australia,F118,1,0.1579834818217585
pooled_equal_year,36,Australia,F118,10,0.35902197103568206
pooled_equal_year,36,Australia,F118,2,0.023411371438175687
pooled_equal_year,36,Australia,F118,3,0.030131529769457658
pooled_equal_year,36,Australia,F118,4,0.028157724170298864
pooled_equal_year,36,Australia,F118,5,0.155951241299755
pooled_equal_year,36,Australia,F118,6,0.065266727535399
pooled_equal_year,36,Australia,F118,7,0.04420870025305657
pooled_equal_year,36,Australia,F118,8,0.07503995778460625
pooled_equal_year,36,Australia,F118,9,0.060827294891810456
pooled_equal_year,36,Australia,F120,1,0.15300241804149525
pooled_equal_year,36,Australia,F120,10,0.18506683243428954
pooled_equal_year,36,Australia,F120,2,0.032295974579061394
pooled_equal_year,36,Australia,F120,3,0.038843219803736125
pooled_equal_year,36,Australia,F120,4,0.03504891522419973
pooled_equal_year,36,Australia,F120,5,0.19415566005474183
pooled_equal_year,36,Australia,F120,6,0.08630811762219155
pooled_equal_year,36,Australia,F120,7,0.08597769342581597
pooled_equal_year,36,Australia,F120,8,0.1158865849790679
pooled_equal_year,36,Australia,F120,9,0.07341458383540078
pooled_equal_year,36,Australia,G006,1,0.6575627821422014
pooled_equal_year,36,Australia,G006,2,0.2896293176231473
pooled_equal_year,36,Australia,G006,3,0.041467660386480504
pooled_equal_year,36,Australia,G006,4,0.011340239848170695
pooled_equal_year,36,Australia,Y002,1,0.1560274751457598
pooled_equal_year,36,Australia,Y002,2,0.6332213902445067
pooled_equal_year,36,Australia,Y002,3,0.21075113460973346
pooled_equal_year,40,Austria,A008,1,0.3102108447814499
pooled_equal_year,40,Austria,A008,2,0.5798111319931951
pooled_equal_year,40,Austria,A008,3,0.09836941072965485
pooled_equal_year,40,Austria,A008,4,0.01160861249570011
pooled_equal_year,40,Austria,A165,1,0.4377340957754374
pooled_equal_year,40,Austria,A165,2,0.5622659042245626
pooled_equal_year,40,Austria,E018,1,0.46724892326541684
pooled_equal_year,40,Austria,E018,2,0.20000929923725058
pooled_equal_year,40,Austria,E018,3,0.3327417774973326
pooled_equal_year,40,Austria,E025,1,0.5286953923663008
pooled_equal_year,40,Austria,E025,2,0.28696927591649973
pooled_equal_year,40,Austria,E025,3,0.18433533171719943
pooled_equal_year,40,Austria,F063,1,0.16327851908602065
pooled_equal_year,40,Austria,F063,10,0.15751988418506807
pooled_equal_year,40,Austria,F063,2,0.04871238962415986
pooled_equal_year,40,Austria,F063,3,0.07748875739690111
pooled_equal_year,40,Austria,F063,4,0.042719549091994984
pooled_equal_year,40,Austria,F063,5,0.14686923432170979
pooled_equal_year,40,Austria,F063,6,0.09377174744054959
pooled_equal_year,40,Austria,F063,7,0.1115024279243291
pooled_equal_year,40,Austria,F063,8,0.10738312941991607
pooled_equal_year,40,Austria,F063,9,0.050754361509350844
pooled_equal_year,40,Austria,F118,1,0.17591995695996626
pooled_equal_year,40,Austria,F118,10,0.3050900162033962
pooled_equal_year,40,Austria,F118,2,0.021698506080852595
pooled_equal_year,40,Austria,F118,3,0.061164156285740096
pooled_equal_year,40,Austria,F118,4,0.036526793918773906
pooled_equal_year,40,Austria,F118,5,0.15990582134028614
pooled_equal_year,40,Austria,F118,6,0.06322539521725258
pooled_equal_year,40,Austria,F118,7,0.06344127249608716
pooled_equal_year,40,Austria,F118,8,0.059259149241046374
pooled_equal_year,40,Austria,F118,9,0.05376893225659869
pooled_equal_year,40,Austria,F120,1,0.18546951724421556
pooled_equal_year,40,Austria,F120,10,0.14109496509834019
pooled_equal_year,40,Austria,F120,2,0.05176026136391569
pooled_equal_year,40,Austria,F120,3,0.09091875336030147
pooled_equal_year,40,Austria,F120,4,0.05582232659243587
pooled_equal_year,40,Austria,F120,5,0.1974895225844407
pooled_equal_year,40,Austria,F120,6,0.07354467764074812
pooled_equal_year,40,Austria,F120,7,0.0713481362945092
pooled_equal_year,40,Austria,F120,8,0.07760822884346431
pooled_equal_year,40,Austria,F120,9,0.05494361097762884
pooled_equal_year,40,Austria,G006,1,0.5091213300843589
pooled_equal_year,40,Austria,G006,2,0.39493254254590393
pooled_equal_year,40,Austria,G006,3,0.06347873137446025
pooled_equal_year,40,Austria,G006,4,0.03246739599527703
pooled_equal_year,40,Austria,Y002,1,0.2308012305662997
pooled_equal_year,40,Austria,Y002,2,0.5806114868113961
pooled_equal_year,40,Austria,Y002,3,0.18858728262230418
pooled_equal_year,50,Bangladesh,A008,1,0.26666666666666666
pooled_equal_year,50,Bangladesh,A008,2,0.64
pooled_equal_year,50,Bangladesh,A008,3,0.085
pooled_equal_year,50,Bangladesh,A008,4,0.008333333333333333
pooled_equal_year,50,Bangladesh,A165,1,0.1292743953294412
pooled_equal_year,50,Bangladesh,A165,2,0.8707256046705588
pooled_equal_year,50,Bangladesh,E018,1,0.7640249332146037
pooled_equal_year,50,Bangladesh,E018,2,0.21816562778272486
pooled_equal_year,50,Bangladesh,E018,3,0.017809439002671415
pooled_equal_year,50,Bangladesh,E025,1,0.062325581395348835
pooled_equal_year,50,Bangladesh,E025,2,0.41209302325581393
pooled_equal_year,50,Bangladesh,E025,3,0.5255813953488372
pooled_equal_year,50,Bangladesh,F063,1,0.0125
pooled_equal_year,50,Bangladesh,F063,10,0.8641666666666666
pooled_equal_year,50,Bangladesh,F063,2,0.0
pooled_equal_year,50,Bangladesh,F063,3,0.0008333333333333334
pooled_equal_year,50,Bangladesh,F063,4,0.0
pooled_equal_year,50,Bangladesh,F063,5,0.005
pooled_equal_year,50,Bangladesh,F063,6,0.010833333333333334
pooled_equal_year,50,Bangladesh,F063,7,0.01
pooled_equal_year,50,Bangladesh,F063,8,0.025833333333333333
pooled_equal_year,50,Bangladesh,F063,9,0.07083333333333333
pooled_equal_year,50,Bangladesh,F118,1,0.6666666666666666
pooled_equal_year,50,Bangladesh,F118,10,0.0008333333333333334
pooled_equal_year,50,Bangladesh,F118,2,0.1425
pooled_equal_year,50,Bangladesh,F118,3,0.085
pooled_equal_year,50,Bangladesh,F118,4,0.06333333333333334
pooled_equal_year,50,Bangladesh,F118,5,0.03166666666666667
pooled_equal_year,50,Bangladesh,F118,6,0.009166666666666667
pooled_equal_year,50,Bangladesh,F118,7,0.0008333333333333334
pooled_equal_year,50,Bangladesh,F118,8,0.0
pooled_equal_year,50,Bangladesh,F118,9,0.0
pooled_equal_year,50,Bangladesh,F120,1,0.6108333333333333
pooled_equal_year,50,Bangladesh,F120,10,0.004166666666666667
pooled_equal_year,50,Bangladesh,F120,2,0.125
pooled_equal_year,50,Bangladesh,F120,3,0.10166666666666667
pooled_equal_year,50,Bangladesh,F120,4,0.0575
pooled_equal_year,50,Bangladesh,F120,5,0.04583333333333333
pooled_equal_year,50,Bangladesh,F120,6,0.035
pooled_equal_year,50,Bangladesh,F120,7,0.015833333333333335
pooled_equal_year,50,Bangladesh,F120,8,0.0033333333333333335
pooled_equal_year,50,Bangladesh,F120,9,0.0008333333333333334
pooled_equal_year,50,Bangladesh,G006,1,0.8340283569641368
pooled_equal_year,50,Bangladesh,G006,2,0.14762301918265222
pooled_equal_year,50,Bangladesh,G006,3,0.0158465387823186
pooled_equal_year,50,Bangladesh,G006,4,0.0025020850708924102
pooled_equal_year,50,Bangladesh,Y002,1,0.2725
pooled_equal_year,50,Bangladesh,Y002,2,0.65
pooled_equal_year,50,Bangladesh,Y002,3,0.0775
pooled_equal_year,51,Armenia,A008,1,0.3174492188701234
pooled_equal_year,51,Armenia,A008,2,0.5134139359141284
pooled_equal_year,51,Armenia,A008,3,0.13261650866668653
pooled_equal_year,51,Armenia,A008,4,0.036520336549061574
pooled_equal_year,51,Armenia,A165,1,0.16316329759159115
pooled_equal_year,51,Armenia,A165,2,0.8368367024084089
pooled_equal_year,51,Armenia,E018,1,0.624772597406002
pooled_equal_year,51,Armenia,E018,2,0.29017102553791335
pooled_equal_year,51,Armenia,E018,3,0.08505637705608468
pooled_equal_year,51,Armenia,E025,1,0.12924421496370653
pooled_equal_year,51,Armenia,E025,2,0.2379660327486791
pooled_equal_year,51,Armenia,E025,3,0.6327897522876145
pooled_equal_year,51,Armenia,F063,1,0.02518260469636974
pooled_equal_year,51,Armenia,F063,10,0.5622619061040018
pooled_equal_year,51,Armenia,F063,2,0.007013625062054656
pooled_equal_year,51,Armenia,F063,3,0.008243239610313029
pooled_equal_year,51,Armenia,F063,4,0.008778343929690523
pooled_equal_year,51,Armenia,F063,5,0.06623767496910396
pooled_equal_year,51,Armenia,F063,6,0.04509331645264998
pooled_equal_year,51,Armenia,F063,7,0.07424577175954497
pooled_equal_year,51,Armenia,F063,8,0.11145371713538128
pooled_equal_year,51,Armenia,F063,9,0.09148980028089002
pooled_equal_year,51,Armenia,F118,1,0.9168741738430871
pooled_equal_year,51,Armenia,F118,10,0.005835244216999245
pooled_equal_year,51,Armenia,F118,2,0.0262123886366053
pooled_equal_year,51,Armenia,F118,3,0.013954664259209644
pooled_equal_year,51,Armenia,F118,4,0.009193511586166585
pooled_equal_year,51,Armenia,F118,5,0.015598541654490934
pooled_equal_year,51,Armenia,F118,6,0.0030953429636877243
pooled_equal_year,51,Armenia,F118,7,0.004058313513277308
pooled_equal_year,51,Armenia,F118,8,0.003116654834763563
pooled_equal_year,51,Armenia,F118,9,0.002061164491712568
pooled_equal_year,51,Armenia,F120,1,0.5643909841397399
pooled_equal_year,51,Armenia,F120,10,0.013411424576799237
pooled_equal_year,51,Armenia,F120,2,0.07189510792592581
pooled_equal_year,51,Armenia,F120,3,0.07855734796346606
pooled_equal_year,51,Armenia,F120,4,0.06170099481920989
pooled_equal_year,51,Armenia,F120,5,0.13612401058952794
pooled_equal_year,51,Armenia,F120,6,0.0345367203031309
pooled_equal_year,51,Armenia,F120,7,0.01987365936257835
pooled_equal_year,51,Armenia,F120,8,0.01248400942261937
pooled_equal_year,51,Armenia,F120,9,0.0070257408970024774
pooled_equal_year,51,Armenia,G006,1,0.6758849060112906
pooled_equal_year,51,Armenia,G006,2,0.25300609301538823
pooled_equal_year,51,Armenia,G006,3,0.048901077967811415
pooled_equal_year,51,Armenia,G006,4,0.02220792300550985
pooled_equal_year,51,Armenia,Y002,1,0.4151414201949828
pooled_equal_year,51,Armenia,Y002,2,0.5337188491977569
pooled_equal_year,51,Armenia,Y002,3,0.051139730607260285
pooled_equal_year,56,Belgium,A008,1,0.4454094654975492
pooled_equal_year,56,Belgium,A008,2,0.4992919941161068
pooled_equal_year,56,Belgium,A008,3,0.047262616087785446
pooled_equal_year,56,Belgium,A008,4,0.008035924298558605
pooled_equal_year,56,Belgium,A165,1,0.3594234468061838
pooled_equal_year,56,Belgium,A165,2,0.6405765531938163
pooled_equal_year,56,Belgium,E018,1,0.7957962175699046
pooled_equal_year,56,Belgium,E018,2,0.14402389919211847
pooled_equal_year,56,Belgium,E018,3,0.06017988323797697
pooled_equal_year,56,Belgium,E025,1,0.5859411599865746
pooled_equal_year,56,Belgium,E025,2,0.25527883240733523
pooled_equal_year,56,Belgium,E025,3,0.15878000760609018
pooled_equal_year,56,Belgium,F063,1,0.277993072222853
pooled_equal_year,56,Belgium,F063,10,0.08640611021001662
pooled_equal_year,56,Belgium,F063,2,0.07075073592991381
pooled_equal_year,56,Belgium,F063,3,0.06715976699448738
pooled_equal_year,56,Belgium,F063,4,0.05313937487201542
pooled_equal_year,56,Belgium,F063,5,0.11822998370250579
pooled_equal_year,56,Belgium,F063,6,0.09442647514126573
pooled_equal_year,56,Belgium,F063,7,0.08604670598713851
pooled_equal_year,56,Belgium,F063,8,0.0973430917528051
pooled_equal_year,56,Belgium,F063,9,0.04850468318699864
pooled_equal_year,56,Belgium,F118,1,0.1592231689292274
pooled_equal_year,56,Belgium,F118,10,0.1700999080555395
pooled_equal_year,56,Belgium,F118,2,0.04562947682857228
pooled_equal_year,56,Belgium,F118,3,0.04997073158088903
pooled_equal_year,56,Belgium,F118,4,0.04251577135778866
pooled_equal_year,56,Belgium,F118,5,0.20723192721115166
pooled_equal_year,56,Belgium,F118,6,0.058479821990694
pooled_equal_year,56,Belgium,F118,7,0.08722737601138611
pooled_equal_year,56,Belgium,F118,8,0.12244353640392305
pooled_equal_year,56,Belgium,F118,9,0.05717828163082831
pooled_equal_year,56,Belgium,F120,1,0.16283130205089863
pooled_equal_year,56,Belgium,F120,10,0.06076894447162475
pooled_equal_year,56,Belgium,F120,2,0.058963880926152575
pooled_equal_year,56,Belgium,F120,3,0.08677355270484631
pooled_equal_year,56,Belgium,F120,4,0.061217708441058505
pooled_equal_year,56,Belgium,F120,5,0.245133176494996
pooled_equal_year,56,Belgium,F120,6,0.07996667151976974
pooled_equal_year,56,Belgium,F120,7,0.09851453594054359
pooled_equal_year,56,Belgium,F120,8,0.10839077409026734
pooled_equal_year,56,Belgium,F120,9,0.03743945335984253
pooled_equal_year,56,Belgium,G006,1,0.30659440861956844
pooled_equal_year,56,Belgium,G006,2,0.5740060709253146
pooled_equal_year,56,Belgium,G006,3,0.09723217618297113
pooled_equal_year,56,Belgium,G006,4,0.022167344272145693
pooled_equal_year,56,Belgium,Y002,1,0.19514418978893852
pooled_equal_year,56,Belgium,Y002,2,0.5929747579329205
pooled_equal_year,56,Belgium,Y002,3,0.211881052278141
pooled_equal_year,68,Bolivia,A008,1,0.3736050460941291
pooled_equal_year,68,Bolivia,A008,2,0.3585638039786511
pooled_equal_year,68,Bolivia,A008,3,0.25084910237748664
pooled_equal_year,68,Bolivia,A008,4,0.016982047549733138
pooled_equal_year,68,Bolivia,A165,1,0.08597948216902784
pooled_equal_year,68,Bolivia,A165,2,0.9140205178309722
pooled_equal_year,68,Bolivia,E018,1,0.895609756097561
pooled_equal_year,68,Bolivia,E018,2,0.07707317073170732
pooled_equal_year,68,Bolivia,E018,3,0.027317073170731707
pooled_equal_year,68,Bolivia,E025,1,0.12418627941912869
pooled_equal_year,68,Bolivia,E025,2,0.38607911867801703
pooled_equal_year,68,Bolivia,E025,3,0.4897346019028543
pooled_equal_year,68,Bolivia,F063,1,0.010653753026634382
pooled_equal_year,68,Bolivia,F063,10,0.735593220338983
pooled_equal_year,68,Bolivia,F063,2,0.006779661016949152
pooled_equal_year,68,Bolivia,F063,3,0.005326876513317191
pooled_equal_year,68,Bolivia,F063,4,0.006295399515738499
pooled_equal_year,68,Bolivia,F063,5,0.02711864406779661
pooled_equal_year,68,Bolivia,F063,6,0.01646489104116223
pooled_equal_year,68,Bolivia,F063,7,0.03438256658595642
pooled_equal_year,68,Bolivia,F063,8,0.07312348668280871
pooled_equal_year,68,Bolivia,F063,9,0.08426150121065375
pooled_equal_year,68,Bolivia,F118,1,0.46382978723404256
pooled_equal_year,68,Bolivia,F118,10,0.05159574468085106
pooled_equal_year,68,Bolivia,F118,2,0.08244680851063829
pooled_equal_year,68,Bolivia,F118,3,0.05319148936170213
pooled_equal_year,68,Bolivia,F118,4,0.05425531914893617
pooled_equal_year,68,Bolivia,F118,5,0.14893617021276595
pooled_equal_year,68,Bolivia,F118,6,0.05851063829787234
pooled_equal_year,68,Bolivia,F118,7,0.03404255319148936
pooled_equal_year,68,Bolivia,F118,8,0.032446808510638296
pooled_equal_year,68,Bolivia,F118,9,0.02074468085106383
pooled_equal_year,68,Bolivia,F120,1,0.6630648330058939
pooled_equal_year,68,Bolivia,F120,10,0.026522593320235755
pooled_equal_year,68,Bolivia,F120,2,0.08546168958742632
pooled_equal_year,68,Bolivia,F120,3,0.0481335952848723
pooled_equal_year,68,Bolivia,F120,4,0.028978388998035363
pooled_equal_year,68,Bolivia,F120,5,0.06925343811394892
pooled_equal_year,68,Bolivia,F120,6,0.029469548133595286
pooled_equal_year,68,Bolivia,F120,7,0.016208251473477406
pooled_equal_year,68,Bolivia,F120,8,0.021611001964636542
pooled_equal_year,68,Bolivia,F120,9,0.011296660117878193
pooled_equal_year,68,Bolivia,G006,1,0.764934434191355
pooled_equal_year,68,Bolivia,G006,2,0.14424477901894123
pooled_equal_year,68,Bolivia,G006,3,0.0796503156872268
pooled_equal_year,68,Bolivia,G006,4,0.011170471102476931
pooled_equal_year,68,Bolivia,Y002,1,0.215
pooled_equal_year,68,Bolivia,Y002,2,0.599
pooled_equal_year,68,Bolivia,Y002,3,0.186
pooled_equal_year,70,Bosnia Herzegovina,A008,1,0.25534147252141726
pooled_equal_year,70,Bosnia Herzegovina,A008,2,0.6113447300818502
pooled_equal_year,70,Bosnia Herzegovina,A008,3,0.11273139516512357
pooled_equal_year,70,Bosnia Herzegovina,A008,4,0.020582402231609027
pooled_equal_year,70,Bosnia Herzegovina,A165,1,0.181377430698374
pooled_equal_year,70,Bosnia Herzegovina,A165,2,0.818622569301626
pooled_equal_year,70,Bosnia Herzegovina,E018,1,0.6502801237063088
pooled_equal_year,70,Bosnia Herzegovina,E018,2,0.18603429149738082
pooled_equal_year,70,Bosnia Herzegovina,E018,3,0.16368558479631026
pooled_equal_year,70,Bosnia Herzegovina,E025,1,0.2786051685691324
pooled_equal_year,70,Bosnia Herzegovina,E025,2,0.49254413224044385
pooled_equal_year,70,Bosnia Herzegovina,E025,3,0.2288506991904236
pooled_equal_year,70,Bosnia Herzegovina,F063,1,0.02867608116307007
pooled_equal_year,70,Bosnia Herzegovina,F063,10,0.5077387933339932
pooled_equal_year,70,Bosnia Herzegovina,F063,2,0.01649193098452291
pooled_equal_year,70,Bosnia Herzegovina,F063,3,0.014958002614561938
pooled_equal_year,70,Bosnia Herzegovina,F063,4,0.022447248981484296
pooled_equal_year,70,Bosnia Herzegovina,F063,5,0.07053359000606807
pooled_equal_year,70,Bosnia Herzegovina,F063,6,0.048458521667379614
pooled_equal_year,70,Bosnia Herzegovina,F063,7,0.08738431734475385
pooled_equal_year,70,Bosnia Herzegovina,F063,8,0.10911612494272784
pooled_equal_year,70,Bosnia Herzegovina,F063,9,0.09419538896143811
pooled_equal_year,70,Bosnia Herzegovina,F118,1,0.8165058608038359
pooled_equal_year,70,Bosnia Herzegovina,F118,10,0.02326977865201516
pooled_equal_year,70,Bosnia Herzegovina,F118,2,0.042989279450774215
pooled_equal_year,70,Bosnia Herzegovina,F118,3,0.024427459304131673
pooled_equal_year,70,Bosnia Herzegovina,F118,4,0.015281279996351486
pooled_equal_year,70,Bosnia Herzegovina,F118,5,0.04479568372251547
pooled_equal_year,70,Bosnia Herzegovina,F118,6,0.01194174491562668
pooled_equal_year,70,Bosnia Herzegovina,F118,7,0.007413077410214375
pooled_equal_year,70,Bosnia Herzegovina,F118,8,0.0070247788409638755
pooled_equal_year,70,Bosnia Herzegovina,F118,9,0.0063510569035711995
pooled_equal_year,70,Bosnia Herzegovina,F120,1,0.5262483337426183
pooled_equal_year,70,Bosnia Herzegovina,F120,10,0.06500905572921636
pooled_equal_year,70,Bosnia Herzegovina,F120,2,0.053681204928440376
pooled_equal_year,70,Bosnia Herzegovina,F120,3,0.05115883930393995
pooled_equal_year,70,Bosnia Herzegovina,F120,4,0.045308766450388865
pooled_equal_year,70,Bosnia Herzegovina,F120,5,0.13929660278851808
pooled_equal_year,70,Bosnia Herzegovina,F120,6,0.03694527754882332
pooled_equal_year,70,Bosnia Herzegovina,F120,7,0.03208573297717209
pooled_equal_year,70,Bosnia Herzegovina,F120,8,0.03716851465209572
pooled_equal_year,70,Bosnia Herzegovina,F120,9,0.013097671878787008
pooled_equal_year,70,Bosnia Herzegovina,G006,1,0.29153062377635963
pooled_equal_year,70,Bosnia Herzegovina,G006,2,0.38136349132292924
pooled_equal_year,70,Bosnia Herzegovina,G006,3,0.23962077130036225
pooled_equal_year,70,Bosnia Herzegovina,G006,4,0.08748511360034891
pooled_equal_year,70,Bosnia Herzegovina,Y002,1,0.3938257287511623
pooled_equal_year,70,Bosnia Herzegovina,Y002,2,0.548626494971181
pooled_equal_year,70,Bosnia Herzegovina,Y002,3,0.057547776277656726
pooled_equal_year,76,Brazil,A008,1,0.324496169289281
pooled_equal_year,76,Brazil,A008,2,0.5846425489438869
pooled_equal_year,76,Brazil,A008,3,0.0836271920266722
pooled_equal_year,76,Brazil,A008,4,0.007234089740159895
pooled_equal_year,76,Brazil,A165,1,0.07715076646010081
pooled_equal_year,76,Brazil,A165,2,0.9228492335398992
pooled_equal_year,76,Brazil,E018,1,0.7633226965164108
pooled_equal_year,76,Brazil,E018,2,0.18060980799781712
pooled_equal_year,76,Brazil,E018,3,0.056067495485772036
pooled_equal_year,76,Brazil,E025,1,0.5009257763352435
pooled_equal_year,76,Brazil,E025,2,0.29203556405973113
pooled_equal_year,76,Brazil,E025,3,0.20703865960502546
pooled_equal_year,76,Brazil,F063,1,0.01497265921207578
pooled_equal_year,76,Brazil,F063,10,0.8474629133226524
pooled_equal_year,76,Brazil,F063,2,0.00447174506208588
pooled_equal_year,76,Brazil,F063,3,0.00523412097800077
pooled_equal_year,76,Brazil,F063,4,0.010060118249291114
pooled_equal_year,76,Brazil,F063,5,0.028504058930765838
pooled_equal_year,76,Brazil,F063,6,0.015286593739620352
pooled_equal_year,76,Brazil,F063,7,0.019255072369293812
pooled_equal_year,76,Brazil,F063,8,0.028647216706936204
pooled_equal_year,76,Brazil,F063,9,0.026105501429277835
pooled_equal_year,76,Brazil,F118,1,0.34089146819873734
pooled_equal_year,76,Brazil,F118,10,0.1615444896213163
pooled_equal_year,76,Brazil,F118,2,0.040474045409581404
pooled_equal_year,76,Brazil,F118,3,0.0372501293581188
pooled_equal_year,76,Brazil,F118,4,0.037487064582224554
pooled_equal_year,76,Brazil,F118,5,0.21393666758067398
pooled_equal_year,76,Brazil,F118,6,0.05319805418041676
pooled_equal_year,76,Brazil,F118,7,0.039952652238499385
pooled_equal_year,76,Brazil,F118,8,0.04757185873473213
pooled_equal_year,76,Brazil,F118,9,0.02769357009569941
pooled_equal_year,76,Brazil,F120,1,0.6703933619279453
pooled_equal_year,76,Brazil,F120,10,0.04112183638277634
pooled_equal_year,76,Brazil,F120,2,0.04823087112442052
pooled_equal_year,76,Brazil,F120,3,0.03906803162603758
pooled_equal_year,76,Brazil,F120,4,0.028155327103373328
pooled_equal_year,76,Brazil,F120,5,0.10349240766703947
pooled_equal_year,76,Brazil,F120,6,0.02106813565581554
pooled_equal_year,76,Brazil,F120,7,0.022942147587466225
pooled_equal_year,76,Brazil,F120,8,0.018669385114879977
pooled_equal_year,76,Brazil,F120,9,0.0068584958102456415
pooled_equal_year,76,Brazil,G006,1,0.32845116572174676
pooled_equal_year,76,Brazil,G006,2,0.41929423349271905
pooled_equal_year,76,Brazil,G006,3,0.17853523647432423
pooled_equal_year,76,Brazil,G006,4,0.07371936431121003
pooled_equal_year,76,Brazil,Y002,1,0.3128972716355116
pooled_equal_year,76,Brazil,Y002,2,0.5765921935435157
pooled_equal_year,76,Brazil,Y002,3,0.11051053482097267
pooled_equal_year,100,Bulgaria,A008,1,0.13949261515465386
pooled_equal_year,100,Bulgaria,A008,2,0.45736727138487926
pooled_equal_year,100,Bulgaria,A008,3,0.3237748421423721
pooled_equal_year,100,Bulgaria,A008,4,0.07936527131809475
pooled_equal_year,100,Bulgaria,A165,1,0.1926695337747524
pooled_equal_year,100,Bulgaria,A165,2,0.8073304662252476
pooled_equal_year,100,Bulgaria,E018,1,0.5339447721038558
pooled_equal_year,100,Bulgaria,E018,2,0.3678229656806056
pooled_equal_year,100,Bulgaria,E018,3,0.0982322622155386
pooled_equal_year,100,Bulgaria,E025,1,0.12003463214856575
pooled_equal_year,100,Bulgaria,E025,2,0.30141233902784476
pooled_equal_year,100,Bulgaria,E025,3,0.5785530288235895
pooled_equal_year,100,Bulgaria,F063,1,0.11610249846145727
pooled_equal_year,100,Bulgaria,F063,10,0.17941761132216802
pooled_equal_year,100,Bulgaria,F063,2,0.06134836452422853
pooled_equal_year,100,Bulgaria,F063,3,0.06923138962189761
pooled_equal_year,100,Bulgaria,F063,4,0.0579881679407401
pooled_equal_year,100,Bulgaria,F063,5,0.1620728260827846
pooled_equal_year,100,Bulgaria,F063,6,0.09545069906660952
pooled_equal_year,100,Bulgaria,F063,7,0.09259057904997002
pooled_equal_year,100,Bulgaria,F063,8,0.09696976178410266
pooled_equal_year,100,Bulgaria,F063,9,0.06882810214604175
pooled_equal_year,100,Bulgaria,F118,1,0.509902985149751
pooled_equal_year,100,Bulgaria,F118,10,0.046897091776220895
pooled_equal_year,100,Bulgaria,F118,2,0.0598153262563465
pooled_equal_year,100,Bulgaria,F118,3,0.05574599139158146
pooled_equal_year,100,Bulgaria,F118,4,0.05235356424492146
pooled_equal_year,100,Bulgaria,F118,5,0.13667984607397654
pooled_equal_year,100,Bulgaria,F118,6,0.05448679616164521
pooled_equal_year,100,Bulgaria,F118,7,0.0386406804263758
pooled_equal_year,100,Bulgaria,F118,8,0.0291369205478334
pooled_equal_year,100,Bulgaria,F118,9,0.016340797971347732
pooled_equal_year,100,Bulgaria,F120,1,0.21208191270809215
pooled_equal_year,100,Bulgaria,F120,10,0.10227237448327857
pooled_equal_year,100,Bulgaria,F120,2,0.042582430699153816
pooled_equal_year,100,Bulgaria,F120,3,0.052253511010755864
pooled_equal_year,100,Bulgaria,F120,4,0.07004379609328647
pooled_equal_year,100,Bulgaria,F120,5,0.2257042699843038
pooled_equal_year,100,Bulgaria,F120,6,0.08861353801843581
pooled_equal_year,100,Bulgaria,F120,7,0.07613746404037919
pooled_equal_year,100,Bulgaria,F120,8,0.07470861870984473
pooled_equal_year,100,Bulgaria,F120,9,0.05560208425246967
pooled_equal_year,100,Bulgaria,G006,1,0.42946138958176094
pooled_equal_year,100,Bulgaria,G006,2,0.3917668431873504
pooled_equal_year,100,Bulgaria,G006,3,0.14090212446453926
pooled_equal_year,100,Bulgaria,G006,4,0.03786964276634943
pooled_equal_year,100,Bulgaria,Y002,1,0.4866042700949349
pooled_equal_year,100,Bulgaria,Y002,2,0.4939859517720891
pooled_equal_year,100,Bulgaria,Y002,3,0.019409778132975928
pooled_equal_year,104,Myanmar,A008,1,0.3333333333333333
pooled_equal_year,104,Myanmar,A008,2,0.5425
pooled_equal_year,104,Myanmar,A008,3,0.09
pooled_equal_year,104,Myanmar,A008,4,0.034166666666666665
pooled_equal_year,104,Myanmar,A165,1,0.15083333333333335
pooled_equal_year,104,Myanmar,A165,2,0.8491666666666666
pooled_equal_year,104,Myanmar,E018,1,0.4275
pooled_equal_year,104,Myanmar,E018,2,0.0925
pooled_equal_year,104,Myanmar,E018,3,0.48
pooled_equal_year,104,Myanmar,E025,1,0.045099739809193407
pooled_equal_year,104,Myanmar,E025,2,0.17606244579358196
pooled_equal_year,104,Myanmar,E025,3,0.7788378143972247
pooled_equal_year,104,Myanmar,F063,1,0.0033333333333333335
pooled_equal_year,104,Myanmar,F063,10,0.8816666666666667
pooled_equal_year,104,Myanmar,F063,2,0.0016666666666666668
pooled_equal_year,104,Myanmar,F063,3,0.0025
pooled_equal_year,104,Myanmar,F063,4,0.0025
pooled_equal_year,104,Myanmar,F063,5,0.005833333333333334
pooled_equal_year,104,Myanmar,F063,6,0.011666666666666667
pooled_equal_year,104,Myanmar,F063,7,0.010833333333333334
pooled_equal_year,104,Myanmar,F063,8,0.030833333333333334
pooled_equal_year,104,Myanmar,F063,9,0.049166666666666664
pooled_equal_year,104,Myanmar,F118,1,0.7639699749791493
pooled_equal_year,104,Myanmar,F118,10,0.0025020850708924102
pooled_equal_year,104,Myanmar,F118,2,0.05170975813177648
pooled_equal_year,104,Myanmar,F118,3,0.045037531276063386
pooled_equal_year,104,Myanmar,F118,4,0.027522935779816515
pooled_equal_year,104,Myanmar,F118,5,0.08590492076730609
pooled_equal_year,104,Myanmar,F118,6,0.015012510425354461
pooled_equal_year,104,Myanmar,F118,7,0.003336113427856547
pooled_equal_year,104,Myanmar,F118,8,0.004170141784820684
pooled_equal_year,104,Myanmar,F118,9,0.0008340283569641367
pooled_equal_year,104,Myanmar,F120,1,0.8448707256046706
pooled_equal_year,104,Myanmar,F120,10,0.0008340283569641367
pooled_equal_year,104,Myanmar,F120,2,0.04837364470391994
pooled_equal_year,104,Myanmar,F120,3,0.027522935779816515
pooled_equal_year,104,Myanmar,F120,4,0.021684737281067557
pooled_equal_year,104,Myanmar,F120,5,0.05254378648874062
pooled_equal_year,104,Myanmar,F120,6,0.0016680567139282735
pooled_equal_year,104,Myanmar,F120,7,0.0016680567139282735
pooled_equal_year,104,Myanmar,F120,8,0.0008340283569641367
pooled_equal_year,104,Myanmar,F120,9,0.0
pooled_equal_year,104,Myanmar,G006,1,0.855
pooled_equal_year,104,Myanmar,G006,2,0.1275
pooled_equal_year,104,Myanmar,G006,3,0.013333333333333334
pooled_equal_year,104,Myanmar,G006,4,0.004166666666666667
pooled_equal_year,104,Myanmar,Y002,1,0.2683333333333333
pooled_equal_year,104,Myanmar,Y002,2,0.5766666666666667
pooled_equal_year,104,Myanmar,Y002,3,0.155
pooled_equal_year,112,Belarus,A008,1,0.1496576109372579
pooled_equal_year,112,Belarus,A008,2,0.6519288480347988
pooled_equal_year,112,Belarus,A008,3,0.17566145555973167
pooled_equal_year,112,Belarus,A008,4,0.022752085468211638
pooled_equal_year,112,Belarus,A165,1,0.4094507524132287
pooled_equal_year,112,Belarus,A165,2,0.5905492475867713
pooled_equal_year,112,Belarus,E018,1,0.543252924916212
pooled_equal_year,112,Belarus,E018,2,0.3791745526133925
pooled_equal_year,112,Belarus,E018,3,0.07757252247039538
pooled_equal_year,112,Belarus,E025,1,0.07827485593976062
pooled_equal_year,112,Belarus,E025,2,0.22276974739017238
pooled_equal_year,112,Belarus,E025,3,0.698955396670067
pooled_equal_year,112,Belarus,F063,1,0.08211359108239015
pooled_equal_year,112,Belarus,F063,10,0.16792741971050396
pooled_equal_year,112,Belarus,F063,2,0.04308209268364153
pooled_equal_year,112,Belarus,F063,3,0.06762259615819721
pooled_equal_year,112,Belarus,F063,4,0.05467815055403894
pooled_equal_year,112,Belarus,F063,5,0.15018471365259914
pooled_equal_year,112,Belarus,F063,6,0.0926570372558102
pooled_equal_year,112,Belarus,F063,7,0.1280621357983239
pooled_equal_year,112,Belarus,F063,8,0.13328249408275816
pooled_equal_year,112,Belarus,F063,9,0.08038976902173682
pooled_equal_year,112,Belarus,F118,1,0.5876711013950865
pooled_equal_year,112,Belarus,F118,10,0.024147623059327262
pooled_equal_year,112,Belarus,F118,2,0.0863690657087516
pooled_equal_year,112,Belarus,F118,3,0.06916210931344412
pooled_equal_year,112,Belarus,F118,4,0.05177759442978622
pooled_equal_year,112,Belarus,F118,5,0.09663776594628759
pooled_equal_year,112,Belarus,F118,6,0.03018321887003882
pooled_equal_year,112,Belarus,F118,7,0.02531518927090262
pooled_equal_year,112,Belarus,F118,8,0.01711051278662374
pooled_equal_year,112,Belarus,F118,9,0.011625819219751539
pooled_equal_year,112,Belarus,F120,1,0.28735670444629724
pooled_equal_year,112,Belarus,F120,10,0.03641958163985374
pooled_equal_year,112,Belarus,F120,2,0.07338257802412733
pooled_equal_year,112,Belarus,F120,3,0.09690361056199749
pooled_equal_year,112,Belarus,F120,4,0.08573600137503108
pooled_equal_year,112,Belarus,F120,5,0.19729308103191434
pooled_equal_year,112,Belarus,F120,6,0.07333411668473998
pooled_equal_year,112,Belarus,F120,7,0.05810501121135626
pooled_equal_year,112,Belarus,F120,8,0.058675264220320905
pooled_equal_year,112,Belarus,F120,9,0.03279405080436168
pooled_equal_year,112,Belarus,G006,1,0.34924534386453693
pooled_equal_year,112,Belarus,G006,2,0.51812819802753
pooled_equal_year,112,Belarus,G006,3,0.10011765979903547
pooled_equal_year,112,Belarus,G006,4,0.03250879830889762
pooled_equal_year,112,Belarus,Y002,1,0.4304580154295315
pooled_equal_year,112,Belarus,Y002,2,0.5033397824277274
pooled_equal_year,112,Belarus,Y002,3,0.06620220214274113
pooled_equal_year,124,Canada,A008,1,0.3296015580726822
pooled_equal_year,124,Canada,A008,2,0.5728483864219542
pooled_equal_year,124,Canada,A008,3,0.08560391974205381
pooled_equal_year,124,Canada,A008,4,0.011946135763309707
pooled_equal_year,124,Canada,A165,1,0.4474598837027657
pooled_equal_year,124,Canada,A165,2,0.5525401162972343
pooled_equal_year,124,Canada,E018,1,0.5685580974693106
pooled_equal_year,124,Canada,E018,2,0.33166337527190975
pooled_equal_year,124,Canada,E018,3,0.09977852725877961
pooled_equal_year,124,Canada,E025,1,0.7135619738198751
pooled_equal_year,124,Canada,E025,2,0.21378255097218912
pooled_equal_year,124,Canada,E025,3,0.07265547520793572
pooled_equal_year,124,Canada,F063,1,0.18973123241279632
pooled_equal_year,124,Canada,F063,10,0.26510592070713046
pooled_equal_year,124,Canada,F063,2,0.05801470498341174
pooled_equal_year,124,Canada,F063,3,0.05371985197767328
pooled_equal_year,124,Canada,F063,4,0.03255263794854915
pooled_equal_year,124,Canada,F063,5,0.08299451834722046
pooled_equal_year,124,Canada,F063,6,0.06218714476084236
pooled_equal_year,124,Canada,F063,7,0.08730355269341214
pooled_equal_year,124,Canada,F063,8,0.10165290110348646
pooled_equal_year,124,Canada,F063,9,0.06673753506547751
pooled_equal_year,124,Canada,F118,1,0.13505097893867782
pooled_equal_year,124,Canada,F118,10,0.3307765169356271
pooled_equal_year,124,Canada,F118,2,0.025316385845777258
pooled_equal_year,124,Canada,F118,3,0.022769815916818342
pooled_equal_year,124,Canada,F118,4,0.026208545596366407
pooled_equal_year,124,Canada,F118,5,0.18228406516178253
pooled_equal_year,124,Canada,F118,6,0.059832521022097615
pooled_equal_year,124,Canada,F118,7,0.058447970704591096
pooled_equal_year,124,Canada,F118,8,0.09216549546933794
pooled_equal_year,124,Canada,F118,9,0.06714770440892391
pooled_equal_year,124,Canada,F120,1,0.17280524462523492
pooled_equal_year,124,Canada,F120,10,0.13360950695742102
pooled_equal_year,124,Canada,F120,2,0.03991801542814199
pooled_equal_year,124,Canada,F120,3,0.04693500369529563
pooled_equal_year,124,Canada,F120,4,0.03832238557812938
pooled_equal_year,124,Canada,F120,5,0.20190085261076235
pooled_equal_year,124,Canada,F120,6,0.07577734422196628
pooled_equal_year,124,Canada,F120,7,0.09792646337018068
pooled_equal_year,124,Canada,F120,8,0.12587127743935878
pooled_equal_year,124,Canada,F120,9,0.06693390607350894
pooled_equal_year,124,Canada,G006,1,0.6090199043216766
pooled_equal_year,124,Canada,G006,2,0.32086709352247567
pooled_equal_year,124,Canada,G006,3,0.05580266336103952
pooled_equal_year,124,Canada,G006,4,0.014310338794808194
pooled_equal_year,124,Canada,Y002,1,0.1277967606913254
pooled_equal_year,124,Canada,Y002,2,0.5968847784739861
pooled_equal_year,124,Canada,Y002,3,0.27531846083468847
pooled_equal_year,152,Chile,A008,1,0.27191059860707545
pooled_equal_year,152,Chile,A008,2,0.5549221953208411
pooled_equal_year,152,Chile,A008,3,0.1621838649096395
pooled_equal_year,152,Chile,A008,4,0.01098334116244401
pooled_equal_year,152,Chile,A165,1,0.12838198499422174
pooled_equal_year,152,Chile,A165,2,0.8716180150057782
pooled_equal_year,152,Chile,E018,1,0.6292725999247653
pooled_equal_year,152,Chile,E018,2,0.2975940718736452
pooled_equal_year,152,Chile,E018,3,0.07313332820158958
pooled_equal_year,152,Chile,E025,1,0.16416753246496327
pooled_equal_year,152,Chile,E025,2,0.2871373838289419
pooled_equal_year,152,Chile,E025,3,0.5486950837060949
pooled_equal_year,152,Chile,F063,1,0.03506208780790148
pooled_equal_year,152,Chile,F063,10,0.41996939029885433
pooled_equal_year,152,Chile,F063,2,0.017438134600739338
pooled_equal_year,152,Chile,F063,3,0.02608431307834877
pooled_equal_year,152,Chile,F063,4,0.04022986542892642
pooled_equal_year,152,Chile,F063,5,0.0811572321700746
pooled_equal_year,152,Chile,F063,6,0.07149517966816532
pooled_equal_year,152,Chile,F063,7,0.08350771924112603
pooled_equal_year,152,Chile,F063,8,0.13093143394842569
pooled_equal_year,152,Chile,F063,9,0.09412464375743802
pooled_equal_year,152,Chile,F118,1,0.20778510362992678
pooled_equal_year,152,Chile,F118,10,0.14484769583331894
pooled_equal_year,152,Chile,F118,2,0.04455760225773245
pooled_equal_year,152,Chile,F118,3,0.051384993026782864
pooled_equal_year,152,Chile,F118,4,0.08178797250781782
pooled_equal_year,152,Chile,F118,5,0.19096040752975108
pooled_equal_year,152,Chile,F118,6,0.08676635970553825
pooled_equal_year,152,Chile,F118,7,0.07522101053507307
pooled_equal_year,152,Chile,F118,8,0.07436387403126891
pooled_equal_year,152,Chile,F118,9,0.04232498094278984
pooled_equal_year,152,Chile,F120,1,0.475541183334615
pooled_equal_year,152,Chile,F120,10,0.05000255338070197
pooled_equal_year,152,Chile,F120,2,0.07956116771262949
pooled_equal_year,152,Chile,F120,3,0.06856102001285959
pooled_equal_year,152,Chile,F120,4,0.0633229435884991
pooled_equal_year,152,Chile,F120,5,0.11377947227399043
pooled_equal_year,152,Chile,F120,6,0.0478169308723741
pooled_equal_year,152,Chile,F120,7,0.040843577992211465
pooled_equal_year,152,Chile,F120,8,0.04166212921159083
pooled_equal_year,152,Chile,F120,9,0.018909021620528054
pooled_equal_year,152,Chile,G006,1,0.4774075025008429
pooled_equal_year,152,Chile,G006,2,0.41049374741917277
pooled_equal_year,152,Chile,G006,3,0.07555924551557727
pooled_equal_year,152,Chile,G006,4,0.03653950456440707
pooled_equal_year,152,Chile,Y002,1,0.26658408331905314
pooled_equal_year,152,Chile,Y002,2,0.5992457115396672
pooled_equal_year,152,Chile,Y002,3,0.13417020514127967
pooled_equal_year,156,China,A008,1,0.20731426259481592
pooled_equal_year,156,China,A008,2,0.6315599284051013
pooled_equal_year,156,China,A008,3,0.140535009199081
pooled_equal_year,156,China,A008,4,0.020590799801001643
pooled_equal_year,156,China,A165,1,0.5990981277355707
pooled_equal_year,156,China,A165,2,0.40090187226442925
pooled_equal_year,156,China,E018,1,0.5751518217318846
pooled_equal_year,156,China,E018,2,0.25873165388453095
pooled_equal_year,156,China,E018,3,0.1661165243835845
pooled_equal_year,156,China,E025,1,0.0647470601427211
pooled_equal_year,156,China,E025,2,0.43779243292472275
pooled_equal_year,156,China,E025,3,0.49746050693255617
pooled_equal_year,156,China,F063,1,0.41677145185201425
pooled_equal_year,156,China,F063,10,0.03358533105752024
pooled_equal_year,156,China,F063,2,0.1378132100149003
pooled_equal_year,156,China,F063,3,0.09666695236593381
pooled_equal_year,156,China,F063,4,0.044761932769863615
pooled_equal_year,156,China,F063,5,0.08691368681833471
pooled_equal_year,156,China,F063,6,0.05831966748228401
pooled_equal_year,156,China,F063,7,0.051082704466606545
pooled_equal_year,156,China,F063,8,0.05154625667470169
pooled_equal_year,156,China,F063,9,0.0225388064978409
pooled_equal_year,156,China,F118,1,0.6911627125657415
pooled_equal_year,156,China,F118,10,0.025957262043096757
pooled_equal_year,156,China,F118,2,0.1026342767780599
pooled_equal_year,156,China,F118,3,0.059411160917327434
pooled_equal_year,156,China,F118,4,0.025268975707844827
pooled_equal_year,156,China,F118,5,0.04286055863362597
pooled_equal_year,156,China,F118,6,0.02119868578453756
pooled_equal_year,156,China,F118,7,0.01158152576020755
pooled_equal_year,156,China,F118,8,0.013604624750192848
pooled_equal_year,156,China,F118,9,0.006320217059365703
pooled_equal_year,156,China,F120,1,0.5924985226069973
pooled_equal_year,156,China,F120,10,0.01896691474855829
pooled_equal_year,156,China,F120,2,0.10088313085633849
pooled_equal_year,156,China,F120,3,0.07302415037231663
pooled_equal_year,156,China,F120,4,0.049888898929935734
pooled_equal_year,156,China,F120,5,0.06752705786045897
pooled_equal_year,156,China,F120,6,0.039248565927115474
pooled_equal_year,156,China,F120,7,0.025077267530140123
pooled_equal_year,156,China,F120,8,0.025194787413184417
pooled_equal_year,156,China,F120,9,0.007690703754954655
pooled_equal_year,156,China,G006,1,0.30271872631747576
pooled_equal_year,156,China,G006,2,0.5677905453825427
pooled_equal_year,156,China,G006,3,0.10932936194837205
pooled_equal_year,156,China,G006,4,0.02016136635160946
pooled_equal_year,156,China,Y002,1,0.5100213785460291
pooled_equal_year,156,China,Y002,2,0.45026324975355564
pooled_equal_year,156,China,Y002,3,0.03971537170041531
pooled_equal_year,158,Taiwan ROC,A008,1,0.24596635366663752
pooled_equal_year,158,Taiwan ROC,A008,2,0.6429203719548063
pooled_equal_year,158,Taiwan ROC,A008,3,0.0914449708222559
pooled_equal_year,158,Taiwan ROC,A008,4,0.019668303556300098
pooled_equal_year,158,Taiwan ROC,A165,1,0.2863239691051532
pooled_equal_year,158,Taiwan ROC,A165,2,0.7136760308948468
pooled_equal_year,158,Taiwan ROC,E018,1,0.2457486026810433
pooled_equal_year,158,Taiwan ROC,E018,2,0.2383657411611121
pooled_equal_year,158,Taiwan ROC,E018,3,0.5158856561578447
pooled_equal_year,158,Taiwan ROC,E025,1,0.1463906450982566
pooled_equal_year,158,Taiwan ROC,E025,2,0.28724683228164793
pooled_equal_year,158,Taiwan ROC,E025,3,0.5663625226200955
pooled_equal_year,158,Taiwan ROC,F063,1,0.04861390715789456
pooled_equal_year,158,Taiwan ROC,F063,10,0.12065134016517792
pooled_equal_year,158,Taiwan ROC,F063,2,0.036400615994865444
pooled_equal_year,158,Taiwan ROC,F063,3,0.06737414188132786
pooled_equal_year,158,Taiwan ROC,F063,4,0.04030986964967803
pooled_equal_year,158,Taiwan ROC,F063,5,0.21033362959607563
pooled_equal_year,158,Taiwan ROC,F063,6,0.16155781075234688
pooled_equal_year,158,Taiwan ROC,F063,7,0.1287363549434137
pooled_equal_year,158,Taiwan ROC,F063,8,0.13505262261018056
pooled_equal_year,158,Taiwan ROC,F063,9,0.050969707249039375
pooled_equal_year,158,Taiwan ROC,F118,1,0.3074975846143735
pooled_equal_year,158,Taiwan ROC,F118,10,0.07113242855141146
pooled_equal_year,158,Taiwan ROC,F118,2,0.05425205754373136
pooled_equal_year,158,Taiwan ROC,F118,3,0.06932784477059997
pooled_equal_year,158,Taiwan ROC,F118,4,0.039475755454452595
pooled_equal_year,158,Taiwan ROC,F118,5,0.23637696534640296
pooled_equal_year,158,Taiwan ROC,F118,6,0.0681513714724007
pooled_equal_year,158,Taiwan ROC,F118,7,0.05351882905632699
pooled_equal_year,158,Taiwan ROC,F118,8,0.06782544210988853
pooled_equal_year,158,Taiwan ROC,F118,9,0.0324417210804119
pooled_equal_year,158,Taiwan ROC,F120,1,0.3194337135660028
pooled_equal_year,158,Taiwan ROC,F120,10,0.01972027778144012
pooled_equal_year,158,Taiwan ROC,F120,2,0.09748176395527515
pooled_equal_year,158,Taiwan ROC,F120,3,0.13062169719756855
pooled_equal_year,158,Taiwan ROC,F120,4,0.069268008463213
pooled_equal_year,158,Taiwan ROC,F120,5,0.21811898100287597
pooled_equal_year,158,Taiwan ROC,F120,6,0.06557065378988124
pooled_equal_year,158,Taiwan ROC,F120,7,0.03552920825351038
pooled_equal_year,158,Taiwan ROC,F120,8,0.034494864546707894
pooled_equal_year,158,Taiwan ROC,F120,9,0.009760831443524813
pooled_equal_year,158,Taiwan ROC,G006,1,0.16372206553303567
pooled_equal_year,158,Taiwan ROC,G006,2,0.5400349048937391
pooled_equal_year,158,Taiwan ROC,G006,3,0.22850833973688925
pooled_equal_year,158,Taiwan ROC,G006,4,0.06773468983633603
pooled_equal_year,158,Taiwan ROC,Y002,1,0.48417430014625024
pooled_equal_year,158,Taiwan ROC,Y002,2,0.44745680401816657
pooled_equal_year,158,Taiwan ROC,Y002,3,0.0683688958355832
pooled_equal_year,170,Colombia,A008,1,0.542259545087388
pooled_equal_year,170,Colombia,A008,2,0.3513275100114526
pooled_equal_year,170,Colombia,A008,3,0.09727904854867818
pooled_equal_year,170,Colombia,A008,4,0.00913389635248121
pooled_equal_year,170,Colombia,A165,1,0.07712381058059894
pooled_equal_year,170,Colombia,A165,2,0.9228761894194011
pooled_equal_year,170,Colombia,E018,1,0.8791772868875672
pooled_equal_year,170,Colombia,E018,2,0.0879101755761864
pooled_equal_year,170,Colombia,E018,3,0.03291253753624634
pooled_equal_year,170,Colombia,E025,1,0.22979417925355736
pooled_equal_year,170,Colombia,E025,2,0.4114672229775484
pooled_equal_year,170,Colombia,E025,3,0.3587385977688942
pooled_equal_year,170,Colombia,F063,1,0.015522759339154993
pooled_equal_year,170,Colombia,F063,10,0.8538599143265593
pooled_equal_year,170,Colombia,F063,2,0.003087748830092019
pooled_equal_year,170,Colombia,F063,3,0.003747095873196469
pooled_equal_year,170,Colombia,F063,4,0.003639625209782968
pooled_equal_year,170,Colombia,F063,5,0.010366999249657956
pooled_equal_year,170,Colombia,F063,6,0.009805573592001222
pooled_equal_year,170,Colombia,F063,7,0.013243401089491985
pooled_equal_year,170,Colombia,F063,8,0.031088655574349724
pooled_equal_year,170,Colombia,F063,9,0.055638226915713386
pooled_equal_year,170,Colombia,F118,1,0.45264233024706013
pooled_equal_year,170,Colombia,F118,10,0.0931440667374349
pooled_equal_year,170,Colombia,F118,2,0.05809016739085763
pooled_equal_year,170,Colombia,F118,3,0.04764574993302345
pooled_equal_year,170,Colombia,F118,4,0.04014971198954789
pooled_equal_year,170,Colombia,F118,5,0.13826122593989162
pooled_equal_year,170,Colombia,F118,6,0.05837424857743626
pooled_equal_year,170,Colombia,F118,7,0.04239729333344792
pooled_equal_year,170,Colombia,F118,8,0.04553310540954895
pooled_equal_year,170,Colombia,F118,9,0.02376210044175121
pooled_equal_year,170,Colombia,F120,1,0.731033945122081
pooled_equal_year,170,Colombia,F120,10,0.029817624969492845
pooled_equal_year,170,Colombia,F120,2,0.06080201508742091
pooled_equal_year,170,Colombia,F120,3,0.03447231831762369
pooled_equal_year,170,Colombia,F120,4,0.02432292785215627
pooled_equal_year,170,Colombia,F120,5,0.06012745250424121
pooled_equal_year,170,Colombia,F120,6,0.02187061330482448
pooled_equal_year,170,Colombia,F120,7,0.016575918511916775
pooled_equal_year,170,Colombia,F120,8,0.013474157781874803
pooled_equal_year,170,Colombia,F120,9,0.0075030265483681325
pooled_equal_year,170,Colombia,G006,1,0.8415716768943918
pooled_equal_year,170,Colombia,G006,2,0.12050934054212559
pooled_equal_year,170,Colombia,G006,3,0.03170381212874641
pooled_equal_year,170,Colombia,G006,4,0.006215170434736162
pooled_equal_year,170,Colombia,Y002,1,0.2016049050144899
pooled_equal_year,170,Colombia,Y002,2,0.6109394638895224
pooled_equal_year,170,Colombia,Y002,3,0.18745563109598773
pooled_equal_year,191,Croatia,A008,1,0.18119648054711351
pooled_equal_year,191,Croatia,A008,2,0.6465284744263011
pooled_equal_year,191,Croatia,A008,3,0.1458898047177618
pooled_equal_year,191,Croatia,A008,4,0.026385240308823554
pooled_equal_year,191,Croatia,A165,1,0.17064056508453013
pooled_equal_year,191,Croatia,A165,2,0.8293594349154697
pooled_equal_year,191,Croatia,E018,1,0.6477560446257282
pooled_equal_year,191,Croatia,E018,2,0.20435226387861677
pooled_equal_year,191,Croatia,E018,3,0.1478916914956551
pooled_equal_year,191,Croatia,E025,1,0.4767368415020642
pooled_equal_year,191,Croatia,E025,2,0.40309281444727835
pooled_equal_year,191,Croatia,E025,3,0.12017034405065738
pooled_equal_year,191,Croatia,F063,1,0.08588877743293327
pooled_equal_year,191,Croatia,F063,10,0.3571733109810362
pooled_equal_year,191,Croatia,F063,2,0.029152775269729304
pooled_equal_year,191,Croatia,F063,3,0.04093408576079327
pooled_equal_year,191,Croatia,F063,4,0.0262128254979741
pooled_equal_year,191,Croatia,F063,5,0.11157942557355215
pooled_equal_year,191,Croatia,F063,6,0.06331524815240283
pooled_equal_year,191,Croatia,F063,7,0.09455949983501724
pooled_equal_year,191,Croatia,F063,8,0.10996617023678383
pooled_equal_year,191,Croatia,F063,9,0.0812178812597778
pooled_equal_year,191,Croatia,F118,1,0.6320765072335015
pooled_equal_year,191,Croatia,F118,10,0.08098979858451158
pooled_equal_year,191,Croatia,F118,2,0.043210713279059884
pooled_equal_year,191,Croatia,F118,3,0.03627766019220822
pooled_equal_year,191,Croatia,F118,4,0.020124287776464966
pooled_equal_year,191,Croatia,F118,5,0.10504285427630555
pooled_equal_year,191,Croatia,F118,6,0.02442276932926824
pooled_equal_year,191,Croatia,F118,7,0.021518762844539675
pooled_equal_year,191,Croatia,F118,8,0.02445401251320344
pooled_equal_year,191,Croatia,F118,9,0.011882633970936834
pooled_equal_year,191,Croatia,F120,1,0.42729508418410656
pooled_equal_year,191,Croatia,F120,10,0.08298437639585579
pooled_equal_year,191,Croatia,F120,2,0.04888763729298336
pooled_equal_year,191,Croatia,F120,3,0.051127469241084245
pooled_equal_year,191,Croatia,F120,4,0.0397443035504332
pooled_equal_year,191,Croatia,F120,5,0.17542488433170697
pooled_equal_year,191,Croatia,F120,6,0.04637008241594716
pooled_equal_year,191,Croatia,F120,7,0.048657270402832825
pooled_equal_year,191,Croatia,F120,8,0.04904552831820583
pooled_equal_year,191,Croatia,F120,9,0.030463363866844076
pooled_equal_year,191,Croatia,G006,1,0.41262228146977054
pooled_equal_year,191,Croatia,G006,2,0.4507111107754679
pooled_equal_year,191,Croatia,G006,3,0.10787539506924246
pooled_equal_year,191,Croatia,G006,4,0.028791212685519183
pooled_equal_year,191,Croatia,Y002,1,0.24860286838736345
pooled_equal_year,191,Croatia,Y002,2,0.6172977833130976
pooled_equal_year,191,Croatia,Y002,3,0.13409934829953896
pooled_equal_year,196,Cyprus,A008,1,0.3032373240730412
pooled_equal_year,196,Cyprus,A008,2,0.5380210132511252
pooled_equal_year,196,Cyprus,A008,3,0.12943261108451273
pooled_equal_year,196,Cyprus,A008,4,0.029309051591320856
pooled_equal_year,196,Cyprus,A165,1,0.0830012283115642
pooled_equal_year,196,Cyprus,A165,2,0.9169987716884357
pooled_equal_year,196,Cyprus,E018,1,0.5654091815024239
pooled_equal_year,196,Cyprus,E018,2,0.33053413025656364
pooled_equal_year,196,Cyprus,E018,3,0.10405668824101241
pooled_equal_year,196,Cyprus,E025,1,0.23049466330236562
pooled_equal_year,196,Cyprus,E025,2,0.3772590641985013
pooled_equal_year,196,Cyprus,E025,3,0.3922462724991331
pooled_equal_year,196,Cyprus,F063,1,0.020502490871760183
pooled_equal_year,196,Cyprus,F063,10,0.5184045018741734
pooled_equal_year,196,Cyprus,F063,2,0.008534660208455265
pooled_equal_year,196,Cyprus,F063,3,0.011838563420189628
pooled_equal_year,196,Cyprus,F063,4,0.012388385550934918
pooled_equal_year,196,Cyprus,F063,5,0.05510139676956757
pooled_equal_year,196,Cyprus,F063,6,0.056719046243609406
pooled_equal_year,196,Cyprus,F063,7,0.0887985184559644
pooled_equal_year,196,Cyprus,F063,8,0.12779288565284538
pooled_equal_year,196,Cyprus,F063,9,0.09991955095249973
pooled_equal_year,196,Cyprus,F118,1,0.44433025078634614
pooled_equal_year,196,Cyprus,F118,10,0.06263614711914817
pooled_equal_year,196,Cyprus,F118,2,0.05514261084742299
pooled_equal_year,196,Cyprus,F118,3,0.07339250536949445
pooled_equal_year,196,Cyprus,F118,4,0.05995518256048994
pooled_equal_year,196,Cyprus,F118,5,0.14201617374548003
pooled_equal_year,196,Cyprus,F118,6,0.05915168926212863
pooled_equal_year,196,Cyprus,F118,7,0.04015695487109539
pooled_equal_year,196,Cyprus,F118,8,0.04098033606514311
pooled_equal_year,196,Cyprus,F118,9,0.022238149373251075
pooled_equal_year,196,Cyprus,F120,1,0.49236921197863415
pooled_equal_year,196,Cyprus,F120,10,0.040352320910877724
pooled_equal_year,196,Cyprus,F120,2,0.05994364790808047
pooled_equal_year,196,Cyprus,F120,3,0.07078946291901735
pooled_equal_year,196,Cyprus,F120,4,0.053338070843877025
pooled_equal_year,196,Cyprus,F120,5,0.13671265712320432
pooled_equal_year,196,Cyprus,F120,6,0.055375782823948304
pooled_equal_year,196,Cyprus,F120,7,0.03524215502676393
pooled_equal_year,196,Cyprus,F120,8,0.035728421189014876
pooled_equal_year,196,Cyprus,F120,9,0.02014826927658183
pooled_equal_year,196,Cyprus,G006,1,0.565206964097834
pooled_equal_year,196,Cyprus,G006,2,0.3488619869692335
pooled_equal_year,196,Cyprus,G006,3,0.06667290848016812
pooled_equal_year,196,Cyprus,G006,4,0.019258140452764284
pooled_equal_year,196,Cyprus,Y002,1,0.36091110805613125
pooled_equal_year,196,Cyprus,Y002,2,0.5434470936628361
pooled_equal_year,196,Cyprus,Y002,3,0.09564179828103264
pooled_equal_year,197,Northern Cyprus,A008,1,0.28237528966713604
pooled_equal_year,197,Northern Cyprus,A008,2,0.4826944979394235
pooled_equal_year,197,Northern Cyprus,A008,3,0.1757427443615169
pooled_equal_year,197,Northern Cyprus,A008,4,0.05918746803192347
pooled_equal_year,197,Northern Cyprus,A165,1,0.04754510964580351
pooled_equal_year,197,Northern Cyprus,A165,2,0.9524548903541966
pooled_equal_year,197,Northern Cyprus,E018,1,0.4112433534953703
pooled_equal_year,197,Northern Cyprus,E018,2,0.43450951692107725
pooled_equal_year,197,Northern Cyprus,E018,3,0.15424712958355244
pooled_equal_year,197,Northern Cyprus,E025,1,0.18654077732831084
pooled_equal_year,197,Northern Cyprus,E025,2,0.44791285921903023
pooled_equal_year,197,Northern Cyprus,E025,3,0.365546363452659
pooled_equal_year,197,Northern Cyprus,F063,1,0.015265431582644344
pooled_equal_year,197,Northern Cyprus,F063,10,0.5793566409584668
pooled_equal_year,197,Northern Cyprus,F063,2,0.005851062262748557
pooled_equal_year,197,Northern Cyprus,F063,3,0.009800655071924552
pooled_equal_year,197,Northern Cyprus,F063,4,0.014788271965401651
pooled_equal_year,197,Northern Cyprus,F063,5,0.07468144929683541
pooled_equal_year,197,Northern Cyprus,F063,6,0.03940462987949892
pooled_equal_year,197,Northern Cyprus,F063,7,0.045215794194104084
pooled_equal_year,197,Northern Cyprus,F063,8,0.12768019356080795
pooled_equal_year,197,Northern Cyprus,F063,9,0.08795587122756762
pooled_equal_year,197,Northern Cyprus,F118,1,0.718983272831248
pooled_equal_year,197,Northern Cyprus,F118,10,0.02144726696625601
pooled_equal_year,197,Northern Cyprus,F118,2,0.04334788700249217
pooled_equal_year,197,Northern Cyprus,F118,3,0.035734724272115624
pooled_equal_year,197,Northern Cyprus,F118,4,0.01617565634351087
pooled_equal_year,197,Northern Cyprus,F118,5,0.11885448051258797
pooled_equal_year,197,Northern Cyprus,F118,6,0.019098369451548882
pooled_equal_year,197,Northern Cyprus,F118,7,0.0058742305402106594
pooled_equal_year,197,Northern Cyprus,F118,8,0.0134283998832507
pooled_equal_year,197,Northern Cyprus,F118,9,0.007055712196778956
pooled_equal_year,197,Northern Cyprus,F120,1,0.5332949164297145
pooled_equal_year,197,Northern Cyprus,F120,10,0.05286780866028758
pooled_equal_year,197,Northern Cyprus,F120,2,0.05456441530722791
pooled_equal_year,197,Northern Cyprus,F120,3,0.04687387101367615
pooled_equal_year,197,Northern Cyprus,F120,4,0.04543032919198267
pooled_equal_year,197,Northern Cyprus,F120,5,0.15502273330531968
pooled_equal_year,197,Northern Cyprus,F120,6,0.025015351323090032
pooled_equal_year,197,Northern Cyprus,F120,7,0.04070944635980816
pooled_equal_year,197,Northern Cyprus,F120,8,0.03175435037700476
pooled_equal_year,197,Northern Cyprus,F120,9,0.0144667780318886
pooled_equal_year,197,Northern Cyprus,G006,1,0.5019679929012957
pooled_equal_year,197,Northern Cyprus,G006,2,0.39649160866837196
pooled_equal_year,197,Northern Cyprus,G006,3,0.07205166180094492
pooled_equal_year,197,Northern Cyprus,G006,4,0.02948873662938726
pooled_equal_year,197,Northern Cyprus,Y002,1,0.27787448947242643
pooled_equal_year,197,Northern Cyprus,Y002,2,0.5413516522768136
pooled_equal_year,197,Northern Cyprus,Y002,3,0.1807738582507599
pooled_equal_year,203,Czechia,A008,1,0.15460305544862618
pooled_equal_year,203,Czechia,A008,2,0.7054127277778856
pooled_equal_year,203,Czechia,A008,3,0.1288772182410798
pooled_equal_year,203,Czechia,A008,4,0.011106998532408313
pooled_equal_year,203,Czechia,A165,1,0.30006556409970886
pooled_equal_year,203,Czechia,A165,2,0.6999344359002911
pooled_equal_year,203,Czechia,E018,1,0.48099818585680115
pooled_equal_year,203,Czechia,E018,2,0.31555509454888625
pooled_equal_year,203,Czechia,E018,3,0.20344671959431251
pooled_equal_year,203,Czechia,E025,1,0.32311697340929935
pooled_equal_year,203,Czechia,E025,2,0.38320939367927015
pooled_equal_year,203,Czechia,E025,3,0.2936736329114305
pooled_equal_year,203,Czechia,F063,1,0.3812504517872927
pooled_equal_year,203,Czechia,F063,10,0.08239716041406926
pooled_equal_year,203,Czechia,F063,2,0.09375791233575158
pooled_equal_year,203,Czechia,F063,3,0.07367661469268777
pooled_equal_year,203,Czechia,F063,4,0.04714434112457521
pooled_equal_year,203,Czechia,F063,5,0.09881077945637563
pooled_equal_year,203,Czechia,F063,6,0.063803179598601
pooled_equal_year,203,Czechia,F063,7,0.06245500562576504
pooled_equal_year,203,Czechia,F063,8,0.06294458959229031
pooled_equal_year,203,Czechia,F063,9,0.03375996537259157
pooled_equal_year,203,Czechia,F118,1,0.17992862037458632
pooled_equal_year,203,Czechia,F118,10,0.24418841837881913
pooled_equal_year,203,Czechia,F118,2,0.04132286237576722
pooled_equal_year,203,Czechia,F118,3,0.04989324467351099
pooled_equal_year,203,Czechia,F118,4,0.04634704506057095
pooled_equal_year,203,Czechia,F118,5,0.1313705882181789
pooled_equal_year,203,Czechia,F118,6,0.08540368739301653
pooled_equal_year,203,Czechia,F118,7,0.06855248451447467
pooled_equal_year,203,Czechia,F118,8,0.0849437410782219
pooled_equal_year,203,Czechia,F118,9,0.06804930793285334
pooled_equal_year,203,Czechia,F120,1,0.1329396309311203
pooled_equal_year,203,Czechia,F120,10,0.16428307528868236
pooled_equal_year,203,Czechia,F120,2,0.045858262123738586
pooled_equal_year,203,Czechia,F120,3,0.05348827432499557
pooled_equal_year,203,Czechia,F120,4,0.05637615487334837
pooled_equal_year,203,Czechia,F120,5,0.17329660309265837
pooled_equal_year,203,Czechia,F120,6,0.10593248804739253
pooled_equal_year,203,Czechia,F120,7,0.0891004260971628
pooled_equal_year,203,Czechia,F120,8,0.10467525289465014
pooled_equal_year,203,Czechia,F120,9,0.074049832326251
pooled_equal_year,203,Czechia,G006,1,0.3055314536311001
pooled_equal_year,203,Czechia,G006,2,0.5128947339598796
pooled_equal_year,203,Czechia,G006,3,0.1518520608659869
pooled_equal_year,203,Czechia,G006,4,0.029721751543033404
pooled_equal_year,203,Czechia,Y002,1,0.29380194885758737
pooled_equal_year,203,Czechia,Y002,2,0.6008494218697281
pooled_equal_year,203,Czechia,Y002,3,0.10534862927268457
pooled_equal_year,208,Denmark,A008,1,0.39344408523082375
pooled_equal_year,208,Denmark,A008,2,0.5415567536384498
pooled_equal_year,208,Denmark,A008,3,0.05814805761085025
pooled_equal_year,208,Denmark,A008,4,0.006851103519876158
pooled_equal_year,208,Denmark,A165,1,0.7510657706571302
pooled_equal_year,208,Denmark,A165,2,0.24893422934286985
pooled_equal_year,208,Denmark,E018,1,0.6304208666022002
pooled_equal_year,208,Denmark,E018,2,0.17752248126952114
pooled_equal_year,208,Denmark,E018,3,0.19205665212827872
pooled_equal_year,208,Denmark,E025,1,0.5989211862836592
pooled_equal_year,208,Denmark,E025,2,0.2698760198322432
pooled_equal_year,208,Denmark,E025,3,0.1312027938840975
pooled_equal_year,208,Denmark,F063,1,0.29116312681726897
pooled_equal_year,208,Denmark,F063,10,0.05957455651264184
pooled_equal_year,208,Denmark,F063,2,0.14237729063076432
pooled_equal_year,208,Denmark,F063,3,0.12517793810650807
pooled_equal_year,208,Denmark,F063,4,0.07169344922797391
pooled_equal_year,208,Denmark,F063,5,0.12471937750478257
pooled_equal_year,208,Denmark,F063,6,0.05422692186934107
pooled_equal_year,208,Denmark,F063,7,0.06397112302623387
pooled_equal_year,208,Denmark,F063,8,0.04834222465584477
pooled_equal_year,208,Denmark,F063,9,0.01875399164864065
pooled_equal_year,208,Denmark,F118,1,0.07499796673272523
pooled_equal_year,208,Denmark,F118,10,0.5602488182555647
pooled_equal_year,208,Denmark,F118,2,0.013167178080683187
pooled_equal_year,208,Denmark,F118,3,0.019204900762870503
pooled_equal_year,208,Denmark,F118,4,0.01687652225818597
pooled_equal_year,208,Denmark,F118,5,0.09962856750744815
pooled_equal_year,208,Denmark,F118,6,0.024992230830373458
pooled_equal_year,208,Denmark,F118,7,0.035022600740960634
pooled_equal_year,208,Denmark,F118,8,0.07875092912801053
pooled_equal_year,208,Denmark,F118,9,0.07711028570317749
pooled_equal_year,208,Denmark,F120,1,0.05357697563765915
pooled_equal_year,208,Denmark,F120,10,0.46577099624446316
pooled_equal_year,208,Denmark,F120,2,0.0152916781122465
pooled_equal_year,208,Denmark,F120,3,0.02435618818523814
pooled_equal_year,208,Denmark,F120,4,0.021724456257667304
pooled_equal_year,208,Denmark,F120,5,0.10681808168157716
pooled_equal_year,208,Denmark,F120,6,0.029814835371683817
pooled_equal_year,208,Denmark,F120,7,0.06486530607991609
pooled_equal_year,208,Denmark,F120,8,0.12494284236432673
pooled_equal_year,208,Denmark,F120,9,0.09283864006522188
pooled_equal_year,208,Denmark,G006,1,0.4969146880536377
pooled_equal_year,208,Denmark,G006,2,0.4215542998172397
pooled_equal_year,208,Denmark,G006,3,0.07231574434626069
pooled_equal_year,208,Denmark,G006,4,0.009215267782861906
pooled_equal_year,208,Denmark,Y002,1,0.09012268799482386
pooled_equal_year,208,Denmark,Y002,2,0.7651466125579562
pooled_equal_year,208,Denmark,Y002,3,0.14473069944721995
pooled_equal_year,218,Ecuador,A008,1,0.5971601003976423
pooled_equal_year,218,Ecuador,A008,2,0.3145083053667616
pooled_equal_year,218,Ecuador,A008,3,0.07865563044643109
pooled_equal_year,218,Ecuador,A008,4,0.009675963789164951
pooled_equal_year,218,Ecuador,A165,1,0.0651451430189748
pooled_equal_year,218,Ecuador,A165,2,0.9348548569810252
pooled_equal_year,218,Ecuador,E018,1,0.8686961490627556
pooled_equal_year,218,Ecuador,E018,2,0.10871376791296455
pooled_equal_year,218,Ecuador,E018,3,0.02259008302427984
pooled_equal_year,218,Ecuador,E025,1,0.12124128308469598
pooled_equal_year,218,Ecuador,E025,2,0.28553242982291216
pooled_equal_year,218,Ecuador,E025,3,0.5932262870923919
pooled_equal_year,218,Ecuador,F063,1,0.01666076880377463
pooled_equal_year,218,Ecuador,F063,10,0.7571891479322787
pooled_equal_year,218,Ecuador,F063,2,0.004582292533999445
pooled_equal_year,218,Ecuador,F063,3,0.0020833333333333333
pooled_equal_year,218,Ecuador,F063,4,0.00499826533444352
pooled_equal_year,218,Ecuador,F063,5,0.023744102137107967
pooled_equal_year,218,Ecuador,F063,6,0.02706563974465723
pooled_equal_year,218,Ecuador,F063,7,0.02748820427421593
pooled_equal_year,218,Ecuador,F063,8,0.058725714682209273
pooled_equal_year,218,Ecuador,F063,9,0.07746253122398002
pooled_equal_year,218,Ecuador,F118,1,0.45075329505344597
pooled_equal_year,218,Ecuador,F118,10,0.057358499056793445
pooled_equal_year,218,Ecuador,F118,2,0.0904248022314692
pooled_equal_year,218,Ecuador,F118,3,0.06085115772344269
pooled_equal_year,218,Ecuador,F118,4,0.05872921516069351
pooled_equal_year,218,Ecuador,F118,5,0.14972161071662649
pooled_equal_year,218,Ecuador,F118,6,0.05353305069798736
pooled_equal_year,218,Ecuador,F118,7,0.035922415363633525
pooled_equal_year,218,Ecuador,F118,8,0.0286043083381782
pooled_equal_year,218,Ecuador,F118,9,0.014101645657729612
pooled_equal_year,218,Ecuador,F120,1,0.6412662411846586
pooled_equal_year,218,Ecuador,F120,10,0.036547133603499926
pooled_equal_year,218,Ecuador,F120,2,0.09945898930033768
pooled_equal_year,218,Ecuador,F120,3,0.051043122456674986
pooled_equal_year,218,Ecuador,F120,4,0.035162541509727537
pooled_equal_year,218,Ecuador,F120,5,0.06660234907560693
pooled_equal_year,218,Ecuador,F120,6,0.022999437892756665
pooled_equal_year,218,Ecuador,F120,7,0.015485634024729914
pooled_equal_year,218,Ecuador,F120,8,0.021382853906785515
pooled_equal_year,218,Ecuador,F120,9,0.0100516970452223
pooled_equal_year,218,Ecuador,G006,1,0.8920307610928571
pooled_equal_year,218,Ecuador,G006,2,0.07697549971732595
pooled_equal_year,218,Ecuador,G006,3,0.02429947215520764
pooled_equal_year,218,Ecuador,G006,4,0.006694267034609378
pooled_equal_year,218,Ecuador,Y002,1,0.27485386685912383
pooled_equal_year,218,Ecuador,Y002,2,0.5851791578968061
pooled_equal_year,218,Ecuador,Y002,3,0.1399669752440701
pooled_equal_year,231,Ethiopia,A008,1,0.3143043719593822
pooled_equal_year,231,Ethiopia,A008,2,0.4417017664152545
pooled_equal_year,231,Ethiopia,A008,3,0.20590981813432593
pooled_equal_year,231,Ethiopia,A008,4,0.03808404349103732
pooled_equal_year,231,Ethiopia,A165,1,0.1816893487377744
pooled_equal_year,231,Ethiopia,A165,2,0.8183106512622256
pooled_equal_year,231,Ethiopia,E018,1,0.5464622547992228
pooled_equal_year,231,Ethiopia,E018,2,0.28633757979823155
pooled_equal_year,231,Ethiopia,E018,3,0.16720016540254562
pooled_equal_year,231,Ethiopia,E025,1,0.1670556232375204
pooled_equal_year,231,Ethiopia,E025,2,0.3226187973086627
pooled_equal_year,231,Ethiopia,E025,3,0.5103255794538168
pooled_equal_year,231,Ethiopia,F063,1,0.00800377271072575
pooled_equal_year,231,Ethiopia,F063,10,0.805871418958423
pooled_equal_year,231,Ethiopia,F063,2,0.0018306472074218706
pooled_equal_year,231,Ethiopia,F063,3,0.0016960651289009499
pooled_equal_year,231,Ethiopia,F063,4,0.002643655337503171
pooled_equal_year,231,Ethiopia,F063,5,0.013627538582034394
pooled_equal_year,231,Ethiopia,F063,6,0.009360624813846509
pooled_equal_year,231,Ethiopia,F063,7,0.026660489128636198
pooled_equal_year,231,Ethiopia,F063,8,0.053315462598316626
pooled_equal_year,231,Ethiopia,F063,9,0.07699032553419158
pooled_equal_year,231,Ethiopia,F118,1,0.8306308286194772
pooled_equal_year,231,Ethiopia,F118,10,0.036776359374203746
pooled_equal_year,231,Ethiopia,F118,2,0.09308783060694083
pooled_equal_year,231,Ethiopia,F118,3,0.01842098557814809
pooled_equal_year,231,Ethiopia,F118,4,0.002765886969372675
pooled_equal_year,231,Ethiopia,F118,5,0.00739247311827957
pooled_equal_year,231,Ethiopia,F118,6,0.0013440860215053765
pooled_equal_year,231,Ethiopia,F118,7,0.0014819981654181319
pooled_equal_year,231,Ethiopia,F118,8,0.004109972990878051
pooled_equal_year,231,Ethiopia,F118,9,0.003989578555776385
pooled_equal_year,231,Ethiopia,F120,1,0.7528600843219924
pooled_equal_year,231,Ethiopia,F120,10,0.05121034275068984
pooled_equal_year,231,Ethiopia,F120,2,0.09939209726443769
pooled_equal_year,231,Ethiopia,F120,3,0.02022887397924166
pooled_equal_year,231,Ethiopia,F120,4,0.013903603994789404
pooled_equal_year,231,Ethiopia,F120,5,0.027640805120950233
pooled_equal_year,231,Ethiopia,F120,6,0.00922919613967756
pooled_equal_year,231,Ethiopia,F120,7,0.006910201280237558
pooled_equal_year,231,Ethiopia,F120,8,0.008152900144271847
pooled_equal_year,231,Ethiopia,F120,9,0.010471895003711849
pooled_equal_year,231,Ethiopia,G006,1,0.7789111076785178
pooled_equal_year,231,Ethiopia,G006,2,0.1878426549997172
pooled_equal_year,231,Ethiopia,G006,3,0.021534506990161996
pooled_equal_year,231,Ethiopia,G006,4,0.011711730331603016
pooled_equal_year,231,Ethiopia,Y002,1,0.3277617207314715
pooled_equal_year,231,Ethiopia,Y002,2,0.5677881053780156
pooled_equal_year,231,Ethiopia,Y002,3,0.10445017389051284
pooled_equal_year,233,Estonia,A008,1,0.13888455944594158
pooled_equal_year,233,Estonia,A008,2,0.6689559586477801
pooled_equal_year,233,Estonia,A008,3,0.17724215097824156
pooled_equal_year,233,Estonia,A008,4,0.01491733092803695
pooled_equal_year,233,Estonia,A165,1,0.35618858547975624
pooled_equal_year,233,Estonia,A165,2,0.6438114145202438
pooled_equal_year,233,Estonia,E018,1,0.40371536911829514
pooled_equal_year,233,Estonia,E018,2,0.42122811978097197
pooled_equal_year,233,Estonia,E018,3,0.17505651110073284
pooled_equal_year,233,Estonia,E025,1,0.21642741973757132
pooled_equal_year,233,Estonia,E025,2,0.29859921691715846
pooled_equal_year,233,Estonia,E025,3,0.48497336334527025
pooled_equal_year,233,Estonia,F063,1,0.28989440403409944
pooled_equal_year,233,Estonia,F063,10,0.09216883641773498
pooled_equal_year,233,Estonia,F063,2,0.11397657826054497
pooled_equal_year,233,Estonia,F063,3,0.10105591188508112
pooled_equal_year,233,Estonia,F063,4,0.05349997365490559
pooled_equal_year,233,Estonia,F063,5,0.12797053024442936
pooled_equal_year,233,Estonia,F063,6,0.05569751570940231
pooled_equal_year,233,Estonia,F063,7,0.0706279257622606
pooled_equal_year,233,Estonia,F063,8,0.06638356542023423
pooled_equal_year,233,Estonia,F063,9,0.028724758611307393
pooled_equal_year,233,Estonia,F118,1,0.5224661171884776
pooled_equal_year,233,Estonia,F118,10,0.05005647712423108
pooled_equal_year,233,Estonia,F118,2,0.07047944074314587
pooled_equal_year,233,Estonia,F118,3,0.04805111452637845
pooled_equal_year,233,Estonia,F118,4,0.03922761398781926
pooled_equal_year,233,Estonia,F118,5,0.1388851558047124
pooled_equal_year,233,Estonia,F118,6,0.048459114183951546
pooled_equal_year,233,Estonia,F118,7,0.028057774329889023
pooled_equal_year,233,Estonia,F118,8,0.033577568441921384
pooled_equal_year,233,Estonia,F118,9,0.02073962366947341
pooled_equal_year,233,Estonia,F120,1,0.18306775523085841
pooled_equal_year,233,Estonia,F120,10,0.07756851292779994
pooled_equal_year,233,Estonia,F120,2,0.053195049269914196
pooled_equal_year,233,Estonia,F120,3,0.07803021819821564
pooled_equal_year,233,Estonia,F120,4,0.06340861260927268
pooled_equal_year,233,Estonia,F120,5,0.24746316361439713
pooled_equal_year,233,Estonia,F120,6,0.09854124224654105
pooled_equal_year,233,Estonia,F120,7,0.07890185381053555
pooled_equal_year,233,Estonia,F120,8,0.07562121179597832
pooled_equal_year,233,Estonia,F120,9,0.04420238029648704
pooled_equal_year,233,Estonia,G006,1,0.34570588804114194
pooled_equal_year,233,Estonia,G006,2,0.4801663961598366
pooled_equal_year,233,Estonia,G006,3,0.13349581150759174
pooled_equal_year,233,Estonia,G006,4,0.040631904291429696
pooled_equal_year,233,Estonia,Y002,1,0.258837348449875
pooled_equal_year,233,Estonia,Y002,2,0.6557978316626302
pooled_equal_year,233,Estonia,Y002,3,0.08536481988749499
pooled_equal_year,246,Finland,A008,1,0.220909167955453
pooled_equal_year,246,Finland,A008,2,0.6726858386817588
pooled_equal_year,246,Finland,A008,3,0.09411668130272688
pooled_equal_year,246,Finland,A008,4,0.012288312060061276
pooled_equal_year,246,Finland,A165,1,0.6460190866738525
pooled_equal_year,246,Finland,A165,2,0.35398091332614734
pooled_equal_year,246,Finland,E018,1,0.3799612816447926
pooled_equal_year,246,Finland,E018,2,0.2540231831004746
pooled_equal_year,246,Finland,E018,3,0.3660155352547327
pooled_equal_year,246,Finland,E025,1,0.5194587937784876
pooled_equal_year,246,Finland,E025,2,0.3494966994656385
pooled_equal_year,246,Finland,E025,3,0.13104450675587395
pooled_equal_year,246,Finland,F063,1,0.19755306601518666
pooled_equal_year,246,Finland,F063,10,0.1439294566682794
pooled_equal_year,246,Finland,F063,2,0.08307534036358039
pooled_equal_year,246,Finland,F063,3,0.07865261774739872
pooled_equal_year,246,Finland,F063,4,0.05466629448175624
pooled_equal_year,246,Finland,F063,5,0.0988504334994383
pooled_equal_year,246,Finland,F063,6,0.08178172427285678
pooled_equal_year,246,Finland,F063,7,0.09311479427652262
pooled_equal_year,246,Finland,F063,8,0.10046558781081506
pooled_equal_year,246,Finland,F063,9,0.06791068486416581
pooled_equal_year,246,Finland,F118,1,0.16027645048742156
pooled_equal_year,246,Finland,F118,10,0.3524583523991021
pooled_equal_year,246,Finland,F118,2,0.04731551454914892
pooled_equal_year,246,Finland,F118,3,0.04260560001416485
pooled_equal_year,246,Finland,F118,4,0.0288363938784017
pooled_equal_year,246,Finland,F118,5,0.10684635847269273
pooled_equal_year,246,Finland,F118,6,0.04281043194431019
pooled_equal_year,246,Finland,F118,7,0.05118337414648741
pooled_equal_year,246,Finland,F118,8,0.07874133299724553
pooled_equal_year,246,Finland,F118,9,0.08892619111102497
pooled_equal_year,246,Finland,F120,1,0.09502503240388054
pooled_equal_year,246,Finland,F120,10,0.16679415142950202
pooled_equal_year,246,Finland,F120,2,0.04989360470811124
pooled_equal_year,246,Finland,F120,3,0.05551754421329149
pooled_equal_year,246,Finland,F120,4,0.051497658992176704
pooled_equal_year,246,Finland,F120,5,0.15040028386959173
pooled_equal_year,246,Finland,F120,6,0.07352941727475575
pooled_equal_year,246,Finland,F120,7,0.10621507710484558
pooled_equal_year,246,Finland,F120,8,0.14719880587387793
pooled_equal_year,246,Finland,F120,9,0.10392842412996701
pooled_equal_year,246,Finland,G006,1,0.595130870830728
pooled_equal_year,246,Finland,G006,2,0.3481684483780847
pooled_equal_year,246,Finland,G006,3,0.05057980372339096
pooled_equal_year,246,Finland,G006,4,0.006120877067796335
pooled_equal_year,246,Finland,Y002,1,0.19422950299641237
pooled_equal_year,246,Finland,Y002,2,0.6102703363725431
pooled_equal_year,246,Finland,Y002,3,0.19550016063104445
pooled_equal_year,250,France,A008,1,0.351686042498091
pooled_equal_year,250,France,A008,2,0.5588418717366245
pooled_equal_year,250,France,A008,3,0.07385759721852264
pooled_equal_year,250,France,A008,4,0.01561448854676184
pooled_equal_year,250,France,A165,1,0.24210827526009035
pooled_equal_year,250,France,A165,2,0.7578917247399096
pooled_equal_year,250,France,E018,1,0.8036498340168398
pooled_equal_year,250,France,E018,2,0.146874025216757
pooled_equal_year,250,France,E018,3,0.049476140766403116
pooled_equal_year,250,France,E025,1,0.6621825686905675
pooled_equal_year,250,France,E025,2,0.22941875326612274
pooled_equal_year,250,France,E025,3,0.10839867804330988
pooled_equal_year,250,France,F063,1,0.31759072818510575
pooled_equal_year,250,France,F063,10,0.11226764076378153
pooled_equal_year,250,France,F063,2,0.07248746712958358
pooled_equal_year,250,France,F063,3,0.07755741225762308
pooled_equal_year,250,France,F063,4,0.048014672865750584
pooled_equal_year,250,France,F063,5,0.12892683010764602
pooled_equal_year,250,France,F063,6,0.06016898908924945
pooled_equal_year,250,France,F063,7,0.06993507945468257
pooled_equal_year,250,France,F063,8,0.08252049978431929
pooled_equal_year,250,France,F063,9,0.03053068036225813
pooled_equal_year,250,France,F118,1,0.16025176255064352
pooled_equal_year,250,France,F118,10,0.28453646022014006
pooled_equal_year,250,France,F118,2,0.033257915074929256
pooled_equal_year,250,France,F118,3,0.029671971576216084
pooled_equal_year,250,France,F118,4,0.026948918469514027
pooled_equal_year,250,France,F118,5,0.19157308829963193
pooled_equal_year,250,France,F118,6,0.05199211520003399
pooled_equal_year,250,France,F118,7,0.05810969691357154
pooled_equal_year,250,France,F118,8,0.09398000628772507
pooled_equal_year,250,France,F118,9,0.06967806540759457
pooled_equal_year,250,France,F120,1,0.12715553472922062
pooled_equal_year,250,France,F120,10,0.25205861234912985
pooled_equal_year,250,France,F120,2,0.0344431318530057
pooled_equal_year,250,France,F120,3,0.03705271835316908
pooled_equal_year,250,France,F120,4,0.027820979131247352
pooled_equal_year,250,France,F120,5,0.19169962664069806
pooled_equal_year,250,France,F120,6,0.06041519143146128
pooled_equal_year,250,France,F120,7,0.0666106930963923
pooled_equal_year,250,France,F120,8,0.12531610911555624
pooled_equal_year,250,France,F120,9,0.07742740330011953
pooled_equal_year,250,France,G006,1,0.38879541377751853
pooled_equal_year,250,France,G006,2,0.5134040387258055
pooled_equal_year,250,France,G006,3,0.07384192129840074
pooled_equal_year,250,France,G006,4,0.023958626198275264
pooled_equal_year,250,France,Y002,1,0.24085826450029166
pooled_equal_year,250,France,Y002,2,0.5708239400965168
pooled_equal_year,250,France,Y002,3,0.18831779540319157
pooled_equal_year,268,Georgia,A008,1,0.20774261910519845
pooled_equal_year,268,Georgia,A008,2,0.5021672753183284
pooled_equal_year,268,Georgia,A008,3,0.25114020953453314
pooled_equal_year,268,Georgia,A008,4,0.03894989604194006
pooled_equal_year,268,Georgia,A165,1,0.14711208094289357
pooled_equal_year,268,Georgia,A165,2,0.8528879190571064
pooled_equal_year,268,Georgia,E018,1,0.7066214633969773
pooled_equal_year,268,Georgia,E018,2,0.23552066827321622
pooled_equal_year,268,Georgia,E018,3,0.057857868329806494
pooled_equal_year,268,Georgia,E025,1,0.13573442919316175
pooled_equal_year,268,Georgia,E025,2,0.22669160561506235
pooled_equal_year,268,Georgia,E025,3,0.637573965191776
pooled_equal_year,268,Georgia,F063,1,0.009548393264749051
pooled_equal_year,268,Georgia,F063,10,0.6843920047940629
pooled_equal_year,268,Georgia,F063,2,0.0039266939793190505
pooled_equal_year,268,Georgia,F063,3,0.0049140258123962915
pooled_equal_year,268,Georgia,F063,4,0.004947663695546406
pooled_equal_year,268,Georgia,F063,5,0.02429011025389178
pooled_equal_year,268,Georgia,F063,6,0.022279310027737816
pooled_equal_year,268,Georgia,F063,7,0.051884320160975314
pooled_equal_year,268,Georgia,F063,8,0.09698645556241689
pooled_equal_year,268,Georgia,F063,9,0.09683102244890446
pooled_equal_year,268,Georgia,F118,1,0.8900561051395858
pooled_equal_year,268,Georgia,F118,10,0.0016667856996736314
pooled_equal_year,268,Georgia,F118,2,0.055028598916805394
pooled_equal_year,268,Georgia,F118,3,0.022113418228107563
pooled_equal_year,268,Georgia,F118,4,0.010594597669872466
pooled_equal_year,268,Georgia,F118,5,0.014082830384913194
pooled_equal_year,268,Georgia,F118,6,0.0026249105588787226
pooled_equal_year,268,Georgia,F118,7,0.0019684763289813403
pooled_equal_year,268,Georgia,F118,8,0.0008264515224659831
pooled_equal_year,268,Georgia,F118,9,0.0010378255507159208
pooled_equal_year,268,Georgia,F120,1,0.6092020587243243
pooled_equal_year,268,Georgia,F120,10,0.0037656959685998257
pooled_equal_year,268,Georgia,F120,2,0.07114071769317265
pooled_equal_year,268,Georgia,F120,3,0.07043477480668266
pooled_equal_year,268,Georgia,F120,4,0.06657031648481025
pooled_equal_year,268,Georgia,F120,5,0.10019425816035865
pooled_equal_year,268,Georgia,F120,6,0.03772323836438191
pooled_equal_year,268,Georgia,F120,7,0.018835225587228555
pooled_equal_year,268,Georgia,F120,8,0.017152290689810733
pooled_equal_year,268,Georgia,F120,9,0.004981423520630463
pooled_equal_year,268,Georgia,G006,1,0.7222080530822291
pooled_equal_year,268,Georgia,G006,2,0.23873867976414373
pooled_equal_year,268,Georgia,G006,3,0.033208602627487226
pooled_equal_year,268,Georgia,G006,4,0.005844664526139944
pooled_equal_year,268,Georgia,Y002,1,0.3801485659352383
pooled_equal_year,268,Georgia,Y002,2,0.5517758385698724
pooled_equal_year,268,Georgia,Y002,3,0.06807559549488924
pooled_equal_year,275,Palestine,A008,1,0.10341365461847389
pooled_equal_year,275,Palestine,A008,2,0.643574297188755
pooled_equal_year,275,Palestine,A008,3,0.19779116465863453
pooled_equal_year,275,Palestine,A008,4,0.055220883534136546
pooled_equal_year,275,Palestine,A165,1,0.17713004484304934
pooled_equal_year,275,Palestine,A165,2,0.8228699551569507
pooled_equal_year,275,Palestine,E018,1,0.632398753894081
pooled_equal_year,275,Palestine,E018,2,0.3125649013499481
pooled_equal_year,275,Palestine,E018,3,0.055036344755970926
pooled_equal_year,275,Palestine,E025,1,0.10444674250258532
pooled_equal_year,275,Palestine,E025,2,0.281282316442606
pooled_equal_year,275,Palestine,E025,3,0.6142709410548087
pooled_equal_year,275,Palestine,F063,1,0.0010030090270812437
pooled_equal_year,275,Palestine,F063,10,0.8485456369107321
pooled_equal_year,275,Palestine,F063,2,0.0020060180541624875
pooled_equal_year,275,Palestine,F063,3,0.003009027081243731
pooled_equal_year,275,Palestine,F063,4,0.003009027081243731
pooled_equal_year,275,Palestine,F063,5,0.007021063189568706
pooled_equal_year,275,Palestine,F063,6,0.0160481444332999
pooled_equal_year,275,Palestine,F063,7,0.04012036108324975
pooled_equal_year,275,Palestine,F063,8,0.03911735205616851
pooled_equal_year,275,Palestine,F063,9,0.04012036108324975
pooled_equal_year,275,Palestine,F118,1,0.8078141499472017
pooled_equal_year,275,Palestine,F118,10,0.0021119324181626186
pooled_equal_year,275,Palestine,F118,2,0.061246040126715945
pooled_equal_year,275,Palestine,F118,3,0.05385427666314678
pooled_equal_year,275,Palestine,F118,4,0.023231256599788808
pooled_equal_year,275,Palestine,F118,5,0.026399155227032733
pooled_equal_year,275,Palestine,F118,6,0.008447729672650475
pooled_equal_year,275,Palestine,F118,7,0.013727560718057022
pooled_equal_year,275,Palestine,F118,8,0.0010559662090813093
pooled_equal_year,275,Palestine,F118,9,0.0021119324181626186
pooled_equal_year,275,Palestine,F120,1,0.5631951466127402
pooled_equal_year,275,Palestine,F120,10,0.003033367037411527
pooled_equal_year,275,Palestine,F120,2,0.09201213346814964
pooled_equal_year,275,Palestine,F120,3,0.134479271991911
pooled_equal_year,275,Palestine,F120,4,0.0788675429726997
pooled_equal_year,275,Palestine,F120,5,0.06572295247724974
pooled_equal_year,275,Palestine,F120,6,0.024266936299292215
pooled_equal_year,275,Palestine,F120,7,0.019211324570273004
pooled_equal_year,275,Palestine,F120,8,0.015166835187057633
pooled_equal_year,275,Palestine,F120,9,0.004044489383215369
pooled_equal_year,275,Palestine,G006,1,0.6599394550958627
pooled_equal_year,275,Palestine,G006,2,0.3087790110998991
pooled_equal_year,275,Palestine,G006,3,0.027245206861755803
pooled_equal_year,275,Palestine,G006,4,0.004036326942482341
pooled_equal_year,275,Palestine,Y002,1,0.46625129802699894
pooled_equal_year,275,Palestine,Y002,2,0.4755970924195223
pooled_equal_year,275,Palestine,Y002,3,0.058151609553478714
pooled_equal_year,276,Germany,A008,1,0.21856960276296897
pooled_equal_year,276,Germany,A008,2,0.6353068035335899
pooled_equal_year,276,Germany,A008,3,0.1307598177385356
pooled_equal_year,276,Germany,A008,4,0.015363775964905579
pooled_equal_year,276,Germany,A165,1,0.41981534127953096
pooled_equal_year,276,Germany,A165,2,0.5801846587204691
pooled_equal_year,276,Germany,E018,1,0.546627958015055
pooled_equal_year,276,Germany,E018,2,0.20469268650645453
pooled_equal_year,276,Germany,E018,3,0.24867935547849057
pooled_equal_year,276,Germany,E025,1,0.5643212188529071
pooled_equal_year,276,Germany,E025,2,0.26860648010722654
pooled_equal_year,276,Germany,E025,3,0.16707230103986637
pooled_equal_year,276,Germany,F063,1,0.26759993916044617
pooled_equal_year,276,Germany,F063,10,0.12889115620433575
pooled_equal_year,276,Germany,F063,2,0.07479359645282357
pooled_equal_year,276,Germany,F063,3,0.06914744178881908
pooled_equal_year,276,Germany,F063,4,0.04452571854317335
pooled_equal_year,276,Germany,F063,5,0.10046290512209884
pooled_equal_year,276,Germany,F063,6,0.07161332279543985
pooled_equal_year,276,Germany,F063,7,0.09113232650967266
pooled_equal_year,276,Germany,F063,8,0.1069505021246245
pooled_equal_year,276,Germany,F063,9,0.044883091298566255
pooled_equal_year,276,Germany,F118,1,0.13120627123605358
pooled_equal_year,276,Germany,F118,10,0.3620149725386839
pooled_equal_year,276,Germany,F118,2,0.029793613245161516
pooled_equal_year,276,Germany,F118,3,0.04633670330222937
pooled_equal_year,276,Germany,F118,4,0.041439286974317854
pooled_equal_year,276,Germany,F118,5,0.12516962517013244
pooled_equal_year,276,Germany,F118,6,0.06577725871643822
pooled_equal_year,276,Germany,F118,7,0.0586783275726642
pooled_equal_year,276,Germany,F118,8,0.08610617247992407
pooled_equal_year,276,Germany,F118,9,0.053477768764394785
pooled_equal_year,276,Germany,F120,1,0.1885710913291268
pooled_equal_year,276,Germany,F120,10,0.13125081733339555
pooled_equal_year,276,Germany,F120,2,0.05938054810239052
pooled_equal_year,276,Germany,F120,3,0.07500244489384207
pooled_equal_year,276,Germany,F120,4,0.06108996082847725
pooled_equal_year,276,Germany,F120,5,0.20372456635899772
pooled_equal_year,276,Germany,F120,6,0.08246225808001127
pooled_equal_year,276,Germany,F120,7,0.07435848184812985
pooled_equal_year,276,Germany,F120,8,0.08885697936800063
pooled_equal_year,276,Germany,F120,9,0.03530285185762834
pooled_equal_year,276,Germany,G006,1,0.2674331396539415
pooled_equal_year,276,Germany,G006,2,0.509311716068815
pooled_equal_year,276,Germany,G006,3,0.1600978986865445
pooled_equal_year,276,Germany,G006,4,0.06315724559069905
pooled_equal_year,276,Germany,Y002,1,0.14648159124621676
pooled_equal_year,276,Germany,Y002,2,0.5809943156664747
pooled_equal_year,276,Germany,Y002,3,0.27252409308730857
pooled_equal_year,288,Ghana,A008,1,0.5057173516227873
pooled_equal_year,288,Ghana,A008,2,0.2906605413299682
pooled_equal_year,288,Ghana,A008,3,0.16666439845908193
pooled_equal_year,288,Ghana,A008,4,0.03695770858816244
pooled_equal_year,288,Ghana,A165,1,0.06772184604287729
pooled_equal_year,288,Ghana,A165,2,0.9322781539571228
pooled_equal_year,288,Ghana,E018,1,0.9365236121273215
pooled_equal_year,288,Ghana,E018,2,0.05372496384423598
pooled_equal_year,288,Ghana,E018,3,0.009751424028442611
pooled_equal_year,288,Ghana,E025,1,0.031047208069210096
pooled_equal_year,288,Ghana,E025,2,0.31543527936932675
pooled_equal_year,288,Ghana,E025,3,0.6535175125614632
pooled_equal_year,288,Ghana,F063,1,0.0008163585351995073
pooled_equal_year,288,Ghana,F063,10,0.8557436581406108
pooled_equal_year,288,Ghana,F063,2,0.0005756609469139316
pooled_equal_year,288,Ghana,F063,3,0.0
pooled_equal_year,288,Ghana,F063,4,0.001233123142837666
pooled_equal_year,288,Ghana,F063,5,0.0032607279820541964
pooled_equal_year,288,Ghana,F063,6,0.007853551036032672
pooled_equal_year,288,Ghana,F063,7,0.022582218176801557
pooled_equal_year,288,Ghana,F063,8,0.035832486280679234
pooled_equal_year,288,Ghana,F063,9,0.07210221575887048
pooled_equal_year,288,Ghana,F118,1,0.7912540866965575
pooled_equal_year,288,Ghana,F118,10,0.007943319242215986
pooled_equal_year,288,Ghana,F118,2,0.10330706604018056
pooled_equal_year,288,Ghana,F118,3,0.03328583064927808
pooled_equal_year,288,Ghana,F118,4,0.01778984562932963
pooled_equal_year,288,Ghana,F118,5,0.014551151770899355
pooled_equal_year,288,Ghana,F118,6,0.007294797509370079
pooled_equal_year,288,Ghana,F118,7,0.0058083549721105795
pooled_equal_year,288,Ghana,F118,8,0.00968763004783787
pooled_equal_year,288,Ghana,F118,9,0.009077917442220411
pooled_equal_year,288,Ghana,F120,1,0.6988507617799206
pooled_equal_year,288,Ghana,F120,10,0.010268040607516982
pooled_equal_year,288,Ghana,F120,2,0.10861785696912206
pooled_equal_year,288,Ghana,F120,3,0.0568880683038427
pooled_equal_year,288,Ghana,F120,4,0.04049307142134316
pooled_equal_year,288,Ghana,F120,5,0.03180923495077704
pooled_equal_year,288,Ghana,F120,6,0.01745620076185652
pooled_equal_year,288,Ghana,F120,7,0.011131300628700729
pooled_equal_year,288,Ghana,F120,8,0.01374073495157599
pooled_equal_year,288,Ghana,F120,9,0.0107447296253443
pooled_equal_year,288,Ghana,G006,1,0.9446963670237798
pooled_equal_year,288,Ghana,G006,2,0.046939207665836855
pooled_equal_year,288,Ghana,G006,3,0.005914675683712288
pooled_equal_year,288,Ghana,G006,4,0.002449749626671091
pooled_equal_year,288,Ghana,Y002,1,0.35201785242653016
pooled_equal_year,288,Ghana,Y002,2,0.5983902029877946
pooled_equal_year,288,Ghana,Y002,3,0.04959194458567528
pooled_equal_year,300,Greece,A008,1,0.20476711766704164
pooled_equal_year,300,Greece,A008,2,0.5513366606702694
pooled_equal_year,300,Greece,A008,3,0.1801958964093839
pooled_equal_year,300,Greece,A008,4,0.06370032525330502
pooled_equal_year,300,Greece,A165,1,0.15088027903658185
pooled_equal_year,300,Greece,A165,2,0.8491197209634183
pooled_equal_year,300,Greece,E018,1,0.25475870946018836
pooled_equal_year,300,Greece,E018,2,0.485255700759579
pooled_equal_year,300,Greece,E018,3,0.2599855897802326
pooled_equal_year,300,Greece,E025,1,0.16805569742976584
pooled_equal_year,300,Greece,E025,2,0.40226711428233963
pooled_equal_year,300,Greece,E025,3,0.4296771882878946
pooled_equal_year,300,Greece,F063,1,0.041843840953383
pooled_equal_year,300,Greece,F063,10,0.4018761451959492
pooled_equal_year,300,Greece,F063,2,0.018255083760769633
pooled_equal_year,300,Greece,F063,3,0.020625386808881027
pooled_equal_year,300,Greece,F063,4,0.018677193352779797
pooled_equal_year,300,Greece,F063,5,0.06825079694401953
pooled_equal_year,300,Greece,F063,6,0.05840039470103357
pooled_equal_year,300,Greece,F063,7,0.09612069396143497
pooled_equal_year,300,Greece,F063,8,0.15064409538491336
pooled_equal_year,300,Greece,F063,9,0.12530636893683583
pooled_equal_year,300,Greece,F118,1,0.32816819744053627
pooled_equal_year,300,Greece,F118,10,0.08523776214996524
pooled_equal_year,300,Greece,F118,2,0.06375127669340258
pooled_equal_year,300,Greece,F118,3,0.06405839129353116
pooled_equal_year,300,Greece,F118,4,0.0687731303527424
pooled_equal_year,300,Greece,F118,5,0.15359386821599594
pooled_equal_year,300,Greece,F118,6,0.06623853136967905
pooled_equal_year,300,Greece,F118,7,0.06906188141055614
pooled_equal_year,300,Greece,F118,8,0.058094010779134245
pooled_equal_year,300,Greece,F118,9,0.04302295029445691
pooled_equal_year,300,Greece,F120,1,0.296405179778661
pooled_equal_year,300,Greece,F120,10,0.05382925194956846
pooled_equal_year,300,Greece,F120,2,0.06385287972994425
pooled_equal_year,300,Greece,F120,3,0.0668182414641699
pooled_equal_year,300,Greece,F120,4,0.05611490118279384
pooled_equal_year,300,Greece,F120,5,0.1827141903559109
pooled_equal_year,300,Greece,F120,6,0.07825475129859201
pooled_equal_year,300,Greece,F120,7,0.08638930305635799
pooled_equal_year,300,Greece,F120,8,0.07660673650422425
pooled_equal_year,300,Greece,F120,9,0.03901456467977737
pooled_equal_year,300,Greece,G006,1,0.692725153050793
pooled_equal_year,300,Greece,G006,2,0.25483041453615657
pooled_equal_year,300,Greece,G006,3,0.04045008855856417
pooled_equal_year,300,Greece,G006,4,0.011994343854486292
pooled_equal_year,300,Greece,Y002,1,0.32967652699835
pooled_equal_year,300,Greece,Y002,2,0.5520514982641336
pooled_equal_year,300,Greece,Y002,3,0.11827197473751645
pooled_equal_year,320,Guatemala,A008,1,0.5109845402766476
pooled_equal_year,320,Guatemala,A008,2,0.39625711960943855
pooled_equal_year,320,Guatemala,A008,3,0.08136696501220504
pooled_equal_year,320,Guatemala,A008,4,0.011391375101708706
pooled_equal_year,320,Guatemala,A165,1,0.17982099267697316
pooled_equal_year,320,Guatemala,A165,2,0.8201790073230268
pooled_equal_year,320,Guatemala,E018,1,0.6501220504475184
pooled_equal_year,320,Guatemala,E018,2,0.2847843775427177
pooled_equal_year,320,Guatemala,E018,3,0.06509357200976404
pooled_equal_year,320,Guatemala,E025,1,0.23936613844870724
pooled_equal_year,320,Guatemala,E025,2,0.3711426188490409
pooled_equal_year,320,Guatemala,E025,3,0.3894912427022519
pooled_equal_year,320,Guatemala,F063,1,0.02064409578860446
pooled_equal_year,320,Guatemala,F063,10,0.6399669694467383
pooled_equal_year,320,Guatemala,F063,2,0.013212221304706853
pooled_equal_year,320,Guatemala,F063,3,0.01981833195706028
pooled_equal_year,320,Guatemala,F063,4,0.016515276630883566
pooled_equal_year,320,Guatemala,F063,5,0.06275805119735756
pooled_equal_year,320,Guatemala,F063,6,0.05202312138728324
pooled_equal_year,320,Guatemala,F063,7,0.05202312138728324
pooled_equal_year,320,Guatemala,F063,8,0.06440957886044592
pooled_equal_year,320,Guatemala,F063,9,0.058629232039636665
pooled_equal_year,320,Guatemala,F118,1,0.4149377593360996
pooled_equal_year,320,Guatemala,F118,10,0.06970954356846473
pooled_equal_year,320,Guatemala,F118,2,0.07053941908713693
pooled_equal_year,320,Guatemala,F118,3,0.06473029045643154
pooled_equal_year,320,Guatemala,F118,4,0.05560165975103734
pooled_equal_year,320,Guatemala,F118,5,0.13112033195020747
pooled_equal_year,320,Guatemala,F118,6,0.06721991701244813
pooled_equal_year,320,Guatemala,F118,7,0.04398340248962656
pooled_equal_year,320,Guatemala,F118,8,0.04564315352697095
pooled_equal_year,320,Guatemala,F118,9,0.036514522821576766
pooled_equal_year,320,Guatemala,F120,1,0.5560165975103735
pooled_equal_year,320,Guatemala,F120,10,0.04564315352697095
pooled_equal_year,320,Guatemala,F120,2,0.05892116182572614
pooled_equal_year,320,Guatemala,F120,3,0.06224066390041494
pooled_equal_year,320,Guatemala,F120,4,0.043153526970954356
pooled_equal_year,320,Guatemala,F120,5,0.09626556016597511
pooled_equal_year,320,Guatemala,F120,6,0.04979253112033195
pooled_equal_year,320,Guatemala,F120,7,0.036514522821576766
pooled_equal_year,320,Guatemala,F120,8,0.029045643153526972
pooled_equal_year,320,Guatemala,F120,9,0.022406639004149378
pooled_equal_year,320,Guatemala,G006,1,0.6575682382133995
pooled_equal_year,320,Guatemala,G006,2,0.26468155500413565
pooled_equal_year,320,Guatemala,G006,3,0.06286186931348221
pooled_equal_year,320,Guatemala,G006,4,0.01488833746898263
pooled_equal_year,320,Guatemala,Y002,1,0.23376623376623376
pooled_equal_year,320,Guatemala,Y002,2,0.6403596403596403
pooled_equal_year,320,Guatemala,Y002,3,0.1258741258741259
pooled_equal_year,332,Haiti,A008,1,0.32
pooled_equal_year,332,Haiti,A008,2,0.5230379746835443
pooled_equal_year,332,Haiti,A008,3,0.09974683544303797
pooled_equal_year,332,Haiti,A008,4,0.05721518987341772
pooled_equal_year,332,Haiti,A165,1,0.21657346212506354
pooled_equal_year,332,Haiti,A165,2,0.7834265378749364
pooled_equal_year,332,Haiti,E018,1,0.9134177215189874
pooled_equal_year,332,Haiti,E018,2,0.07544303797468355
pooled_equal_year,332,Haiti,E018,3,0.011139240506329114
pooled_equal_year,332,Haiti,E025,1,0.032739804709936815
pooled_equal_year,332,Haiti,E025,2,0.8225157955198162
pooled_equal_year,332,Haiti,E025,3,0.14474439977024697
pooled_equal_year,332,Haiti,F063,1,0.07700258397932816
pooled_equal_year,332,Haiti,F063,10,0.655297157622739
pooled_equal_year,332,Haiti,F063,2,0.004134366925064599
pooled_equal_year,332,Haiti,F063,3,0.013953488372093023
pooled_equal_year,332,Haiti,F063,4,0.018604651162790697
pooled_equal_year,332,Haiti,F063,5,0.06614987080103359
pooled_equal_year,332,Haiti,F063,6,0.04082687338501292
pooled_equal_year,332,Haiti,F063,7,0.023255813953488372
pooled_equal_year,332,Haiti,F063,8,0.028940568475452195
pooled_equal_year,332,Haiti,F063,9,0.07183462532299742
pooled_equal_year,332,Haiti,F118,1,0.4205075090626618
pooled_equal_year,332,Haiti,F118,10,0.05385810460901087
pooled_equal_year,332,Haiti,F118,2,0.09476954945624029
pooled_equal_year,332,Haiti,F118,3,0.061108234075608496
pooled_equal_year,332,Haiti,F118,4,0.0859658208182289
pooled_equal_year,332,Haiti,F118,5,0.11496633868461936
pooled_equal_year,332,Haiti,F118,6,0.05437597099948213
pooled_equal_year,332,Haiti,F118,7,0.061108234075608496
pooled_equal_year,332,Haiti,F118,8,0.0398757120662869
pooled_equal_year,332,Haiti,F118,9,0.013464526152252718
pooled_equal_year,332,Haiti,F120,1,0.36020671834625323
pooled_equal_year,332,Haiti,F120,10,0.06253229974160207
pooled_equal_year,332,Haiti,F120,2,0.05219638242894057
pooled_equal_year,332,Haiti,F120,3,0.059431524547803614
pooled_equal_year,332,Haiti,F120,4,0.09612403100775194
pooled_equal_year,332,Haiti,F120,5,0.23824289405684754
pooled_equal_year,332,Haiti,F120,6,0.053746770025839795
pooled_equal_year,332,Haiti,F120,7,0.05167958656330749
pooled_equal_year,332,Haiti,F120,8,0.022739018087855296
pooled_equal_year,332,Haiti,F120,9,0.0031007751937984496
pooled_equal_year,332,Haiti,G006,1,0.5090439276485789
pooled_equal_year,332,Haiti,G006,2,0.4444444444444444
pooled_equal_year,332,Haiti,G006,3,0.044444444444444446
pooled_equal_year,332,Haiti,G006,4,0.0020671834625322996
pooled_equal_year,332,Haiti,Y002,1,0.005047955577990914
pooled_equal_year,332,Haiti,Y002,2,0.9767794043412418
pooled_equal_year,332,Haiti,Y002,3,0.01817264008076729
pooled_equal_year,344,Hong Kong SAR,A008,1,0.14297294318013445
pooled_equal_year,344,Hong Kong SAR,A008,2,0.7041295812311174
pooled_equal_year,344,Hong Kong SAR,A008,3,0.13853920259599553
pooled_equal_year,344,Hong Kong SAR,A008,4,0.014358272992752628
pooled_equal_year,344,Hong Kong SAR,A165,1,0.41986709465901123
pooled_equal_year,344,Hong Kong SAR,A165,2,0.5801329053409888
pooled_equal_year,344,Hong Kong SAR,E018,1,0.30014560693862385
pooled_equal_year,344,Hong Kong SAR,E018,2,0.4793318431392492
pooled_equal_year,344,Hong Kong SAR,E018,3,0.22052254992212686
pooled_equal_year,344,Hong Kong SAR,E025,1,0.2656965689060903
pooled_equal_year,344,Hong Kong SAR,E025,2,0.3688406306774812
pooled_equal_year,344,Hong Kong SAR,E025,3,0.3654628004164285
pooled_equal_year,344,Hong Kong SAR,F063,1,0.2076072077589867
pooled_equal_year,344,Hong Kong SAR,F063,10,0.07892432215374505
pooled_equal_year,344,Hong Kong SAR,F063,2,0.0826745632046683
pooled_equal_year,344,Hong Kong SAR,F063,3,0.10675975462833359
pooled_equal_year,344,Hong Kong SAR,F063,4,0.06630346325735839
pooled_equal_year,344,Hong Kong SAR,F063,5,0.16403716155103057
pooled_equal_year,344,Hong Kong SAR,F063,6,0.10655618240325855
pooled_equal_year,344,Hong Kong SAR,F063,7,0.07753349671692193
pooled_equal_year,344,Hong Kong SAR,F063,8,0.07088862020807246
pooled_equal_year,344,Hong Kong SAR,F063,9,0.038715228117624366
pooled_equal_year,344,Hong Kong SAR,F118,1,0.2899499455759367
pooled_equal_year,344,Hong Kong SAR,F118,10,0.05971537549130639
pooled_equal_year,344,Hong Kong SAR,F118,2,0.05698020403860373
pooled_equal_year,344,Hong Kong SAR,F118,3,0.0756027001658169
pooled_equal_year,344,Hong Kong SAR,F118,4,0.05824791172435278
pooled_equal_year,344,Hong Kong SAR,F118,5,0.21420286602715957
pooled_equal_year,344,Hong Kong SAR,F118,6,0.10207639491989011
pooled_equal_year,344,Hong Kong SAR,F118,7,0.062291051862146035
pooled_equal_year,344,Hong Kong SAR,F118,8,0.058639533282792915
pooled_equal_year,344,Hong Kong SAR,F118,9,0.02229401691199494
pooled_equal_year,344,Hong Kong SAR,F120,1,0.3382406780324619
pooled_equal_year,344,Hong Kong SAR,F120,10,0.020481057946572418
pooled_equal_year,344,Hong Kong SAR,F120,2,0.08735537173276824
pooled_equal_year,344,Hong Kong SAR,F120,3,0.11309602294284206
pooled_equal_year,344,Hong Kong SAR,F120,4,0.07202405634105791
pooled_equal_year,344,Hong Kong SAR,F120,5,0.18508650331968043
pooled_equal_year,344,Hong Kong SAR,F120,6,0.09043791838724992
pooled_equal_year,344,Hong Kong SAR,F120,7,0.04775387997290833
pooled_equal_year,344,Hong Kong SAR,F120,8,0.03634837037215164
pooled_equal_year,344,Hong Kong SAR,F120,9,0.00917614095230719
pooled_equal_year,344,Hong Kong SAR,G006,1,0.16619278322873
pooled_equal_year,344,Hong Kong SAR,G006,2,0.4656395524093589
pooled_equal_year,344,Hong Kong SAR,G006,3,0.3334523103350684
pooled_equal_year,344,Hong Kong SAR,G006,4,0.034715354026842705
pooled_equal_year,344,Hong Kong SAR,Y002,1,0.3030816490477791
pooled_equal_year,344,Hong Kong SAR,Y002,2,0.5338672631781312
pooled_equal_year,344,Hong Kong SAR,Y002,3,0.1630510877740897
pooled_equal_year,348,Hungary,A008,1,0.18080686451348296
pooled_equal_year,348,Hungary,A008,2,0.6088001241483186
pooled_equal_year,348,Hungary,A008,3,0.18053742455681546
pooled_equal_year,348,Hungary,A008,4,0.029855586781382868
pooled_equal_year,348,Hungary,A165,1,0.2586778009197845
pooled_equal_year,348,Hungary,A165,2,0.7413221990802157
pooled_equal_year,348,Hungary,E018,1,0.6363233230900204
pooled_equal_year,348,Hungary,E018,2,0.20748944814150214
pooled_equal_year,348,Hungary,E018,3,0.15618722876847746
pooled_equal_year,348,Hungary,E025,1,0.15651644454278446
pooled_equal_year,348,Hungary,E025,2,0.2279654554296803
pooled_equal_year,348,Hungary,E025,3,0.615518100027535
pooled_equal_year,348,Hungary,F063,1,0.17858151067518527
pooled_equal_year,348,Hungary,F063,10,0.19482422417570291
pooled_equal_year,348,Hungary,F063,2,0.07162143862839414
pooled_equal_year,348,Hungary,F063,3,0.07772277779972793
pooled_equal_year,348,Hungary,F063,4,0.054118579519672826
pooled_equal_year,348,Hungary,F063,5,0.1385246078219004
pooled_equal_year,348,Hungary,F063,6,0.0631704932230407
pooled_equal_year,348,Hungary,F063,7,0.07612678550578678
pooled_equal_year,348,Hungary,F063,8,0.09687755599978957
pooled_equal_year,348,Hungary,F063,9,0.04843202665079956
pooled_equal_year,348,Hungary,F118,1,0.4430444799481433
pooled_equal_year,348,Hungary,F118,10,0.0983503116736726
pooled_equal_year,348,Hungary,F118,2,0.05359851425034573
pooled_equal_year,348,Hungary,F118,3,0.055039920912210404
pooled_equal_year,348,Hungary,F118,4,0.05248988135764346
pooled_equal_year,348,Hungary,F118,5,0.1490598729610539
pooled_equal_year,348,Hungary,F118,6,0.054919697987476306
pooled_equal_year,348,Hungary,F118,7,0.030733669747314504
pooled_equal_year,348,Hungary,F118,8,0.036814103839116125
pooled_equal_year,348,Hungary,F118,9,0.025949547323023677
pooled_equal_year,348,Hungary,F120,1,0.23121829527239676
pooled_equal_year,348,Hungary,F120,10,0.10034574193258815
pooled_equal_year,348,Hungary,F120,2,0.053271131205354295
pooled_equal_year,348,Hungary,F120,3,0.06354476327840054
pooled_equal_year,348,Hungary,F120,4,0.05678627021009908
pooled_equal_year,348,Hungary,F120,5,0.22698770942531513
pooled_equal_year,348,Hungary,F120,6,0.0938591540527867
pooled_equal_year,348,Hungary,F120,7,0.06938315474963785
pooled_equal_year,348,Hungary,F120,8,0.06660124897277032
pooled_equal_year,348,Hungary,F120,9,0.03800253090065112
pooled_equal_year,348,Hungary,G006,1,0.43780164624063905
pooled_equal_year,348,Hungary,G006,2,0.4229360316465646
pooled_equal_year,348,Hungary,G006,3,0.11698792204351564
pooled_equal_year,348,Hungary,G006,4,0.022274400069280748
pooled_equal_year,348,Hungary,Y002,1,0.3624768134503866
pooled_equal_year,348,Hungary,Y002,2,0.535938877731166
pooled_equal_year,348,Hungary,Y002,3,0.10158430881844734
pooled_equal_year,352,Iceland,A008,1,0.48045543364946675
pooled_equal_year,352,Iceland,A008,2,0.48029469858118956
pooled_equal_year,352,Iceland,A008,3,0.032719515630988835
pooled_equal_year,352,Iceland,A008,4,0.006530352138354857
pooled_equal_year,352,Iceland,A165,1,0.5687484870414358
pooled_equal_year,352,Iceland,A165,2,0.43125151295856423
pooled_equal_year,352,Iceland,E018,1,0.5068850184984037
pooled_equal_year,352,Iceland,E018,2,0.34268881707926235
pooled_equal_year,352,Iceland,E018,3,0.15042616442233384
pooled_equal_year,352,Iceland,E025,1,0.5687836839918508
pooled_equal_year,352,Iceland,E025,2,0.3561975875815058
pooled_equal_year,352,Iceland,E025,3,0.07501872842664342
pooled_equal_year,352,Iceland,F063,1,0.19619609292162565
pooled_equal_year,352,Iceland,F063,10,0.12716564137468014
pooled_equal_year,352,Iceland,F063,2,0.05290851516407274
pooled_equal_year,352,Iceland,F063,3,0.06465306580898107
pooled_equal_year,352,Iceland,F063,4,0.05306191993535565
pooled_equal_year,352,Iceland,F063,5,0.1197807346976424
pooled_equal_year,352,Iceland,F063,6,0.10330003030007907
pooled_equal_year,352,Iceland,F063,7,0.1110018961995394
pooled_equal_year,352,Iceland,F063,8,0.12008202683177308
pooled_equal_year,352,Iceland,F063,9,0.05185007676625086
pooled_equal_year,352,Iceland,F118,1,0.043353527707840206
pooled_equal_year,352,Iceland,F118,10,0.6818593847771532
pooled_equal_year,352,Iceland,F118,2,0.005197676181003587
pooled_equal_year,352,Iceland,F118,3,0.010779038992043617
pooled_equal_year,352,Iceland,F118,4,0.008603107656599836
pooled_equal_year,352,Iceland,F118,5,0.09241597093729956
pooled_equal_year,352,Iceland,F118,6,0.019286734328968182
pooled_equal_year,352,Iceland,F118,7,0.023551016800858256
pooled_equal_year,352,Iceland,F118,8,0.061655944976316567
pooled_equal_year,352,Iceland,F118,9,0.053297597641916994
pooled_equal_year,352,Iceland,F120,1,0.05847568526944684
pooled_equal_year,352,Iceland,F120,10,0.21284732204276607
pooled_equal_year,352,Iceland,F120,2,0.02118711388540026
pooled_equal_year,352,Iceland,F120,3,0.06014003662896612
pooled_equal_year,352,Iceland,F120,4,0.036249143618767916
pooled_equal_year,352,Iceland,F120,5,0.2399428526810782
pooled_equal_year,352,Iceland,F120,6,0.06399322862497987
pooled_equal_year,352,Iceland,F120,7,0.1020807242680141
pooled_equal_year,352,Iceland,F120,8,0.14118049651739828
pooled_equal_year,352,Iceland,F120,9,0.06390339646318224
pooled_equal_year,352,Iceland,G006,1,0.6285339397617553
pooled_equal_year,352,Iceland,G006,2,0.31036543201513267
pooled_equal_year,352,Iceland,G006,3,0.05137242429798029
pooled_equal_year,352,Iceland,G006,4,0.009728203925131733
pooled_equal_year,352,Iceland,Y002,1,0.18669258631356295
pooled_equal_year,352,Iceland,Y002,2,0.6351810344516721
pooled_equal_year,352,Iceland,Y002,3,0.17812637923476504
pooled_equal_year,356,India,A008,1,0.3326127819548872
pooled_equal_year,356,India,A008,2,0.4839393636650682
pooled_equal_year,356,India,A008,3,0.16252756645550887
pooled_equal_year,356,India,A008,4,0.02092028792453575
pooled_equal_year,356,India,A165,1,0.2045972209905297
pooled_equal_year,356,India,A165,2,0.7954027790094702
pooled_equal_year,356,India,E018,1,0.40656655401520236
pooled_equal_year,356,India,E018,2,0.4256314850331833
pooled_equal_year,356,India,E018,3,0.1678019609516143
pooled_equal_year,356,India,E025,1,0.23426097186700767
pooled_equal_year,356,India,E025,2,0.22979662404092072
pooled_equal_year,356,India,E025,3,0.5359424040920716
pooled_equal_year,356,India,F063,1,0.04892075074903876
pooled_equal_year,356,India,F063,10,0.5059591813465595
pooled_equal_year,356,India,F063,2,0.003703703703703704
pooled_equal_year,356,India,F063,3,0.0034567901234567903
pooled_equal_year,356,India,F063,4,0.0077777777777777776
pooled_equal_year,356,India,F063,5,0.19487315432415483
pooled_equal_year,356,India,F063,6,0.03320987654320988
pooled_equal_year,356,India,F063,7,0.05283950617283951
pooled_equal_year,356,India,F063,8,0.0737037037037037
pooled_equal_year,356,India,F063,9,0.07555555555555556
pooled_equal_year,356,India,F118,1,0.7318235700514613
pooled_equal_year,356,India,F118,10,0.052147764547491746
pooled_equal_year,356,India,F118,2,0.02674611973392461
pooled_equal_year,356,India,F118,3,0.014828159645232816
pooled_equal_year,356,India,F118,4,0.07416976920646824
pooled_equal_year,356,India,F118,5,0.010532150776053215
pooled_equal_year,356,India,F118,6,0.056528102958066255
pooled_equal_year,356,India,F118,7,0.0047117516629711755
pooled_equal_year,356,India,F118,8,0.026018154655581174
pooled_equal_year,356,India,F118,9,0.0024944567627494456
pooled_equal_year,356,India,F120,1,0.6979953978670044
pooled_equal_year,356,India,F120,10,0.047889503248610354
pooled_equal_year,356,India,F120,2,0.03217436429683446
pooled_equal_year,356,India,F120,3,0.01660612350804359
pooled_equal_year,356,India,F120,4,0.0832809607186667
pooled_equal_year,356,India,F120,5,0.014660093409444732
pooled_equal_year,356,India,F120,6,0.059903635429184476
pooled_equal_year,356,India,F120,7,0.0036325895173845357
pooled_equal_year,356,India,F120,8,0.04087341918697523
pooled_equal_year,356,India,F120,9,0.002983912817851583
pooled_equal_year,356,India,G006,1,0.7172861127326977
pooled_equal_year,356,India,G006,2,0.24582696281470362
pooled_equal_year,356,India,G006,3,0.032990483603443324
pooled_equal_year,356,India,G006,4,0.003896440849155385
pooled_equal_year,356,India,Y002,1,0.41675722207824295
pooled_equal_year,356,India,Y002,2,0.526257280427755
pooled_equal_year,356,India,Y002,3,0.05698549749400213
pooled_equal_year,360,Indonesia,A008,1,0.34894389406228943
pooled_equal_year,360,Indonesia,A008,2,0.5875564997316343
pooled_equal_year,360,Indonesia,A008,3,0.05531054344118264
pooled_equal_year,360,Indonesia,A008,4,0.008189062764893718
pooled_equal_year,360,Indonesia,A165,1,0.23586633715391764
pooled_equal_year,360,Indonesia,A165,2,0.7641336628460823
pooled_equal_year,360,Indonesia,E018,1,0.29345081801194217
pooled_equal_year,360,Indonesia,E018,2,0.2505817069398031
pooled_equal_year,360,Indonesia,E018,3,0.45596747504825474
pooled_equal_year,360,Indonesia,E025,1,0.07085188608900801
pooled_equal_year,360,Indonesia,E025,2,0.23258302462418073
pooled_equal_year,360,Indonesia,E025,3,0.6965650892868113
pooled_equal_year,360,Indonesia,F063,1,0.004384260410849484
pooled_equal_year,360,Indonesia,F063,10,0.861944045310796
pooled_equal_year,360,Indonesia,F063,2,0.00025329280648429586
pooled_equal_year,360,Indonesia,F063,3,0.0012199365406340649
pooled_equal_year,360,Indonesia,F063,4,0.004291723986202404
pooled_equal_year,360,Indonesia,F063,5,0.012546413708691919
pooled_equal_year,360,Indonesia,F063,6,0.014355204630582558
pooled_equal_year,360,Indonesia,F063,7,0.013963046284692218
pooled_equal_year,360,Indonesia,F063,8,0.028197730046624687
pooled_equal_year,360,Indonesia,F063,9,0.058844346274442294
pooled_equal_year,360,Indonesia,F118,1,0.8428460983259588
pooled_equal_year,360,Indonesia,F118,10,0.010254658689048554
pooled_equal_year,360,Indonesia,F118,2,0.05881838379500755
pooled_equal_year,360,Indonesia,F118,3,0.02843985238429038
pooled_equal_year,360,Indonesia,F118,4,0.016931369407953936
pooled_equal_year,360,Indonesia,F118,5,0.021011549621502108
pooled_equal_year,360,Indonesia,F118,6,0.005361590850510443
pooled_equal_year,360,Indonesia,F118,7,0.00629431972996961
pooled_equal_year,360,Indonesia,F118,8,0.0048766487110609175
pooled_equal_year,360,Indonesia,F118,9,0.005165528484697704
pooled_equal_year,360,Indonesia,F120,1,0.8176281294581809
pooled_equal_year,360,Indonesia,F120,10,0.008104814454632394
pooled_equal_year,360,Indonesia,F120,2,0.066875664376438
pooled_equal_year,360,Indonesia,F120,3,0.03544483842094095
pooled_equal_year,360,Indonesia,F120,4,0.01992508634531373
pooled_equal_year,360,Indonesia,F120,5,0.02169525979963503
pooled_equal_year,360,Indonesia,F120,6,0.008760287329979261
pooled_equal_year,360,Indonesia,F120,7,0.008861471252940071
pooled_equal_year,360,Indonesia,F120,8,0.0061771708514227665
pooled_equal_year,360,Indonesia,F120,9,0.006527277710516893
pooled_equal_year,360,Indonesia,G006,1,0.6298789511606838
pooled_equal_year,360,Indonesia,G006,2,0.3241236340763458
pooled_equal_year,360,Indonesia,G006,3,0.0399308168915676
pooled_equal_year,360,Indonesia,G006,4,0.006066597871402705
pooled_equal_year,360,Indonesia,Y002,1,0.3342724707144938
pooled_equal_year,360,Indonesia,Y002,2,0.6147995732162921
pooled_equal_year,360,Indonesia,Y002,3,0.05092795606921416
pooled_equal_year,364,Iran,A008,1,0.1835360166042031
pooled_equal_year,364,Iran,A008,2,0.5670673161052553
pooled_equal_year,364,Iran,A008,3,0.17670724897022594
pooled_equal_year,364,Iran,A008,4,0.07268941832031565
pooled_equal_year,364,Iran,A165,1,0.1272768182727293
pooled_equal_year,364,Iran,A165,2,0.8727231817272707
pooled_equal_year,364,Iran,E018,1,0.554793340479607
pooled_equal_year,364,Iran,E018,2,0.29759824694948034
pooled_equal_year,364,Iran,E018,3,0.1476084125709126
pooled_equal_year,364,Iran,E025,1,0.11661016949152542
pooled_equal_year,364,Iran,E025,2,0.4257627118644068
pooled_equal_year,364,Iran,E025,3,0.4576271186440678
pooled_equal_year,364,Iran,F063,1,0.013121450069018579
pooled_equal_year,364,Iran,F063,10,0.8063705782223127
pooled_equal_year,364,Iran,F063,2,0.007326278100870213
pooled_equal_year,364,Iran,F063,3,0.005178153419876847
pooled_equal_year,364,Iran,F063,4,0.0069327842019114
pooled_equal_year,364,Iran,F063,5,0.017152813921386706
pooled_equal_year,364,Iran,F063,6,0.018025540645531142
pooled_equal_year,364,Iran,F063,7,0.021527133478662072
pooled_equal_year,364,Iran,F063,8,0.03708761713672216
pooled_equal_year,364,Iran,F063,9,0.06727765080370815
pooled_equal_year,364,Iran,F118,1,0.8266084569366099
pooled_equal_year,364,Iran,F118,10,0.016333730121304964
pooled_equal_year,364,Iran,F118,2,0.0685346288842951
pooled_equal_year,364,Iran,F118,3,0.025126237201038955
pooled_equal_year,364,Iran,F118,4,0.014174634288088458
pooled_equal_year,364,Iran,F118,5,0.025147011217969143
pooled_equal_year,364,Iran,F118,6,0.005488801148051193
pooled_equal_year,364,Iran,F118,7,0.007197878246418075
pooled_equal_year,364,Iran,F118,8,0.007767570612540369
pooled_equal_year,364,Iran,F118,9,0.0036210513436838064
pooled_equal_year,364,Iran,F120,1,0.6002569857105647
pooled_equal_year,364,Iran,F120,10,0.02998797603687753
pooled_equal_year,364,Iran,F120,2,0.0889114527491565
pooled_equal_year,364,Iran,F120,3,0.058221574079121916
pooled_equal_year,364,Iran,F120,4,0.03983884254968592
pooled_equal_year,364,Iran,F120,5,0.09267840593141799
pooled_equal_year,364,Iran,F120,6,0.029827454614839446
pooled_equal_year,364,Iran,F120,7,0.02691459654606359
pooled_equal_year,364,Iran,F120,8,0.022290519544240307
pooled_equal_year,364,Iran,F120,9,0.011072192238032068
pooled_equal_year,364,Iran,G006,1,0.7377216663616212
pooled_equal_year,364,Iran,G006,2,0.1966424663941594
pooled_equal_year,364,Iran,G006,3,0.04598000935472719
pooled_equal_year,364,Iran,G006,4,0.0196558578894922
pooled_equal_year,364,Iran,Y002,1,0.36521240776559927
pooled_equal_year,364,Iran,Y002,2,0.5301310982162046
pooled_equal_year,364,Iran,Y002,3,0.10465649401819614
pooled_equal_year,368,Iraq,A008,1,0.11733798151461884
pooled_equal_year,368,Iraq,A008,2,0.5242531052162765
pooled_equal_year,368,Iraq,A008,3,0.2510990174870697
pooled_equal_year,368,Iraq,A008,4,0.10730989578203491
pooled_equal_year,368,Iraq,A165,1,0.2801237006986593
pooled_equal_year,368,Iraq,A165,2,0.7198762993013408
pooled_equal_year,368,Iraq,E018,1,0.7938803320554761
pooled_equal_year,368,Iraq,E018,2,0.18493457128766697
pooled_equal_year,368,Iraq,E018,3,0.021185096656856944
pooled_equal_year,368,Iraq,E025,1,0.11617387589164906
pooled_equal_year,368,Iraq,E025,2,0.2144385011051091
pooled_equal_year,368,Iraq,E025,3,0.6693876230032418
pooled_equal_year,368,Iraq,F063,1,0.0007999552829947617
pooled_equal_year,368,Iraq,F063,10,0.9104297623610579
pooled_equal_year,368,Iraq,F063,2,0.0003832886163280951
pooled_equal_year,368,Iraq,F063,3,0.00019164430816404754
pooled_equal_year,368,Iraq,F063,4,0.0003832886163280951
pooled_equal_year,368,Iraq,F063,5,0.006499776414973808
pooled_equal_year,368,Iraq,F063,6,0.0034582215408202376
pooled_equal_year,368,Iraq,F063,7,0.011266130062603807
pooled_equal_year,368,Iraq,F063,8,0.020123770282355947
pooled_equal_year,368,Iraq,F063,9,0.046464162514373325
pooled_equal_year,368,Iraq,F118,1,0.6479816408848968
pooled_equal_year,368,Iraq,F118,10,0.004790419161676647
pooled_equal_year,368,Iraq,F118,2,0.12418080505655357
pooled_equal_year,368,Iraq,F118,3,0.06436501996007984
pooled_equal_year,368,Iraq,F118,4,0.04514304723885562
pooled_equal_year,368,Iraq,F118,5,0.04098365768463074
pooled_equal_year,368,Iraq,F118,6,0.04031260395874917
pooled_equal_year,368,Iraq,F118,7,0.015552748669328011
pooled_equal_year,368,Iraq,F118,8,0.009564724717232203
pooled_equal_year,368,Iraq,F118,9,0.007125332667997339
pooled_equal_year,368,Iraq,F120,1,0.5914895208906994
pooled_equal_year,368,Iraq,F120,10,0.005397192244613612
pooled_equal_year,368,Iraq,F120,2,0.13066765066492728
pooled_equal_year,368,Iraq,F120,3,0.07722741550554763
pooled_equal_year,368,Iraq,F120,4,0.056621286778997304
pooled_equal_year,368,Iraq,F120,5,0.05215112027314578
pooled_equal_year,368,Iraq,F120,6,0.04058588729550913
pooled_equal_year,368,Iraq,F120,7,0.023858232505571758
pooled_equal_year,368,Iraq,F120,8,0.01374551291244635
pooled_equal_year,368,Iraq,F120,9,0.008256180928541752
pooled_equal_year,368,Iraq,G006,1,0.6687174768720873
pooled_equal_year,368,Iraq,G006,2,0.24222411522278176
pooled_equal_year,368,Iraq,G006,3,0.06167597762423511
pooled_equal_year,368,Iraq,G006,4,0.027382430280895705
pooled_equal_year,368,Iraq,Y002,1,0.3401939846038558
pooled_equal_year,368,Iraq,Y002,2,0.5946155824532638
pooled_equal_year,368,Iraq,Y002,3,0.06519043294288025
pooled_equal_year,372,Ireland,A008,1,0.4650038024713847
pooled_equal_year,372,Ireland,A008,2,0.4869319706749763
pooled_equal_year,372,Ireland,A008,3,0.04130333359672005
pooled_equal_year,372,Ireland,A008,4,0.006760893256918982
pooled_equal_year,372,Ireland,A165,1,0.3848475767651641
pooled_equal_year,372,Ireland,A165,2,0.615152423234836
pooled_equal_year,372,Ireland,E018,1,0.7093429136083356
pooled_equal_year,372,Ireland,E018,2,0.20844524456897143
pooled_equal_year,372,Ireland,E018,3,0.08221184182269302
pooled_equal_year,372,Ireland,E025,1,0.5402624585896487
pooled_equal_year,372,Ireland,E025,2,0.306799364009352
pooled_equal_year,372,Ireland,E025,3,0.15293817740099924
pooled_equal_year,372,Ireland,F063,1,0.056262810611649804
pooled_equal_year,372,Ireland,F063,10,0.2622736327119262
pooled_equal_year,372,Ireland,F063,2,0.04006040484113556
pooled_equal_year,372,Ireland,F063,3,0.041316803329040086
pooled_equal_year,372,Ireland,F063,4,0.03537428762844086
pooled_equal_year,372,Ireland,F063,5,0.11938722035746856
pooled_equal_year,372,Ireland,F063,6,0.1048348304394224
pooled_equal_year,372,Ireland,F063,7,0.11794754391146638
pooled_equal_year,372,Ireland,F063,8,0.13525469442775084
pooled_equal_year,372,Ireland,F063,9,0.08728777174169927
pooled_equal_year,372,Ireland,F118,1,0.2625588258119676
pooled_equal_year,372,Ireland,F118,10,0.1843825725680555
pooled_equal_year,372,Ireland,F118,2,0.04554990274188991
pooled_equal_year,372,Ireland,F118,3,0.03678999129729817
pooled_equal_year,372,Ireland,F118,4,0.05838830895252251
pooled_equal_year,372,Ireland,F118,5,0.14436399219961776
pooled_equal_year,372,Ireland,F118,6,0.09588962533134601
pooled_equal_year,372,Ireland,F118,7,0.055895595564509
pooled_equal_year,372,Ireland,F118,8,0.07169549207278347
pooled_equal_year,372,Ireland,F118,9,0.04448569346001007
pooled_equal_year,372,Ireland,F120,1,0.4574510035075373
pooled_equal_year,372,Ireland,F120,10,0.03064826564937245
pooled_equal_year,372,Ireland,F120,2,0.06862767577752335
pooled_equal_year,372,Ireland,F120,3,0.06387335934300509
pooled_equal_year,372,Ireland,F120,4,0.06476142155374408
pooled_equal_year,372,Ireland,F120,5,0.16324817534612193
pooled_equal_year,372,Ireland,F120,6,0.05811216473676525
pooled_equal_year,372,Ireland,F120,7,0.04019354661348224
pooled_equal_year,372,Ireland,F120,8,0.03451196280687127
pooled_equal_year,372,Ireland,F120,9,0.018572424665577035
pooled_equal_year,372,Ireland,G006,1,0.7692269259801989
pooled_equal_year,372,Ireland,G006,2,0.21847283388250116
pooled_equal_year,372,Ireland,G006,3,0.008544033854996271
pooled_equal_year,372,Ireland,G006,4,0.0037562062823035106
pooled_equal_year,372,Ireland,Y002,1,0.33932295937972823
pooled_equal_year,372,Ireland,Y002,2,0.5775918113064541
pooled_equal_year,372,Ireland,Y002,3,0.08308522931381773
pooled_equal_year,380,Italy,A008,1,0.18404944505890372
pooled_equal_year,380,Italy,A008,2,0.6723825239647313
pooled_equal_year,380,Italy,A008,3,0.12052789501446505
pooled_equal_year,380,Italy,A008,4,0.02304013596189995
pooled_equal_year,380,Italy,A165,1,0.290631407503635
pooled_equal_year,380,Italy,A165,2,0.709368592496365
pooled_equal_year,380,Italy,E018,1,0.6266898315859769
pooled_equal_year,380,Italy,E018,2,0.2927243263774404
pooled_equal_year,380,Italy,E018,3,0.08058584203658266
pooled_equal_year,380,Italy,E025,1,0.48077012243507017
pooled_equal_year,380,Italy,E025,2,0.3323012153224976
pooled_equal_year,380,Italy,E025,3,0.18692866224243213
pooled_equal_year,380,Italy,F063,1,0.06485471053818861
pooled_equal_year,380,Italy,F063,10,0.28721153035364194
pooled_equal_year,380,Italy,F063,2,0.022900983925147778
pooled_equal_year,380,Italy,F063,3,0.03509571747673304
pooled_equal_year,380,Italy,F063,4,0.02906617683509083
pooled_equal_year,380,Italy,F063,5,0.06612101808469939
pooled_equal_year,380,Italy,F063,6,0.09671503597254956
pooled_equal_year,380,Italy,F063,7,0.12787445876215633
pooled_equal_year,380,Italy,F063,8,0.16076476464781483
pooled_equal_year,380,Italy,F063,9,0.10939560340397769
pooled_equal_year,380,Italy,F118,1,0.3325160347451647
pooled_equal_year,380,Italy,F118,10,0.1516679947095888
pooled_equal_year,380,Italy,F118,2,0.03465602846334357
pooled_equal_year,380,Italy,F118,3,0.051191420129786745
pooled_equal_year,380,Italy,F118,4,0.04812763738957379
pooled_equal_year,380,Italy,F118,5,0.13699709627604284
pooled_equal_year,380,Italy,F118,6,0.08314643605976271
pooled_equal_year,380,Italy,F118,7,0.06997939755535165
pooled_equal_year,380,Italy,F118,8,0.06826637593260187
pooled_equal_year,380,Italy,F118,9,0.023451578738783282
pooled_equal_year,380,Italy,F120,1,0.36120266998145617
pooled_equal_year,380,Italy,F120,10,0.0625459281873794
pooled_equal_year,380,Italy,F120,2,0.0466406597516765
pooled_equal_year,380,Italy,F120,3,0.06239999752731509
pooled_equal_year,380,Italy,F120,4,0.05418379079208996
pooled_equal_year,380,Italy,F120,5,0.15868727507677313
pooled_equal_year,380,Italy,F120,6,0.11118532649165842
pooled_equal_year,380,Italy,F120,7,0.0633923422891574
pooled_equal_year,380,Italy,F120,8,0.06052046673706763
pooled_equal_year,380,Italy,F120,9,0.019241543165426287
pooled_equal_year,380,Italy,G006,1,0.4290787044766708
pooled_equal_year,380,Italy,G006,2,0.45255957908187483
pooled_equal_year,380,Italy,G006,3,0.0975850376590242
pooled_equal_year,380,Italy,G006,4,0.020776678782430114
pooled_equal_year,380,Italy,Y002,1,0.20317602173157892
pooled_equal_year,380,Italy,Y002,2,0.6049129169718485
pooled_equal_year,380,Italy,Y002,3,0.19191106129657257
pooled_equal_year,392,Japan,A008,1,0.3102292143389393
pooled_equal_year,392,Japan,A008,2,0.5871122183677803
pooled_equal_year,392,Japan,A008,3,0.09325912689986536
pooled_equal_year,392,Japan,A008,4,0.009399440393415103
pooled_equal_year,392,Japan,A165,1,0.37814935755936885
pooled_equal_year,392,Japan,A165,2,0.6218506424406312
pooled_equal_year,392,Japan,E018,1,0.03305935034232887
pooled_equal_year,392,Japan,E018,2,0.16177240448682467
pooled_equal_year,392,Japan,E018,3,0.8051682451708464
pooled_equal_year,392,Japan,E025,1,0.5014159880265616
pooled_equal_year,392,Japan,E025,2,0.32953520133600706
pooled_equal_year,392,Japan,E025,3,0.16904881063743127
pooled_equal_year,392,Japan,F063,1,0.14970711915189835
pooled_equal_year,392,Japan,F063,10,0.059963949467077476
pooled_equal_year,392,Japan,F063,2,0.11297862365751205
pooled_equal_year,392,Japan,F063,3,0.11252187746293353
pooled_equal_year,392,Japan,F063,4,0.05378115834843448
pooled_equal_year,392,Japan,F063,5,0.15395747908557694
pooled_equal_year,392,Japan,F063,6,0.1416291295316606
pooled_equal_year,392,Japan,F063,7,0.09947443369194292
pooled_equal_year,392,Japan,F063,8,0.08459654596891088
pooled_equal_year,392,Japan,F063,9,0.031389683634052756
pooled_equal_year,392,Japan,F118,1,0.18384712464220662
pooled_equal_year,392,Japan,F118,10,0.17637099697614111
pooled_equal_year,392,Japan,F118,2,0.04925528278015559
pooled_equal_year,392,Japan,F118,3,0.06360113776054986
pooled_equal_year,392,Japan,F118,4,0.04126841458271645
pooled_equal_year,392,Japan,F118,5,0.18557761985517782
pooled_equal_year,392,Japan,F118,6,0.08624684379121915
pooled_equal_year,392,Japan,F118,7,0.06526854020296644
pooled_equal_year,392,Japan,F118,8,0.09867976706416504
pooled_equal_year,392,Japan,F118,9,0.04988427234470197
pooled_equal_year,392,Japan,F120,1,0.13781922716714626
pooled_equal_year,392,Japan,F120,10,0.056611269059781644
pooled_equal_year,392,Japan,F120,2,0.07879270087340635
pooled_equal_year,392,Japan,F120,3,0.12259759195146443
pooled_equal_year,392,Japan,F120,4,0.06685642556677514
pooled_equal_year,392,Japan,F120,5,0.2714338538341812
pooled_equal_year,392,Japan,F120,6,0.10019781575436354
pooled_equal_year,392,Japan,F120,7,0.06453304729057739
pooled_equal_year,392,Japan,F120,8,0.07485964429946868
pooled_equal_year,392,Japan,F120,9,0.02629842420283528
pooled_equal_year,392,Japan,G006,1,0.28064158969103997
pooled_equal_year,392,Japan,G006,2,0.4342170076149426
pooled_equal_year,392,Japan,G006,3,0.26290285015792564
pooled_equal_year,392,Japan,G006,4,0.0222385525360918
pooled_equal_year,392,Japan,Y002,1,0.2502356066302494
pooled_equal_year,392,Japan,Y002,2,0.6520778137329245
pooled_equal_year,392,Japan,Y002,3,0.09768657963682602
pooled_equal_year,398,Kazakhstan,A008,1,0.30711151085517796
pooled_equal_year,398,Kazakhstan,A008,2,0.5805648428264364
pooled_equal_year,398,Kazakhstan,A008,3,0.10804016614765401
pooled_equal_year,398,Kazakhstan,A008,4,0.0042834801707316164
pooled_equal_year,398,Kazakhstan,A165,1,0.31112185197035325
pooled_equal_year,398,Kazakhstan,A165,2,0.6888781480296466
pooled_equal_year,398,Kazakhstan,E018,1,0.53898118382118
pooled_equal_year,398,Kazakhstan,E018,2,0.2747563007361077
pooled_equal_year,398,Kazakhstan,E018,3,0.18626251544271222
pooled_equal_year,398,Kazakhstan,E025,1,0.039905469217785636
pooled_equal_year,398,Kazakhstan,E025,2,0.15723828964413727
pooled_equal_year,398,Kazakhstan,E025,3,0.8028562411380771
pooled_equal_year,398,Kazakhstan,F063,1,0.0300110706280091
pooled_equal_year,398,Kazakhstan,F063,10,0.30355571981686846
pooled_equal_year,398,Kazakhstan,F063,2,0.012240285017805996
pooled_equal_year,398,Kazakhstan,F063,3,0.017446463767440447
pooled_equal_year,398,Kazakhstan,F063,4,0.03126269360746173
pooled_equal_year,398,Kazakhstan,F063,5,0.137459597183954
pooled_equal_year,398,Kazakhstan,F063,6,0.11388863629458693
pooled_equal_year,398,Kazakhstan,F063,7,0.10736214540594156
pooled_equal_year,398,Kazakhstan,F063,8,0.14372523023979575
pooled_equal_year,398,Kazakhstan,F063,9,0.10304815803813602
pooled_equal_year,398,Kazakhstan,F118,1,0.6529959637376064
pooled_equal_year,398,Kazakhstan,F118,10,0.010834528712775623
pooled_equal_year,398,Kazakhstan,F118,2,0.08406934096552292
pooled_equal_year,398,Kazakhstan,F118,3,0.045959821614363044
pooled_equal_year,398,Kazakhstan,F118,4,0.04461241309025271
pooled_equal_year,398,Kazakhstan,F118,5,0.08117730719865068
pooled_equal_year,398,Kazakhstan,F118,6,0.0375370438635064
pooled_equal_year,398,Kazakhstan,F118,7,0.021513635128401945
pooled_equal_year,398,Kazakhstan,F118,8,0.015044109267842078
pooled_equal_year,398,Kazakhstan,F118,9,0.006255836421078204
pooled_equal_year,398,Kazakhstan,F120,1,0.3953971481566001
pooled_equal_year,398,Kazakhstan,F120,10,0.05976048064704458
pooled_equal_year,398,Kazakhstan,F120,2,0.09793368860567414
pooled_equal_year,398,Kazakhstan,F120,3,0.08179542759894454
pooled_equal_year,398,Kazakhstan,F120,4,0.08376725897168316
pooled_equal_year,398,Kazakhstan,F120,5,0.13806140935472155
pooled_equal_year,398,Kazakhstan,F120,6,0.05163452784711588
pooled_equal_year,398,Kazakhstan,F120,7,0.03851371263959099
pooled_equal_year,398,Kazakhstan,F120,8,0.03491769609900046
pooled_equal_year,398,Kazakhstan,F120,9,0.018218650079624546
pooled_equal_year,398,Kazakhstan,G006,1,0.5625669506080553
pooled_equal_year,398,Kazakhstan,G006,2,0.3636138364781659
pooled_equal_year,398,Kazakhstan,G006,3,0.0688828667022073
pooled_equal_year,398,Kazakhstan,G006,4,0.004936346211571455
pooled_equal_year,398,Kazakhstan,Y002,1,0.47236679767059264
pooled_equal_year,398,Kazakhstan,Y002,2,0.4977063372107595
pooled_equal_year,398,Kazakhstan,Y002,3,0.029926865118647797
pooled_equal_year,400,Jordan,A008,1,0.2487434737917985
pooled_equal_year,400,Jordan,A008,2,0.6161248438748966
pooled_equal_year,400,Jordan,A008,3,0.10230571351951785
pooled_equal_year,400,Jordan,A008,4,0.03282596881378706
pooled_equal_year,400,Jordan,A165,1,0.20030997178797327
pooled_equal_year,400,Jordan,A165,2,0.7996900282120268
pooled_equal_year,400,Jordan,E018,1,0.8860922537675596
pooled_equal_year,400,Jordan,E018,2,0.08862522566899393
pooled_equal_year,400,Jordan,E018,3,0.025282520563446376
pooled_equal_year,400,Jordan,E025,1,0.05168606821964066
pooled_equal_year,400,Jordan,E025,2,0.10526637353986305
pooled_equal_year,400,Jordan,E025,3,0.8430475582404963
pooled_equal_year,400,Jordan,F063,1,0.008866249369897695
pooled_equal_year,400,Jordan,F063,10,0.9225948633615794
pooled_equal_year,400,Jordan,F063,2,0.000835421888053467
pooled_equal_year,400,Jordan,F063,3,0.001670843776106934
pooled_equal_year,400,Jordan,F063,4,0.004254924172328704
pooled_equal_year,400,Jordan,F063,5,0.007577945839994042
pooled_equal_year,400,Jordan,F063,6,0.008005129593078196
pooled_equal_year,400,Jordan,F063,7,0.009379207767247004
pooled_equal_year,400,Jordan,F063,8,0.014417244517698088
pooled_equal_year,400,Jordan,F063,9,0.02239816971401638
pooled_equal_year,400,Jordan,F118,1,0.9226971914960528
pooled_equal_year,400,Jordan,F118,10,0.0013529092071032124
pooled_equal_year,400,Jordan,F118,2,0.034265721983647045
pooled_equal_year,400,Jordan,F118,3,0.014041637536479273
pooled_equal_year,400,Jordan,F118,4,0.009288300725267732
pooled_equal_year,400,Jordan,F118,5,0.008538341835763493
pooled_equal_year,400,Jordan,F118,6,0.004203027646765869
pooled_equal_year,400,Jordan,F118,7,0.0036527184823201947
pooled_equal_year,400,Jordan,F118,8,0.0013984855851411793
pooled_equal_year,400,Jordan,F118,9,0.000561665501459171
pooled_equal_year,400,Jordan,F120,1,0.7628482927820034
pooled_equal_year,400,Jordan,F120,10,0.0035033494854249865
pooled_equal_year,400,Jordan,F120,2,0.06431534268180726
pooled_equal_year,400,Jordan,F120,3,0.055430876431581365
pooled_equal_year,400,Jordan,F120,4,0.0364657016817043
pooled_equal_year,400,Jordan,F120,5,0.048785569663736796
pooled_equal_year,400,Jordan,F120,6,0.014717440609604218
pooled_equal_year,400,Jordan,F120,7,0.00797279835795431
pooled_equal_year,400,Jordan,F120,8,0.004112496367366709
pooled_equal_year,400,Jordan,F120,9,0.0018481319388167904
pooled_equal_year,400,Jordan,G006,1,0.8223576756096117
pooled_equal_year,400,Jordan,G006,2,0.16549705676710513
pooled_equal_year,400,Jordan,G006,3,0.007959531878076447
pooled_equal_year,400,Jordan,G006,4,0.00418573574520674
pooled_equal_year,400,Jordan,Y002,1,0.4945794676788548
pooled_equal_year,400,Jordan,Y002,2,0.4711677112088946
pooled_equal_year,400,Jordan,Y002,3,0.03425282111225053
pooled_equal_year,404,Kenya,A008,1,0.5059856344772546
pooled_equal_year,404,Kenya,A008,2,0.3312051077414206
pooled_equal_year,404,Kenya,A008,3,0.13567438148443736
pooled_equal_year,404,Kenya,A008,4,0.02713487629688747
pooled_equal_year,404,Kenya,A165,1,0.09584664536741214
pooled_equal_year,404,Kenya,A165,2,0.9041533546325878
pooled_equal_year,404,Kenya,E018,1,0.7856
pooled_equal_year,404,Kenya,E018,2,0.1616
pooled_equal_year,404,Kenya,E018,3,0.0528
pooled_equal_year,404,Kenya,E025,1,0.159798149705635
pooled_equal_year,404,Kenya,E025,2,0.4087468460891506
pooled_equal_year,404,Kenya,E025,3,0.4314550042052145
pooled_equal_year,404,Kenya,F063,1,0.009531374106433678
pooled_equal_year,404,Kenya,F063,10,0.7307386814932486
pooled_equal_year,404,Kenya,F063,2,0.005559968228752979
pooled_equal_year,404,Kenya,F063,3,0.011914217633042097
pooled_equal_year,404,Kenya,F063,4,0.019857029388403495
pooled_equal_year,404,Kenya,F063,5,0.03653693407466243
pooled_equal_year,404,Kenya,F063,6,0.03891977760127085
pooled_equal_year,404,Kenya,F063,7,0.051628276409849086
pooled_equal_year,404,Kenya,F063,8,0.04447974583002383
pooled_equal_year,404,Kenya,F063,9,0.050833995234312944
pooled_equal_year,404,Kenya,F118,1,0.5160493827160494
pooled_equal_year,404,Kenya,F118,10,0.04609053497942387
pooled_equal_year,404,Kenya,F118,2,0.08148148148148149
pooled_equal_year,404,Kenya,F118,3,0.08148148148148149
pooled_equal_year,404,Kenya,F118,4,0.08065843621399177
pooled_equal_year,404,Kenya,F118,5,0.056790123456790124
pooled_equal_year,404,Kenya,F118,6,0.03868312757201646
pooled_equal_year,404,Kenya,F118,7,0.03621399176954732
pooled_equal_year,404,Kenya,F118,8,0.03292181069958848
pooled_equal_year,404,Kenya,F118,9,0.02962962962962963
pooled_equal_year,404,Kenya,F120,1,0.4256535947712418
pooled_equal_year,404,Kenya,F120,10,0.061274509803921566
pooled_equal_year,404,Kenya,F120,2,0.06781045751633986
pooled_equal_year,404,Kenya,F120,3,0.07516339869281045
pooled_equal_year,404,Kenya,F120,4,0.06290849673202614
pooled_equal_year,404,Kenya,F120,5,0.09477124183006536
pooled_equal_year,404,Kenya,F120,6,0.0718954248366013
pooled_equal_year,404,Kenya,F120,7,0.06045751633986928
pooled_equal_year,404,Kenya,F120,8,0.042483660130718956
pooled_equal_year,404,Kenya,F120,9,0.03758169934640523
pooled_equal_year,404,Kenya,G006,1,0.5576
pooled_equal_year,404,Kenya,G006,2,0.2928
pooled_equal_year,404,Kenya,G006,3,0.116
pooled_equal_year,404,Kenya,G006,4,0.0336
pooled_equal_year,404,Kenya,Y002,1,0.22877930476960387
pooled_equal_year,404,Kenya,Y002,2,0.6952303961196443
pooled_equal_year,404,Kenya,Y002,3,0.07599029911075182
pooled_equal_year,410,South Korea,A008,1,0.10750813363034017
pooled_equal_year,410,South Korea,A008,2,0.7809356292673703
pooled_equal_year,410,South Korea,A008,3,0.10594724493282537
pooled_equal_year,410,South Korea,A008,4,0.005608992169464197
pooled_equal_year,410,South Korea,A165,1,0.2925793331302216
pooled_equal_year,410,South Korea,A165,2,0.7074206668697784
pooled_equal_year,410,South Korea,E018,1,0.24537488437698696
pooled_equal_year,410,South Korea,E018,2,0.34855171487343034
pooled_equal_year,410,South Korea,E018,3,0.4060734007495827
pooled_equal_year,410,South Korea,E025,1,0.2603850275579353
pooled_equal_year,410,South Korea,E025,2,0.4440561226659829
pooled_equal_year,410,South Korea,E025,3,0.2955588497760819
pooled_equal_year,410,South Korea,F063,1,0.10680701877742559
pooled_equal_year,410,South Korea,F063,10,0.09815030852023433
pooled_equal_year,410,South Korea,F063,2,0.0806854200749379
pooled_equal_year,410,South Korea,F063,3,0.12251969229343135
pooled_equal_year,410,South Korea,F063,4,0.07515723129027486
pooled_equal_year,410,South Korea,F063,5,0.15088335795010177
pooled_equal_year,410,South Korea,F063,6,0.1057420485372817
pooled_equal_year,410,South Korea,F063,7,0.11392517977179568
pooled_equal_year,410,South Korea,F063,8,0.09630055425105993
pooled_equal_year,410,South Korea,F063,9,0.04982918853345677
pooled_equal_year,410,South Korea,F118,1,0.38021417888007364
pooled_equal_year,410,South Korea,F118,10,0.01179477195931859
pooled_equal_year,410,South Korea,F118,2,0.13147115237975396
pooled_equal_year,410,South Korea,F118,3,0.11547764047144093
pooled_equal_year,410,South Korea,F118,4,0.07760037225731209
pooled_equal_year,410,South Korea,F118,5,0.1389992335015174
pooled_equal_year,410,South Korea,F118,6,0.06417820798340279
pooled_equal_year,410,South Korea,F118,7,0.042526184303701635
pooled_equal_year,410,South Korea,F118,8,0.028022121238993777
pooled_equal_year,410,South Korea,F118,9,0.009716137024485164
pooled_equal_year,410,South Korea,F120,1,0.2795464288455621
pooled_equal_year,410,South Korea,F120,10,0.006639682360224108
pooled_equal_year,410,South Korea,F120,2,0.09766469476737123
pooled_equal_year,410,South Korea,F120,3,0.12274355325634732
pooled_equal_year,410,South Korea,F120,4,0.11611623046952115
pooled_equal_year,410,South Korea,F120,5,0.19541197184777603
pooled_equal_year,410,South Korea,F120,6,0.07729625049679333
pooled_equal_year,410,South Korea,F120,7,0.06423428075569791
pooled_equal_year,410,South Korea,F120,8,0.029859844472371746
pooled_equal_year,410,South Korea,F120,9,0.01048706272833496
pooled_equal_year,410,South Korea,G006,1,0.17717816968520295
pooled_equal_year,410,South Korea,G006,2,0.6924604154279678
pooled_equal_year,410,South Korea,G006,3,0.11709295923978824
pooled_equal_year,410,South Korea,G006,4,0.013268455647040869
pooled_equal_year,410,South Korea,Y002,1,0.48073437900095534
pooled_equal_year,410,South Korea,Y002,2,0.48135360355777657
pooled_equal_year,410,South Korea,Y002,3,0.037912017441267994
pooled_equal_year,417,Kyrgyzstan,A008,1,0.5260358217094442
pooled_equal_year,417,Kyrgyzstan,A008,2,0.4344147432251291
pooled_equal_year,417,Kyrgyzstan,A008,3,0.03607862470348226
pooled_equal_year,417,Kyrgyzstan,A008,4,0.003470810361944526
pooled_equal_year,417,Kyrgyzstan,A165,1,0.2547389467679913
pooled_equal_year,417,Kyrgyzstan,A165,2,0.7452610532320088
pooled_equal_year,417,Kyrgyzstan,E018,1,0.5970255732134226
pooled_equal_year,417,Kyrgyzstan,E018,2,0.2740135216954071
pooled_equal_year,417,Kyrgyzstan,E018,3,0.12896090509117017
pooled_equal_year,417,Kyrgyzstan,E025,1,0.061762236530005815
pooled_equal_year,417,Kyrgyzstan,E025,2,0.10129519957197597
pooled_equal_year,417,Kyrgyzstan,E025,3,0.8369425638980182
pooled_equal_year,417,Kyrgyzstan,F063,1,0.019336804437533855
pooled_equal_year,417,Kyrgyzstan,F063,10,0.6698500559298068
pooled_equal_year,417,Kyrgyzstan,F063,2,0.008349211949099006
pooled_equal_year,417,Kyrgyzstan,F063,3,0.012291121238255326
pooled_equal_year,417,Kyrgyzstan,F063,4,0.017270038420987326
pooled_equal_year,417,Kyrgyzstan,F063,5,0.0540855654122534
pooled_equal_year,417,Kyrgyzstan,F063,6,0.03429840127803614
pooled_equal_year,417,Kyrgyzstan,F063,7,0.04160925054662236
pooled_equal_year,417,Kyrgyzstan,F063,8,0.07287389067504475
pooled_equal_year,417,Kyrgyzstan,F063,9,0.0700356601123609
pooled_equal_year,417,Kyrgyzstan,F118,1,0.7818378466888958
pooled_equal_year,417,Kyrgyzstan,F118,10,0.013819932412132549
pooled_equal_year,417,Kyrgyzstan,F118,2,0.07034882480982406
pooled_equal_year,417,Kyrgyzstan,F118,3,0.03886681970136123
pooled_equal_year,417,Kyrgyzstan,F118,4,0.025489671493036097
pooled_equal_year,417,Kyrgyzstan,F118,5,0.03964499734389276
pooled_equal_year,417,Kyrgyzstan,F118,6,0.011840454671300443
pooled_equal_year,417,Kyrgyzstan,F118,7,0.010038027086168378
pooled_equal_year,417,Kyrgyzstan,F118,8,0.0045148882623844405
pooled_equal_year,417,Kyrgyzstan,F118,9,0.003598537531004336
pooled_equal_year,417,Kyrgyzstan,F120,1,0.6762401052590213
pooled_equal_year,417,Kyrgyzstan,F120,10,0.021469680904570923
pooled_equal_year,417,Kyrgyzstan,F120,2,0.08588792705672739
pooled_equal_year,417,Kyrgyzstan,F120,3,0.054752018951488846
pooled_equal_year,417,Kyrgyzstan,F120,4,0.041264266254315
pooled_equal_year,417,Kyrgyzstan,F120,5,0.07381314002795433
pooled_equal_year,417,Kyrgyzstan,F120,6,0.022761052835857137
pooled_equal_year,417,Kyrgyzstan,F120,7,0.012474667595318904
pooled_equal_year,417,Kyrgyzstan,F120,8,0.004992628280146426
pooled_equal_year,417,Kyrgyzstan,F120,9,0.006344512834599605
pooled_equal_year,417,Kyrgyzstan,G006,1,0.6703357522748656
pooled_equal_year,417,Kyrgyzstan,G006,2,0.2842639602630525
pooled_equal_year,417,Kyrgyzstan,G006,3,0.03643419976642679
pooled_equal_year,417,Kyrgyzstan,G006,4,0.008966087695654998
pooled_equal_year,417,Kyrgyzstan,Y002,1,0.3897541198827438
pooled_equal_year,417,Kyrgyzstan,Y002,2,0.5655347298874442
pooled_equal_year,417,Kyrgyzstan,Y002,3,0.04471115022981194
pooled_equal_year,422,Lebanon,A008,1,0.1829501675041876
pooled_equal_year,422,Lebanon,A008,2,0.6411013400335008
pooled_equal_year,422,Lebanon,A008,3,0.15672738693467336
pooled_equal_year,422,Lebanon,A008,4,0.019221105527638192
pooled_equal_year,422,Lebanon,A165,1,0.10411198398028343
pooled_equal_year,422,Lebanon,A165,2,0.8958880160197166
pooled_equal_year,422,Lebanon,E018,1,0.6810671973343205
pooled_equal_year,422,Lebanon,E018,2,0.22872315808959645
pooled_equal_year,422,Lebanon,E018,3,0.09020964457608294
pooled_equal_year,422,Lebanon,E025,1,0.10089752808817767
pooled_equal_year,422,Lebanon,E025,2,0.25197406718334453
pooled_equal_year,422,Lebanon,E025,3,0.6471284047284778
pooled_equal_year,422,Lebanon,F063,1,0.01054054054054054
pooled_equal_year,422,Lebanon,F063,10,0.5533671171171171
pooled_equal_year,422,Lebanon,F063,2,0.01393018018018018
pooled_equal_year,422,Lebanon,F063,3,0.006328828828828829
pooled_equal_year,422,Lebanon,F063,4,0.007173423423423424
pooled_equal_year,422,Lebanon,F063,5,0.02490990990990991
pooled_equal_year,422,Lebanon,F063,6,0.05509572072072072
pooled_equal_year,422,Lebanon,F063,7,0.07899774774774775
pooled_equal_year,422,Lebanon,F063,8,0.11266328828828828
pooled_equal_year,422,Lebanon,F063,9,0.13699324324324325
pooled_equal_year,422,Lebanon,F118,1,0.48078299776286354
pooled_equal_year,422,Lebanon,F118,10,0.005430648769574944
pooled_equal_year,422,Lebanon,F118,2,0.15613814317673377
pooled_equal_year,422,Lebanon,F118,3,0.08781879194630873
pooled_equal_year,422,Lebanon,F118,4,0.06435682326621925
pooled_equal_year,422,Lebanon,F118,5,0.07438199105145414
pooled_equal_year,422,Lebanon,F118,6,0.05052013422818792
pooled_equal_year,422,Lebanon,F118,7,0.036744966442953025
pooled_equal_year,422,Lebanon,F118,8,0.024211409395973157
pooled_equal_year,422,Lebanon,F118,9,0.019614093959731543
pooled_equal_year,422,Lebanon,F120,1,0.46416666666666667
pooled_equal_year,422,Lebanon,F120,10,0.007916666666666667
pooled_equal_year,422,Lebanon,F120,2,0.14333333333333334
pooled_equal_year,422,Lebanon,F120,3,0.10791666666666666
pooled_equal_year,422,Lebanon,F120,4,0.06625
pooled_equal_year,422,Lebanon,F120,5,0.07333333333333333
pooled_equal_year,422,Lebanon,F120,6,0.055
pooled_equal_year,422,Lebanon,F120,7,0.041666666666666664
pooled_equal_year,422,Lebanon,F120,8,0.024583333333333336
pooled_equal_year,422,Lebanon,F120,9,0.015833333333333335
pooled_equal_year,422,Lebanon,G006,1,0.4567128845611064
pooled_equal_year,422,Lebanon,G006,2,0.39927215636466273
pooled_equal_year,422,Lebanon,G006,3,0.11331004798193622
pooled_equal_year,422,Lebanon,G006,4,0.030704911092294666
pooled_equal_year,422,Lebanon,Y002,1,0.3441284403669725
pooled_equal_year,422,Lebanon,Y002,2,0.5911697247706422
pooled_equal_year,422,Lebanon,Y002,3,0.06470183486238532
pooled_equal_year,428,Latvia,A008,1,0.11611554129180002
pooled_equal_year,428,Latvia,A008,2,0.6627494784823821
pooled_equal_year,428,Latvia,A008,3,0.20849757985444967
pooled_equal_year,428,Latvia,A008,4,0.012637400371368316
pooled_equal_year,428,Latvia,A165,1,0.24288026405740915
pooled_equal_year,428,Latvia,A165,2,0.757119735942591
pooled_equal_year,428,Latvia,E018,1,0.45674500578834665
pooled_equal_year,428,Latvia,E018,2,0.40675413661754506
pooled_equal_year,428,Latvia,E018,3,0.13650085759410846
pooled_equal_year,428,Latvia,E025,1,0.19237371147139332
pooled_equal_year,428,Latvia,E025,2,0.38249712759824284
pooled_equal_year,428,Latvia,E025,3,0.4251291609303638
pooled_equal_year,428,Latvia,F063,1,0.158502544544258
pooled_equal_year,428,Latvia,F063,10,0.12103160102569072
pooled_equal_year,428,Latvia,F063,2,0.07318517440440625
pooled_equal_year,428,Latvia,F063,3,0.07651209703996537
pooled_equal_year,428,Latvia,F063,4,0.06654988710261542
pooled_equal_year,428,Latvia,F063,5,0.14296329498073768
pooled_equal_year,428,Latvia,F063,6,0.09373027144570006
pooled_equal_year,428,Latvia,F063,7,0.11789905766047276
pooled_equal_year,428,Latvia,F063,8,0.09780384110940396
pooled_equal_year,428,Latvia,F063,9,0.05182223068674977
pooled_equal_year,428,Latvia,F118,1,0.5644644513762256
pooled_equal_year,428,Latvia,F118,10,0.05065861562605629
pooled_equal_year,428,Latvia,F118,2,0.05333509682563671
pooled_equal_year,428,Latvia,F118,3,0.0638911852044689
pooled_equal_year,428,Latvia,F118,4,0.05168910823840969
pooled_equal_year,428,Latvia,F118,5,0.11504591478181975
pooled_equal_year,428,Latvia,F118,6,0.0352276639789883
pooled_equal_year,428,Latvia,F118,7,0.02844107066084957
pooled_equal_year,428,Latvia,F118,8,0.022550420409790134
pooled_equal_year,428,Latvia,F118,9,0.014696472897754985
pooled_equal_year,428,Latvia,F120,1,0.22861054583693435
pooled_equal_year,428,Latvia,F120,10,0.05201405896892239
pooled_equal_year,428,Latvia,F120,2,0.06207010616897248
pooled_equal_year,428,Latvia,F120,3,0.10674461019581287
pooled_equal_year,428,Latvia,F120,4,0.09763999414240199
pooled_equal_year,428,Latvia,F120,5,0.22889407594179706
pooled_equal_year,428,Latvia,F120,6,0.08504806611177199
pooled_equal_year,428,Latvia,F120,7,0.060501772689014494
pooled_equal_year,428,Latvia,F120,8,0.050449363851486406
pooled_equal_year,428,Latvia,F120,9,0.028027406092886092
pooled_equal_year,428,Latvia,G006,1,0.3231140720609837
pooled_equal_year,428,Latvia,G006,2,0.49502165786733066
pooled_equal_year,428,Latvia,G006,3,0.15174265455611846
pooled_equal_year,428,Latvia,G006,4,0.030121615515567274
pooled_equal_year,428,Latvia,Y002,1,0.2688137061034059
pooled_equal_year,428,Latvia,Y002,2,0.6340873208395537
pooled_equal_year,428,Latvia,Y002,3,0.09709897305704046
pooled_equal_year,434,Libya,A008,1,0.37489209065314133
pooled_equal_year,434,Libya,A008,2,0.5268268606384101
pooled_equal_year,434,Libya,A008,3,0.0737453961322346
pooled_equal_year,434,Libya,A008,4,0.02453565257621396
pooled_equal_year,434,Libya,A165,1,0.09955935750750536
pooled_equal_year,434,Libya,A165,2,0.9004406424924947
pooled_equal_year,434,Libya,E018,1,0.8410404643961532
pooled_equal_year,434,Libya,E018,2,0.11333515408929531
pooled_equal_year,434,Libya,E018,3,0.04562438151455149
pooled_equal_year,434,Libya,E025,1,0.07589799488847833
pooled_equal_year,434,Libya,E025,2,0.186490491863458
pooled_equal_year,434,Libya,E025,3,0.7376115132480636
pooled_equal_year,434,Libya,F063,1,0.0054006053692374194
pooled_equal_year,434,Libya,F063,10,0.945046132312588
pooled_equal_year,434,Libya,F063,2,0.0005396491901783198
pooled_equal_year,434,Libya,F063,3,0.0012038314285066052
pooled_equal_year,434,Libya,F063,4,0.0038638618121539696
pooled_equal_year,434,Libya,F063,5,0.007850027707650467
pooled_equal_year,434,Libya,F063,6,0.003918702976809378
pooled_equal_year,434,Libya,F063,7,0.007991889609053037
pooled_equal_year,434,Libya,F063,8,0.008874230042257344
pooled_equal_year,434,Libya,F063,9,0.015311069551565365
pooled_equal_year,434,Libya,F118,1,0.875465847777656
pooled_equal_year,434,Libya,F118,10,0.020114927833403528
pooled_equal_year,434,Libya,F118,2,0.02513085644889356
pooled_equal_year,434,Libya,F118,3,0.02300486993372666
pooled_equal_year,434,Libya,F118,4,0.018460596367818258
pooled_equal_year,434,Libya,F118,5,0.01674230178542426
pooled_equal_year,434,Libya,F118,6,0.00781382746813144
pooled_equal_year,434,Libya,F118,7,0.0036336946963747576
pooled_equal_year,434,Libya,F118,8,0.004525497594967206
pooled_equal_year,434,Libya,F118,9,0.005107580093604374
pooled_equal_year,434,Libya,F120,1,0.8318391156571223
pooled_equal_year,434,Libya,F120,10,0.022345709434070715
pooled_equal_year,434,Libya,F120,2,0.030592702345078455
pooled_equal_year,434,Libya,F120,3,0.02882013484597166
pooled_equal_year,434,Libya,F120,4,0.02200105630295169
pooled_equal_year,434,Libya,F120,5,0.030107193872348476
pooled_equal_year,434,Libya,F120,6,0.0124510431279092
pooled_equal_year,434,Libya,F120,7,0.010131138870626343
pooled_equal_year,434,Libya,F120,8,0.00634713387382022
pooled_equal_year,434,Libya,F120,9,0.005364771670100973
pooled_equal_year,434,Libya,G006,1,0.8079127123142696
pooled_equal_year,434,Libya,G006,2,0.15728634651266704
pooled_equal_year,434,Libya,G006,3,0.02543506469440918
pooled_equal_year,434,Libya,G006,4,0.00936587647865422
pooled_equal_year,434,Libya,Y002,1,0.3465623586112747
pooled_equal_year,434,Libya,Y002,2,0.6145058479575336
pooled_equal_year,434,Libya,Y002,3,0.038931793431191734
pooled_equal_year,440,Lithuania,A008,1,0.07898526524452236
pooled_equal_year,440,Lithuania,A008,2,0.681418751707388
pooled_equal_year,440,Lithuania,A008,3,0.22510598496804618
pooled_equal_year,440,Lithuania,A008,4,0.014489998080043403
pooled_equal_year,440,Lithuania,A165,1,0.31327101538887847
pooled_equal_year,440,Lithuania,A165,2,0.6867289846111215
pooled_equal_year,440,Lithuania,E018,1,0.39263386584500326
pooled_equal_year,440,Lithuania,E018,2,0.44268834470756313
pooled_equal_year,440,Lithuania,E018,3,0.16467778944743366
pooled_equal_year,440,Lithuania,E025,1,0.15562143242771942
pooled_equal_year,440,Lithuania,E025,2,0.46211664709714917
pooled_equal_year,440,Lithuania,E025,3,0.3822619204751314
pooled_equal_year,440,Lithuania,F063,1,0.08630861791352468
pooled_equal_year,440,Lithuania,F063,10,0.16006532921604655
pooled_equal_year,440,Lithuania,F063,2,0.04077227813589017
pooled_equal_year,440,Lithuania,F063,3,0.0490057330480243
pooled_equal_year,440,Lithuania,F063,4,0.055089956388239006
pooled_equal_year,440,Lithuania,F063,5,0.14434447304596787
pooled_equal_year,440,Lithuania,F063,6,0.10961124829782021
pooled_equal_year,440,Lithuania,F063,7,0.12601708421402924
pooled_equal_year,440,Lithuania,F063,8,0.14723668529047756
pooled_equal_year,440,Lithuania,F063,9,0.08154859444998047
pooled_equal_year,440,Lithuania,F118,1,0.6094548699462237
pooled_equal_year,440,Lithuania,F118,10,0.021400980124602936
pooled_equal_year,440,Lithuania,F118,2,0.09338727451155876
pooled_equal_year,440,Lithuania,F118,3,0.06872423458626768
pooled_equal_year,440,Lithuania,F118,4,0.044527502389753934
pooled_equal_year,440,Lithuania,F118,5,0.07634203382726865
pooled_equal_year,440,Lithuania,F118,6,0.03575262370037611
pooled_equal_year,440,Lithuania,F118,7,0.027931568543557876
pooled_equal_year,440,Lithuania,F118,8,0.017273474874804483
pooled_equal_year,440,Lithuania,F118,9,0.00520543749558589
pooled_equal_year,440,Lithuania,F120,1,0.21276523055365792
pooled_equal_year,440,Lithuania,F120,10,0.03315762116906682
pooled_equal_year,440,Lithuania,F120,2,0.061951419660083565
pooled_equal_year,440,Lithuania,F120,3,0.07575460748161991
pooled_equal_year,440,Lithuania,F120,4,0.07691818866082198
pooled_equal_year,440,Lithuania,F120,5,0.19919765031944386
pooled_equal_year,440,Lithuania,F120,6,0.1127667605106645
pooled_equal_year,440,Lithuania,F120,7,0.10793370277031232
pooled_equal_year,440,Lithuania,F120,8,0.0895178563450641
pooled_equal_year,440,Lithuania,F120,9,0.03003696252926498
pooled_equal_year,440,Lithuania,G006,1,0.25467529367844155
pooled_equal_year,440,Lithuania,G006,2,0.5179533978741726
pooled_equal_year,440,Lithuania,G006,3,0.1806447827975876
pooled_equal_year,440,Lithuania,G006,4,0.04672652564979825
pooled_equal_year,440,Lithuania,Y002,1,0.2950200795639417
pooled_equal_year,440,Lithuania,Y002,2,0.6576942182900897
pooled_equal_year,440,Lithuania,Y002,3,0.047285702145968694
pooled_equal_year,442,Luxembourg,A008,1,0.37718427222815093
pooled_equal_year,442,Luxembourg,A008,2,0.5622484369164324
pooled_equal_year,442,Luxembourg,A008,3,0.049283706771249026
pooled_equal_year,442,Luxembourg,A008,4,0.011283584084167663
pooled_equal_year,442,Luxembourg,A165,1,0.33010651794432794
pooled_equal_year,442,Luxembourg,A165,2,0.669893482055672
pooled_equal_year,442,Luxembourg,E018,1,0.5739770577650846
pooled_equal_year,442,Luxembourg,E018,2,0.2887028459599024
pooled_equal_year,442,Luxembourg,E018,3,0.1373200962750131
pooled_equal_year,442,Luxembourg,E025,1,0.5959309214916397
pooled_equal_year,442,Luxembourg,E025,2,0.25071810190204086
pooled_equal_year,442,Luxembourg,E025,3,0.1533509766063195
pooled_equal_year,442,Luxembourg,F063,1,0.23106077179104095
pooled_equal_year,442,Luxembourg,F063,10,0.15312640966640773
pooled_equal_year,442,Luxembourg,F063,2,0.06623002220440384
pooled_equal_year,442,Luxembourg,F063,3,0.07629955401668324
pooled_equal_year,442,Luxembourg,F063,4,0.052041557380523594
pooled_equal_year,442,Luxembourg,F063,5,0.13014817639350576
pooled_equal_year,442,Luxembourg,F063,6,0.07837739070355085
pooled_equal_year,442,Luxembourg,F063,7,0.06670221884985604
pooled_equal_year,442,Luxembourg,F063,8,0.10391381601552209
pooled_equal_year,442,Luxembourg,F063,9,0.04210008297850597
pooled_equal_year,442,Luxembourg,F118,1,0.22357512030396676
pooled_equal_year,442,Luxembourg,F118,10,0.3625491895155438
pooled_equal_year,442,Luxembourg,F118,2,0.021820919930864068
pooled_equal_year,442,Luxembourg,F118,3,0.023388923883743022
pooled_equal_year,442,Luxembourg,F118,4,0.026187521204860193
pooled_equal_year,442,Luxembourg,F118,5,0.15802861478149766
pooled_equal_year,442,Luxembourg,F118,6,0.03617283407906714
pooled_equal_year,442,Luxembourg,F118,7,0.03516458176579291
pooled_equal_year,442,Luxembourg,F118,8,0.06569484466342124
pooled_equal_year,442,Luxembourg,F118,9,0.047417449871243196
pooled_equal_year,442,Luxembourg,F120,1,0.2803871349436304
pooled_equal_year,442,Luxembourg,F120,10,0.16023968204110267
pooled_equal_year,442,Luxembourg,F120,2,0.043809837792829744
pooled_equal_year,442,Luxembourg,F120,3,0.056301674990284
pooled_equal_year,442,Luxembourg,F120,4,0.040613448271451615
pooled_equal_year,442,Luxembourg,F120,5,0.20477869069608298
pooled_equal_year,442,Luxembourg,F120,6,0.05288129872865976
pooled_equal_year,442,Luxembourg,F120,7,0.06377870456040387
pooled_equal_year,442,Luxembourg,F120,8,0.06513929460114594
pooled_equal_year,442,Luxembourg,F120,9,0.03207023337440905
pooled_equal_year,442,Luxembourg,G006,1,0.5430106775095191
pooled_equal_year,442,Luxembourg,G006,2,0.3761716715014633
pooled_equal_year,442,Luxembourg,G006,3,0.0487886736668323
pooled_equal_year,442,Luxembourg,G006,4,0.03202897732218527
pooled_equal_year,442,Luxembourg,Y002,1,0.330810176904119
pooled_equal_year,442,Luxembourg,Y002,2,0.5613150102808692
pooled_equal_year,442,Luxembourg,Y002,3,0.10787481281501203
pooled_equal_year,446,Macau SAR,A008,1,0.14467253176930597
pooled_equal_year,446,Macau SAR,A008,2,0.7653958944281525
pooled_equal_year,446,Macau SAR,A008,3,0.0801564027370479
pooled_equal_year,446,Macau SAR,A008,4,0.009775171065493646
pooled_equal_year,446,Macau SAR,A165,1,0.4380165289256198
pooled_equal_year,446,Macau SAR,A165,2,0.5619834710743802
pooled_equal_year,446,Macau SAR,E018,1,0.25984251968503935
pooled_equal_year,446,Macau SAR,E018,2,0.45177165354330706
pooled_equal_year,446,Macau SAR,E018,3,0.28838582677165353
pooled_equal_year,446,Macau SAR,E025,1,0.07737512242899118
pooled_equal_year,446,Macau SAR,E025,2,0.49461312438785504
pooled_equal_year,446,Macau SAR,E025,3,0.42801175318315376
pooled_equal_year,446,Macau SAR,F063,1,0.2573385518590998
pooled_equal_year,446,Macau SAR,F063,10,0.043052837573385516
pooled_equal_year,446,Macau SAR,F063,2,0.11350293542074363
pooled_equal_year,446,Macau SAR,F063,3,0.09197651663405088
pooled_equal_year,446,Macau SAR,F063,4,0.07827788649706457
pooled_equal_year,446,Macau SAR,F063,5,0.18003913894324852
pooled_equal_year,446,Macau SAR,F063,6,0.0821917808219178
pooled_equal_year,446,Macau SAR,F063,7,0.06653620352250489
pooled_equal_year,446,Macau SAR,F063,8,0.05870841487279843
pooled_equal_year,446,Macau SAR,F063,9,0.02837573385518591
pooled_equal_year,446,Macau SAR,F118,1,0.12242899118511263
pooled_equal_year,446,Macau SAR,F118,10,0.0910871694417238
pooled_equal_year,446,Macau SAR,F118,2,0.06366307541625857
pooled_equal_year,446,Macau SAR,F118,3,0.07737512242899118
pooled_equal_year,446,Macau SAR,F118,4,0.06660137120470128
pooled_equal_year,446,Macau SAR,F118,5,0.22918707149853085
pooled_equal_year,446,Macau SAR,F118,6,0.14005876591576885
pooled_equal_year,446,Macau SAR,F118,7,0.0920666013712047
pooled_equal_year,446,Macau SAR,F118,8,0.089128305582762
pooled_equal_year,446,Macau SAR,F118,9,0.02840352595494613
pooled_equal_year,446,Macau SAR,F120,1,0.20939334637964774
pooled_equal_year,446,Macau SAR,F120,10,0.025440313111545987
pooled_equal_year,446,Macau SAR,F120,2,0.11741682974559686
pooled_equal_year,446,Macau SAR,F120,3,0.12035225048923678
pooled_equal_year,446,Macau SAR,F120,4,0.0949119373776908
pooled_equal_year,446,Macau SAR,F120,5,0.27690802348336596
pooled_equal_year,446,Macau SAR,F120,6,0.07632093933463796
pooled_equal_year,446,Macau SAR,F120,7,0.04500978473581213
pooled_equal_year,446,Macau SAR,F120,8,0.0273972602739726
pooled_equal_year,446,Macau SAR,F120,9,0.00684931506849315
pooled_equal_year,446,Macau SAR,G006,1,0.18544366899302095
pooled_equal_year,446,Macau SAR,G006,2,0.6161515453639083
pooled_equal_year,446,Macau SAR,G006,3,0.17547357926221335
pooled_equal_year,446,Macau SAR,G006,4,0.022931206380857428
pooled_equal_year,446,Macau SAR,Y002,1,0.29111338100102147
pooled_equal_year,446,Macau SAR,Y002,2,0.6373850868232891
pooled_equal_year,446,Macau SAR,Y002,3,0.07150153217568948
pooled_equal_year,458,Malaysia,A008,1,0.37146381358176805
pooled_equal_year,458,Malaysia,A008,2,0.5499921132829353
pooled_equal_year,458,Malaysia,A008,3,0.07392703550121874
pooled_equal_year,458,Malaysia,A008,4,0.004617037634077889
pooled_equal_year,458,Malaysia,A165,1,0.12312645233651655
pooled_equal_year,458,Malaysia,A165,2,0.8768735476634834
pooled_equal_year,458,Malaysia,E018,1,0.5314432597105864
pooled_equal_year,458,Malaysia,E018,2,0.3903873656596429
pooled_equal_year,458,Malaysia,E018,3,0.07816937462977067
pooled_equal_year,458,Malaysia,E025,1,0.12577575089219675
pooled_equal_year,458,Malaysia,E025,2,0.22603769939537988
pooled_equal_year,458,Malaysia,E025,3,0.6481865497124234
pooled_equal_year,458,Malaysia,F063,1,0.008654463879674215
pooled_equal_year,458,Malaysia,F063,10,0.5344632566505655
pooled_equal_year,458,Malaysia,F063,2,0.005927387653366595
pooled_equal_year,458,Malaysia,F063,3,0.007367335166802927
pooled_equal_year,458,Malaysia,F063,4,0.013320597373722218
pooled_equal_year,458,Malaysia,F063,5,0.06659640485687197
pooled_equal_year,458,Malaysia,F063,6,0.08354023652012048
pooled_equal_year,458,Malaysia,F063,7,0.07806072234294188
pooled_equal_year,458,Malaysia,F063,8,0.12070702164604545
pooled_equal_year,458,Malaysia,F063,9,0.08136257390988874
pooled_equal_year,458,Malaysia,F118,1,0.4694033765126336
pooled_equal_year,458,Malaysia,F118,10,0.019828842808702826
pooled_equal_year,458,Malaysia,F118,2,0.10500456905358761
pooled_equal_year,458,Malaysia,F118,3,0.07352756937129695
pooled_equal_year,458,Malaysia,F118,4,0.06448389775889136
pooled_equal_year,458,Malaysia,F118,5,0.10429012676454989
pooled_equal_year,458,Malaysia,F118,6,0.08419879431099454
pooled_equal_year,458,Malaysia,F118,7,0.04035529966882553
pooled_equal_year,458,Malaysia,F118,8,0.021690310964100956
pooled_equal_year,458,Malaysia,F118,9,0.017217212786416667
pooled_equal_year,458,Malaysia,F120,1,0.4814726793780295
pooled_equal_year,458,Malaysia,F120,10,0.01836659812770268
pooled_equal_year,458,Malaysia,F120,2,0.11788355194023283
pooled_equal_year,458,Malaysia,F120,3,0.08608469315527179
pooled_equal_year,458,Malaysia,F120,4,0.054121783385113385
pooled_equal_year,458,Malaysia,F120,5,0.0848670350450712
pooled_equal_year,458,Malaysia,F120,6,0.0809019659905299
pooled_equal_year,458,Malaysia,F120,7,0.03373670535719768
pooled_equal_year,458,Malaysia,F120,8,0.025812891804353335
pooled_equal_year,458,Malaysia,F120,9,0.01675209581649767
pooled_equal_year,458,Malaysia,G006,1,0.5646690848711575
pooled_equal_year,458,Malaysia,G006,2,0.32218268537040506
pooled_equal_year,458,Malaysia,G006,3,0.09393475179563308
pooled_equal_year,458,Malaysia,G006,4,0.019213477962804336
pooled_equal_year,458,Malaysia,Y002,1,0.33222622850066375
pooled_equal_year,458,Malaysia,Y002,2,0.600173926453723
pooled_equal_year,458,Malaysia,Y002,3,0.0675998450456132
pooled_equal_year,462,Maldives,A008,1,0.2927536231884058
pooled_equal_year,462,Maldives,A008,2,0.5893719806763285
pooled_equal_year,462,Maldives,A008,3,0.0927536231884058
pooled_equal_year,462,Maldives,A008,4,0.025120772946859903
pooled_equal_year,462,Maldives,A165,1,0.21324245374878287
pooled_equal_year,462,Maldives,A165,2,0.7867575462512172
pooled_equal_year,462,Maldives,E018,1,0.7913043478260869
pooled_equal_year,462,Maldives,E018,2,0.16135265700483092
pooled_equal_year,462,Maldives,E018,3,0.04734299516908213
pooled_equal_year,462,Maldives,E025,1,0.26499032882011603
pooled_equal_year,462,Maldives,E025,2,0.4274661508704062
pooled_equal_year,462,Maldives,E025,3,0.30754352030947774
pooled_equal_year,462,Maldives,F063,1,0.0038498556304138597
pooled_equal_year,462,Maldives,F063,10,0.9538017324350336
pooled_equal_year,462,Maldives,F063,2,0.0
pooled_equal_year,462,Maldives,F063,3,0.0
pooled_equal_year,462,Maldives,F063,4,0.0009624639076034649
pooled_equal_year,462,Maldives,F063,5,0.0038498556304138597
pooled_equal_year,462,Maldives,F063,6,0.0009624639076034649
pooled_equal_year,462,Maldives,F063,7,0.0028873917228103944
pooled_equal_year,462,Maldives,F063,8,0.01828681424446583
pooled_equal_year,462,Maldives,F063,9,0.015399422521655439
pooled_equal_year,462,Maldives,F118,1,0.9315992292870906
pooled_equal_year,462,Maldives,F118,10,0.011560693641618497
pooled_equal_year,462,Maldives,F118,2,0.018304431599229287
pooled_equal_year,462,Maldives,F118,3,0.01348747591522158
pooled_equal_year,462,Maldives,F118,4,0.007707129094412331
pooled_equal_year,462,Maldives,F118,5,0.008670520231213872
pooled_equal_year,462,Maldives,F118,6,0.0019267822736030828
pooled_equal_year,462,Maldives,F118,7,0.0038535645472061657
pooled_equal_year,462,Maldives,F118,8,0.0019267822736030828
pooled_equal_year,462,Maldives,F118,9,0.0009633911368015414
pooled_equal_year,462,Maldives,F120,1,0.7213114754098361
pooled_equal_year,462,Maldives,F120,10,0.07328833172613308
pooled_equal_year,462,Maldives,F120,2,0.027965284474445518
pooled_equal_year,462,Maldives,F120,3,0.02507232401157184
pooled_equal_year,462,Maldives,F120,4,0.01253616200578592
pooled_equal_year,462,Maldives,F120,5,0.05689488910318226
pooled_equal_year,462,Maldives,F120,6,0.02507232401157184
pooled_equal_year,462,Maldives,F120,7,0.017357762777242044
pooled_equal_year,462,Maldives,F120,8,0.026036644165863067
pooled_equal_year,462,Maldives,F120,9,0.01446480231436837
pooled_equal_year,462,Maldives,G006,1,0.7008712487899322
pooled_equal_year,462,Maldives,G006,2,0.20329138431752178
pooled_equal_year,462,Maldives,G006,3,0.07841239109390126
pooled_equal_year,462,Maldives,G006,4,0.017424975798644726
pooled_equal_year,462,Maldives,Y002,1,0.34434434434434436
pooled_equal_year,462,Maldives,Y002,2,0.5965965965965966
pooled_equal_year,462,Maldives,Y002,3,0.05905905905905906
pooled_equal_year,466,Mali,A008,1,0.3944591029023747
pooled_equal_year,466,Mali,A008,2,0.4412928759894459
pooled_equal_year,466,Mali,A008,3,0.13654353562005278
pooled_equal_year,466,Mali,A008,4,0.027704485488126648
pooled_equal_year,466,Mali,A165,1,0.17498081350729086
pooled_equal_year,466,Mali,A165,2,0.8250191864927091
pooled_equal_year,466,Mali,E018,1,0.7805397727272727
pooled_equal_year,466,Mali,E018,2,0.11576704545454546
pooled_equal_year,466,Mali,E018,3,0.10369318181818182
pooled_equal_year,466,Mali,E025,1,0.18505942275042445
pooled_equal_year,466,Mali,E025,2,0.399830220713073
pooled_equal_year,466,Mali,E025,3,0.4151103565365025
pooled_equal_year,466,Mali,F063,1,0.009549795361527967
pooled_equal_year,466,Mali,F063,10,0.6828103683492497
pooled_equal_year,466,Mali,F063,2,0.002728512960436562
pooled_equal_year,466,Mali,F063,3,0.0020463847203274215
pooled_equal_year,466,Mali,F063,4,0.004092769440654843
pooled_equal_year,466,Mali,F063,5,0.0252387448840382
pooled_equal_year,466,Mali,F063,6,0.0286493860845839
pooled_equal_year,466,Mali,F063,7,0.05593451568894952
pooled_equal_year,466,Mali,F063,8,0.082537517053206
pooled_equal_year,466,Mali,F063,9,0.10641200545702592
pooled_equal_year,466,Mali,F118,1,0.6303030303030303
pooled_equal_year,466,Mali,F118,10,0.09318181818181819
pooled_equal_year,466,Mali,F118,2,0.06893939393939394
pooled_equal_year,466,Mali,F118,3,0.029545454545454545
pooled_equal_year,466,Mali,F118,4,0.025
pooled_equal_year,466,Mali,F118,5,0.06212121212121212
pooled_equal_year,466,Mali,F118,6,0.021212121212121213
pooled_equal_year,466,Mali,F118,7,0.02803030303030303
pooled_equal_year,466,Mali,F118,8,0.02878787878787879
pooled_equal_year,466,Mali,F118,9,0.012878787878787878
pooled_equal_year,466,Mali,F120,1,0.5513878469617405
pooled_equal_year,466,Mali,F120,10,0.12603150787696923
pooled_equal_year,466,Mali,F120,2,0.06301575393848462
pooled_equal_year,466,Mali,F120,3,0.03075768942235559
pooled_equal_year,466,Mali,F120,4,0.035258814703675916
pooled_equal_year,466,Mali,F120,5,0.0795198799699925
pooled_equal_year,466,Mali,F120,6,0.019504876219054765
pooled_equal_year,466,Mali,F120,7,0.03150787696924231
pooled_equal_year,466,Mali,F120,8,0.033008252063015754
pooled_equal_year,466,Mali,F120,9,0.030007501875468866
pooled_equal_year,466,Mali,G006,1,0.9
pooled_equal_year,466,Mali,G006,2,0.08533333333333333
pooled_equal_year,466,Mali,G006,3,0.013333333333333334
pooled_equal_year,466,Mali,G006,4,0.0013333333333333333
pooled_equal_year,466,Mali,Y002,1,0.41809458533241944
pooled_equal_year,466,Mali,Y002,2,0.5236463331048663
pooled_equal_year,466,Mali,Y002,3,0.058259081562714185
pooled_equal_year,470,Malta,A008,1,0.35428721746385716
pooled_equal_year,470,Malta,A008,2,0.5403085629456201
pooled_equal_year,470,Malta,A008,3,0.0947578749693074
pooled_equal_year,470,Malta,A008,4,0.010646344621215147
pooled_equal_year,470,Malta,A165,1,0.22526366499225187
pooled_equal_year,470,Malta,A165,2,0.7747363350077479
pooled_equal_year,470,Malta,E018,1,0.9283954346180722
pooled_equal_year,470,Malta,E018,2,0.049397249665759944
pooled_equal_year,470,Malta,E018,3,0.02220731571616802
pooled_equal_year,470,Malta,E025,1,0.36904486312596696
pooled_equal_year,470,Malta,E025,2,0.3227294908550976
pooled_equal_year,470,Malta,E025,3,0.3082256460189354
pooled_equal_year,470,Malta,F063,1,0.012530898259240112
pooled_equal_year,470,Malta,F063,10,0.6590099210401636
pooled_equal_year,470,Malta,F063,2,0.002679910823122482
pooled_equal_year,470,Malta,F063,3,0.008333424508567496
pooled_equal_year,470,Malta,F063,4,0.012199882355687544
pooled_equal_year,470,Malta,F063,5,0.03889884117580435
pooled_equal_year,470,Malta,F063,6,0.025167241699682128
pooled_equal_year,470,Malta,F063,7,0.05426726675309777
pooled_equal_year,470,Malta,F063,8,0.10829071878786577
pooled_equal_year,470,Malta,F063,9,0.07862189459676872
pooled_equal_year,470,Malta,F118,1,0.40662735878019085
pooled_equal_year,470,Malta,F118,10,0.13301814150576521
pooled_equal_year,470,Malta,F118,2,0.03114020001649024
pooled_equal_year,470,Malta,F118,3,0.043953078628928936
pooled_equal_year,470,Malta,F118,4,0.04754755520273339
pooled_equal_year,470,Malta,F118,5,0.1763015215324163
pooled_equal_year,470,Malta,F118,6,0.061663448274211136
pooled_equal_year,470,Malta,F118,7,0.043844660226693505
pooled_equal_year,470,Malta,F118,8,0.041090307712010166
pooled_equal_year,470,Malta,F118,9,0.014813728120560157
pooled_equal_year,470,Malta,F120,1,0.8576789966229758
pooled_equal_year,470,Malta,F120,10,0.01092167154716621
pooled_equal_year,470,Malta,F120,2,0.034681579619398
pooled_equal_year,470,Malta,F120,3,0.02455368321916746
pooled_equal_year,470,Malta,F120,4,0.009264000526596216
pooled_equal_year,470,Malta,F120,5,0.0419942361070868
pooled_equal_year,470,Malta,F120,6,0.007568725159649627
pooled_equal_year,470,Malta,F120,7,0.004702173352877422
pooled_equal_year,470,Malta,F120,8,0.006515758966168275
pooled_equal_year,470,Malta,F120,9,0.002119174878914351
pooled_equal_year,470,Malta,G006,1,0.7068349876901803
pooled_equal_year,470,Malta,G006,2,0.2586317980338443
pooled_equal_year,470,Malta,G006,3,0.029732615549957195
pooled_equal_year,470,Malta,G006,4,0.004800598726018264
pooled_equal_year,470,Malta,Y002,1,0.33500933774388314
pooled_equal_year,470,Malta,Y002,2,0.6109328011057586
pooled_equal_year,470,Malta,Y002,3,0.05405786115035822
pooled_equal_year,484,Mexico,A008,1,0.6168785665529763
pooled_equal_year,484,Mexico,A008,2,0.307327837299678
pooled_equal_year,484,Mexico,A008,3,0.0700876507402692
pooled_equal_year,484,Mexico,A008,4,0.0057059454070764876
pooled_equal_year,484,Mexico,A165,1,0.12832867731873596
pooled_equal_year,484,Mexico,A165,2,0.871671322681264
pooled_equal_year,484,Mexico,E018,1,0.7666973006272114
pooled_equal_year,484,Mexico,E018,2,0.17598767099926793
pooled_equal_year,484,Mexico,E018,3,0.05731502837352064
pooled_equal_year,484,Mexico,E025,1,0.16801198597491837
pooled_equal_year,484,Mexico,E025,2,0.3770527373835564
pooled_equal_year,484,Mexico,E025,3,0.4549352766415253
pooled_equal_year,484,Mexico,F063,1,0.020034565614143327
pooled_equal_year,484,Mexico,F063,10,0.7305315377798479
pooled_equal_year,484,Mexico,F063,2,0.005771749572504592
pooled_equal_year,484,Mexico,F063,3,0.007503475794871167
pooled_equal_year,484,Mexico,F063,4,0.007816898940494485
pooled_equal_year,484,Mexico,F063,5,0.031143624253772942
pooled_equal_year,484,Mexico,F063,6,0.017279149741301503
pooled_equal_year,484,Mexico,F063,7,0.032363911156019415
pooled_equal_year,484,Mexico,F063,8,0.07619410790803986
pooled_equal_year,484,Mexico,F063,9,0.07136097923900482
pooled_equal_year,484,Mexico,F118,1,0.3509897874173497
pooled_equal_year,484,Mexico,F118,10,0.1165253001166112
pooled_equal_year,484,Mexico,F118,2,0.05596307639721868
pooled_equal_year,484,Mexico,F118,3,0.04520407019408156
pooled_equal_year,484,Mexico,F118,4,0.04111241038403033
pooled_equal_year,484,Mexico,F118,5,0.18061531160552605
pooled_equal_year,484,Mexico,F118,6,0.060788794985996146
pooled_equal_year,484,Mexico,F118,7,0.05300977485213213
pooled_equal_year,484,Mexico,F118,8,0.06201619672354258
pooled_equal_year,484,Mexico,F118,9,0.03377527732351165
pooled_equal_year,484,Mexico,F120,1,0.5464601808447976
pooled_equal_year,484,Mexico,F120,10,0.06526035695969858
pooled_equal_year,484,Mexico,F120,2,0.07129677581667254
pooled_equal_year,484,Mexico,F120,3,0.0436994857101576
pooled_equal_year,484,Mexico,F120,4,0.03228515829718253
pooled_equal_year,484,Mexico,F120,5,0.11073269447519186
pooled_equal_year,484,Mexico,F120,6,0.034943592283670666
pooled_equal_year,484,Mexico,F120,7,0.03897866366022348
pooled_equal_year,484,Mexico,F120,8,0.033725892050702345
pooled_equal_year,484,Mexico,F120,9,0.02261719990170268
pooled_equal_year,484,Mexico,G006,1,0.7973307884173982
pooled_equal_year,484,Mexico,G006,2,0.14251834672699143
pooled_equal_year,484,Mexico,G006,3,0.04712708603974389
pooled_equal_year,484,Mexico,G006,4,0.013023778815866407
pooled_equal_year,484,Mexico,Y002,1,0.1974171258883758
pooled_equal_year,484,Mexico,Y002,2,0.619193382925168
pooled_equal_year,484,Mexico,Y002,3,0.18338949118645628
pooled_equal_year,496,Mongolia,A008,1,0.2031854280384369
pooled_equal_year,496,Mongolia,A008,2,0.5301076607212023
pooled_equal_year,496,Mongolia,A008,3,0.25549056309386686
pooled_equal_year,496,Mongolia,A008,4,0.011216348146494087
pooled_equal_year,496,Mongolia,A165,1,0.260514218336651
pooled_equal_year,496,Mongolia,A165,2,0.7394857816633489
pooled_equal_year,496,Mongolia,E018,1,0.37798212527611874
pooled_equal_year,496,Mongolia,E018,2,0.42492811672320546
pooled_equal_year,496,Mongolia,E018,3,0.19708975800067555
pooled_equal_year,496,Mongolia,E025,1,0.448500434990004
pooled_equal_year,496,Mongolia,E025,2,0.35145664851885516
pooled_equal_year,496,Mongolia,E025,3,0.20004291649114087
pooled_equal_year,496,Mongolia,F063,1,0.12666200640508968
pooled_equal_year,496,Mongolia,F063,10,0.04827698660765406
pooled_equal_year,496,Mongolia,F063,2,0.05476910087567361
pooled_equal_year,496,Mongolia,F063,3,0.05281981756934596
pooled_equal_year,496,Mongolia,F063,4,0.05942071348578976
pooled_equal_year,496,Mongolia,F063,5,0.15460732595311752
pooled_equal_year,496,Mongolia,F063,6,0.2101108549297467
pooled_equal_year,496,Mongolia,F063,7,0.13525389991694983
pooled_equal_year,496,Mongolia,F063,8,0.10125256141476707
pooled_equal_year,496,Mongolia,F063,9,0.05682673284186572
pooled_equal_year,496,Mongolia,F118,1,0.2800177664744628
pooled_equal_year,496,Mongolia,F118,10,0.01910911694795668
pooled_equal_year,496,Mongolia,F118,2,0.08648073575451412
pooled_equal_year,496,Mongolia,F118,3,0.08209095719686726
pooled_equal_year,496,Mongolia,F118,4,0.09683772416347848
pooled_equal_year,496,Mongolia,F118,5,0.26828634863939405
pooled_equal_year,496,Mongolia,F118,6,0.08974182424595292
pooled_equal_year,496,Mongolia,F118,7,0.04748903835122722
pooled_equal_year,496,Mongolia,F118,8,0.020577868735140295
pooled_equal_year,496,Mongolia,F118,9,0.009368619491006272
pooled_equal_year,496,Mongolia,F120,1,0.21644924541314436
pooled_equal_year,496,Mongolia,F120,10,0.025148370157616434
pooled_equal_year,496,Mongolia,F120,2,0.07691386226003293
pooled_equal_year,496,Mongolia,F120,3,0.0859789688766056
pooled_equal_year,496,Mongolia,F120,4,0.09942342181453954
pooled_equal_year,496,Mongolia,F120,5,0.24990758224853873
pooled_equal_year,496,Mongolia,F120,6,0.13468126629563398
pooled_equal_year,496,Mongolia,F120,7,0.07274275468140515
pooled_equal_year,496,Mongolia,F120,8,0.02774589931261093
pooled_equal_year,496,Mongolia,F120,9,0.01100862893987242
pooled_equal_year,496,Mongolia,G006,1,0.41825127090542186
pooled_equal_year,496,Mongolia,G006,2,0.41603649961425015
pooled_equal_year,496,Mongolia,G006,3,0.12520598226188726
pooled_equal_year,496,Mongolia,G006,4,0.04050624721844067
pooled_equal_year,496,Mongolia,Y002,1,0.27736143999522533
pooled_equal_year,496,Mongolia,Y002,2,0.6342015033898887
pooled_equal_year,496,Mongolia,Y002,3,0.08843705661488614
pooled_equal_year,498,Moldova,A008,1,0.09586004818934724
pooled_equal_year,498,Moldova,A008,2,0.48999594080794856
pooled_equal_year,498,Moldova,A008,3,0.328491098255291
pooled_equal_year,498,Moldova,A008,4,0.08565291274741312
pooled_equal_year,498,Moldova,A165,1,0.14992219786095526
pooled_equal_year,498,Moldova,A165,2,0.8500778021390447
pooled_equal_year,498,Moldova,E018,1,0.47997079856166397
pooled_equal_year,498,Moldova,E018,2,0.3906467304254649
pooled_equal_year,498,Moldova,E018,3,0.12938247101287118
pooled_equal_year,498,Moldova,E025,1,0.11080027472294135
pooled_equal_year,498,Moldova,E025,2,0.3339492696993116
pooled_equal_year,498,Moldova,E025,3,0.5552504555777469
pooled_equal_year,498,Moldova,F063,1,0.01791464094688726
pooled_equal_year,498,Moldova,F063,10,0.4580989596459363
pooled_equal_year,498,Moldova,F063,2,0.017333179601166593
pooled_equal_year,498,Moldova,F063,3,0.018338671820690197
pooled_equal_year,498,Moldova,F063,4,0.0219839141818932
pooled_equal_year,498,Moldova,F063,5,0.047992084276648916
pooled_equal_year,498,Moldova,F063,6,0.04551402469259089
pooled_equal_year,498,Moldova,F063,7,0.07550510055922201
pooled_equal_year,498,Moldova,F063,8,0.14771491829577726
pooled_equal_year,498,Moldova,F063,9,0.14960450597918734
pooled_equal_year,498,Moldova,F118,1,0.6980158515417594
pooled_equal_year,498,Moldova,F118,10,0.011710154906921132
pooled_equal_year,498,Moldova,F118,2,0.07797899798518793
pooled_equal_year,498,Moldova,F118,3,0.04506388675231245
pooled_equal_year,498,Moldova,F118,4,0.03785481323764023
pooled_equal_year,498,Moldova,F118,5,0.0604472470383581
pooled_equal_year,498,Moldova,F118,6,0.029332823141418392
pooled_equal_year,498,Moldova,F118,7,0.019828867448065515
pooled_equal_year,498,Moldova,F118,8,0.014623325026526147
pooled_equal_year,498,Moldova,F118,9,0.0051440329218107
pooled_equal_year,498,Moldova,F120,1,0.5335183824712597
pooled_equal_year,498,Moldova,F120,10,0.015305399688265385
pooled_equal_year,498,Moldova,F120,2,0.08600009157825973
pooled_equal_year,498,Moldova,F120,3,0.06335630107491591
pooled_equal_year,498,Moldova,F120,4,0.06228559801743642
pooled_equal_year,498,Moldova,F120,5,0.11919537760434716
pooled_equal_year,498,Moldova,F120,6,0.048288121387052255
pooled_equal_year,498,Moldova,F120,7,0.02855784317221785
pooled_equal_year,498,Moldova,F120,8,0.02854959933839838
pooled_equal_year,498,Moldova,F120,9,0.01494328566784726
pooled_equal_year,498,Moldova,G006,1,0.22037936037691336
pooled_equal_year,498,Moldova,G006,2,0.5199464142564975
pooled_equal_year,498,Moldova,G006,3,0.21610063024219422
pooled_equal_year,498,Moldova,G006,4,0.04357359512439504
pooled_equal_year,498,Moldova,Y002,1,0.4584147364285115
pooled_equal_year,498,Moldova,Y002,2,0.4811043523038182
pooled_equal_year,498,Moldova,Y002,3,0.0604809112676703
pooled_equal_year,499,Montenegro,A008,1,0.2803967954463939
pooled_equal_year,499,Montenegro,A008,2,0.6066455715871952
pooled_equal_year,499,Montenegro,A008,3,0.10253172443609468
pooled_equal_year,499,Montenegro,A008,4,0.010425908530316177
pooled_equal_year,499,Montenegro,A165,1,0.23798221702370936
pooled_equal_year,499,Montenegro,A165,2,0.7620177829762906
pooled_equal_year,499,Montenegro,E018,1,0.6440110104214385
pooled_equal_year,499,Montenegro,E018,2,0.18619195655855048
pooled_equal_year,499,Montenegro,E018,3,0.16979703302001106
pooled_equal_year,499,Montenegro,E025,1,0.30718504240006084
pooled_equal_year,499,Montenegro,E025,2,0.42545553255820523
pooled_equal_year,499,Montenegro,E025,3,0.2673594250417338
pooled_equal_year,499,Montenegro,F063,1,0.06333529653458994
pooled_equal_year,499,Montenegro,F063,10,0.3861030241663917
pooled_equal_year,499,Montenegro,F063,2,0.021475299557959987
pooled_equal_year,499,Montenegro,F063,3,0.018397193986178235
pooled_equal_year,499,Montenegro,F063,4,0.030678576635580088
pooled_equal_year,499,Montenegro,F063,5,0.12389185728235845
pooled_equal_year,499,Montenegro,F063,6,0.08591718285786476
pooled_equal_year,499,Montenegro,F063,7,0.0848974333031142
pooled_equal_year,499,Montenegro,F063,8,0.10039651247071107
pooled_equal_year,499,Montenegro,F063,9,0.08490762320525162
pooled_equal_year,499,Montenegro,F118,1,0.7971189598575033
pooled_equal_year,499,Montenegro,F118,10,0.022033231044210705
pooled_equal_year,499,Montenegro,F118,2,0.05835044067934912
pooled_equal_year,499,Montenegro,F118,3,0.022093702066348454
pooled_equal_year,499,Montenegro,F118,4,0.01935955847090408
pooled_equal_year,499,Montenegro,F118,5,0.03835934519198955
pooled_equal_year,499,Montenegro,F118,6,0.0191322226493907
pooled_equal_year,499,Montenegro,F118,7,0.011449722666206308
pooled_equal_year,499,Montenegro,F118,8,0.008249897550551485
pooled_equal_year,499,Montenegro,F118,9,0.0038529198235462947
pooled_equal_year,499,Montenegro,F120,1,0.44380289722638155
pooled_equal_year,499,Montenegro,F120,10,0.0700574998523003
pooled_equal_year,499,Montenegro,F120,2,0.10167103896797527
pooled_equal_year,499,Montenegro,F120,3,0.08143099563486654
pooled_equal_year,499,Montenegro,F120,4,0.04537785901482896
pooled_equal_year,499,Montenegro,F120,5,0.11851085910525423
pooled_equal_year,499,Montenegro,F120,6,0.04008813370044084
pooled_equal_year,499,Montenegro,F120,7,0.040974388204640236
pooled_equal_year,499,Montenegro,F120,8,0.035851467929793435
pooled_equal_year,499,Montenegro,F120,9,0.022234860363518662
pooled_equal_year,499,Montenegro,G006,1,0.33212348439001216
pooled_equal_year,499,Montenegro,G006,2,0.5477118727646538
pooled_equal_year,499,Montenegro,G006,3,0.08847378607576556
pooled_equal_year,499,Montenegro,G006,4,0.03169085676956853
pooled_equal_year,499,Montenegro,Y002,1,0.28725160790020615
pooled_equal_year,499,Montenegro,Y002,2,0.6350443471548577
pooled_equal_year,499,Montenegro,Y002,3,0.07770404494493627
pooled_equal_year,504,Morocco,A008,1,0.1935771159201869
pooled_equal_year,504,Morocco,A008,2,0.6139686888660815
pooled_equal_year,504,Morocco,A008,3,0.16156657223170987
pooled_equal_year,504,Morocco,A008,4,0.030887622982021825
pooled_equal_year,504,Morocco,A165,1,0.14010301044744375
pooled_equal_year,504,Morocco,A165,2,0.8598969895525563
pooled_equal_year,504,Morocco,E018,1,0.6905491195551438
pooled_equal_year,504,Morocco,E018,2,0.23507542992482752
pooled_equal_year,504,Morocco,E018,3,0.07437545052002885
pooled_equal_year,504,Morocco,E025,1,0.08891241922881699
pooled_equal_year,504,Morocco,E025,2,0.2829333128019117
pooled_equal_year,504,Morocco,E025,3,0.6281542679692713
pooled_equal_year,504,Morocco,F063,1,0.025018802818296323
pooled_equal_year,504,Morocco,F063,10,0.8495515462295907
pooled_equal_year,504,Morocco,F063,2,0.0027796362128007144
pooled_equal_year,504,Morocco,F063,3,0.0011125034809245336
pooled_equal_year,504,Morocco,F063,4,0.0022264051574776085
pooled_equal_year,504,Morocco,F063,5,0.008901667814352246
pooled_equal_year,504,Morocco,F063,6,0.015576688699899444
pooled_equal_year,504,Morocco,F063,7,0.01140049391260578
pooled_equal_year,504,Morocco,F063,8,0.027808421565303307
pooled_equal_year,504,Morocco,F063,9,0.055623834108749326
pooled_equal_year,504,Morocco,F118,1,0.7101258641418695
pooled_equal_year,504,Morocco,F118,10,0.009651713255184852
pooled_equal_year,504,Morocco,F118,2,0.07473512173128945
pooled_equal_year,504,Morocco,F118,3,0.03665389239555155
pooled_equal_year,504,Morocco,F118,4,0.03325856627592426
pooled_equal_year,504,Morocco,F118,5,0.07342951608055305
pooled_equal_year,504,Morocco,F118,6,0.02558761647129546
pooled_equal_year,504,Morocco,F118,7,0.01218590321611061
pooled_equal_year,504,Morocco,F118,8,0.010034189960925758
pooled_equal_year,504,Morocco,F118,9,0.014337616471295462
pooled_equal_year,504,Morocco,F120,1,0.6334584327412635
pooled_equal_year,504,Morocco,F120,10,0.02017667526881385
pooled_equal_year,504,Morocco,F120,2,0.06905476795636521
pooled_equal_year,504,Morocco,F120,3,0.05487480511369202
pooled_equal_year,504,Morocco,F120,4,0.04736761500727844
pooled_equal_year,504,Morocco,F120,5,0.08565965036987155
pooled_equal_year,504,Morocco,F120,6,0.03117847143144042
pooled_equal_year,504,Morocco,F120,7,0.027282215768663298
pooled_equal_year,504,Morocco,F120,8,0.018819914529314977
pooled_equal_year,504,Morocco,F120,9,0.012127451813296775
pooled_equal_year,504,Morocco,G006,1,0.5560896711811442
pooled_equal_year,504,Morocco,G006,2,0.3597578646395592
pooled_equal_year,504,Morocco,G006,3,0.06908708090776516
pooled_equal_year,504,Morocco,G006,4,0.015065383271531374
pooled_equal_year,504,Morocco,Y002,1,0.4529547542355887
pooled_equal_year,504,Morocco,Y002,2,0.497409749846455
pooled_equal_year,504,Morocco,Y002,3,0.04963549591795635
pooled_equal_year,528,Netherlands,A008,1,0.38810564190269564
pooled_equal_year,528,Netherlands,A008,2,0.5474921519554965
pooled_equal_year,528,Netherlands,A008,3,0.05673604843880796
pooled_equal_year,528,Netherlands,A008,4,0.007666157702999837
pooled_equal_year,528,Netherlands,A165,1,0.5922065630806965
pooled_equal_year,528,Netherlands,A165,2,0.4077934369193034
pooled_equal_year,528,Netherlands,E018,1,0.7568938240376566
pooled_equal_year,528,Netherlands,E018,2,0.1790445342609659
pooled_equal_year,528,Netherlands,E018,3,0.06406164170137758
pooled_equal_year,528,Netherlands,E025,1,0.47827578607174664
pooled_equal_year,528,Netherlands,E025,2,0.3993063409153753
pooled_equal_year,528,Netherlands,E025,3,0.12241787301287803
pooled_equal_year,528,Netherlands,F063,1,0.3397435818051931
pooled_equal_year,528,Netherlands,F063,10,0.1006560968491939
pooled_equal_year,528,Netherlands,F063,2,0.09861913076103987
pooled_equal_year,528,Netherlands,F063,3,0.07036079400210514
pooled_equal_year,528,Netherlands,F063,4,0.04633704578376581
pooled_equal_year,528,Netherlands,F063,5,0.06638828423420594
pooled_equal_year,528,Netherlands,F063,6,0.07415882305476512
pooled_equal_year,528,Netherlands,F063,7,0.08114112556994556
pooled_equal_year,528,Netherlands,F063,8,0.08473686201115263
pooled_equal_year,528,Netherlands,F063,9,0.03785825592863295
pooled_equal_year,528,Netherlands,F118,1,0.08883713526559534
pooled_equal_year,528,Netherlands,F118,10,0.5645609921452138
pooled_equal_year,528,Netherlands,F118,2,0.010829538562663343
pooled_equal_year,528,Netherlands,F118,3,0.014064463638144056
pooled_equal_year,528,Netherlands,F118,4,0.01289940267199081
pooled_equal_year,528,Netherlands,F118,5,0.057923666190809894
pooled_equal_year,528,Netherlands,F118,6,0.0385853948828986
pooled_equal_year,528,Netherlands,F118,7,0.05581803532614786
pooled_equal_year,528,Netherlands,F118,8,0.08694922609430125
pooled_equal_year,528,Netherlands,F118,9,0.06953214522223504
pooled_equal_year,528,Netherlands,F120,1,0.12144360815580693
pooled_equal_year,528,Netherlands,F120,10,0.22075384387264335
pooled_equal_year,528,Netherlands,F120,2,0.032169516254693414
pooled_equal_year,528,Netherlands,F120,3,0.04483580268561933
pooled_equal_year,528,Netherlands,F120,4,0.03753298023592808
pooled_equal_year,528,Netherlands,F120,5,0.13051089333773008
pooled_equal_year,528,Netherlands,F120,6,0.09599858220347007
pooled_equal_year,528,Netherlands,F120,7,0.10820563635649479
pooled_equal_year,528,Netherlands,F120,8,0.1312990909785033
pooled_equal_year,528,Netherlands,F120,9,0.07725004591911068
pooled_equal_year,528,Netherlands,G006,1,0.26213116312809337
pooled_equal_year,528,Netherlands,G006,2,0.5768406298351519
pooled_equal_year,528,Netherlands,G006,3,0.1296714870424691
pooled_equal_year,528,Netherlands,G006,4,0.03135671999428562
pooled_equal_year,528,Netherlands,Y002,1,0.193983617834858
pooled_equal_year,528,Netherlands,Y002,2,0.6390853936791704
pooled_equal_year,528,Netherlands,Y002,3,0.16693098848597163
pooled_equal_year,554,New Zealand,A008,1,0.3399314360852822
pooled_equal_year,554,New Zealand,A008,2,0.6013900629285245
pooled_equal_year,554,New Zealand,A008,3,0.05353620738236123
pooled_equal_year,554,New Zealand,A008,4,0.005142293603832065
pooled_equal_year,554,New Zealand,A165,1,0.5813952216937291
pooled_equal_year,554,New Zealand,A165,2,0.41860477830627085
pooled_equal_year,554,New Zealand,E018,1,0.5451203504321407
pooled_equal_year,554,New Zealand,E018,2,0.366069584967995
pooled_equal_year,554,New Zealand,E018,3,0.08881006459986432
pooled_equal_year,554,New Zealand,E025,1,0.8210336234075586
pooled_equal_year,554,New Zealand,E025,2,0.14942187020187747
pooled_equal_year,554,New Zealand,E025,3,0.02954450639056396
pooled_equal_year,554,New Zealand,F063,1,0.292008991674606
pooled_equal_year,554,New Zealand,F063,10,0.21197250191477834
pooled_equal_year,554,New Zealand,F063,2,0.10492549488458401
pooled_equal_year,554,New Zealand,F063,3,0.06910139296233336
pooled_equal_year,554,New Zealand,F063,4,0.038653615039260736
pooled_equal_year,554,New Zealand,F063,5,0.06278853997372238
pooled_equal_year,554,New Zealand,F063,6,0.06009041489977769
pooled_equal_year,554,New Zealand,F063,7,0.051196502960901155
pooled_equal_year,554,New Zealand,F063,8,0.07290168313687395
pooled_equal_year,554,New Zealand,F063,9,0.03636086255316234
pooled_equal_year,554,New Zealand,F118,1,0.1764590830855891
pooled_equal_year,554,New Zealand,F118,10,0.37034067003946525
pooled_equal_year,554,New Zealand,F118,2,0.02634564230949773
pooled_equal_year,554,New Zealand,F118,3,0.032810897268728594
pooled_equal_year,554,New Zealand,F118,4,0.0259609868043603
pooled_equal_year,554,New Zealand,F118,5,0.12418070550600671
pooled_equal_year,554,New Zealand,F118,6,0.05807428849597525
pooled_equal_year,554,New Zealand,F118,7,0.041412402858185995
pooled_equal_year,554,New Zealand,F118,8,0.07870877449190702
pooled_equal_year,554,New Zealand,F118,9,0.06570654914028408
pooled_equal_year,554,New Zealand,F120,1,0.13689188282012488
pooled_equal_year,554,New Zealand,F120,10,0.17461438360762405
pooled_equal_year,554,New Zealand,F120,2,0.04521794362022401
pooled_equal_year,554,New Zealand,F120,3,0.0590566276445771
pooled_equal_year,554,New Zealand,F120,4,0.042297096322766216
pooled_equal_year,554,New Zealand,F120,5,0.15557045922819918
pooled_equal_year,554,New Zealand,F120,6,0.08573219348208891
pooled_equal_year,554,New Zealand,F120,7,0.0793870158171143
pooled_equal_year,554,New Zealand,F120,8,0.1512011298676485
pooled_equal_year,554,New Zealand,F120,9,0.07003126758963289
pooled_equal_year,554,New Zealand,G006,1,0.6791172539954082
pooled_equal_year,554,New Zealand,G006,2,0.2912325073212907
pooled_equal_year,554,New Zealand,G006,3,0.021049863854306974
pooled_equal_year,554,New Zealand,G006,4,0.008600374828994155
pooled_equal_year,554,New Zealand,Y002,1,0.1619337717436367
pooled_equal_year,554,New Zealand,Y002,2,0.6665872265210926
pooled_equal_year,554,New Zealand,Y002,3,0.1714790017352707
pooled_equal_year,558,Nicaragua,A008,1,0.4975
pooled_equal_year,558,Nicaragua,A008,2,0.35833333333333334
pooled_equal_year,558,Nicaragua,A008,3,0.12416666666666666
pooled_equal_year,558,Nicaragua,A008,4,0.02
pooled_equal_year,558,Nicaragua,A165,1,0.0425
pooled_equal_year,558,Nicaragua,A165,2,0.9575
pooled_equal_year,558,Nicaragua,E018,1,0.8691666666666666
pooled_equal_year,558,Nicaragua,E018,2,0.0975
pooled_equal_year,558,Nicaragua,E018,3,0.03333333333333333
pooled_equal_year,558,Nicaragua,E025,1,0.095
pooled_equal_year,558,Nicaragua,E025,2,0.2891666666666667
pooled_equal_year,558,Nicaragua,E025,3,0.6158333333333333
pooled_equal_year,558,Nicaragua,F063,1,0.008333333333333333
pooled_equal_year,558,Nicaragua,F063,10,0.8766666666666667
pooled_equal_year,558,Nicaragua,F063,2,0.0025
pooled_equal_year,558,Nicaragua,F063,3,0.005
pooled_equal_year,558,Nicaragua,F063,4,0.005833333333333334
pooled_equal_year,558,Nicaragua,F063,5,0.0225
pooled_equal_year,558,Nicaragua,F063,6,0.010833333333333334
pooled_equal_year,558,Nicaragua,F063,7,0.0125
pooled_equal_year,558,Nicaragua,F063,8,0.030833333333333334
pooled_equal_year,558,Nicaragua,F063,9,0.025
pooled_equal_year,558,Nicaragua,F118,1,0.5491666666666667
pooled_equal_year,558,Nicaragua,F118,10,0.075
pooled_equal_year,558,Nicaragua,F118,2,0.03333333333333333
pooled_equal_year,558,Nicaragua,F118,3,0.029166666666666667
pooled_equal_year,558,Nicaragua,F118,4,0.035
pooled_equal_year,558,Nicaragua,F118,5,0.15666666666666668
pooled_equal_year,558,Nicaragua,F118,6,0.034166666666666665
pooled_equal_year,558,Nicaragua,F118,7,0.034166666666666665
pooled_equal_year,558,Nicaragua,F118,8,0.03666666666666667
pooled_equal_year,558,Nicaragua,F118,9,0.016666666666666666
pooled_equal_year,558,Nicaragua,F120,1,0.7633333333333333
pooled_equal_year,558,Nicaragua,F120,10,0.04
pooled_equal_year,558,Nicaragua,F120,2,0.043333333333333335
pooled_equal_year,558,Nicaragua,F120,3,0.025
pooled_equal_year,558,Nicaragua,F120,4,0.021666666666666667
pooled_equal_year,558,Nicaragua,F120,5,0.0575
pooled_equal_year,558,Nicaragua,F120,6,0.019166666666666665
pooled_equal_year,558,Nicaragua,F120,7,0.008333333333333333
pooled_equal_year,558,Nicaragua,F120,8,0.015
pooled_equal_year,558,Nicaragua,F120,9,0.006666666666666667
pooled_equal_year,558,Nicaragua,G006,1,0.8825
pooled_equal_year,558,Nicaragua,G006,2,0.059166666666666666
pooled_equal_year,558,Nicaragua,G006,3,0.04
pooled_equal_year,558,Nicaragua,G006,4,0.018333333333333333
pooled_equal_year,558,Nicaragua,Y002,1,0.2147887323943662
pooled_equal_year,558,Nicaragua,Y002,2,0.6382042253521126
pooled_equal_year,558,Nicaragua,Y002,3,0.14700704225352113
pooled_equal_year,566,Nigeria,A008,1,0.5111675531503866
pooled_equal_year,566,Nigeria,A008,2,0.2752413760686049
pooled_equal_year,566,Nigeria,A008,3,0.1510735836486883
pooled_equal_year,566,Nigeria,A008,4,0.06251748713232017
pooled_equal_year,566,Nigeria,A165,1,0.1404768430844632
pooled_equal_year,566,Nigeria,A165,2,0.8595231569155367
pooled_equal_year,566,Nigeria,E018,1,0.806906562047209
pooled_equal_year,566,Nigeria,E018,2,0.16610435696161452
pooled_equal_year,566,Nigeria,E018,3,0.026989080991176487
pooled_equal_year,566,Nigeria,E025,1,0.07981637204027056
pooled_equal_year,566,Nigeria,E025,2,0.25162229554517923
pooled_equal_year,566,Nigeria,E025,3,0.6685613324145501
pooled_equal_year,566,Nigeria,F063,1,0.0070004735116806155
pooled_equal_year,566,Nigeria,F063,10,0.7487509708574075
pooled_equal_year,566,Nigeria,F063,2,0.0028896137707333826
pooled_equal_year,566,Nigeria,F063,3,0.006689900694056277
pooled_equal_year,566,Nigeria,F063,4,0.014244387589178245
pooled_equal_year,566,Nigeria,F063,5,0.022038232511167776
pooled_equal_year,566,Nigeria,F063,6,0.03347882813538888
pooled_equal_year,566,Nigeria,F063,7,0.04716923603284934
pooled_equal_year,566,Nigeria,F063,8,0.047503125261032175
pooled_equal_year,566,Nigeria,F063,9,0.07023523163650577
pooled_equal_year,566,Nigeria,F118,1,0.7208438134653228
pooled_equal_year,566,Nigeria,F118,10,0.008835422937918539
pooled_equal_year,566,Nigeria,F118,2,0.11478352929407647
pooled_equal_year,566,Nigeria,F118,3,0.07448596558326448
pooled_equal_year,566,Nigeria,F118,4,0.0333713954765817
pooled_equal_year,566,Nigeria,F118,5,0.017720232452979906
pooled_equal_year,566,Nigeria,F118,6,0.009387152611099485
pooled_equal_year,566,Nigeria,F118,7,0.00741799246871269
pooled_equal_year,566,Nigeria,F118,8,0.00987401645431332
pooled_equal_year,566,Nigeria,F118,9,0.0032804792557305134
pooled_equal_year,566,Nigeria,F120,1,0.6739207708119871
pooled_equal_year,566,Nigeria,F120,10,0.01095766890093835
pooled_equal_year,566,Nigeria,F120,2,0.12109617344960222
pooled_equal_year,566,Nigeria,F120,3,0.07526337142745211
pooled_equal_year,566,Nigeria,F120,4,0.046176119705011176
pooled_equal_year,566,Nigeria,F120,5,0.027124797464778538
pooled_equal_year,566,Nigeria,F120,6,0.0238452306753576
pooled_equal_year,566,Nigeria,F120,7,0.009772473691794984
pooled_equal_year,566,Nigeria,F120,8,0.007485320302651568
pooled_equal_year,566,Nigeria,F120,9,0.00435807357042626
pooled_equal_year,566,Nigeria,G006,1,0.6855924948105084
pooled_equal_year,566,Nigeria,G006,2,0.22694322355062896
pooled_equal_year,566,Nigeria,G006,3,0.06591779086697085
pooled_equal_year,566,Nigeria,G006,4,0.021546490771891684
pooled_equal_year,566,Nigeria,Y002,1,0.31933196495094107
pooled_equal_year,566,Nigeria,Y002,2,0.609302773401777
pooled_equal_year,566,Nigeria,Y002,3,0.07136526164728191
pooled_equal_year,578,Norway,A008,1,0.39476335748577035
pooled_equal_year,578,Norway,A008,2,0.559495010927013
pooled_equal_year,578,Norway,A008,3,0.04204260611404356
pooled_equal_year,578,Norway,A008,4,0.0036990254731730614
pooled_equal_year,578,Norway,A165,1,0.7373656678764314
pooled_equal_year,578,Norway,A165,2,0.2626343321235686
pooled_equal_year,578,Norway,E018,1,0.32344316531267475
pooled_equal_year,578,Norway,E018,2,0.24732821178899603
pooled_equal_year,578,Norway,E018,3,0.42922862289832925
pooled_equal_year,578,Norway,E025,1,0.6845814901810723
pooled_equal_year,578,Norway,E025,2,0.2314616088176966
pooled_equal_year,578,Norway,E025,3,0.08395690100123125
pooled_equal_year,578,Norway,F063,1,0.31433457968660106
pooled_equal_year,578,Norway,F063,10,0.10043193667955617
pooled_equal_year,578,Norway,F063,2,0.11385643575632103
pooled_equal_year,578,Norway,F063,3,0.09533171145027204
pooled_equal_year,578,Norway,F063,4,0.05248449683056824
pooled_equal_year,578,Norway,F063,5,0.12037653525842577
pooled_equal_year,578,Norway,F063,6,0.06020945829874177
pooled_equal_year,578,Norway,F063,7,0.05789436038519952
pooled_equal_year,578,Norway,F063,8,0.055950496460736
pooled_equal_year,578,Norway,F063,9,0.029129989193578412
pooled_equal_year,578,Norway,F118,1,0.0839124753928897
pooled_equal_year,578,Norway,F118,10,0.506280021727295
pooled_equal_year,578,Norway,F118,2,0.02395994480688951
pooled_equal_year,578,Norway,F118,3,0.021288177494134735
pooled_equal_year,578,Norway,F118,4,0.020869284609164217
pooled_equal_year,578,Norway,F118,5,0.11670573738887809
pooled_equal_year,578,Norway,F118,6,0.02147496455585896
pooled_equal_year,578,Norway,F118,7,0.03850648653647378
pooled_equal_year,578,Norway,F118,8,0.08479285749304316
pooled_equal_year,578,Norway,F118,9,0.08221004999537289
pooled_equal_year,578,Norway,F120,1,0.07364542996383161
pooled_equal_year,578,Norway,F120,10,0.24128872250835645
pooled_equal_year,578,Norway,F120,2,0.03169891057168347
pooled_equal_year,578,Norway,F120,3,0.03748498943927264
pooled_equal_year,578,Norway,F120,4,0.03176484331090533
pooled_equal_year,578,Norway,F120,5,0.17741478288601775
pooled_equal_year,578,Norway,F120,6,0.05271171695663802
pooled_equal_year,578,Norway,F120,7,0.09261489155465252
pooled_equal_year,578,Norway,F120,8,0.1668570100455299
pooled_equal_year,578,Norway,F120,9,0.09451870276311229
pooled_equal_year,578,Norway,G006,1,0.605911977501632
pooled_equal_year,578,Norway,G006,2,0.3160011483750516
pooled_equal_year,578,Norway,G006,3,0.07034984967639848
pooled_equal_year,578,Norway,G006,4,0.007737024446917921
pooled_equal_year,578,Norway,Y002,1,0.07733572317682218
pooled_equal_year,578,Norway,Y002,2,0.7500714188560499
pooled_equal_year,578,Norway,Y002,3,0.172592857967128
pooled_equal_year,586,Pakistan,A008,1,0.4677371082985866
pooled_equal_year,586,Pakistan,A008,2,0.4031868491804116
pooled_equal_year,586,Pakistan,A008,3,0.09552473348816765
pooled_equal_year,586,Pakistan,A008,4,0.03355130903283413
pooled_equal_year,586,Pakistan,A165,1,0.23293637570342063
pooled_equal_year,586,Pakistan,A165,2,0.7670636242965794
pooled_equal_year,586,Pakistan,E018,1,0.3608855949681288
pooled_equal_year,586,Pakistan,E018,2,0.3505252682855977
pooled_equal_year,586,Pakistan,E018,3,0.28858913674627357
pooled_equal_year,586,Pakistan,E025,1,0.15210873292214666
pooled_equal_year,586,Pakistan,E025,2,0.2244803381599257
pooled_equal_year,586,Pakistan,E025,3,0.6234109289179275
pooled_equal_year,586,Pakistan,F063,1,0.0022336109359845364
pooled_equal_year,586,Pakistan,F063,10,0.8402075627700494
pooled_equal_year,586,Pakistan,F063,2,0.0012632642748863063
pooled_equal_year,586,Pakistan,F063,3,0.003163692838271952
pooled_equal_year,586,Pakistan,F063,4,0.003698325427181973
pooled_equal_year,586,Pakistan,F063,5,0.015924912174575527
pooled_equal_year,586,Pakistan,F063,6,0.026702444567381634
pooled_equal_year,586,Pakistan,F063,7,0.026400765443036427
pooled_equal_year,586,Pakistan,F063,8,0.020239480013430608
pooled_equal_year,586,Pakistan,F063,9,0.06016594155520174
pooled_equal_year,586,Pakistan,F118,1,0.7687797384022224
pooled_equal_year,586,Pakistan,F118,10,0.009318694615009475
pooled_equal_year,586,Pakistan,F118,2,0.11351198759184028
pooled_equal_year,586,Pakistan,F118,3,0.04702142043315545
pooled_equal_year,586,Pakistan,F118,4,0.023625900557877718
pooled_equal_year,586,Pakistan,F118,5,0.01071127432524444
pooled_equal_year,586,Pakistan,F118,6,0.014264250515319536
pooled_equal_year,586,Pakistan,F118,7,0.0071500391297193155
pooled_equal_year,586,Pakistan,F118,8,0.003261906360537646
pooled_equal_year,586,Pakistan,F118,9,0.002354788069073783
pooled_equal_year,586,Pakistan,F120,1,0.76559656974389
pooled_equal_year,586,Pakistan,F120,10,0.009630818619582664
pooled_equal_year,586,Pakistan,F120,2,0.10132033269185006
pooled_equal_year,586,Pakistan,F120,3,0.04839303947242893
pooled_equal_year,586,Pakistan,F120,4,0.021998695454401106
pooled_equal_year,586,Pakistan,F120,5,0.02027051330155126
pooled_equal_year,586,Pakistan,F120,6,0.010871334888902967
pooled_equal_year,586,Pakistan,F120,7,0.008066109324937459
pooled_equal_year,586,Pakistan,F120,8,0.0068389272974471015
pooled_equal_year,586,Pakistan,F120,9,0.007013659205008397
pooled_equal_year,586,Pakistan,G006,1,0.8295712511929489
pooled_equal_year,586,Pakistan,G006,2,0.13034890259697912
pooled_equal_year,586,Pakistan,G006,3,0.032287791400647636
pooled_equal_year,586,Pakistan,G006,4,0.007792054809424123
pooled_equal_year,586,Pakistan,Y002,1,0.24769656367774867
pooled_equal_year,586,Pakistan,Y002,2,0.640407828581896
pooled_equal_year,586,Pakistan,Y002,3,0.11189560774035523
pooled_equal_year,604,Peru,A008,1,0.3296110352540172
pooled_equal_year,604,Peru,A008,2,0.4216699621208124
pooled_equal_year,604,Peru,A008,3,0.23787808295495308
pooled_equal_year,604,Peru,A008,4,0.01084091967021726
pooled_equal_year,604,Peru,A165,1,0.06309584897228067
pooled_equal_year,604,Peru,A165,2,0.9369041510277194
pooled_equal_year,604,Peru,E018,1,0.7726111003212277
pooled_equal_year,604,Peru,E018,2,0.18810238880718122
pooled_equal_year,604,Peru,E018,3,0.039286510871590984
pooled_equal_year,604,Peru,E025,1,0.1711886002969202
pooled_equal_year,604,Peru,E025,2,0.42843444422367855
pooled_equal_year,604,Peru,E025,3,0.40037695547940116
pooled_equal_year,604,Peru,F063,1,0.013825851158914647
pooled_equal_year,604,Peru,F063,10,0.6411303288988358
pooled_equal_year,604,Peru,F063,2,0.004682756594048917
pooled_equal_year,604,Peru,F063,3,0.009132600588399716
pooled_equal_year,604,Peru,F063,4,0.006727848201138378
pooled_equal_year,604,Peru,F063,5,0.02808014891256032
pooled_equal_year,604,Peru,F063,6,0.030696937520488927
pooled_equal_year,604,Peru,F063,7,0.05716539745386765
pooled_equal_year,604,Peru,F063,8,0.09362987914708754
pooled_equal_year,604,Peru,F063,9,0.11492825152465813
pooled_equal_year,604,Peru,F118,1,0.41781137221073816
pooled_equal_year,604,Peru,F118,10,0.03727441644417833
pooled_equal_year,604,Peru,F118,2,0.09503079032744591
pooled_equal_year,604,Peru,F118,3,0.08281989810189969
pooled_equal_year,604,Peru,F118,4,0.07832488410174199
pooled_equal_year,604,Peru,F118,5,0.14873885399252518
pooled_equal_year,604,Peru,F118,6,0.055805624840171285
pooled_equal_year,604,Peru,F118,7,0.034093204003730865
pooled_equal_year,604,Peru,F118,8,0.03873133853281736
pooled_equal_year,604,Peru,F118,9,0.011369617444751283
pooled_equal_year,604,Peru,F120,1,0.6204375652376621
pooled_equal_year,604,Peru,F120,10,0.020023391726381574
pooled_equal_year,604,Peru,F120,2,0.10167355018439503
pooled_equal_year,604,Peru,F120,3,0.05538546233752367
pooled_equal_year,604,Peru,F120,4,0.044607612503014246
pooled_equal_year,604,Peru,F120,5,0.08389570967610457
pooled_equal_year,604,Peru,F120,6,0.025099711392783098
pooled_equal_year,604,Peru,F120,7,0.020342783172823994
pooled_equal_year,604,Peru,F120,8,0.020620631438811418
pooled_equal_year,604,Peru,F120,9,0.00791358233050012
pooled_equal_year,604,Peru,G006,1,0.6742779668422795
pooled_equal_year,604,Peru,G006,2,0.2610024894063031
pooled_equal_year,604,Peru,G006,3,0.0553379175940098
pooled_equal_year,604,Peru,G006,4,0.009381626157407482
pooled_equal_year,604,Peru,Y002,1,0.27635813032237116
pooled_equal_year,604,Peru,Y002,2,0.596358258023915
pooled_equal_year,604,Peru,Y002,3,0.12728361165371385
pooled_equal_year,608,Philippines,A008,1,0.5132721095837603
pooled_equal_year,608,Philippines,A008,2,0.3912642017598219
pooled_equal_year,608,Philippines,A008,3,0.0861480164055432
pooled_equal_year,608,Philippines,A008,4,0.009315672250874412
pooled_equal_year,608,Philippines,A165,1,0.042534821803237935
pooled_equal_year,608,Philippines,A165,2,0.9574651781967619
pooled_equal_year,608,Philippines,E018,1,0.81579857875
pooled_equal_year,608,Philippines,E018,2,0.13899420833333334
pooled_equal_year,608,Philippines,E018,3,0.04520721291666667
pooled_equal_year,608,Philippines,E025,1,0.10965822262511006
pooled_equal_year,608,Philippines,E025,2,0.2634564927742138
pooled_equal_year,608,Philippines,E025,3,0.6268852846006763
pooled_equal_year,608,Philippines,F063,1,0.00947006293615364
pooled_equal_year,608,Philippines,F063,10,0.8348149711626212
pooled_equal_year,608,Philippines,F063,2,0.0024177162333275477
pooled_equal_year,608,Philippines,F063,3,0.004358788040575115
pooled_equal_year,608,Philippines,F063,4,0.004998199282777924
pooled_equal_year,608,Philippines,F063,5,0.0199354516097438
pooled_equal_year,608,Philippines,F063,6,0.024293324925127882
pooled_equal_year,608,Philippines,F063,7,0.020341853704698508
pooled_equal_year,608,Philippines,F063,8,0.03560761668330567
pooled_equal_year,608,Philippines,F063,9,0.04376201542166862
pooled_equal_year,608,Philippines,F118,1,0.28420595170098145
pooled_equal_year,608,Philippines,F118,10,0.12477823237256566
pooled_equal_year,608,Philippines,F118,2,0.07978977734167897
pooled_equal_year,608,Philippines,F118,3,0.05721487208315058
pooled_equal_year,608,Philippines,F118,4,0.06375059208142508
pooled_equal_year,608,Philippines,F118,5,0.20411447842938327
pooled_equal_year,608,Philippines,F118,6,0.06257422435639952
pooled_equal_year,608,Philippines,F118,7,0.04921192465306344
pooled_equal_year,608,Philippines,F118,8,0.043524291543897295
pooled_equal_year,608,Philippines,F118,9,0.030835655437454715
pooled_equal_year,608,Philippines,F120,1,0.5505971731346438
pooled_equal_year,608,Philippines,F120,10,0.08336261660421801
pooled_equal_year,608,Philippines,F120,2,0.08162742493884544
pooled_equal_year,608,Philippines,F120,3,0.05544147945095822
pooled_equal_year,608,Philippines,F120,4,0.04595321677288182
pooled_equal_year,608,Philippines,F120,5,0.08536515078382251
pooled_equal_year,608,Philippines,F120,6,0.0247698039766319
pooled_equal_year,608,Philippines,F120,7,0.020634568586063624
pooled_equal_year,608,Philippines,F120,8,0.03067589618147274
pooled_equal_year,608,Philippines,F120,9,0.021572669570461993
pooled_equal_year,608,Philippines,G006,1,0.8716691223743741
pooled_equal_year,608,Philippines,G006,2,0.11201040665039055
pooled_equal_year,608,Philippines,G006,3,0.011114881449372116
pooled_equal_year,608,Philippines,G006,4,0.005205589525863103
pooled_equal_year,608,Philippines,Y002,1,0.3195435720689833
pooled_equal_year,608,Philippines,Y002,2,0.5827200423578018
pooled_equal_year,608,Philippines,Y002,3,0.09773638557321487
pooled_equal_year,616,Poland,A008,1,0.24104125139173432
pooled_equal_year,616,Poland,A008,2,0.6675939675812406
pooled_equal_year,616,Poland,A008,3,0.08127951790969756
pooled_equal_year,616,Poland,A008,4,0.010085263117327648
pooled_equal_year,616,Poland,A165,1,0.2359758199577517
pooled_equal_year,616,Poland,A165,2,0.7640241800422484
pooled_equal_year,616,Poland,E018,1,0.4365862727720695
pooled_equal_year,616,Poland,E018,2,0.4478252901945603
pooled_equal_year,616,Poland,E018,3,0.1155884370333702
pooled_equal_year,616,Poland,E025,1,0.27684092184961195
pooled_equal_year,616,Poland,E025,2,0.37154823227984374
pooled_equal_year,616,Poland,E025,3,0.35161084587054436
pooled_equal_year,616,Poland,F063,1,0.03535712965520822
pooled_equal_year,616,Poland,F063,10,0.4446721898984228
pooled_equal_year,616,Poland,F063,2,0.015516011960240491
pooled_equal_year,616,Poland,F063,3,0.02108282649679894
pooled_equal_year,616,Poland,F063,4,0.019011781082527705
pooled_equal_year,616,Poland,F063,5,0.06542854088715529
pooled_equal_year,616,Poland,F063,6,0.05603903149483104
pooled_equal_year,616,Poland,F063,7,0.08932925518419563
pooled_equal_year,616,Poland,F063,8,0.1510120884536459
pooled_equal_year,616,Poland,F063,9,0.10255114488697403
pooled_equal_year,616,Poland,F118,1,0.5000715379975009
pooled_equal_year,616,Poland,F118,10,0.08448028085268702
pooled_equal_year,616,Poland,F118,2,0.06314853739511729
pooled_equal_year,616,Poland,F118,3,0.059951319423763964
pooled_equal_year,616,Poland,F118,4,0.04337787691037526
pooled_equal_year,616,Poland,F118,5,0.12252147366000303
pooled_equal_year,616,Poland,F118,6,0.03929613734341826
pooled_equal_year,616,Poland,F118,7,0.030255702866497324
pooled_equal_year,616,Poland,F118,8,0.03554030389993276
pooled_equal_year,616,Poland,F118,9,0.02135682965070405
pooled_equal_year,616,Poland,F120,1,0.4503149492123743
pooled_equal_year,616,Poland,F120,10,0.03741966563021927
pooled_equal_year,616,Poland,F120,2,0.08160451897358227
pooled_equal_year,616,Poland,F120,3,0.0760178560648931
pooled_equal_year,616,Poland,F120,4,0.04786382228891289
pooled_equal_year,616,Poland,F120,5,0.14608021873161997
pooled_equal_year,616,Poland,F120,6,0.05497131397951865
pooled_equal_year,616,Poland,F120,7,0.04216170373038938
pooled_equal_year,616,Poland,F120,8,0.043869540871116455
pooled_equal_year,616,Poland,F120,9,0.019696410517373697
pooled_equal_year,616,Poland,G006,1,0.5948806287061656
pooled_equal_year,616,Poland,G006,2,0.36752984274616973
pooled_equal_year,616,Poland,G006,3,0.031703990921789695
pooled_equal_year,616,Poland,G006,4,0.005885537625874963
pooled_equal_year,616,Poland,Y002,1,0.27461776473327293
pooled_equal_year,616,Poland,Y002,2,0.6052811309156629
pooled_equal_year,616,Poland,Y002,3,0.12010110435106423
pooled_equal_year,620,Portugal,A008,1,0.17770074652319884
pooled_equal_year,620,Portugal,A008,2,0.713940179958461
pooled_equal_year,620,Portugal,A008,3,0.09515638259333489
pooled_equal_year,620,Portugal,A008,4,0.013202690925005327
pooled_equal_year,620,Portugal,A165,1,0.18359906836966658
pooled_equal_year,620,Portugal,A165,2,0.8164009316303333
pooled_equal_year,620,Portugal,E018,1,0.8628484533876679
pooled_equal_year,620,Portugal,E018,2,0.09660200693785159
pooled_equal_year,620,Portugal,E018,3,0.040549539674480724
pooled_equal_year,620,Portugal,E025,1,0.23494131342710078
pooled_equal_year,620,Portugal,E025,2,0.36879548569473086
pooled_equal_year,620,Portugal,E025,3,0.3962632008781682
pooled_equal_year,620,Portugal,F063,1,0.07552291440466413
pooled_equal_year,620,Portugal,F063,10,0.22574129500576062
pooled_equal_year,620,Portugal,F063,2,0.04056083610378351
pooled_equal_year,620,Portugal,F063,3,0.04231501360668005
pooled_equal_year,620,Portugal,F063,4,0.04410778656967846
pooled_equal_year,620,Portugal,F063,5,0.11132626507193329
pooled_equal_year,620,Portugal,F063,6,0.08760866215128818
pooled_equal_year,620,Portugal,F063,7,0.12886427998015368
pooled_equal_year,620,Portugal,F063,8,0.16060701216190465
pooled_equal_year,620,Portugal,F063,9,0.08334593494415335
pooled_equal_year,620,Portugal,F118,1,0.27265846590900245
pooled_equal_year,620,Portugal,F118,10,0.11053155573552792
pooled_equal_year,620,Portugal,F118,2,0.0639097750468853
pooled_equal_year,620,Portugal,F118,3,0.06482738628381794
pooled_equal_year,620,Portugal,F118,4,0.054719220799770374
pooled_equal_year,620,Portugal,F118,5,0.2382158553452391
pooled_equal_year,620,Portugal,F118,6,0.04832750958276043
pooled_equal_year,620,Portugal,F118,7,0.06777187377917551
pooled_equal_year,620,Portugal,F118,8,0.0478326118640553
pooled_equal_year,620,Portugal,F118,9,0.03120574565376565
pooled_equal_year,620,Portugal,F120,1,0.2625550925103415
pooled_equal_year,620,Portugal,F120,10,0.07045701689786626
pooled_equal_year,620,Portugal,F120,2,0.06422470554088273
pooled_equal_year,620,Portugal,F120,3,0.059836543931144265
pooled_equal_year,620,Portugal,F120,4,0.047449308110521046
pooled_equal_year,620,Portugal,F120,5,0.24577834096615
pooled_equal_year,620,Portugal,F120,6,0.06860321659592844
pooled_equal_year,620,Portugal,F120,7,0.08443912009235427
pooled_equal_year,620,Portugal,F120,8,0.0632574816338684
pooled_equal_year,620,Portugal,F120,9,0.03339917372094304
pooled_equal_year,620,Portugal,G006,1,0.659665326232104
pooled_equal_year,620,Portugal,G006,2,0.2995583863726124
pooled_equal_year,620,Portugal,G006,3,0.029563784897779735
pooled_equal_year,620,Portugal,G006,4,0.011212502497503725
pooled_equal_year,620,Portugal,Y002,1,0.3795903914434603
pooled_equal_year,620,Portugal,Y002,2,0.5320286203851786
pooled_equal_year,620,Portugal,Y002,3,0.08838098817136111
pooled_equal_year,630,Puerto Rico,A008,1,0.5053475935828877
pooled_equal_year,630,Puerto Rico,A008,2,0.4037433155080214
pooled_equal_year,630,Puerto Rico,A008,3,0.0748663101604278
pooled_equal_year,630,Puerto Rico,A008,4,0.016042780748663103
pooled_equal_year,630,Puerto Rico,A165,1,0.17831541218637992
pooled_equal_year,630,Puerto Rico,A165,2,0.8216845878136201
pooled_equal_year,630,Puerto Rico,E018,1,0.8871978513876455
pooled_equal_year,630,Puerto Rico,E018,2,0.05998209489704566
pooled_equal_year,630,Puerto Rico,E018,3,0.052820053715308866
pooled_equal_year,630,Puerto Rico,E025,1,0.22502250225022502
pooled_equal_year,630,Puerto Rico,E025,2,0.39243924392439244
pooled_equal_year,630,Puerto Rico,E025,3,0.38253825382538253
pooled_equal_year,630,Puerto Rico,F063,1,0.027051397655545536
pooled_equal_year,630,Puerto Rico,F063,10,0.8376916140667268
pooled_equal_year,630,Puerto Rico,F063,2,0.0018034265103697023
pooled_equal_year,630,Puerto Rico,F063,3,0.005410279531109108
pooled_equal_year,630,Puerto Rico,F063,4,0.004508566275924256
pooled_equal_year,630,Puerto Rico,F063,5,0.023444544634806132
pooled_equal_year,630,Puerto Rico,F063,6,0.018034265103697024
pooled_equal_year,630,Puerto Rico,F063,7,0.027051397655545536
pooled_equal_year,630,Puerto Rico,F063,8,0.027051397655545536
pooled_equal_year,630,Puerto Rico,F063,9,0.027953110910730387
pooled_equal_year,630,Puerto Rico,F118,1,0.3002729754322111
pooled_equal_year,630,Puerto Rico,F118,10,0.31392174704276615
pooled_equal_year,630,Puerto Rico,F118,2,0.014558689717925387
pooled_equal_year,630,Puerto Rico,F118,3,0.029117379435850774
pooled_equal_year,630,Puerto Rico,F118,4,0.022747952684258416
pooled_equal_year,630,Puerto Rico,F118,5,0.17015468607825296
pooled_equal_year,630,Puerto Rico,F118,6,0.052775250227479524
pooled_equal_year,630,Puerto Rico,F118,7,0.030937215650591446
pooled_equal_year,630,Puerto Rico,F118,8,0.04185623293903549
pooled_equal_year,630,Puerto Rico,F118,9,0.023657870791628753
pooled_equal_year,630,Puerto Rico,F120,1,0.6606982990152194
pooled_equal_year,630,Puerto Rico,F120,10,0.08325872873769025
pooled_equal_year,630,Puerto Rico,F120,2,0.025067144136078783
pooled_equal_year,630,Puerto Rico,F120,3,0.03043867502238138
pooled_equal_year,630,Puerto Rico,F120,4,0.012533572068039392
pooled_equal_year,630,Puerto Rico,F120,5,0.10564010743061773
pooled_equal_year,630,Puerto Rico,F120,6,0.03491495076096687
pooled_equal_year,630,Puerto Rico,F120,7,0.01611459265890779
pooled_equal_year,630,Puerto Rico,F120,8,0.011638316920322292
pooled_equal_year,630,Puerto Rico,F120,9,0.019695613249776187
pooled_equal_year,630,Puerto Rico,G006,1,0.8908256880733945
pooled_equal_year,630,Puerto Rico,G006,2,0.07706422018348624
pooled_equal_year,630,Puerto Rico,G006,3,0.022018348623853212
pooled_equal_year,630,Puerto Rico,G006,4,0.010091743119266056
pooled_equal_year,630,Puerto Rico,Y002,1,0.1574074074074074
pooled_equal_year,630,Puerto Rico,Y002,2,0.6625514403292181
pooled_equal_year,630,Puerto Rico,Y002,3,0.1800411522633745
pooled_equal_year,642,Romania,A008,1,0.13766585208218607
pooled_equal_year,642,Romania,A008,2,0.5561665600718405
pooled_equal_year,642,Romania,A008,3,0.26034462396772384
pooled_equal_year,642,Romania,A008,4,0.04582296387824955
pooled_equal_year,642,Romania,A165,1,0.14512308218923953
pooled_equal_year,642,Romania,A165,2,0.8548769178107606
pooled_equal_year,642,Romania,E018,1,0.708425283611499
pooled_equal_year,642,Romania,E018,2,0.21164604026484626
pooled_equal_year,642,Romania,E018,3,0.07992867612365473
pooled_equal_year,642,Romania,E025,1,0.10412476822813278
pooled_equal_year,642,Romania,E025,2,0.2875316707033929
pooled_equal_year,642,Romania,E025,3,0.6083435610684743
pooled_equal_year,642,Romania,F063,1,0.018124948616289365
pooled_equal_year,642,Romania,F063,10,0.6249740464338978
pooled_equal_year,642,Romania,F063,2,0.007361762198500866
pooled_equal_year,642,Romania,F063,3,0.009176482183697768
pooled_equal_year,642,Romania,F063,4,0.01171918893940891
pooled_equal_year,642,Romania,F063,5,0.042795778820584926
pooled_equal_year,642,Romania,F063,6,0.031172900245692744
pooled_equal_year,642,Romania,F063,7,0.04730629028408526
pooled_equal_year,642,Romania,F063,8,0.0958476867554123
pooled_equal_year,642,Romania,F063,9,0.11152091552243017
pooled_equal_year,642,Romania,F118,1,0.7012060849260848
pooled_equal_year,642,Romania,F118,10,0.025029547914340228
pooled_equal_year,642,Romania,F118,2,0.05565468639051528
pooled_equal_year,642,Romania,F118,3,0.04166515458267146
pooled_equal_year,642,Romania,F118,4,0.029665202344443878
pooled_equal_year,642,Romania,F118,5,0.07217943839692939
pooled_equal_year,642,Romania,F118,6,0.029781370836715518
pooled_equal_year,642,Romania,F118,7,0.0201248374820536
pooled_equal_year,642,Romania,F118,8,0.014582825598006456
pooled_equal_year,642,Romania,F118,9,0.01011085152823937
pooled_equal_year,642,Romania,F120,1,0.49460103911588804
pooled_equal_year,642,Romania,F120,10,0.05079919454976594
pooled_equal_year,642,Romania,F120,2,0.06024108404448605
pooled_equal_year,642,Romania,F120,3,0.05811542092094929
pooled_equal_year,642,Romania,F120,4,0.050544368367235595
pooled_equal_year,642,Romania,F120,5,0.12582503778288046
pooled_equal_year,642,Romania,F120,6,0.05391858163218553
pooled_equal_year,642,Romania,F120,7,0.04292079828974829
pooled_equal_year,642,Romania,F120,8,0.03613914889172401
pooled_equal_year,642,Romania,F120,9,0.02689532640513678
pooled_equal_year,642,Romania,G006,1,0.42354280045696335
pooled_equal_year,642,Romania,G006,2,0.43584485097952974
pooled_equal_year,642,Romania,G006,3,0.11908806369862136
pooled_equal_year,642,Romania,G006,4,0.021524284864885466
pooled_equal_year,642,Romania,Y002,1,0.3707418974617711
pooled_equal_year,642,Romania,Y002,2,0.559604777483802
pooled_equal_year,642,Romania,Y002,3,0.0696533250544269
pooled_equal_year,643,Russia,A008,1,0.13062734458713202
pooled_equal_year,643,Russia,A008,2,0.619781013765953
pooled_equal_year,643,Russia,A008,3,0.22532144141387944
pooled_equal_year,643,Russia,A008,4,0.024270200233035513
pooled_equal_year,643,Russia,A165,1,0.2720887343989672
pooled_equal_year,643,Russia,A165,2,0.7279112656010328
pooled_equal_year,643,Russia,E018,1,0.5493869955022039
pooled_equal_year,643,Russia,E018,2,0.37270720593474754
pooled_equal_year,643,Russia,E018,3,0.07790579856304848
pooled_equal_year,643,Russia,E025,1,0.10010838441811737
pooled_equal_year,643,Russia,E025,2,0.2550021703688716
pooled_equal_year,643,Russia,E025,3,0.6448894452130111
pooled_equal_year,643,Russia,F063,1,0.11168988098446303
pooled_equal_year,643,Russia,F063,10,0.2203874153501625
pooled_equal_year,643,Russia,F063,2,0.03627997557995284
pooled_equal_year,643,Russia,F063,3,0.052069469952037074
pooled_equal_year,643,Russia,F063,4,0.045519891755335495
pooled_equal_year,643,Russia,F063,5,0.14302460578047194
pooled_equal_year,643,Russia,F063,6,0.0967321194425528
pooled_equal_year,643,Russia,F063,7,0.10119420376744455
pooled_equal_year,643,Russia,F063,8,0.1160762028511411
pooled_equal_year,643,Russia,F063,9,0.07702623453643867
pooled_equal_year,643,Russia,F118,1,0.6455171764250396
pooled_equal_year,643,Russia,F118,10,0.027755772521920845
pooled_equal_year,643,Russia,F118,2,0.06451802888166212
pooled_equal_year,643,Russia,F118,3,0.048617347484927353
pooled_equal_year,643,Russia,F118,4,0.040155687143408336
pooled_equal_year,643,Russia,F118,5,0.08629053073927599
pooled_equal_year,643,Russia,F118,6,0.03446987055075392
pooled_equal_year,643,Russia,F118,7,0.022915396433521387
pooled_equal_year,643,Russia,F118,8,0.01908940323379379
pooled_equal_year,643,Russia,F118,9,0.010670786585696595
pooled_equal_year,643,Russia,F120,1,0.2878824342885124
pooled_equal_year,643,Russia,F120,10,0.06371291351319677
pooled_equal_year,643,Russia,F120,2,0.05596746435751742
pooled_equal_year,643,Russia,F120,3,0.06889777600681972
pooled_equal_year,643,Russia,F120,4,0.06867647453682453
pooled_equal_year,643,Russia,F120,5,0.1979156474176317
pooled_equal_year,643,Russia,F120,6,0.09294933724136904
pooled_equal_year,643,Russia,F120,7,0.06822164414022099
pooled_equal_year,643,Russia,F120,8,0.06263243585140474
pooled_equal_year,643,Russia,F120,9,0.03314387264650272
pooled_equal_year,643,Russia,G006,1,0.4312457571816154
pooled_equal_year,643,Russia,G006,2,0.4367003284777012
pooled_equal_year,643,Russia,G006,3,0.10407937220238639
pooled_equal_year,643,Russia,G006,4,0.027974542138297007
pooled_equal_year,643,Russia,Y002,1,0.5535688862370292
pooled_equal_year,643,Russia,Y002,2,0.4248715475638265
pooled_equal_year,643,Russia,Y002,3,0.021559566199144335
pooled_equal_year,646,Rwanda,A008,1,0.26256001422172026
pooled_equal_year,646,Rwanda,A008,2,0.6174448744946257
pooled_equal_year,646,Rwanda,A008,3,0.1027800326001566
pooled_equal_year,646,Rwanda,A008,4,0.017215078683497448
pooled_equal_year,646,Rwanda,A165,1,0.10751917999906507
pooled_equal_year,646,Rwanda,A165,2,0.8924808200009349
pooled_equal_year,646,Rwanda,E018,1,0.8019050662374448
pooled_equal_year,646,Rwanda,E018,2,0.15933412760406393
pooled_equal_year,646,Rwanda,E018,3,0.0387608061584912
pooled_equal_year,646,Rwanda,E025,1,0.08848499798837664
pooled_equal_year,646,Rwanda,E025,2,0.34417334026388974
pooled_equal_year,646,Rwanda,E025,3,0.5673416617477336
pooled_equal_year,646,Rwanda,F063,1,0.014407334643091027
pooled_equal_year,646,Rwanda,F063,10,0.5795422906642511
pooled_equal_year,646,Rwanda,F063,2,0.022931216806727082
pooled_equal_year,646,Rwanda,F063,3,0.004969105665551673
pooled_equal_year,646,Rwanda,F063,4,0.0220691557291442
pooled_equal_year,646,Rwanda,F063,5,0.03879470920634173
pooled_equal_year,646,Rwanda,F063,6,0.08131477712551322
pooled_equal_year,646,Rwanda,F063,7,0.06334743741070577
pooled_equal_year,646,Rwanda,F063,8,0.05955933581429152
pooled_equal_year,646,Rwanda,F063,9,0.1130646369343827
pooled_equal_year,646,Rwanda,F118,1,0.6960135347480823
pooled_equal_year,646,Rwanda,F118,10,0.0023381632842964266
pooled_equal_year,646,Rwanda,F118,2,0.2121873304645075
pooled_equal_year,646,Rwanda,F118,3,0.055790454570194055
pooled_equal_year,646,Rwanda,F118,4,0.006991446193714217
pooled_equal_year,646,Rwanda,F118,5,0.007996808124009122
pooled_equal_year,646,Rwanda,F118,6,0.006983764973989195
pooled_equal_year,646,Rwanda,F118,7,0.003678645858022968
pooled_equal_year,646,Rwanda,F118,8,0.003663283418572926
pooled_equal_year,646,Rwanda,F118,9,0.00435656836461126
pooled_equal_year,646,Rwanda,F120,1,0.44350886176482884
pooled_equal_year,646,Rwanda,F120,10,0.003309445930694311
pooled_equal_year,646,Rwanda,F120,2,0.3425588955537906
pooled_equal_year,646,Rwanda,F120,3,0.1421868686340899
pooled_equal_year,646,Rwanda,F120,4,0.017524540539787373
pooled_equal_year,646,Rwanda,F120,5,0.016547229653471555
pooled_equal_year,646,Rwanda,F120,6,0.012890314759854533
pooled_equal_year,646,Rwanda,F120,7,0.011555520141007955
pooled_equal_year,646,Rwanda,F120,8,0.00495665781883543
pooled_equal_year,646,Rwanda,F120,9,0.004961665203639455
pooled_equal_year,646,Rwanda,G006,1,0.794767496252396
pooled_equal_year,646,Rwanda,G006,2,0.19797618503699738
pooled_equal_year,646,Rwanda,G006,3,0.006924092796985382
pooled_equal_year,646,Rwanda,G006,4,0.0003322259136212625
pooled_equal_year,646,Rwanda,Y002,1,0.42207602685676016
pooled_equal_year,646,Rwanda,Y002,2,0.47767371617119997
pooled_equal_year,646,Rwanda,Y002,3,0.10025025697203988
pooled_equal_year,688,Serbia,A008,1,0.1406692362713448
pooled_equal_year,688,Serbia,A008,2,0.608503895409353
pooled_equal_year,688,Serbia,A008,3,0.22064088543446597
pooled_equal_year,688,Serbia,A008,4,0.030185982884836177
pooled_equal_year,688,Serbia,A165,1,0.1529643908517037
pooled_equal_year,688,Serbia,A165,2,0.8470356091482962
pooled_equal_year,688,Serbia,E018,1,0.5751666236099783
pooled_equal_year,688,Serbia,E018,2,0.2501814987285143
pooled_equal_year,688,Serbia,E018,3,0.17465187766150747
pooled_equal_year,688,Serbia,E025,1,0.27531532613506204
pooled_equal_year,688,Serbia,E025,2,0.41430376608034747
pooled_equal_year,688,Serbia,E025,3,0.3103809077845905
pooled_equal_year,688,Serbia,F063,1,0.07080986991117355
pooled_equal_year,688,Serbia,F063,10,0.2388070342175418
pooled_equal_year,688,Serbia,F063,2,0.02999640363765799
pooled_equal_year,688,Serbia,F063,3,0.03711278072888899
pooled_equal_year,688,Serbia,F063,4,0.03795341807871386
pooled_equal_year,688,Serbia,F063,5,0.11972965914191061
pooled_equal_year,688,Serbia,F063,6,0.08749025257830002
pooled_equal_year,688,Serbia,F063,7,0.11900996241597575
pooled_equal_year,688,Serbia,F063,8,0.14382142817365354
pooled_equal_year,688,Serbia,F063,9,0.11526919111618386
pooled_equal_year,688,Serbia,F118,1,0.5783103922174304
pooled_equal_year,688,Serbia,F118,10,0.07988734959999841
pooled_equal_year,688,Serbia,F118,2,0.04841020124033523
pooled_equal_year,688,Serbia,F118,3,0.04588475455417226
pooled_equal_year,688,Serbia,F118,4,0.03392480233483468
pooled_equal_year,688,Serbia,F118,5,0.09607578040354656
pooled_equal_year,688,Serbia,F118,6,0.03086713072408129
pooled_equal_year,688,Serbia,F118,7,0.028543158004744603
pooled_equal_year,688,Serbia,F118,8,0.028433526152160448
pooled_equal_year,688,Serbia,F118,9,0.02966290476869605
pooled_equal_year,688,Serbia,F120,1,0.31719825306407506
pooled_equal_year,688,Serbia,F120,10,0.0789901592254687
pooled_equal_year,688,Serbia,F120,2,0.057168782344167175
pooled_equal_year,688,Serbia,F120,3,0.07425199913920512
pooled_equal_year,688,Serbia,F120,4,0.05982939503406557
pooled_equal_year,688,Serbia,F120,5,0.18835455934329426
pooled_equal_year,688,Serbia,F120,6,0.08282166941036051
pooled_equal_year,688,Serbia,F120,7,0.0572157678328092
pooled_equal_year,688,Serbia,F120,8,0.05529671976923478
pooled_equal_year,688,Serbia,F120,9,0.02887269483731962
pooled_equal_year,688,Serbia,G006,1,0.4251294507315497
pooled_equal_year,688,Serbia,G006,2,0.4273391128158551
pooled_equal_year,688,Serbia,G006,3,0.12358274484556768
pooled_equal_year,688,Serbia,G006,4,0.02394869160702748
pooled_equal_year,688,Serbia,Y002,1,0.41943234272723373
pooled_equal_year,688,Serbia,Y002,2,0.5143840090852585
pooled_equal_year,688,Serbia,Y002,3,0.0661836481875079
pooled_equal_year,702,Singapore,A008,1,0.3248475848811567
pooled_equal_year,702,Singapore,A008,2,0.5857044505957361
pooled_equal_year,702,Singapore,A008,3,0.08179614976720956
pooled_equal_year,702,Singapore,A008,4,0.007651814755897586
pooled_equal_year,702,Singapore,A165,1,0.36006237733738183
pooled_equal_year,702,Singapore,A165,2,0.6399376226626181
pooled_equal_year,702,Singapore,E018,1,0.38619967355415796
pooled_equal_year,702,Singapore,E018,2,0.5151969188095487
pooled_equal_year,702,Singapore,E018,3,0.09860340763629333
pooled_equal_year,702,Singapore,E025,1,0.1519979758358772
pooled_equal_year,702,Singapore,E025,2,0.2874742847833489
pooled_equal_year,702,Singapore,E025,3,0.5605277393807738
pooled_equal_year,702,Singapore,F063,1,0.06866668746730596
pooled_equal_year,702,Singapore,F063,10,0.24968805127534494
pooled_equal_year,702,Singapore,F063,2,0.03352374984375793
pooled_equal_year,702,Singapore,F063,3,0.050804737121871495
pooled_equal_year,702,Singapore,F063,4,0.029368053708577816
pooled_equal_year,702,Singapore,F063,5,0.13348007871609247
pooled_equal_year,702,Singapore,F063,6,0.08403240231562809
pooled_equal_year,702,Singapore,F063,7,0.11204369020044563
pooled_equal_year,702,Singapore,F063,8,0.16479149893849182
pooled_equal_year,702,Singapore,F063,9,0.07360105041248376
pooled_equal_year,702,Singapore,F118,1,0.3828433931370786
pooled_equal_year,702,Singapore,F118,10,0.053545173952069314
pooled_equal_year,702,Singapore,F118,2,0.08395737040546127
pooled_equal_year,702,Singapore,F118,3,0.09825849990201611
pooled_equal_year,702,Singapore,F118,4,0.06665079129716298
pooled_equal_year,702,Singapore,F118,5,0.1831523201207219
pooled_equal_year,702,Singapore,F118,6,0.04512140401184496
pooled_equal_year,702,Singapore,F118,7,0.04328191085800822
pooled_equal_year,702,Singapore,F118,8,0.029811891608795417
pooled_equal_year,702,Singapore,F118,9,0.013377244706841221
pooled_equal_year,702,Singapore,F120,1,0.337210607754347
pooled_equal_year,702,Singapore,F120,10,0.03107145438944657
pooled_equal_year,702,Singapore,F120,2,0.09366285889717951
pooled_equal_year,702,Singapore,F120,3,0.10549211692278368
pooled_equal_year,702,Singapore,F120,4,0.07082888569489298
pooled_equal_year,702,Singapore,F120,5,0.2143810041883253
pooled_equal_year,702,Singapore,F120,6,0.05439968637189863
pooled_equal_year,702,Singapore,F120,7,0.04796756037925892
pooled_equal_year,702,Singapore,F120,8,0.036568109159314556
pooled_equal_year,702,Singapore,F120,9,0.008417716242552758
pooled_equal_year,702,Singapore,G006,1,0.5013033578238064
pooled_equal_year,702,Singapore,G006,2,0.40770353668572124
pooled_equal_year,702,Singapore,G006,3,0.07731354267168905
pooled_equal_year,702,Singapore,G006,4,0.013679562818783367
pooled_equal_year,702,Singapore,Y002,1,0.3477574628092579
pooled_equal_year,702,Singapore,Y002,2,0.5803824600172944
pooled_equal_year,702,Singapore,Y002,3,0.07186007717344776
pooled_equal_year,703,Slovakia,A008,1,0.1399207373152318
pooled_equal_year,703,Slovakia,A008,2,0.6592400871076689
pooled_equal_year,703,Slovakia,A008,3,0.17383196575161552
pooled_equal_year,703,Slovakia,A008,4,0.02700720982548374
pooled_equal_year,703,Slovakia,A165,1,0.18809304067543872
pooled_equal_year,703,Slovakia,A165,2,0.8119069593245613
pooled_equal_year,703,Slovakia,E018,1,0.5865409235350594
pooled_equal_year,703,Slovakia,E018,2,0.29341998742430114
pooled_equal_year,703,Slovakia,E018,3,0.12003908904063942
pooled_equal_year,703,Slovakia,E025,1,0.41551214802197617
pooled_equal_year,703,Slovakia,E025,2,0.3222108027307402
pooled_equal_year,703,Slovakia,E025,3,0.26227704924728357
pooled_equal_year,703,Slovakia,F063,1,0.13850296343366197
pooled_equal_year,703,Slovakia,F063,10,0.2225806666541527
pooled_equal_year,703,Slovakia,F063,2,0.05776580752088845
pooled_equal_year,703,Slovakia,F063,3,0.046626798201935445
pooled_equal_year,703,Slovakia,F063,4,0.03760319222056608
pooled_equal_year,703,Slovakia,F063,5,0.11341854889129449
pooled_equal_year,703,Slovakia,F063,6,0.0811608394154925
pooled_equal_year,703,Slovakia,F063,7,0.0949518796544337
pooled_equal_year,703,Slovakia,F063,8,0.1165320414082483
pooled_equal_year,703,Slovakia,F063,9,0.09085726259932632
pooled_equal_year,703,Slovakia,F118,1,0.20242625989642496
pooled_equal_year,703,Slovakia,F118,10,0.12648454364775072
pooled_equal_year,703,Slovakia,F118,2,0.07015360778521773
pooled_equal_year,703,Slovakia,F118,3,0.07004513915206388
pooled_equal_year,703,Slovakia,F118,4,0.06120378025738903
pooled_equal_year,703,Slovakia,F118,5,0.18099872925531227
pooled_equal_year,703,Slovakia,F118,6,0.07915500074667749
pooled_equal_year,703,Slovakia,F118,7,0.07580449935759317
pooled_equal_year,703,Slovakia,F118,8,0.08323973452879728
pooled_equal_year,703,Slovakia,F118,9,0.050488705372773425
pooled_equal_year,703,Slovakia,F120,1,0.21105735456070063
pooled_equal_year,703,Slovakia,F120,10,0.06961924979099217
pooled_equal_year,703,Slovakia,F120,2,0.0660393826657782
pooled_equal_year,703,Slovakia,F120,3,0.06981659803033637
pooled_equal_year,703,Slovakia,F120,4,0.07544342595799665
pooled_equal_year,703,Slovakia,F120,5,0.1875470554416936
pooled_equal_year,703,Slovakia,F120,6,0.08503494701805094
pooled_equal_year,703,Slovakia,F120,7,0.0887397911438874
pooled_equal_year,703,Slovakia,F120,8,0.09680810440197767
pooled_equal_year,703,Slovakia,F120,9,0.04989409098858646
pooled_equal_year,703,Slovakia,G006,1,0.3630299151480163
pooled_equal_year,703,Slovakia,G006,2,0.5174751037835518
pooled_equal_year,703,Slovakia,G006,3,0.10181987345472561
pooled_equal_year,703,Slovakia,G006,4,0.01767510761370635
pooled_equal_year,703,Slovakia,Y002,1,0.3282282422299752
pooled_equal_year,703,Slovakia,Y002,2,0.5855437440995259
pooled_equal_year,703,Slovakia,Y002,3,0.08622801367049886
pooled_equal_year,704,Vietnam,A008,1,0.35335781003826244
pooled_equal_year,704,Vietnam,A008,2,0.5951589579113212
pooled_equal_year,704,Vietnam,A008,3,0.046619963988296195
pooled_equal_year,704,Vietnam,A008,4,0.00486326806212019
pooled_equal_year,704,Vietnam,A165,1,0.39894977168949775
pooled_equal_year,704,Vietnam,A165,2,0.6010502283105024
pooled_equal_year,704,Vietnam,E018,1,0.847345036462009
pooled_equal_year,704,Vietnam,E018,2,0.14672400611620795
pooled_equal_year,704,Vietnam,E018,3,0.00593095742178311
pooled_equal_year,704,Vietnam,E025,1,0.047153108690719314
pooled_equal_year,704,Vietnam,E025,2,0.20154697072838665
pooled_equal_year,704,Vietnam,E025,3,0.7512999205808941
pooled_equal_year,704,Vietnam,F063,1,0.17115663900414937
pooled_equal_year,704,Vietnam,F063,10,0.11808955739972338
pooled_equal_year,704,Vietnam,F063,2,0.05822268326417704
pooled_equal_year,704,Vietnam,F063,3,0.05057053941908714
pooled_equal_year,704,Vietnam,F063,4,0.049967150760719226
pooled_equal_year,704,Vietnam,F063,5,0.17557399723374828
pooled_equal_year,704,Vietnam,F063,6,0.11346300138312587
pooled_equal_year,704,Vietnam,F063,7,0.10799273858921163
pooled_equal_year,704,Vietnam,F063,8,0.10169778699861687
pooled_equal_year,704,Vietnam,F063,9,0.05326590594744122
pooled_equal_year,704,Vietnam,F118,1,0.403231981981982
pooled_equal_year,704,Vietnam,F118,10,0.068003003003003
pooled_equal_year,704,Vietnam,F118,2,0.066753003003003
pooled_equal_year,704,Vietnam,F118,3,0.06193318318318318
pooled_equal_year,704,Vietnam,F118,4,0.0628490990990991
pooled_equal_year,704,Vietnam,F118,5,0.10725975975975977
pooled_equal_year,704,Vietnam,F118,6,0.13108858858858857
pooled_equal_year,704,Vietnam,F118,7,0.03858483483483484
pooled_equal_year,704,Vietnam,F118,8,0.039628378378378376
pooled_equal_year,704,Vietnam,F118,9,0.020668168168168168
pooled_equal_year,704,Vietnam,F120,1,0.38471649484536086
pooled_equal_year,704,Vietnam,F120,10,0.019145189003436425
pooled_equal_year,704,Vietnam,F120,2,0.08984965635738831
pooled_equal_year,704,Vietnam,F120,3,0.10414518900343643
pooled_equal_year,704,Vietnam,F120,4,0.09019759450171821
pooled_equal_year,704,Vietnam,F120,5,0.13139175257731958
pooled_equal_year,704,Vietnam,F120,6,0.1132860824742268
pooled_equal_year,704,Vietnam,F120,7,0.024050687285223367
pooled_equal_year,704,Vietnam,F120,8,0.030051546391752577
pooled_equal_year,704,Vietnam,F120,9,0.013165807560137457
pooled_equal_year,704,Vietnam,G006,1,0.7017329290206649
pooled_equal_year,704,Vietnam,G006,2,0.2677964959568733
pooled_equal_year,704,Vietnam,G006,3,0.02846698113207547
pooled_equal_year,704,Vietnam,G006,4,0.0020035938903863433
pooled_equal_year,704,Vietnam,Y002,1,0.24961538461538463
pooled_equal_year,704,Vietnam,Y002,2,0.6507022144522144
pooled_equal_year,704,Vietnam,Y002,3,0.09968240093240094
pooled_equal_year,705,Slovenia,A008,1,0.20464648967768187
pooled_equal_year,705,Slovenia,A008,2,0.6237415722429889
pooled_equal_year,705,Slovenia,A008,3,0.1552906477047667
pooled_equal_year,705,Slovenia,A008,4,0.016321290374562498
pooled_equal_year,705,Slovenia,A165,1,0.22060569473806063
pooled_equal_year,705,Slovenia,A165,2,0.7793943052619394
pooled_equal_year,705,Slovenia,E018,1,0.4589936052509827
pooled_equal_year,705,Slovenia,E018,2,0.3809434180082779
pooled_equal_year,705,Slovenia,E018,3,0.16006297674073933
pooled_equal_year,705,Slovenia,E025,1,0.3317475516841455
pooled_equal_year,705,Slovenia,E025,2,0.3358806040919424
pooled_equal_year,705,Slovenia,E025,3,0.3323718442239122
pooled_equal_year,705,Slovenia,F063,1,0.22889326159294932
pooled_equal_year,705,Slovenia,F063,10,0.14028957291772437
pooled_equal_year,705,Slovenia,F063,2,0.05892394631147867
pooled_equal_year,705,Slovenia,F063,3,0.059635772407004226
pooled_equal_year,705,Slovenia,F063,4,0.051258957830085536
pooled_equal_year,705,Slovenia,F063,5,0.1645016931334076
pooled_equal_year,705,Slovenia,F063,6,0.07682971880514314
pooled_equal_year,705,Slovenia,F063,7,0.08258067354185222
pooled_equal_year,705,Slovenia,F063,8,0.08851747119647843
pooled_equal_year,705,Slovenia,F063,9,0.04856893226387645
pooled_equal_year,705,Slovenia,F118,1,0.3339957981347208
pooled_equal_year,705,Slovenia,F118,10,0.21934772348533038
pooled_equal_year,705,Slovenia,F118,2,0.04593703031638697
pooled_equal_year,705,Slovenia,F118,3,0.045706955387670445
pooled_equal_year,705,Slovenia,F118,4,0.030290219126882838
pooled_equal_year,705,Slovenia,F118,5,0.08522211439196317
pooled_equal_year,705,Slovenia,F118,6,0.08637784015509521
pooled_equal_year,705,Slovenia,F118,7,0.0451820175867889
pooled_equal_year,705,Slovenia,F118,8,0.05984333709166643
pooled_equal_year,705,Slovenia,F118,9,0.04809696432349479
pooled_equal_year,705,Slovenia,F120,1,0.14925711337006253
pooled_equal_year,705,Slovenia,F120,10,0.25316706953544865
pooled_equal_year,705,Slovenia,F120,2,0.0341390342774227
pooled_equal_year,705,Slovenia,F120,3,0.04522259867342872
pooled_equal_year,705,Slovenia,F120,4,0.033212565793830376
pooled_equal_year,705,Slovenia,F120,5,0.10678529694737673
pooled_equal_year,705,Slovenia,F120,6,0.12671198779837725
pooled_equal_year,705,Slovenia,F120,7,0.060894061232165744
pooled_equal_year,705,Slovenia,F120,8,0.11567081900125997
pooled_equal_year,705,Slovenia,F120,9,0.07493945337062727
pooled_equal_year,705,Slovenia,G006,1,0.5602010001988141
pooled_equal_year,705,Slovenia,G006,2,0.35082200288951376
pooled_equal_year,705,Slovenia,G006,3,0.0746678553222235
pooled_equal_year,705,Slovenia,G006,4,0.014309141589448541
pooled_equal_year,705,Slovenia,Y002,1,0.20725491687831415
pooled_equal_year,705,Slovenia,Y002,2,0.6316702373186336
pooled_equal_year,705,Slovenia,Y002,3,0.1610748458030523
pooled_equal_year,710,South Africa,A008,1,0.4114729184935241
pooled_equal_year,710,South Africa,A008,2,0.36216842665647814
pooled_equal_year,710,South Africa,A008,3,0.16768051490461727
pooled_equal_year,710,South Africa,A008,4,0.058678139945380584
pooled_equal_year,710,South Africa,A165,1,0.23412249198820598
pooled_equal_year,710,South Africa,A165,2,0.765877508011794
pooled_equal_year,710,South Africa,E018,1,0.6738065309713799
pooled_equal_year,710,South Africa,E018,2,0.2609468818584946
pooled_equal_year,710,South Africa,E018,3,0.06524658717012563
pooled_equal_year,710,South Africa,E025,1,0.1217455774332672
pooled_equal_year,710,South Africa,E025,2,0.3735979766304866
pooled_equal_year,710,South Africa,E025,3,0.5046564459362461
pooled_equal_year,710,South Africa,F063,1,0.00654783893561246
pooled_equal_year,710,South Africa,F063,10,0.5390402595676059
pooled_equal_year,710,South Africa,F063,2,0.0024363941677227126
pooled_equal_year,710,South Africa,F063,3,0.008164102357144501
pooled_equal_year,710,South Africa,F063,4,0.02272265248306304
pooled_equal_year,710,South Africa,F063,5,0.05561439403884065
pooled_equal_year,710,South Africa,F063,6,0.06649537786848014
pooled_equal_year,710,South Africa,F063,7,0.08302568709876136
pooled_equal_year,710,South Africa,F063,8,0.12355273584010483
pooled_equal_year,710,South Africa,F063,9,0.09240055764266428
pooled_equal_year,710,South Africa,F118,1,0.38693446468049164
pooled_equal_year,710,South Africa,F118,10,0.03577450893249751
pooled_equal_year,710,South Africa,F118,2,0.10943951037823854
pooled_equal_year,710,South Africa,F118,3,0.06776660353894537
pooled_equal_year,710,South Africa,F118,4,0.06536558089197195
pooled_equal_year,710,South Africa,F118,5,0.11390871015024316
pooled_equal_year,710,South Africa,F118,6,0.06978230605742827
pooled_equal_year,710,South Africa,F118,7,0.060245562506714825
pooled_equal_year,710,South Africa,F118,8,0.05017350396287783
pooled_equal_year,710,South Africa,F118,9,0.04060924890059092
pooled_equal_year,710,South Africa,F120,1,0.4518137628997365
pooled_equal_year,710,South Africa,F120,10,0.03729909095386638
pooled_equal_year,710,South Africa,F120,2,0.11053077287079321
pooled_equal_year,710,South Africa,F120,3,0.06103961807866857
pooled_equal_year,710,South Africa,F120,4,0.04869393287100522
pooled_equal_year,710,South Africa,F120,5,0.08849909208587844
pooled_equal_year,710,South Africa,F120,6,0.06197334172442984
pooled_equal_year,710,South Africa,F120,7,0.05649302105379417
pooled_equal_year,710,South Africa,F120,8,0.04634042367363394
pooled_equal_year,710,South Africa,F120,9,0.037316943788193745
pooled_equal_year,710,South Africa,G006,1,0.7058600681407492
pooled_equal_year,710,South Africa,G006,2,0.23210417497806585
pooled_equal_year,710,South Africa,G006,3,0.05180262919547653
pooled_equal_year,710,South Africa,G006,4,0.010233127685708597
pooled_equal_year,710,South Africa,Y002,1,0.3369131077529308
pooled_equal_year,710,South Africa,Y002,2,0.5952228529633822
pooled_equal_year,710,South Africa,Y002,3,0.06786403928368705
pooled_equal_year,716,Zimbabwe,A008,1,0.2854114176355997
pooled_equal_year,716,Zimbabwe,A008,2,0.36861973404007853
pooled_equal_year,716,Zimbabwe,A008,3,0.2532087499210407
pooled_equal_year,716,Zimbabwe,A008,4,0.09276009840328114
pooled_equal_year,716,Zimbabwe,A165,1,0.05217953525894811
pooled_equal_year,716,Zimbabwe,A165,2,0.947820464741052
pooled_equal_year,716,Zimbabwe,E018,1,0.7909275192802465
pooled_equal_year,716,Zimbabwe,E018,2,0.16119196824723447
pooled_equal_year,716,Zimbabwe,E018,3,0.047880512472519135
pooled_equal_year,716,Zimbabwe,E025,1,0.11129247600610695
pooled_equal_year,716,Zimbabwe,E025,2,0.2697853885740995
pooled_equal_year,716,Zimbabwe,E025,3,0.6189221354197937
pooled_equal_year,716,Zimbabwe,F063,1,0.004879125049877153
pooled_equal_year,716,Zimbabwe,F063,10,0.8791940463452954
pooled_equal_year,716,Zimbabwe,F063,2,0.0009048991969645019
pooled_equal_year,716,Zimbabwe,F063,3,0.0005562519065601654
pooled_equal_year,716,Zimbabwe,F063,4,0.0009048991969645019
pooled_equal_year,716,Zimbabwe,F063,5,0.00652393735103109
pooled_equal_year,716,Zimbabwe,F063,6,0.011622646886290017
pooled_equal_year,716,Zimbabwe,F063,7,0.016171799750617027
pooled_equal_year,716,Zimbabwe,F063,8,0.026147203546067227
pooled_equal_year,716,Zimbabwe,F063,9,0.05309519077033295
pooled_equal_year,716,Zimbabwe,F118,1,0.79567999107367
pooled_equal_year,716,Zimbabwe,F118,10,0.022027021645610528
pooled_equal_year,716,Zimbabwe,F118,2,0.0592696113384311
pooled_equal_year,716,Zimbabwe,F118,3,0.026315655176282225
pooled_equal_year,716,Zimbabwe,F118,4,0.0233372766352951
pooled_equal_year,716,Zimbabwe,F118,5,0.02613807691395384
pooled_equal_year,716,Zimbabwe,F118,6,0.020534674019453827
pooled_equal_year,716,Zimbabwe,F118,7,0.013071273462961502
pooled_equal_year,716,Zimbabwe,F118,8,0.007417671300398177
pooled_equal_year,716,Zimbabwe,F118,9,0.006208748433943685
pooled_equal_year,716,Zimbabwe,F120,1,0.7646860462738853
pooled_equal_year,716,Zimbabwe,F120,10,0.02188761637735007
pooled_equal_year,716,Zimbabwe,F120,2,0.0525409145024872
pooled_equal_year,716,Zimbabwe,F120,3,0.03316254195727603
pooled_equal_year,716,Zimbabwe,F120,4,0.03194789245416158
pooled_equal_year,716,Zimbabwe,F120,5,0.03704656760777396
pooled_equal_year,716,Zimbabwe,F120,6,0.02156531942349444
pooled_equal_year,716,Zimbabwe,F120,7,0.01598716771283355
pooled_equal_year,716,Zimbabwe,F120,8,0.01111873021408365
pooled_equal_year,716,Zimbabwe,F120,9,0.01005720347665431
pooled_equal_year,716,Zimbabwe,G006,1,0.711199342657431
pooled_equal_year,716,Zimbabwe,G006,2,0.180133457490619
pooled_equal_year,716,Zimbabwe,G006,3,0.06403287031569496
pooled_equal_year,716,Zimbabwe,G006,4,0.04463432953625501
pooled_equal_year,716,Zimbabwe,Y002,1,0.38464679496041954
pooled_equal_year,716,Zimbabwe,Y002,2,0.553033994718477
pooled_equal_year,716,Zimbabwe,Y002,3,0.06231921032110334
pooled_equal_year,724,Spain,A008,1,0.19946863988964306
pooled_equal_year,724,Spain,A008,2,0.695625642890428
pooled_equal_year,724,Spain,A008,3,0.09239969267949733
pooled_equal_year,724,Spain,A008,4,0.012506024540431643
pooled_equal_year,724,Spain,A165,1,0.2891613302769708
pooled_equal_year,724,Spain,A165,2,0.7108386697230292
pooled_equal_year,724,Spain,E018,1,0.7481172082887728
pooled_equal_year,724,Spain,E018,2,0.1614831843358827
pooled_equal_year,724,Spain,E018,3,0.09039960737534447
pooled_equal_year,724,Spain,E025,1,0.3200536677136693
pooled_equal_year,724,Spain,E025,2,0.37817194861700454
pooled_equal_year,724,Spain,E025,3,0.3017743836693261
pooled_equal_year,724,Spain,F063,1,0.19161797375414585
pooled_equal_year,724,Spain,F063,10,0.13421625405794582
pooled_equal_year,724,Spain,F063,2,0.06204271074771039
pooled_equal_year,724,Spain,F063,3,0.06613282264994096
pooled_equal_year,724,Spain,F063,4,0.05487404644352334
pooled_equal_year,724,Spain,F063,5,0.13093481651673253
pooled_equal_year,724,Spain,F063,6,0.0903023435472163
pooled_equal_year,724,Spain,F063,7,0.10791197342838285
pooled_equal_year,724,Spain,F063,8,0.10978314794868256
pooled_equal_year,724,Spain,F063,9,0.05218391090571938
pooled_equal_year,724,Spain,F118,1,0.11591047793694721
pooled_equal_year,724,Spain,F118,10,0.28905889775486704
pooled_equal_year,724,Spain,F118,2,0.025011871587148272
pooled_equal_year,724,Spain,F118,3,0.03260418043864409
pooled_equal_year,724,Spain,F118,4,0.033009866376953245
pooled_equal_year,724,Spain,F118,5,0.14932087470216535
pooled_equal_year,724,Spain,F118,6,0.07645738014305786
pooled_equal_year,724,Spain,F118,7,0.0940507787729117
pooled_equal_year,724,Spain,F118,8,0.10766519257648165
pooled_equal_year,724,Spain,F118,9,0.07691047971082367
pooled_equal_year,724,Spain,F120,1,0.2041968435698745
pooled_equal_year,724,Spain,F120,10,0.16033874623105243
pooled_equal_year,724,Spain,F120,2,0.04615286013172554
pooled_equal_year,724,Spain,F120,3,0.04943095380048832
pooled_equal_year,724,Spain,F120,4,0.04140396409252506
pooled_equal_year,724,Spain,F120,5,0.17279272834754703
pooled_equal_year,724,Spain,F120,6,0.08005807990683422
pooled_equal_year,724,Spain,F120,7,0.09138589277595577
pooled_equal_year,724,Spain,F120,8,0.09590328062078605
pooled_equal_year,724,Spain,F120,9,0.058336650523211145
pooled_equal_year,724,Spain,G006,1,0.543713768479149
pooled_equal_year,724,Spain,G006,2,0.36452306277081814
pooled_equal_year,724,Spain,G006,3,0.060740431997872206
pooled_equal_year,724,Spain,G006,4,0.0310227367521607
pooled_equal_year,724,Spain,Y002,1,0.2993995204317412
pooled_equal_year,724,Spain,Y002,2,0.5488591809196403
pooled_equal_year,724,Spain,Y002,3,0.1517412986486186
pooled_equal_year,752,Sweden,A008,1,0.3841889475396279
pooled_equal_year,752,Sweden,A008,2,0.551472651076912
pooled_equal_year,752,Sweden,A008,3,0.05800468430278771
pooled_equal_year,752,Sweden,A008,4,0.006333717080672249
pooled_equal_year,752,Sweden,A165,1,0.6590069677878932
pooled_equal_year,752,Sweden,A165,2,0.3409930322121067
pooled_equal_year,752,Sweden,E018,1,0.26694918160356296
pooled_equal_year,752,Sweden,E018,2,0.22835828325125995
pooled_equal_year,752,Sweden,E018,3,0.5046925351451771
pooled_equal_year,752,Sweden,E025,1,0.7406571996830329
pooled_equal_year,752,Sweden,E025,2,0.21012320937045292
pooled_equal_year,752,Sweden,E025,3,0.04921959094651417
pooled_equal_year,752,Sweden,F063,1,0.40269353105779215
pooled_equal_year,752,Sweden,F063,10,0.09383166108320867
pooled_equal_year,752,Sweden,F063,2,0.11341868353798526
pooled_equal_year,752,Sweden,F063,3,0.08540114717227279
pooled_equal_year,752,Sweden,F063,4,0.0452968493173412
pooled_equal_year,752,Sweden,F063,5,0.08053530456953199
pooled_equal_year,752,Sweden,F063,6,0.04514784541838951
pooled_equal_year,752,Sweden,F063,7,0.05483258759310424
pooled_equal_year,752,Sweden,F063,8,0.05432688303574849
pooled_equal_year,752,Sweden,F063,9,0.02451550721462567
pooled_equal_year,752,Sweden,F118,1,0.07569604166465622
pooled_equal_year,752,Sweden,F118,10,0.6294373785172067
pooled_equal_year,752,Sweden,F118,2,0.01092883567062237
pooled_equal_year,752,Sweden,F118,3,0.019731015784839396
pooled_equal_year,752,Sweden,F118,4,0.014676024284189421
pooled_equal_year,752,Sweden,F118,5,0.06905446009771918
pooled_equal_year,752,Sweden,F118,6,0.027847535110188056
pooled_equal_year,752,Sweden,F118,7,0.028927668854758504
pooled_equal_year,752,Sweden,F118,8,0.062355963460977645
pooled_equal_year,752,Sweden,F118,9,0.06134507655484261
pooled_equal_year,752,Sweden,F120,1,0.04618641453335991
pooled_equal_year,752,Sweden,F120,10,0.4353327080873939
pooled_equal_year,752,Sweden,F120,2,0.01497530031190012
pooled_equal_year,752,Sweden,F120,3,0.025989962422095964
pooled_equal_year,752,Sweden,F120,4,0.01834296364998002
pooled_equal_year,752,Sweden,F120,5,0.08968197868289822
pooled_equal_year,752,Sweden,F120,6,0.05636482435272616
pooled_equal_year,752,Sweden,F120,7,0.07193981003415093
pooled_equal_year,752,Sweden,F120,8,0.1364230253780507
pooled_equal_year,752,Sweden,F120,9,0.10476301254744405
pooled_equal_year,752,Sweden,G006,1,0.4654203642495654
pooled_equal_year,752,Sweden,G006,2,0.4249645906865751
pooled_equal_year,752,Sweden,G006,3,0.09333043443071329
pooled_equal_year,752,Sweden,G006,4,0.016284610633146207
pooled_equal_year,752,Sweden,Y002,1,0.060546716154907795
pooled_equal_year,752,Sweden,Y002,2,0.686603657056469
pooled_equal_year,752,Sweden,Y002,3,0.2528496267886233
pooled_equal_year,756,Switzerland,A008,1,0.3975209116435545
pooled_equal_year,756,Switzerland,A008,2,0.5382795035320046
pooled_equal_year,756,Switzerland,A008,3,0.05889051956219909
pooled_equal_year,756,Switzerland,A008,4,0.00530906526224181
pooled_equal_year,756,Switzerland,A165,1,0.5620367981514577
pooled_equal_year,756,Switzerland,A165,2,0.43796320184854237
pooled_equal_year,756,Switzerland,E018,1,0.5473977825941674
pooled_equal_year,756,Switzerland,E018,2,0.2020993576201558
pooled_equal_year,756,Switzerland,E018,3,0.2505028597856769
pooled_equal_year,756,Switzerland,E025,1,0.7058678444717729
pooled_equal_year,756,Switzerland,E025,2,0.20444673265367028
pooled_equal_year,756,Switzerland,E025,3,0.08968542287455701
pooled_equal_year,756,Switzerland,F063,1,0.16374204030629083
pooled_equal_year,756,Switzerland,F063,10,0.18488014349143764
pooled_equal_year,756,Switzerland,F063,2,0.06819837223070738
pooled_equal_year,756,Switzerland,F063,3,0.06774922463206574
pooled_equal_year,756,Switzerland,F063,4,0.04322793572099145
pooled_equal_year,756,Switzerland,F063,5,0.11080798923243579
pooled_equal_year,756,Switzerland,F063,6,0.07128527009599767
pooled_equal_year,756,Switzerland,F063,7,0.09960126468358538
pooled_equal_year,756,Switzerland,F063,8,0.1290687590522173
pooled_equal_year,756,Switzerland,F063,9,0.06143900055427084
pooled_equal_year,756,Switzerland,F118,1,0.112189393459538
pooled_equal_year,756,Switzerland,F118,10,0.4096745544626946
pooled_equal_year,756,Switzerland,F118,2,0.024535293832048066
pooled_equal_year,756,Switzerland,F118,3,0.03231491355640791
pooled_equal_year,756,Switzerland,F118,4,0.02785952259634658
pooled_equal_year,756,Switzerland,F118,5,0.13072452813226287
pooled_equal_year,756,Switzerland,F118,6,0.055088729794171044
pooled_equal_year,756,Switzerland,F118,7,0.0593133356397277
pooled_equal_year,756,Switzerland,F118,8,0.0843118614033843
pooled_equal_year,756,Switzerland,F118,9,0.06398786712341885
pooled_equal_year,756,Switzerland,F120,1,0.1373384344923427
pooled_equal_year,756,Switzerland,F120,10,0.13587943505347957
pooled_equal_year,756,Switzerland,F120,2,0.05626563820310194
pooled_equal_year,756,Switzerland,F120,3,0.07106569575882951
pooled_equal_year,756,Switzerland,F120,4,0.04862672510102873
pooled_equal_year,756,Switzerland,F120,5,0.19943230617474328
pooled_equal_year,756,Switzerland,F120,6,0.08282301420278503
pooled_equal_year,756,Switzerland,F120,7,0.09214575770531397
pooled_equal_year,756,Switzerland,F120,8,0.12264193159998633
pooled_equal_year,756,Switzerland,F120,9,0.05378106170838894
pooled_equal_year,756,Switzerland,G006,1,0.41823802415291356
pooled_equal_year,756,Switzerland,G006,2,0.4499369555569981
pooled_equal_year,756,Switzerland,G006,3,0.10621769208706329
pooled_equal_year,756,Switzerland,G006,4,0.02560732820302508
pooled_equal_year,756,Switzerland,Y002,1,0.20083465426963124
pooled_equal_year,756,Switzerland,Y002,2,0.5958707379509199
pooled_equal_year,756,Switzerland,Y002,3,0.20329460777944894
pooled_equal_year,764,Thailand,A008,1,0.37385777801590686
pooled_equal_year,764,Thailand,A008,2,0.5244792338034915
pooled_equal_year,764,Thailand,A008,3,0.09075049419567964
pooled_equal_year,764,Thailand,A008,4,0.010912493984921882
pooled_equal_year,764,Thailand,A165,1,0.34857593095052053
pooled_equal_year,764,Thailand,A165,2,0.6514240690494795
pooled_equal_year,764,Thailand,E018,1,0.28252871662726026
pooled_equal_year,764,Thailand,E018,2,0.3413341099730296
pooled_equal_year,764,Thailand,E018,3,0.37613717339971015
pooled_equal_year,764,Thailand,E025,1,0.09153128761683783
pooled_equal_year,764,Thailand,E025,2,0.23181560331287174
pooled_equal_year,764,Thailand,E025,3,0.6766531090702904
pooled_equal_year,764,Thailand,F063,1,0.20990937514087601
pooled_equal_year,764,Thailand,F063,10,0.12687482568454866
pooled_equal_year,764,Thailand,F063,2,0.031813691491457595
pooled_equal_year,764,Thailand,F063,3,0.0248546070032724
pooled_equal_year,764,Thailand,F063,4,0.028159762719390108
pooled_equal_year,764,Thailand,F063,5,0.11896449800462183
pooled_equal_year,764,Thailand,F063,6,0.08806500786116488
pooled_equal_year,764,Thailand,F063,7,0.14270763783123366
pooled_equal_year,764,Thailand,F063,8,0.14489234968052725
pooled_equal_year,764,Thailand,F063,9,0.08375824458290755
pooled_equal_year,764,Thailand,F118,1,0.3299409746134388
pooled_equal_year,764,Thailand,F118,10,0.050611696168918224
pooled_equal_year,764,Thailand,F118,2,0.15795233339989947
pooled_equal_year,764,Thailand,F118,3,0.11240112893442683
pooled_equal_year,764,Thailand,F118,4,0.09163506327212952
pooled_equal_year,764,Thailand,F118,5,0.1426520524783258
pooled_equal_year,764,Thailand,F118,6,0.037207315865693084
pooled_equal_year,764,Thailand,F118,7,0.02503211176699723
pooled_equal_year,764,Thailand,F118,8,0.033984534405084754
pooled_equal_year,764,Thailand,F118,9,0.018582789095086292
pooled_equal_year,764,Thailand,F120,1,0.5153338801316156
pooled_equal_year,764,Thailand,F120,10,0.009207577952860651
pooled_equal_year,764,Thailand,F120,2,0.16978476806280732
pooled_equal_year,764,Thailand,F120,3,0.11601695701014329
pooled_equal_year,764,Thailand,F120,4,0.0684379857389932
pooled_equal_year,764,Thailand,F120,5,0.07190005975732217
pooled_equal_year,764,Thailand,F120,6,0.02195362361097522
pooled_equal_year,764,Thailand,F120,7,0.012118276312280796
pooled_equal_year,764,Thailand,F120,8,0.011317068881413081
pooled_equal_year,764,Thailand,F120,9,0.003929802541588679
pooled_equal_year,764,Thailand,G006,1,0.8038834073624864
pooled_equal_year,764,Thailand,G006,2,0.16572639144116288
pooled_equal_year,764,Thailand,G006,3,0.02464536575605436
pooled_equal_year,764,Thailand,G006,4,0.005744835440296318
pooled_equal_year,764,Thailand,Y002,1,0.2735407143159388
pooled_equal_year,764,Thailand,Y002,2,0.6521357401042672
pooled_equal_year,764,Thailand,Y002,3,0.07432354557979384
pooled_equal_year,780,Trinidad and Tobago,A008,1,0.5290402645948395
pooled_equal_year,780,Trinidad and Tobago,A008,2,0.34473949620986044
pooled_equal_year,780,Trinidad and Tobago,A008,3,0.11338051157878642
pooled_equal_year,780,Trinidad and Tobago,A008,4,0.012839727616513662
pooled_equal_year,780,Trinidad and Tobago,A165,1,0.035239671137550055
pooled_equal_year,780,Trinidad and Tobago,A165,2,0.96476032886245
pooled_equal_year,780,Trinidad and Tobago,E018,1,0.8943055413241323
pooled_equal_year,780,Trinidad and Tobago,E018,2,0.0878526396000042
pooled_equal_year,780,Trinidad and Tobago,E018,3,0.017841819075863463
pooled_equal_year,780,Trinidad and Tobago,E025,1,0.23294943232516918
pooled_equal_year,780,Trinidad and Tobago,E025,2,0.5180961917798312
pooled_equal_year,780,Trinidad and Tobago,E025,3,0.2489543758949996
pooled_equal_year,780,Trinidad and Tobago,F063,1,0.008289947911507202
pooled_equal_year,780,Trinidad and Tobago,F063,10,0.8872958396430646
pooled_equal_year,780,Trinidad and Tobago,F063,2,0.0027092976068780533
pooled_equal_year,780,Trinidad and Tobago,F063,3,0.003306617319662553
pooled_equal_year,780,Trinidad and Tobago,F063,4,0.001149729128384287
pooled_equal_year,780,Trinidad and Tobago,F063,5,0.005816097420425573
pooled_equal_year,780,Trinidad and Tobago,F063,6,0.005740799513927945
pooled_equal_year,780,Trinidad and Tobago,F063,7,0.012466562189595291
pooled_equal_year,780,Trinidad and Tobago,F063,8,0.022160397489819322
pooled_equal_year,780,Trinidad and Tobago,F063,9,0.05106471177673512
pooled_equal_year,780,Trinidad and Tobago,F118,1,0.7596617301509183
pooled_equal_year,780,Trinidad and Tobago,F118,10,0.010626041837389865
pooled_equal_year,780,Trinidad and Tobago,F118,2,0.045567929361331874
pooled_equal_year,780,Trinidad and Tobago,F118,3,0.03660687034157746
pooled_equal_year,780,Trinidad and Tobago,F118,4,0.034378234562802305
pooled_equal_year,780,Trinidad and Tobago,F118,5,0.07582213307580184
pooled_equal_year,780,Trinidad and Tobago,F118,6,0.015931962265327358
pooled_equal_year,780,Trinidad and Tobago,F118,7,0.009686699301097244
pooled_equal_year,780,Trinidad and Tobago,F118,8,0.007432977769681638
pooled_equal_year,780,Trinidad and Tobago,F118,9,0.004285421334072057
pooled_equal_year,780,Trinidad and Tobago,F120,1,0.6468414683523037
pooled_equal_year,780,Trinidad and Tobago,F120,10,0.013353943229282919
pooled_equal_year,780,Trinidad and Tobago,F120,2,0.06224934682629982
pooled_equal_year,780,Trinidad and Tobago,F120,3,0.058319754526889644
pooled_equal_year,780,Trinidad and Tobago,F120,4,0.03801269025854928
pooled_equal_year,780,Trinidad and Tobago,F120,5,0.1269048271753681
pooled_equal_year,780,Trinidad and Tobago,F120,6,0.025687143197523847
pooled_equal_year,780,Trinidad and Tobago,F120,7,0.013945098663480806
pooled_equal_year,780,Trinidad and Tobago,F120,8,0.011051873379368488
pooled_equal_year,780,Trinidad and Tobago,F120,9,0.0036338543909334177
pooled_equal_year,780,Trinidad and Tobago,G006,1,0.892966047465169
pooled_equal_year,780,Trinidad and Tobago,G006,2,0.08818305522044795
pooled_equal_year,780,Trinidad and Tobago,G006,3,0.017663986741126923
pooled_equal_year,780,Trinidad and Tobago,G006,4,0.0011869105732561101
pooled_equal_year,780,Trinidad and Tobago,Y002,1,0.362321401284247
pooled_equal_year,780,Trinidad and Tobago,Y002,2,0.5720532537214846
pooled_equal_year,780,Trinidad and Tobago,Y002,3,0.06562534499426843
pooled_equal_year,788,Tunisia,A008,1,0.16031048308098994
pooled_equal_year,788,Tunisia,A008,2,0.6204432634387684
pooled_equal_year,788,Tunisia,A008,3,0.17853742932591618
pooled_equal_year,788,Tunisia,A008,4,0.04070882415432543
pooled_equal_year,788,Tunisia,A165,1,0.15122862514853277
pooled_equal_year,788,Tunisia,A165,2,0.8487713748514673
pooled_equal_year,788,Tunisia,E018,1,0.6858509589994897
pooled_equal_year,788,Tunisia,E018,2,0.25863630597114007
pooled_equal_year,788,Tunisia,E018,3,0.055512735029370375
pooled_equal_year,788,Tunisia,E025,1,0.06283021148644904
pooled_equal_year,788,Tunisia,E025,2,0.19216314860797024
pooled_equal_year,788,Tunisia,E025,3,0.7450066399055807
pooled_equal_year,788,Tunisia,F063,1,0.0795314125968813
pooled_equal_year,788,Tunisia,F063,10,0.7899464342447903
pooled_equal_year,788,Tunisia,F063,2,0.008355081646718462
pooled_equal_year,788,Tunisia,F063,3,0.007091778958246825
pooled_equal_year,788,Tunisia,F063,4,0.008757057892468306
pooled_equal_year,788,Tunisia,F063,5,0.015575951995215012
pooled_equal_year,788,Tunisia,F063,6,0.01943757749965755
pooled_equal_year,788,Tunisia,F063,7,0.01943757749965755
pooled_equal_year,788,Tunisia,F063,8,0.01943757749965755
pooled_equal_year,788,Tunisia,F063,9,0.03242955016670719
pooled_equal_year,788,Tunisia,F118,1,0.890820547328232
pooled_equal_year,788,Tunisia,F118,10,0.0048879279190800675
pooled_equal_year,788,Tunisia,F118,2,0.04922033310494102
pooled_equal_year,788,Tunisia,F118,3,0.02453056172999118
pooled_equal_year,788,Tunisia,F118,4,0.01134531766352365
pooled_equal_year,788,Tunisia,F118,5,0.00855512068091088
pooled_equal_year,788,Tunisia,F118,6,0.005047137564038723
pooled_equal_year,788,Tunisia,F118,7,0.002128038314664244
pooled_equal_year,788,Tunisia,F118,8,0.0021710057369181465
pooled_equal_year,788,Tunisia,F118,9,0.0012940099577001072
pooled_equal_year,788,Tunisia,F120,1,0.6475746194037719
pooled_equal_year,788,Tunisia,F120,10,0.024361430976369766
pooled_equal_year,788,Tunisia,F120,2,0.056042453704882034
pooled_equal_year,788,Tunisia,F120,3,0.06474662671936414
pooled_equal_year,788,Tunisia,F120,4,0.06109028502448833
pooled_equal_year,788,Tunisia,F120,5,0.07380385341182202
pooled_equal_year,788,Tunisia,F120,6,0.023456435503165122
pooled_equal_year,788,Tunisia,F120,7,0.0180035559886412
pooled_equal_year,788,Tunisia,F120,8,0.01856240614626094
pooled_equal_year,788,Tunisia,F120,9,0.012358333121234487
pooled_equal_year,788,Tunisia,G006,1,0.6036603959058815
pooled_equal_year,788,Tunisia,G006,2,0.31541448703078945
pooled_equal_year,788,Tunisia,G006,3,0.06048446047833406
pooled_equal_year,788,Tunisia,G006,4,0.02044065658499501
pooled_equal_year,788,Tunisia,Y002,1,0.611715647606912
pooled_equal_year,788,Tunisia,Y002,2,0.3692368176210028
pooled_equal_year,788,Tunisia,Y002,3,0.019047534772085248
pooled_equal_year,792,Turkey,A008,1,0.31190042602730295
pooled_equal_year,792,Turkey,A008,2,0.5145460053557633
pooled_equal_year,792,Turkey,A008,3,0.1240616452106701
pooled_equal_year,792,Turkey,A008,4,0.04949192340626354
pooled_equal_year,792,Turkey,A165,1,0.10683743125760611
pooled_equal_year,792,Turkey,A165,2,0.8931625687423939
pooled_equal_year,792,Turkey,E018,1,0.5136372585010929
pooled_equal_year,792,Turkey,E018,2,0.36923829113331863
pooled_equal_year,792,Turkey,E018,3,0.1171244503655885
pooled_equal_year,792,Turkey,E025,1,0.09993684327624547
pooled_equal_year,792,Turkey,E025,2,0.35339291094332986
pooled_equal_year,792,Turkey,E025,3,0.5466702457804247
pooled_equal_year,792,Turkey,F063,1,0.007873616608264238
pooled_equal_year,792,Turkey,F063,10,0.6812117020291867
pooled_equal_year,792,Turkey,F063,2,0.003982841616668363
pooled_equal_year,792,Turkey,F063,3,0.007017719073272331
pooled_equal_year,792,Turkey,F063,4,0.01357871492040179
pooled_equal_year,792,Turkey,F063,5,0.03223569036844275
pooled_equal_year,792,Turkey,F063,6,0.0410311302476592
pooled_equal_year,792,Turkey,F063,7,0.05558312603802393
pooled_equal_year,792,Turkey,F063,8,0.0791640754694188
pooled_equal_year,792,Turkey,F063,9,0.07832138362866184
pooled_equal_year,792,Turkey,F118,1,0.7649963690004034
pooled_equal_year,792,Turkey,F118,10,0.006566512289292736
pooled_equal_year,792,Turkey,F118,2,0.07099790466919574
pooled_equal_year,792,Turkey,F118,3,0.03441038990122233
pooled_equal_year,792,Turkey,F118,4,0.03702617517488161
pooled_equal_year,792,Turkey,F118,5,0.044409724181317854
pooled_equal_year,792,Turkey,F118,6,0.015554030050116418
pooled_equal_year,792,Turkey,F118,7,0.012327037062099729
pooled_equal_year,792,Turkey,F118,8,0.01016118848579833
pooled_equal_year,792,Turkey,F118,9,0.003550669185671812
pooled_equal_year,792,Turkey,F120,1,0.6485832635771475
pooled_equal_year,792,Turkey,F120,10,0.0181119688407293
pooled_equal_year,792,Turkey,F120,2,0.07906389353707753
pooled_equal_year,792,Turkey,F120,3,0.05545380682134681
pooled_equal_year,792,Turkey,F120,4,0.04663604175424839
pooled_equal_year,792,Turkey,F120,5,0.07998009849778875
pooled_equal_year,792,Turkey,F120,6,0.0317683498756744
pooled_equal_year,792,Turkey,F120,7,0.024029386208419386
pooled_equal_year,792,Turkey,F120,8,0.012204972259872361
pooled_equal_year,792,Turkey,F120,9,0.004168218627695644
pooled_equal_year,792,Turkey,G006,1,0.7507653640872443
pooled_equal_year,792,Turkey,G006,2,0.20218922479690096
pooled_equal_year,792,Turkey,G006,3,0.037427680276910576
pooled_equal_year,792,Turkey,G006,4,0.009617730838944122
pooled_equal_year,792,Turkey,Y002,1,0.3304523719134246
pooled_equal_year,792,Turkey,Y002,2,0.5670738551377297
pooled_equal_year,792,Turkey,Y002,3,0.10247377294884563
pooled_equal_year,804,Ukraine,A008,1,0.150153988604211
pooled_equal_year,804,Ukraine,A008,2,0.5946811191076943
pooled_equal_year,804,Ukraine,A008,3,0.21167988407232086
pooled_equal_year,804,Ukraine,A008,4,0.043485008215773856
pooled_equal_year,804,Ukraine,A165,1,0.2750473182809977
pooled_equal_year,804,Ukraine,A165,2,0.7249526817190024
pooled_equal_year,804,Ukraine,E018,1,0.5729788660512559
pooled_equal_year,804,Ukraine,E018,2,0.3451687942713036
pooled_equal_year,804,Ukraine,E018,3,0.08185233967744053
pooled_equal_year,804,Ukraine,E025,1,0.10058976275616162
pooled_equal_year,804,Ukraine,E025,2,0.26228600069448016
pooled_equal_year,804,Ukraine,E025,3,0.6371242365493583
pooled_equal_year,804,Ukraine,F063,1,0.06925534315743434
pooled_equal_year,804,Ukraine,F063,10,0.31936235809113117
pooled_equal_year,804,Ukraine,F063,2,0.02751111643481093
pooled_equal_year,804,Ukraine,F063,3,0.0421750188146109
pooled_equal_year,804,Ukraine,F063,4,0.0337035530336309
pooled_equal_year,804,Ukraine,F063,5,0.11228246920355094
pooled_equal_year,804,Ukraine,F063,6,0.07093877699499287
pooled_equal_year,804,Ukraine,F063,7,0.10807291624496598
pooled_equal_year,804,Ukraine,F063,8,0.11839646390364245
pooled_equal_year,804,Ukraine,F063,9,0.09830198412122956
pooled_equal_year,804,Ukraine,F118,1,0.6236776253425058
pooled_equal_year,804,Ukraine,F118,10,0.010994954372272367
pooled_equal_year,804,Ukraine,F118,2,0.07918994835696179
pooled_equal_year,804,Ukraine,F118,3,0.05885475236313152
pooled_equal_year,804,Ukraine,F118,4,0.04941266533022153
pooled_equal_year,804,Ukraine,F118,5,0.09870990627554119
pooled_equal_year,804,Ukraine,F118,6,0.04127398431357498
pooled_equal_year,804,Ukraine,F118,7,0.018611642721807188
pooled_equal_year,804,Ukraine,F118,8,0.013154529126474848
pooled_equal_year,804,Ukraine,F118,9,0.0061199917975088
pooled_equal_year,804,Ukraine,F120,1,0.337251595287389
pooled_equal_year,804,Ukraine,F120,10,0.032057107293599625
pooled_equal_year,804,Ukraine,F120,2,0.06815229039856072
pooled_equal_year,804,Ukraine,F120,3,0.07102956121723701
pooled_equal_year,804,Ukraine,F120,4,0.07584116157898865
pooled_equal_year,804,Ukraine,F120,5,0.20393053586393362
pooled_equal_year,804,Ukraine,F120,6,0.08552668250883398
pooled_equal_year,804,Ukraine,F120,7,0.06256810478305413
pooled_equal_year,804,Ukraine,F120,8,0.039068759596270146
pooled_equal_year,804,Ukraine,F120,9,0.024574201472133052
pooled_equal_year,804,Ukraine,G006,1,0.34007589252066184
pooled_equal_year,804,Ukraine,G006,2,0.419877946571706
pooled_equal_year,804,Ukraine,G006,3,0.17893392976430733
pooled_equal_year,804,Ukraine,G006,4,0.06111223114332482
pooled_equal_year,804,Ukraine,Y002,1,0.47112630460001276
pooled_equal_year,804,Ukraine,Y002,2,0.4927008101801804
pooled_equal_year,804,Ukraine,Y002,3,0.03617288521980691
pooled_equal_year,807,North Macedonia,A008,1,0.29592353892866535
pooled_equal_year,807,North Macedonia,A008,2,0.5649870376593535
pooled_equal_year,807,North Macedonia,A008,3,0.10715617492160431
pooled_equal_year,807,North Macedonia,A008,4,0.031933248490376674
pooled_equal_year,807,North Macedonia,A165,1,0.17645531148665575
pooled_equal_year,807,North Macedonia,A165,2,0.8235446885133442
pooled_equal_year,807,North Macedonia,E018,1,0.47414622240987914
pooled_equal_year,807,North Macedonia,E018,2,0.3217156195510835
pooled_equal_year,807,North Macedonia,E018,3,0.2041381580390373
pooled_equal_year,807,North Macedonia,E025,1,0.3021357962535546
pooled_equal_year,807,North Macedonia,E025,2,0.38386983660508067
pooled_equal_year,807,North Macedonia,E025,3,0.31399436714136475
pooled_equal_year,807,North Macedonia,F063,1,0.05695961944719703
pooled_equal_year,807,North Macedonia,F063,10,0.4889952530439703
pooled_equal_year,807,North Macedonia,F063,2,0.015739162739977424
pooled_equal_year,807,North Macedonia,F063,3,0.02278912453137192
pooled_equal_year,807,North Macedonia,F063,4,0.016614936504267132
pooled_equal_year,807,North Macedonia,F063,5,0.07848665677638014
pooled_equal_year,807,North Macedonia,F063,6,0.05559492023817151
pooled_equal_year,807,North Macedonia,F063,7,0.0636666544548802
pooled_equal_year,807,North Macedonia,F063,8,0.12074243095466378
pooled_equal_year,807,North Macedonia,F063,9,0.08041124130912056
pooled_equal_year,807,North Macedonia,F118,1,0.7499288126583437
pooled_equal_year,807,North Macedonia,F118,10,0.04172178467381566
pooled_equal_year,807,North Macedonia,F118,2,0.044366768584678494
pooled_equal_year,807,North Macedonia,F118,3,0.0302489063100562
pooled_equal_year,807,North Macedonia,F118,4,0.02086592580304261
pooled_equal_year,807,North Macedonia,F118,5,0.06861947708493923
pooled_equal_year,807,North Macedonia,F118,6,0.014217666918212425
pooled_equal_year,807,North Macedonia,F118,7,0.014625640119139544
pooled_equal_year,807,North Macedonia,F118,8,0.01077424814157582
pooled_equal_year,807,North Macedonia,F118,9,0.004630769706196329
pooled_equal_year,807,North Macedonia,F120,1,0.39567944417116835
pooled_equal_year,807,North Macedonia,F120,10,0.14323730057486336
pooled_equal_year,807,North Macedonia,F120,2,0.051773431629225763
pooled_equal_year,807,North Macedonia,F120,3,0.05453241796941405
pooled_equal_year,807,North Macedonia,F120,4,0.03754581245299729
pooled_equal_year,807,North Macedonia,F120,5,0.1870234837722362
pooled_equal_year,807,North Macedonia,F120,6,0.040034644868667806
pooled_equal_year,807,North Macedonia,F120,7,0.03681785661613492
pooled_equal_year,807,North Macedonia,F120,8,0.03527766967121494
pooled_equal_year,807,North Macedonia,F120,9,0.018077938274077332
pooled_equal_year,807,North Macedonia,G006,1,0.454073076336695
pooled_equal_year,807,North Macedonia,G006,2,0.36584121860211594
pooled_equal_year,807,North Macedonia,G006,3,0.10862189372921359
pooled_equal_year,807,North Macedonia,G006,4,0.07146381133197549
pooled_equal_year,807,North Macedonia,Y002,1,0.26809384251703705
pooled_equal_year,807,North Macedonia,Y002,2,0.6175461802310283
pooled_equal_year,807,North Macedonia,Y002,3,0.11435997725193461
pooled_equal_year,826,United Kingdom,A008,1,0.41527077054394257
pooled_equal_year,826,United Kingdom,A008,2,0.508067101519444
pooled_equal_year,826,United Kingdom,A008,3,0.0664923780267575
pooled_equal_year,826,United Kingdom,A008,4,0.010169749909855903
pooled_equal_year,826,United Kingdom,A165,1,0.3929516255662865
pooled_equal_year,826,United Kingdom,A165,2,0.6070483744337134
pooled_equal_year,826,United Kingdom,E018,1,0.7124266017258503
pooled_equal_year,826,United Kingdom,E018,2,0.20765617505640904
pooled_equal_year,826,United Kingdom,E018,3,0.07991722321774083
pooled_equal_year,826,United Kingdom,E025,1,0.6973001083986011
pooled_equal_year,826,United Kingdom,E025,2,0.21539473572223689
pooled_equal_year,826,United Kingdom,E025,3,0.0873051558791619
pooled_equal_year,826,United Kingdom,F063,1,0.30978197019096515
pooled_equal_year,826,United Kingdom,F063,10,0.16483166117550258
pooled_equal_year,826,United Kingdom,F063,2,0.08302540268557072
pooled_equal_year,826,United Kingdom,F063,3,0.06717305311960489
pooled_equal_year,826,United Kingdom,F063,4,0.051597500749637114
pooled_equal_year,826,United Kingdom,F063,5,0.09279449992152422
pooled_equal_year,826,United Kingdom,F063,6,0.0652161386629608
pooled_equal_year,826,United Kingdom,F063,7,0.06276661832107572
pooled_equal_year,826,United Kingdom,F063,8,0.06898020915873704
pooled_equal_year,826,United Kingdom,F063,9,0.033832946014421834
pooled_equal_year,826,United Kingdom,F118,1,0.1581673136876386
pooled_equal_year,826,United Kingdom,F118,10,0.361558412823644
pooled_equal_year,826,United Kingdom,F118,2,0.02785918805021858
pooled_equal_year,826,United Kingdom,F118,3,0.03267530475144343
pooled_equal_year,826,United Kingdom,F118,4,0.031371409526953054
pooled_equal_year,826,United Kingdom,F118,5,0.15555641372016138
pooled_equal_year,826,United Kingdom,F118,6,0.05441301458322346
pooled_equal_year,826,United Kingdom,F118,7,0.05196434728893331
pooled_equal_year,826,United Kingdom,F118,8,0.07067091947034203
pooled_equal_year,826,United Kingdom,F118,9,0.055763676097442205
pooled_equal_year,826,United Kingdom,F120,1,0.15924268735161368
pooled_equal_year,826,United Kingdom,F120,10,0.1693785259358372
pooled_equal_year,826,United Kingdom,F120,2,0.03865340397772519
pooled_equal_year,826,United Kingdom,F120,3,0.05502189094161437
pooled_equal_year,826,United Kingdom,F120,4,0.042359722433081726
pooled_equal_year,826,United Kingdom,F120,5,0.21158181535098558
pooled_equal_year,826,United Kingdom,F120,6,0.08818720392543729
pooled_equal_year,826,United Kingdom,F120,7,0.08177438072517426
pooled_equal_year,826,United Kingdom,F120,8,0.0977114775617292
pooled_equal_year,826,United Kingdom,F120,9,0.05608889179680156
pooled_equal_year,826,United Kingdom,G006,1,0.4911423945418544
pooled_equal_year,826,United Kingdom,G006,2,0.39155844639129117
pooled_equal_year,826,United Kingdom,G006,3,0.09097885131814744
pooled_equal_year,826,United Kingdom,G006,4,0.02632030774870699
pooled_equal_year,826,United Kingdom,Y002,1,0.13219547912860236
pooled_equal_year,826,United Kingdom,Y002,2,0.6339799025573166
pooled_equal_year,826,United Kingdom,Y002,3,0.23382461831408094
pooled_equal_year,840,United States,A008,1,0.33023346169737894
pooled_equal_year,840,United States,A008,2,0.5750163048085564
pooled_equal_year,840,United States,A008,3,0.0849478059716604
pooled_equal_year,840,United States,A008,4,0.009802427522404289
pooled_equal_year,840,United States,A165,1,0.37222228537032703
pooled_equal_year,840,United States,A165,2,0.6277777146296731
pooled_equal_year,840,United States,E018,1,0.5825987758906938
pooled_equal_year,840,United States,E018,2,0.33472156460739083
pooled_equal_year,840,United States,E018,3,0.08267965950191551
pooled_equal_year,840,United States,E025,1,0.6381174236159798
pooled_equal_year,840,United States,E025,2,0.288122346584091
pooled_equal_year,840,United States,E025,3,0.07376022979992919
pooled_equal_year,840,United States,F063,1,0.08886492439843335
pooled_equal_year,840,United States,F063,10,0.5026602671422349
pooled_equal_year,840,United States,F063,2,0.02644146731518938
pooled_equal_year,840,United States,F063,3,0.029552784929627946
pooled_equal_year,840,United States,F063,4,0.02591497756513286
pooled_equal_year,840,United States,F063,5,0.06753456583570115
pooled_equal_year,840,United States,F063,6,0.05043625767995158
pooled_equal_year,840,United States,F063,7,0.059604480394808285
pooled_equal_year,840,United States,F063,8,0.07862203772525311
pooled_equal_year,840,United States,F063,9,0.0703682370136675
pooled_equal_year,840,United States,F118,1,0.2554952598903524
pooled_equal_year,840,United States,F118,10,0.22730222255679125
pooled_equal_year,840,United States,F118,2,0.03476934821321114
pooled_equal_year,840,United States,F118,3,0.03953055815204323
pooled_equal_year,840,United States,F118,4,0.03149131845062517
pooled_equal_year,840,United States,F118,5,0.21710746258702587
pooled_equal_year,840,United States,F118,6,0.04819143049678976
pooled_equal_year,840,United States,F118,7,0.043297028285098176
pooled_equal_year,840,United States,F118,8,0.05645201794809169
pooled_equal_year,840,United States,F118,9,0.04636335341997136
pooled_equal_year,840,United States,F120,1,0.2354103814977073
pooled_equal_year,840,United States,F120,10,0.09259395800692649
pooled_equal_year,840,United States,F120,2,0.0726168216310381
pooled_equal_year,840,United States,F120,3,0.06504721950324444
pooled_equal_year,840,United States,F120,4,0.04546330984804058
pooled_equal_year,840,United States,F120,5,0.23653865990510195
pooled_equal_year,840,United States,F120,6,0.068865808941746
pooled_equal_year,840,United States,F120,7,0.06805774563766141
pooled_equal_year,840,United States,F120,8,0.07852493492289807
pooled_equal_year,840,United States,F120,9,0.036881160105635746
pooled_equal_year,840,United States,G006,1,0.5715717844172513
pooled_equal_year,840,United States,G006,2,0.3076299040289281
pooled_equal_year,840,United States,G006,3,0.0987930833228901
pooled_equal_year,840,United States,G006,4,0.022005228230930526
pooled_equal_year,840,United States,Y002,1,0.20145546164109662
pooled_equal_year,840,United States,Y002,2,0.5983873431337711
pooled_equal_year,840,United States,Y002,3,0.2001571952251324
pooled_equal_year,854,Burkina Faso,A008,1,0.24294156270518713
pooled_equal_year,854,Burkina Faso,A008,2,0.5600787918581747
pooled_equal_year,854,Burkina Faso,A008,3,0.15692711753118843
pooled_equal_year,854,Burkina Faso,A008,4,0.04005252790544977
pooled_equal_year,854,Burkina Faso,A165,1,0.1469161469161469
pooled_equal_year,854,Burkina Faso,A165,2,0.853083853083853
pooled_equal_year,854,Burkina Faso,E018,1,0.6978723404255319
pooled_equal_year,854,Burkina Faso,E018,2,0.17375886524822695
pooled_equal_year,854,Burkina Faso,E018,3,0.12836879432624113
pooled_equal_year,854,Burkina Faso,E025,1,0.1546304163126593
pooled_equal_year,854,Burkina Faso,E025,2,0.6117247238742566
pooled_equal_year,854,Burkina Faso,E025,3,0.2336448598130841
pooled_equal_year,854,Burkina Faso,F063,1,0.0033200531208499337
pooled_equal_year,854,Burkina Faso,F063,10,0.702523240371846
pooled_equal_year,854,Burkina Faso,F063,2,0.004648074369189907
pooled_equal_year,854,Burkina Faso,F063,3,0.006640106241699867
pooled_equal_year,854,Burkina Faso,F063,4,0.009296148738379814
pooled_equal_year,854,Burkina Faso,F063,5,0.03851261620185923
pooled_equal_year,854,Burkina Faso,F063,6,0.03253652058432935
pooled_equal_year,854,Burkina Faso,F063,7,0.06108897742363878
pooled_equal_year,854,Burkina Faso,F063,8,0.0750332005312085
pooled_equal_year,854,Burkina Faso,F063,9,0.06640106241699867
pooled_equal_year,854,Burkina Faso,F118,1,0.7932489451476793
pooled_equal_year,854,Burkina Faso,F118,10,0.030239099859353025
pooled_equal_year,854,Burkina Faso,F118,2,0.06891701828410689
pooled_equal_year,854,Burkina Faso,F118,3,0.023206751054852322
pooled_equal_year,854,Burkina Faso,F118,4,0.026019690576652602
pooled_equal_year,854,Burkina Faso,F118,5,0.030942334739803096
pooled_equal_year,854,Burkina Faso,F118,6,0.009845288326300985
pooled_equal_year,854,Burkina Faso,F118,7,0.006329113924050633
pooled_equal_year,854,Burkina Faso,F118,8,0.007032348804500703
pooled_equal_year,854,Burkina Faso,F118,9,0.004219409282700422
pooled_equal_year,854,Burkina Faso,F120,1,0.6437414030261348
pooled_equal_year,854,Burkina Faso,F120,10,0.04264099037138927
pooled_equal_year,854,Burkina Faso,F120,2,0.05845942228335626
pooled_equal_year,854,Burkina Faso,F120,3,0.06052269601100413
pooled_equal_year,854,Burkina Faso,F120,4,0.0453920220082531
pooled_equal_year,854,Burkina Faso,F120,5,0.08459422283356259
pooled_equal_year,854,Burkina Faso,F120,6,0.02200825309491059
pooled_equal_year,854,Burkina Faso,F120,7,0.014442916093535076
pooled_equal_year,854,Burkina Faso,F120,8,0.01581843191196699
pooled_equal_year,854,Burkina Faso,F120,9,0.012379642365887207
pooled_equal_year,854,Burkina Faso,G006,1,0.833666001330672
pooled_equal_year,854,Burkina Faso,G006,2,0.1430472388556221
pooled_equal_year,854,Burkina Faso,G006,3,0.018629407850964737
pooled_equal_year,854,Burkina Faso,G006,4,0.004657351962741184
pooled_equal_year,854,Burkina Faso,Y002,1,0.42954390742001364
pooled_equal_year,854,Burkina Faso,Y002,2,0.517358747447243
pooled_equal_year,854,Burkina Faso,Y002,3,0.05309734513274336
pooled_equal_year,858,Uruguay,A008,1,0.36275407265135495
pooled_equal_year,858,Uruguay,A008,2,0.522061000796935
pooled_equal_year,858,Uruguay,A008,3,0.09802591005138837
pooled_equal_year,858,Uruguay,A008,4,0.017159016500321728
pooled_equal_year,858,Uruguay,A165,1,0.1941898066933281
pooled_equal_year,858,Uruguay,A165,2,0.8058101933066718
pooled_equal_year,858,Uruguay,E018,1,0.7299087205390196
pooled_equal_year,858,Uruguay,E018,2,0.20093487286641576
pooled_equal_year,858,Uruguay,E018,3,0.06915640659456478
pooled_equal_year,858,Uruguay,E025,1,0.3137026141679667
pooled_equal_year,858,Uruguay,E025,2,0.2697433890975669
pooled_equal_year,858,Uruguay,E025,3,0.4165539967344664
pooled_equal_year,858,Uruguay,F063,1,0.14520331452462595
pooled_equal_year,858,Uruguay,F063,10,0.351353192214231
pooled_equal_year,858,Uruguay,F063,2,0.03499861996087449
pooled_equal_year,858,Uruguay,F063,3,0.040167037004056154
pooled_equal_year,858,Uruguay,F063,4,0.030155311564690552
pooled_equal_year,858,Uruguay,F063,5,0.07817798112050946
pooled_equal_year,858,Uruguay,F063,6,0.055809141511017714
pooled_equal_year,858,Uruguay,F063,7,0.07838333866677555
pooled_equal_year,858,Uruguay,F063,8,0.10965511083012285
pooled_equal_year,858,Uruguay,F063,9,0.07609695260309629
pooled_equal_year,858,Uruguay,F118,1,0.18868087050755644
pooled_equal_year,858,Uruguay,F118,10,0.3008133110501144
pooled_equal_year,858,Uruguay,F118,2,0.02090175036007981
pooled_equal_year,858,Uruguay,F118,3,0.034266995511984054
pooled_equal_year,858,Uruguay,F118,4,0.02877778255959695
pooled_equal_year,858,Uruguay,F118,5,0.17888955692108152
pooled_equal_year,858,Uruguay,F118,6,0.07264699616997279
pooled_equal_year,858,Uruguay,F118,7,0.05162351223243882
pooled_equal_year,858,Uruguay,F118,8,0.06887102047437753
pooled_equal_year,858,Uruguay,F118,9,0.05452820421279762
pooled_equal_year,858,Uruguay,F120,1,0.40064713144924347
pooled_equal_year,858,Uruguay,F120,10,0.13014612107701234
pooled_equal_year,858,Uruguay,F120,2,0.036254197061958704
pooled_equal_year,858,Uruguay,F120,3,0.0354921916140789
pooled_equal_year,858,Uruguay,F120,4,0.036971327821104065
pooled_equal_year,858,Uruguay,F120,5,0.16240318657117117
pooled_equal_year,858,Uruguay,F120,6,0.05286407909218269
pooled_equal_year,858,Uruguay,F120,7,0.046862840283213865
pooled_equal_year,858,Uruguay,F120,8,0.05860656624939183
pooled_equal_year,858,Uruguay,F120,9,0.039752358780642975
pooled_equal_year,858,Uruguay,G006,1,0.6495931180226339
pooled_equal_year,858,Uruguay,G006,2,0.29758249499978295
pooled_equal_year,858,Uruguay,G006,3,0.041566330168277786
pooled_equal_year,858,Uruguay,G006,4,0.01125805680930538
pooled_equal_year,858,Uruguay,Y002,1,0.18923868038719927
pooled_equal_year,858,Uruguay,Y002,2,0.5768792501677869
pooled_equal_year,858,Uruguay,Y002,3,0.23388206944501397
pooled_equal_year,862,Venezuela,A008,1,0.3722689075630252
pooled_equal_year,862,Venezuela,A008,2,0.4176470588235294
pooled_equal_year,862,Venezuela,A008,3,0.17647058823529413
pooled_equal_year,862,Venezuela,A008,4,0.03361344537815126
pooled_equal_year,862,Venezuela,A165,1,0.14201680672268907
pooled_equal_year,862,Venezuela,A165,2,0.8579831932773109
pooled_equal_year,862,Venezuela,E018,1,0.7781512605042017
pooled_equal_year,862,Venezuela,E018,2,0.18823529411764706
pooled_equal_year,862,Venezuela,E018,3,0.03361344537815126
pooled_equal_year,862,Venezuela,E025,1,0.16050420168067228
pooled_equal_year,862,Venezuela,E025,2,0.32100840336134456
pooled_equal_year,862,Venezuela,E025,3,0.5184873949579832
pooled_equal_year,862,Venezuela,F063,1,0.0033613445378151263
pooled_equal_year,862,Venezuela,F063,10,0.6109243697478992
pooled_equal_year,862,Venezuela,F063,2,0.005042016806722689
pooled_equal_year,862,Venezuela,F063,3,0.0008403361344537816
pooled_equal_year,862,Venezuela,F063,4,0.011764705882352941
pooled_equal_year,862,Venezuela,F063,5,0.020168067226890758
pooled_equal_year,862,Venezuela,F063,6,0.0226890756302521
pooled_equal_year,862,Venezuela,F063,7,0.05630252100840336
pooled_equal_year,862,Venezuela,F063,8,0.1134453781512605
pooled_equal_year,862,Venezuela,F063,9,0.15546218487394958
pooled_equal_year,862,Venezuela,F118,1,0.3630252100840336
pooled_equal_year,862,Venezuela,F118,10,0.0907563025210084
pooled_equal_year,862,Venezuela,F118,2,0.0
pooled_equal_year,862,Venezuela,F118,3,0.12352941176470589
pooled_equal_year,862,Venezuela,F118,4,0.0
pooled_equal_year,862,Venezuela,F118,5,0.280672268907563
pooled_equal_year,862,Venezuela,F118,6,0.0
pooled_equal_year,862,Venezuela,F118,7,0.0
pooled_equal_year,862,Venezuela,F118,8,0.14201680672268907
pooled_equal_year,862,Venezuela,F118,9,0.0
pooled_equal_year,862,Venezuela,F120,1,0.5680672268907563
pooled_equal_year,862,Venezuela,F120,10,0.046218487394957986
pooled_equal_year,862,Venezuela,F120,2,0.0
pooled_equal_year,862,Venezuela,F120,3,0.18319327731092436
pooled_equal_year,862,Venezuela,F120,4,0.0
pooled_equal_year,862,Venezuela,F120,5,0.11932773109243698
pooled_equal_year,862,Venezuela,F120,6,0.0
pooled_equal_year,862,Venezuela,F120,7,0.0
pooled_equal_year,862,Venezuela,F120,8,0.08319327731092437
pooled_equal_year,862,Venezuela,F120,9,0.0
pooled_equal_year,862,Venezuela,G006,1,0.7908552074513124
pooled_equal_year,862,Venezuela,G006,2,0.14309906858594412
pooled_equal_year,862,Venezuela,G006,3,0.04149026248941575
pooled_equal_year,862,Venezuela,G006,4,0.024555461473327687
pooled_equal_year,862,Venezuela,Y002,1,0.3352941176470588
pooled_equal_year,862,Venezuela,Y002,2,0.5747899159663865
pooled_equal_year,862,Venezuela,Y002,3,0.08991596638655462
pooled_equal_year,887,Yemen,A008,1,0.179
pooled_equal_year,887,Yemen,A008,2,0.542
pooled_equal_year,887,Yemen,A008,3,0.244
pooled_equal_year,887,Yemen,A008,4,0.035
pooled_equal_year,887,Yemen,A165,1,0.40398740818467993
pooled_equal_year,887,Yemen,A165,2,0.5960125918153201
pooled_equal_year,887,Yemen,E018,1,0.8611111111111112
pooled_equal_year,887,Yemen,E018,2,0.11645299145299146
pooled_equal_year,887,Yemen,E018,3,0.022435897435897436
pooled_equal_year,887,Yemen,E025,1,0.05851755526657997
pooled_equal_year,887,Yemen,E025,2,0.20416124837451236
pooled_equal_year,887,Yemen,E025,3,0.7373211963589077
pooled_equal_year,887,Yemen,F063,1,0.0
pooled_equal_year,887,Yemen,F063,10,0.9427402862985685
pooled_equal_year,887,Yemen,F063,2,0.0010224948875255625
pooled_equal_year,887,Yemen,F063,3,0.0010224948875255625
pooled_equal_year,887,Yemen,F063,4,0.003067484662576687
pooled_equal_year,887,Yemen,F063,5,0.006134969325153374
pooled_equal_year,887,Yemen,F063,6,0.00408997955010225
pooled_equal_year,887,Yemen,F063,7,0.002044989775051125
pooled_equal_year,887,Yemen,F063,8,0.0081799591002045
pooled_equal_year,887,Yemen,F063,9,0.03169734151329243
pooled_equal_year,887,Yemen,F118,1,0.8792048929663608
pooled_equal_year,887,Yemen,F118,10,0.012232415902140673
pooled_equal_year,887,Yemen,F118,2,0.024464831804281346
pooled_equal_year,887,Yemen,F118,3,0.01834862385321101
pooled_equal_year,887,Yemen,F118,4,0.009174311926605505
pooled_equal_year,887,Yemen,F118,5,0.022935779816513763
pooled_equal_year,887,Yemen,F118,6,0.012232415902140673
pooled_equal_year,887,Yemen,F118,7,0.00764525993883792
pooled_equal_year,887,Yemen,F118,8,0.00764525993883792
pooled_equal_year,887,Yemen,F118,9,0.0061162079510703364
pooled_equal_year,887,Yemen,F120,1,0.6443243243243243
pooled_equal_year,887,Yemen,F120,10,0.022702702702702703
pooled_equal_year,887,Yemen,F120,2,0.07675675675675675
pooled_equal_year,887,Yemen,F120,3,0.04864864864864865
pooled_equal_year,887,Yemen,F120,4,0.03027027027027027
pooled_equal_year,887,Yemen,F120,5,0.06918918918918919
pooled_equal_year,887,Yemen,F120,6,0.032432432432432434
pooled_equal_year,887,Yemen,F120,7,0.02810810810810811
pooled_equal_year,887,Yemen,F120,8,0.032432432432432434
pooled_equal_year,887,Yemen,F120,9,0.015135135135135135
pooled_equal_year,887,Yemen,G006,1,0.8306451612903226
pooled_equal_year,887,Yemen,G006,2,0.13004032258064516
pooled_equal_year,887,Yemen,G006,3,0.038306451612903226
pooled_equal_year,887,Yemen,G006,4,0.0010080645161290322
pooled_equal_year,887,Yemen,Y002,1,0.6934156378600823
pooled_equal_year,887,Yemen,Y002,2,0.29732510288065844
pooled_equal_year,887,Yemen,Y002,3,0.009259259259259259
pooled_equal_year,894,Zambia,A008,1,0.19835943325876212
pooled_equal_year,894,Zambia,A008,2,0.3788217747949292
pooled_equal_year,894,Zambia,A008,3,0.4228187919463087
pooled_equal_year,894,Zambia,A008,4,0.0
pooled_equal_year,894,Zambia,A165,1,0.11546685673556664
pooled_equal_year,894,Zambia,A165,2,0.8845331432644333
pooled_equal_year,894,Zambia,E018,1,0.6230661040787623
pooled_equal_year,894,Zambia,E018,2,0.2967651195499297
pooled_equal_year,894,Zambia,E018,3,0.08016877637130802
pooled_equal_year,894,Zambia,E025,1,0.12340425531914893
pooled_equal_year,894,Zambia,E025,2,0.4127659574468085
pooled_equal_year,894,Zambia,E025,3,0.46382978723404256
pooled_equal_year,894,Zambia,F063,1,0.00472972972972973
pooled_equal_year,894,Zambia,F063,10,0.7054054054054054
pooled_equal_year,894,Zambia,F063,2,0.0
pooled_equal_year,894,Zambia,F063,3,0.004054054054054054
pooled_equal_year,894,Zambia,F063,4,0.008108108108108109
pooled_equal_year,894,Zambia,F063,5,0.02702702702702703
pooled_equal_year,894,Zambia,F063,6,0.037162162162162164
pooled_equal_year,894,Zambia,F063,7,0.06148648648648649
pooled_equal_year,894,Zambia,F063,8,0.0777027027027027
pooled_equal_year,894,Zambia,F063,9,0.07432432432432433
pooled_equal_year,894,Zambia,F118,1,0.5855172413793104
pooled_equal_year,894,Zambia,F118,10,0.04689655172413793
pooled_equal_year,894,Zambia,F118,2,0.08896551724137931
pooled_equal_year,894,Zambia,F118,3,0.0696551724137931
pooled_equal_year,894,Zambia,F118,4,0.05448275862068966
pooled_equal_year,894,Zambia,F118,5,0.05379310344827586
pooled_equal_year,894,Zambia,F118,6,0.04758620689655172
pooled_equal_year,894,Zambia,F118,7,0.028275862068965516
pooled_equal_year,894,Zambia,F118,8,0.01310344827586207
pooled_equal_year,894,Zambia,F118,9,0.011724137931034483
pooled_equal_year,894,Zambia,F120,1,0.46580027359781123
pooled_equal_year,894,Zambia,F120,10,0.0533515731874145
pooled_equal_year,894,Zambia,F120,2,0.09849521203830369
pooled_equal_year,894,Zambia,F120,3,0.08823529411764706
pooled_equal_year,894,Zambia,F120,4,0.05198358413132695
pooled_equal_year,894,Zambia,F120,5,0.08823529411764706
pooled_equal_year,894,Zambia,F120,6,0.06839945280437756
pooled_equal_year,894,Zambia,F120,7,0.03488372093023256
pooled_equal_year,894,Zambia,F120,8,0.0280437756497948
pooled_equal_year,894,Zambia,F120,9,0.022571819425444596
pooled_equal_year,894,Zambia,G006,1,0.63262508567512
pooled_equal_year,894,Zambia,G006,2,0.2556545579163811
pooled_equal_year,894,Zambia,G006,3,0.08361891706648389
pooled_equal_year,894,Zambia,G006,4,0.02810143934201508
pooled_equal_year,894,Zambia,Y002,1,0.28738800827015853
pooled_equal_year,894,Zambia,Y002,2,0.6030323914541695
pooled_equal_year,894,Zambia,Y002,3,0.10957960027567196
pooled_equal_year,909,Northern Ireland,A008,1,0.4144347322878825
pooled_equal_year,909,Northern Ireland,A008,2,0.5291038484021322
pooled_equal_year,909,Northern Ireland,A008,3,0.04918021218793406
pooled_equal_year,909,Northern Ireland,A008,4,0.007281207122051155
pooled_equal_year,909,Northern Ireland,A165,1,0.34441585726522317
pooled_equal_year,909,Northern Ireland,A165,2,0.6555841427347768
pooled_equal_year,909,Northern Ireland,E018,1,0.6647079025454753
pooled_equal_year,909,Northern Ireland,E018,2,0.23240125154947053
pooled_equal_year,909,Northern Ireland,E018,3,0.10289084590505407
pooled_equal_year,909,Northern Ireland,E025,1,0.6163087980702002
pooled_equal_year,909,Northern Ireland,E025,2,0.24018443483340685
pooled_equal_year,909,Northern Ireland,E025,3,0.14350676709639287
pooled_equal_year,909,Northern Ireland,F063,1,0.1300226119412121
pooled_equal_year,909,Northern Ireland,F063,10,0.2651156642264205
pooled_equal_year,909,Northern Ireland,F063,2,0.05171764494774008
pooled_equal_year,909,Northern Ireland,F063,3,0.05965540593462359
pooled_equal_year,909,Northern Ireland,F063,4,0.043325402534207365
pooled_equal_year,909,Northern Ireland,F063,5,0.1295272740880839
pooled_equal_year,909,Northern Ireland,F063,6,0.06663405390344648
pooled_equal_year,909,Northern Ireland,F063,7,0.07295085324997522
pooled_equal_year,909,Northern Ireland,F063,8,0.11748105648922566
pooled_equal_year,909,Northern Ireland,F063,9,0.06357003268506506
pooled_equal_year,909,Northern Ireland,F118,1,0.2353409108431712
pooled_equal_year,909,Northern Ireland,F118,10,0.23958111048198646
pooled_equal_year,909,Northern Ireland,F118,2,0.018024066146571885
pooled_equal_year,909,Northern Ireland,F118,3,0.03594287738363691
pooled_equal_year,909,Northern Ireland,F118,4,0.042117647420577366
pooled_equal_year,909,Northern Ireland,F118,5,0.2018605031302354
pooled_equal_year,909,Northern Ireland,F118,6,0.0711919207496006
pooled_equal_year,909,Northern Ireland,F118,7,0.04891710102001203
pooled_equal_year,909,Northern Ireland,F118,8,0.06550984805335333
pooled_equal_year,909,Northern Ireland,F118,9,0.04151401477085475
pooled_equal_year,909,Northern Ireland,F120,1,0.3331740392373022
pooled_equal_year,909,Northern Ireland,F120,10,0.08742399153825586
pooled_equal_year,909,Northern Ireland,F120,2,0.06234436131659733
pooled_equal_year,909,Northern Ireland,F120,3,0.06246134239806725
pooled_equal_year,909,Northern Ireland,F120,4,0.04670147144945877
pooled_equal_year,909,Northern Ireland,F120,5,0.224589638687322
pooled_equal_year,909,Northern Ireland,F120,6,0.056756857907786916
pooled_equal_year,909,Northern Ireland,F120,7,0.044102104801316246
pooled_equal_year,909,Northern Ireland,F120,8,0.053470569203622025
pooled_equal_year,909,Northern Ireland,F120,9,0.028975623460271376
pooled_equal_year,909,Northern Ireland,G006,1,0.4762828884969722
pooled_equal_year,909,Northern Ireland,G006,2,0.40492130672820126
pooled_equal_year,909,Northern Ireland,G006,3,0.08919833089509249
pooled_equal_year,909,Northern Ireland,G006,4,0.029597473879734076
pooled_equal_year,909,Northern Ireland,Y002,1,0.2317630099426144
pooled_equal_year,909,Northern Ireland,Y002,2,0.6498333908428182
pooled_equal_year,909,Northern Ireland,Y002,3,0.11840359921456745
pooled_equal_year,915,Kosovo,A008,1,0.20556800478949444
pooled_equal_year,915,Kosovo,A008,2,0.6822337667566258
pooled_equal_year,915,Kosovo,A008,3,0.1077910645306651
pooled_equal_year,915,Kosovo,A008,4,0.004407163923214669
pooled_equal_year,915,Kosovo,A165,1,0.10899139571568299
pooled_equal_year,915,Kosovo,A165,2,0.891008604284317
pooled_equal_year,915,Kosovo,E018,1,0.748053833519342
pooled_equal_year,915,Kosovo,E018,2,0.12477757109046303
pooled_equal_year,915,Kosovo,E018,3,0.12716859539019484
pooled_equal_year,915,Kosovo,E025,1,0.32286118088922405
pooled_equal_year,915,Kosovo,E025,2,0.6304830088824844
pooled_equal_year,915,Kosovo,E025,3,0.04665581022829146
pooled_equal_year,915,Kosovo,F063,1,0.01799728082156296
pooled_equal_year,915,Kosovo,F063,10,0.6169284931788644
pooled_equal_year,915,Kosovo,F063,2,0.003192418479593982
pooled_equal_year,915,Kosovo,F063,3,0.005974294161646637
pooled_equal_year,915,Kosovo,F063,4,0.007464485479811879
pooled_equal_year,915,Kosovo,F063,5,0.022781891274574362
pooled_equal_year,915,Kosovo,F063,6,0.029867069923465155
pooled_equal_year,915,Kosovo,F063,7,0.05217454141009529
pooled_equal_year,915,Kosovo,F063,8,0.09401132613714341
pooled_equal_year,915,Kosovo,F063,9,0.149608199133242
pooled_equal_year,915,Kosovo,F118,1,0.9336809744065064
pooled_equal_year,915,Kosovo,F118,10,0.007864408880037886
pooled_equal_year,915,Kosovo,F118,2,0.00953893143632088
pooled_equal_year,915,Kosovo,F118,3,0.013711777567229294
pooled_equal_year,915,Kosovo,F118,4,0.006880441176927116
pooled_equal_year,915,Kosovo,F118,5,0.010700341472514427
pooled_equal_year,915,Kosovo,F118,6,0.0054984099104516725
pooled_equal_year,915,Kosovo,F118,7,0.006063073171353241
pooled_equal_year,915,Kosovo,F118,8,0.005498930406251412
pooled_equal_year,915,Kosovo,F118,9,0.0005627115724077252
pooled_equal_year,915,Kosovo,F120,1,0.772542961719163
pooled_equal_year,915,Kosovo,F120,10,0.01507610314232495
pooled_equal_year,915,Kosovo,F120,2,0.03609603272615053
pooled_equal_year,915,Kosovo,F120,3,0.04709610278902317
pooled_equal_year,915,Kosovo,F120,4,0.037253940710226974
pooled_equal_year,915,Kosovo,F120,5,0.05405796901315183
pooled_equal_year,915,Kosovo,F120,6,0.01856091022152749
pooled_equal_year,915,Kosovo,F120,7,0.009869758161782972
pooled_equal_year,915,Kosovo,F120,8,0.008386452889185702
pooled_equal_year,915,Kosovo,F120,9,0.0010597686274635277
pooled_equal_year,915,Kosovo,G006,1,0.8815694727494524
pooled_equal_year,915,Kosovo,G006,2,0.10389205929153462
pooled_equal_year,915,Kosovo,G006,3,0.010395673323717533
pooled_equal_year,915,Kosovo,G006,4,0.0041427946352956225
pooled_equal_year,915,Kosovo,Y002,1,0.3328310378646322
pooled_equal_year,915,Kosovo,Y002,2,0.593517191618408
pooled_equal_year,915,Kosovo,Y002,3,0.0736517705169598
