provider,condition,condition_label,country,quality,p_selected_model,country_id,variable,p_selected_human,abs_error,sq_error
jev,jev,Jev,Albania,"Determination, perseverance",0.762,8,A039,0.3652805803897671,0.39671941961023294,0.15738629789588007
jev,jev,Jev,Albania,Independence,0.727,8,A029,0.2428615937092713,0.4841384062907287,0.23438999644572667
jev,jev,Jev,Albania,Obedience,0.483,8,A042,0.2384270118611961,0.24457298813880388,0.059815946527143504
jev,jev,Jev,Albania,Religious faith,0.387,8,A040,0.2040849416150983,0.1829150583849017,0.033457918583952
jev,jev,Jev,Algeria,"Determination, perseverance",0.758,12,A039,0.3516666666666667,0.4063333333333333,0.16510677777777777
jev,jev,Jev,Algeria,Independence,0.696,12,A029,0.3125,0.38349999999999995,0.14707224999999996
jev,jev,Jev,Algeria,Obedience,0.602,12,A042,0.4791666666666667,0.1228333333333333,0.015088027777777768
jev,jev,Jev,Algeria,Religious faith,0.771,12,A040,0.6466666666666666,0.1243333333333334,0.015458777777777795
jev,jev,Jev,Andorra,"Determination, perseverance",0.724,20,A039,0.3591099475230158,0.3648900524769842,0.13314475039665627
jev,jev,Jev,Andorra,Independence,0.748,20,A029,0.4764349566075136,0.2715650433924864,0.073747572792763
jev,jev,Jev,Andorra,Obedience,0.34500000000000003,20,A042,0.3714956860643547,0.02649568606435465,0.0007020213800208372
jev,jev,Jev,Andorra,Religious faith,0.31,20,A040,0.0861592876755614,0.22384071232443858,0.05010466449391207
jev,jev,Jev,Argentina,"Determination, perseverance",0.739,32,A039,0.2580928727716174,0.4809071272283826,0.23127166501905574
jev,jev,Jev,Argentina,Independence,0.736,32,A029,0.3963612224370594,0.3396387775629406,0.11535449922444864
jev,jev,Jev,Argentina,Obedience,0.379,32,A042,0.3892321792456598,0.010232179245659778,0.0001046974921153107
jev,jev,Jev,Argentina,Religious faith,0.322,32,A040,0.2426343360823389,0.07936566391766112,0.006298908609091136
jev,jev,Jev,Armenia,"Determination, perseverance",0.769,51,A039,0.3569953921389652,0.4120046078610348,0.16974779689872507
jev,jev,Jev,Armenia,Independence,0.714,51,A029,0.2574912216222862,0.45650877837771375,0.20840026473591258
jev,jev,Jev,Armenia,Obedience,0.475,51,A042,0.2074369731546748,0.2675630268453252,0.0715899733346322
jev,jev,Jev,Armenia,Religious faith,0.595,51,A040,0.2737350320827776,0.32126496791722237,0.10321117961085391
jev,jev,Jev,Australia,"Determination, perseverance",0.744,36,A039,0.4743878316830888,0.2696121683169112,0.07269072130454646
jev,jev,Jev,Australia,Independence,0.777,36,A029,0.6015932610325972,0.17540673896740278,0.030767524075178576
jev,jev,Jev,Australia,Obedience,0.348,36,A042,0.2866620089344395,0.06133799106556048,0.0037623491479587775
jev,jev,Jev,Australia,Religious faith,0.17,36,A040,0.1645419308578427,0.0054580691421573235,2.979051876056998e-05
jev,jev,Jev,Austria,"Determination, perseverance",0.723,40,A039,0.3659028042792029,0.35709719572079707,0.12751840719165725
jev,jev,Jev,Austria,Independence,0.766,40,A029,0.671069305691363,0.09493069430863699,0.009011836721919882
jev,jev,Jev,Austria,Obedience,0.311,40,A042,0.1452624938605067,0.1657375061394933,0.027468920941338584
jev,jev,Jev,Austria,Religious faith,0.196,40,A040,0.1491420213253578,0.0468579786746422,0.002195670165473223
jev,jev,Jev,Azerbaijan,"Determination, perseverance",0.759,31,A039,0.3301243365521471,0.4288756634478529,0.18393433469783596
jev,jev,Jev,Azerbaijan,Independence,0.716,31,A029,0.5918345474268473,0.1241654525731527,0.015417059612695834
jev,jev,Jev,Azerbaijan,Obedience,0.535,31,A042,0.0763927128435337,0.4586072871564663,0.21032064383301355
jev,jev,Jev,Azerbaijan,Religious faith,0.657,31,A040,0.1662229064708945,0.49077709352910553,0.2408621555328764
jev,jev,Jev,Bangladesh,"Determination, perseverance",0.771,50,A039,0.1125,0.6585,0.43362225
jev,jev,Jev,Bangladesh,Independence,0.6839999999999999,50,A029,0.3283333333333333,0.35566666666666663,0.12649877777777777
jev,jev,Jev,Bangladesh,Obedience,0.621,50,A042,0.1483333333333333,0.4726666666666667,0.2234137777777778
jev,jev,Jev,Bangladesh,Religious faith,0.749,50,A040,0.8491666666666666,0.10016666666666663,0.010033361111111102
jev,jev,Jev,Belarus,"Determination, perseverance",0.745,112,A039,0.3821828644894269,0.3628171355105731,0.13163627382009757
jev,jev,Jev,Belarus,Independence,0.712,112,A029,0.3099289724956169,0.40207102750438306,0.16166111115843035
jev,jev,Jev,Belarus,Obedience,0.483,112,A042,0.3587893978327465,0.12421060216725349,0.015428273690751717
jev,jev,Jev,Belarus,Religious faith,0.24300000000000002,112,A040,0.1210142539194861,0.12198574608051392,0.014880522246819617
jev,jev,Jev,Belgium,"Determination, perseverance",0.711,56,A039,0.3289976408659291,0.3820023591340709,0.14592580238399566
jev,jev,Jev,Belgium,Independence,0.763,56,A029,0.3191954595105258,0.4438045404894742,0.19696247015907334
jev,jev,Jev,Belgium,Obedience,0.302,56,A042,0.3762157175485958,0.0742157175485958,0.0055079727312529496
jev,jev,Jev,Belgium,Religious faith,0.177,56,A040,0.0991069058741015,0.0778930941258985,0.006067334112506083
jev,jev,Jev,Bolivia,"Determination, perseverance",0.746,68,A039,0.1879553181155901,0.5580446818844099,0.31141386697947226
jev,jev,Jev,Bolivia,Independence,0.711,68,A029,0.2180670228266148,0.49293297717338513,0.24298291998501703
jev,jev,Jev,Bolivia,Obedience,0.51,68,A042,0.4730451675570665,0.036954832442933516,0.0013656596408852916
jev,jev,Jev,Bolivia,Religious faith,0.591,68,A040,0.416221466731423,0.17477853326857695,0.03054753569151506
jev,jev,Jev,Bosnia Herzegovina,"Determination, perseverance",0.738,70,A039,0.392363676210834,0.345636323789166,0.11946446832248918
jev,jev,Jev,Bosnia Herzegovina,Independence,0.71,70,A029,0.3300326583430539,0.37996734165694607,0.14437518072584637
jev,jev,Jev,Bosnia Herzegovina,Obedience,0.43499999999999994,70,A042,0.3691041221344696,0.06589587786553036,0.004342266719668894
jev,jev,Jev,Bosnia Herzegovina,Religious faith,0.506,70,A040,0.3965337086056415,0.10946629139435848,0.011982868951634602
jev,jev,Jev,Brazil,"Determination, perseverance",0.742,76,A039,0.2769372760047663,0.4650627239952337,0.2162833372498669
jev,jev,Jev,Brazil,Independence,0.727,76,A029,0.3097738000361021,0.41722619996389787,0.1740777019363145
jev,jev,Jev,Brazil,Obedience,0.45499999999999996,76,A042,0.503386834538473,0.048386834538473034,0.002341285756653567
jev,jev,Jev,Brazil,Religious faith,0.42800000000000005,76,A040,0.472809057914825,0.04480905791482498,0.002007851671214139
jev,jev,Jev,Bulgaria,"Determination, perseverance",0.743,100,A039,0.6317208501056357,0.11127914989436427,0.012383049201212392
jev,jev,Jev,Bulgaria,Independence,0.73,100,A029,0.4330868784341937,0.2969131215658063,0.08815740175795127
jev,jev,Jev,Bulgaria,Obedience,0.44399999999999995,100,A042,0.2153945262522891,0.22860547374771084,0.05226046262741531
jev,jev,Jev,Bulgaria,Religious faith,0.32599999999999996,100,A040,0.1965507422487707,0.12944925775122926,0.01675711033234419
jev,jev,Jev,Burkina Faso,"Determination, perseverance",0.761,854,A039,0.2711864406779661,0.4898135593220339,0.23991732289571963
jev,jev,Jev,Burkina Faso,Independence,0.6839999999999999,854,A029,0.3116036505867014,0.3723963494132985,0.1386790410563515
jev,jev,Jev,Burkina Faso,Obedience,0.624,854,A042,0.7046936114732725,0.08069361147327248,0.006511458932599451
jev,jev,Jev,Burkina Faso,Religious faith,0.655,854,A040,0.6805736636245111,0.025573663624511078,0.0006540122711796411
jev,jev,Jev,Canada,"Determination, perseverance",0.745,124,A039,0.4849171087419086,0.2600828912580914,0.0676431103251682
jev,jev,Jev,Canada,Independence,0.775,124,A029,0.5372817930466792,0.2377182069533208,0.05650994591710186
jev,jev,Jev,Canada,Obedience,0.33999999999999997,124,A042,0.2234402534616993,0.11655974653830067,0.013586174513072896
jev,jev,Jev,Canada,Religious faith,0.196,124,A040,0.2141490303697361,0.018149030369736086,0.00032938730336160276
jev,jev,Jev,Chile,"Determination, perseverance",0.744,152,A039,0.4443286221672506,0.2996713778327494,0.08980293469217844
jev,jev,Jev,Chile,Independence,0.741,152,A029,0.3966168283893034,0.3443831716106966,0.1185997688886425
jev,jev,Jev,Chile,Obedience,0.41,152,A042,0.4484067036215664,0.03840670362156645,0.0014750748830748455
jev,jev,Jev,Chile,Religious faith,0.329,152,A040,0.2582230282894098,0.07077697171059022,0.005009379724521688
jev,jev,Jev,China,"Determination, perseverance",0.817,156,A039,0.235233333657164,0.5817666663428359,0.33845245406765656
jev,jev,Jev,China,Independence,0.734,156,A029,0.7269954314378876,0.007004568562112401,4.906398074133339e-05
jev,jev,Jev,China,Obedience,0.626,156,A042,0.089893656997188,0.536106343002812,0.28741001100784874
jev,jev,Jev,China,Religious faith,0.121,156,A040,0.015741439678348,0.105258560321652,0.011079364520986852
jev,jev,Jev,Colombia,"Determination, perseverance",0.752,170,A039,0.2030607472154521,0.5489392527845479,0.3013343032476578
jev,jev,Jev,Colombia,Independence,0.73,170,A029,0.3291506390708942,0.4008493609291058,0.16068021015727252
jev,jev,Jev,Colombia,Obedience,0.493,170,A042,0.5802094615172765,0.08720946151727649,0.007605490178133329
jev,jev,Jev,Colombia,Religious faith,0.488,170,A040,0.5155489216613618,0.027548921661361803,0.0007589430847038495
jev,jev,Jev,Croatia,"Determination, perseverance",0.739,191,A039,0.3742125562089616,0.3647874437910384,0.1330698791476
jev,jev,Jev,Croatia,Independence,0.747,191,A029,0.3898687084069787,0.3571312915930213,0.12754275943489962
jev,jev,Jev,Croatia,Obedience,0.382,191,A042,0.3404291494317807,0.0415708505682193,0.0017281356169652187
jev,jev,Jev,Croatia,Religious faith,0.281,191,A040,0.3593080906548163,0.07830809065481625,0.006132157062002921
jev,jev,Jev,Cyprus,"Determination, perseverance",0.719,196,A039,0.4039125019326331,0.31508749806736686,0.09928013143835292
jev,jev,Jev,Cyprus,Independence,0.741,196,A029,0.4145578666280715,0.3264421333719285,0.10656446644041596
jev,jev,Jev,Cyprus,Obedience,0.41500000000000004,196,A042,0.4247138281360866,0.009713828136086566,9.435845705742701e-05
jev,jev,Jev,Cyprus,Religious faith,0.51,196,A040,0.4591399079107787,0.05086009208922132,0.002586748967324073
jev,jev,Jev,Czechia,"Determination, perseverance",0.729,203,A039,0.4286273184724737,0.3003726815275263,0.09022374780803673
jev,jev,Jev,Czechia,Independence,0.759,203,A029,0.5872721428277091,0.1717278571722909,0.02949045692898674
jev,jev,Jev,Czechia,Obedience,0.326,203,A042,0.3038739586370522,0.022126041362947824,0.0004895617063948779
jev,jev,Jev,Czechia,Religious faith,0.174,203,A040,0.097375089188878,0.076624910811122,0.0058713769568124
jev,jev,Jev,Denmark,"Determination, perseverance",0.715,208,A039,0.2744326459822738,0.4405673540177262,0.19409959342618047
jev,jev,Jev,Denmark,Independence,0.8130000000000001,208,A029,0.777937164330711,0.03506283566928903,0.001229402445171567
jev,jev,Jev,Denmark,Obedience,0.257,208,A042,0.1296931603939352,0.12730683960606481,0.016207031410484313
jev,jev,Jev,Denmark,Religious faith,0.144,208,A040,0.0606000559932523,0.08339994400674769,0.00695555066032865
jev,jev,Jev,Ecuador,"Determination, perseverance",0.749,218,A039,0.2172885468663339,0.5317114531336661,0.28271706939351476
jev,jev,Jev,Ecuador,Independence,0.726,218,A029,0.3105213533000555,0.4154786466999445,0.1726225058636173
jev,jev,Jev,Ecuador,Obedience,0.501,218,A042,0.6115855518580144,0.11058555185801444,0.012229164279741602
jev,jev,Jev,Ecuador,Religious faith,0.561,218,A040,0.486258319467554,0.07474168053244606,0.005586318808814227
jev,jev,Jev,Estonia,"Determination, perseverance",0.727,233,A039,0.5643670914163214,0.16263290858367863,0.02644946295438717
jev,jev,Jev,Estonia,Independence,0.79,233,A029,0.3603541117330249,0.42964588826697514,0.1845955893047181
jev,jev,Jev,Estonia,Obedience,0.29,233,A042,0.3650474908910365,0.07504749089103652,0.005632125889040209
jev,jev,Jev,Estonia,Religious faith,0.176,233,A040,0.0954000610678794,0.08059993893212059,0.006496350155861567
jev,jev,Jev,Ethiopia,"Determination, perseverance",0.768,231,A039,0.2572113821138211,0.5107886178861789,0.2609050121620729
jev,jev,Jev,Ethiopia,Independence,0.678,231,A029,0.5866504065040651,0.09134959349593497,0.008344748231872564
jev,jev,Jev,Ethiopia,Obedience,0.624,231,A042,0.452390243902439,0.17160975609756102,0.02944990838786438
jev,jev,Jev,Ethiopia,Religious faith,0.716,231,A040,0.5237398373983739,0.19226016260162604,0.03696397012360368
jev,jev,Jev,Finland,"Determination, perseverance",0.722,246,A039,0.5772514114655252,0.1447485885344748,0.02095215388272269
jev,jev,Jev,Finland,Independence,0.818,246,A029,0.5515912129934701,0.2664087870065298,0.07097364179429057
jev,jev,Jev,Finland,Obedience,0.263,246,A042,0.2534617502540383,0.009538249745961735,9.097820821633912e-05
jev,jev,Jev,Finland,Religious faith,0.14,246,A040,0.0953819211211778,0.044618078878822215,0.001990772962836801
jev,jev,Jev,France,"Determination, perseverance",0.713,250,A039,0.4787467534038626,0.2342532465961374,0.05487458354083075
jev,jev,Jev,France,Independence,0.764,250,A029,0.3349855694647715,0.42901443053522853,0.18405338160746643
jev,jev,Jev,France,Obedience,0.3,250,A042,0.3161637366446381,0.016163736644638105,0.0002612663823172167
jev,jev,Jev,France,Religious faith,0.151,250,A040,0.0834361630302394,0.0675638369697606,0.0045648720660763885
jev,jev,Jev,Georgia,"Determination, perseverance",0.751,268,A039,0.2395159532744292,0.5114840467255708,0.2616159300547659
jev,jev,Jev,Georgia,Independence,0.729,268,A029,0.5439009922798554,0.18509900772014454,0.03426164265898213
jev,jev,Jev,Georgia,Obedience,0.529,268,A042,0.1775314650103238,0.35146853498967623,0.12353013108778926
jev,jev,Jev,Georgia,Religious faith,0.576,268,A040,0.6210446143105564,0.0450446143105564,0.002029017278386782
jev,jev,Jev,Germany,"Determination, perseverance",0.722,276,A039,0.4800334783352366,0.2419665216647634,0.05854779760654442
jev,jev,Jev,Germany,Independence,0.778,276,A029,0.7294525034979902,0.048547496502009846,0.002356859416612658
jev,jev,Jev,Germany,Obedience,0.309,276,A042,0.1265919535911627,0.1824080464088373,0.03327269539468854
jev,jev,Jev,Germany,Religious faith,0.164,276,A040,0.1029733727482417,0.06102662725175831,0.00372424923372505
jev,jev,Jev,Ghana,"Determination, perseverance",0.771,288,A039,0.4460997337838986,0.3249002662161014,0.10556018298729357
jev,jev,Jev,Ghana,Independence,0.711,288,A029,0.3299190126422606,0.3810809873577394,0.14522271892554953
jev,jev,Jev,Ghana,Obedience,0.645,288,A042,0.7772151362548774,0.13221513625487735,0.017480842254895785
jev,jev,Jev,Ghana,Religious faith,0.731,288,A040,0.7162042995585121,0.014795700441487925,0.00021891275155424595
jev,jev,Jev,Greece,"Determination, perseverance",0.734,300,A039,0.5199707226799449,0.21402927732005506,0.04580853155014503
jev,jev,Jev,Greece,Independence,0.719,300,A029,0.4237523685279536,0.29524763147204636,0.0871711638898533
jev,jev,Jev,Greece,Obedience,0.437,300,A042,0.2487410261326255,0.1882589738673745,0.035441441241596795
jev,jev,Jev,Greece,Religious faith,0.524,300,A040,0.3786111091563742,0.14538889084362583,0.021137929580739748
jev,jev,Jev,Guatemala,"Determination, perseverance",0.751,320,A039,0.5751173708920188,0.17588262910798125,0.03093469922193569
jev,jev,Jev,Guatemala,Independence,0.698,320,A029,0.6751863684771033,0.022813631522896616,0.0005204617832625021
jev,jev,Jev,Guatemala,Obedience,0.607,320,A042,0.762993762993763,0.155993762993763,0.0243340540929543
jev,jev,Jev,Guatemala,Religious faith,0.729,320,A040,0.6485042735042735,0.08049572649572645,0.006479561984074797
jev,jev,Jev,Haiti,"Determination, perseverance",0.778,332,A039,0.3152882205513784,0.46271177944862163,0.21410219084050985
jev,jev,Jev,Haiti,Independence,0.687,332,A029,0.1684210526315789,0.5185789473684211,0.2689241246537397
jev,jev,Jev,Haiti,Obedience,0.61,332,A042,0.8431077694235589,0.23310776942355893,0.05433923216562712
jev,jev,Jev,Haiti,Religious faith,0.751,332,A040,0.1233082706766917,0.6276917293233083,0.39399690706088536
jev,jev,Jev,Hong Kong SAR,"Determination, perseverance",0.751,344,A039,0.2984113330611568,0.4525886669388432,0.20483650144147914
jev,jev,Jev,Hong Kong SAR,Independence,0.755,344,A029,0.5087404444305111,0.24625955556948886,0.060643768709282175
jev,jev,Jev,Hong Kong SAR,Obedience,0.417,344,A042,0.1000528907289309,0.31694710927106906,0.10045547007528699
jev,jev,Jev,Hong Kong SAR,Religious faith,0.194,344,A040,0.0685454774402424,0.1254545225597576,0.015738837230696724
jev,jev,Jev,Hungary,"Determination, perseverance",0.736,348,A039,0.3320424661447824,0.4039575338552176,0.16318168915838926
jev,jev,Jev,Hungary,Independence,0.74,348,A029,0.7891011739763805,0.049101173976380474,0.0024109252858587832
jev,jev,Jev,Hungary,Obedience,0.418,348,A042,0.301159742004043,0.11684025799595699,0.01365164588856179
jev,jev,Jev,Hungary,Religious faith,0.22400000000000003,348,A040,0.1744066876554455,0.049593312344554524,0.002459496629304544
jev,jev,Jev,Iceland,"Determination, perseverance",0.734,352,A039,0.2997605204943331,0.4342394795056669,0.18856392556135249
jev,jev,Jev,Iceland,Independence,0.806,352,A029,0.8172119331174128,0.011211933117412753,0.00012570744422933688
jev,jev,Jev,Iceland,Obedience,0.264,352,A042,0.1167634655672261,0.1472365344327739,0.021678597071773414
jev,jev,Jev,Iceland,Religious faith,0.17,352,A040,0.0621615414706985,0.10783845852930152,0.011629133137975884
jev,jev,Jev,India,"Determination, perseverance",0.771,356,A039,0.6271400837099841,0.14385991629001593,0.020695675514970393
jev,jev,Jev,India,Independence,0.719,356,A029,0.7836952661481913,0.06469526614819132,0.00418547746198531
jev,jev,Jev,India,Obedience,0.583,356,A042,0.7288453615271815,0.14584536152718153,0.021270869478994283
jev,jev,Jev,India,Religious faith,0.606,356,A040,0.6217965073373073,0.01579650733730731,0.00024952964405760365
jev,jev,Jev,Indonesia,"Determination, perseverance",0.737,360,A039,0.3223224801602533,0.4146775198397467,0.17195744546044353
jev,jev,Jev,Indonesia,Independence,0.706,360,A029,0.6817504569820447,0.024249543017955233,0.0005880403365796613
jev,jev,Jev,Indonesia,Obedience,0.605,360,A042,0.4280486550674803,0.17695134493251968,0.03131177847342756
jev,jev,Jev,Indonesia,Religious faith,0.795,360,A040,0.828948162684823,0.033948162684822925,0.0011524777496752037
jev,jev,Jev,Iran,"Determination, perseverance",0.748,364,A039,0.4371508264602348,0.3108491735397652,0.09662720869035507
jev,jev,Jev,Iran,Independence,0.671,364,A029,0.4823009115188152,0.18869908848118483,0.035607345993630024
jev,jev,Jev,Iran,Obedience,0.574,364,A042,0.3334273842854366,0.24057261571456334,0.05787518343174697
jev,jev,Jev,Iran,Religious faith,0.727,364,A040,0.6296578671495283,0.09734213285047166,0.009475490827878874
jev,jev,Jev,Iraq,"Determination, perseverance",0.742,368,A039,0.2151903615944711,0.5268096384055289,0.2775283951169641
jev,jev,Jev,Iraq,Independence,0.665,368,A029,0.264593977539183,0.400406022460817,0.16032498282289231
jev,jev,Jev,Iraq,Obedience,0.609,368,A042,0.6611440207330618,0.05214402073306179,0.002718998898209978
jev,jev,Jev,Iraq,Religious faith,0.788,368,A040,0.757543296721379,0.030456703278621045,0.0009276107746019658
jev,jev,Jev,Ireland,"Determination, perseverance",0.735,372,A039,0.4462160593706977,0.2887839406293023,0.0833961643653884
jev,jev,Jev,Ireland,Independence,0.773,372,A029,0.622634388739017,0.15036561126098302,0.022609817049889066
jev,jev,Jev,Ireland,Obedience,0.34199999999999997,372,A042,0.5714207213414515,0.22942072134145153,0.05263386738083195
jev,jev,Jev,Ireland,Religious faith,0.259,372,A040,0.3956115371461453,0.13661153714614527,0.01866271208143263
jev,jev,Jev,Italy,"Determination, perseverance",0.733,380,A039,0.3867994818692267,0.3462005181307733,0.11985479875401589
jev,jev,Jev,Italy,Independence,0.734,380,A029,0.4630106172241035,0.27098938277589646,0.07343524557726133
jev,jev,Jev,Italy,Obedience,0.4,380,A042,0.2724667647114475,0.12753323528855254,0.016264726103165303
jev,jev,Jev,Italy,Religious faith,0.278,380,A040,0.3021798922808346,0.02417989228083456,0.0005846671907127626
jev,jev,Jev,Japan,"Determination, perseverance",0.76,392,A039,0.6609894988436414,0.09901050115635857,0.009803079339233281
jev,jev,Jev,Japan,Independence,0.696,392,A029,0.6931946756433846,0.002805324356615402,7.869844745819617e-06
jev,jev,Jev,Japan,Obedience,0.47800000000000004,392,A042,0.0426569316359979,0.43534306836400216,0.18952358717258425
jev,jev,Jev,Japan,Religious faith,0.148,392,A040,0.0479338135265087,0.10006618647349129,0.01001324167534753
jev,jev,Jev,Jordan,"Determination, perseverance",0.748,400,A039,0.2568815891901823,0.4911184108098177,0.24119729343636087
jev,jev,Jev,Jordan,Independence,0.692,400,A029,0.3823908802434715,0.30960911975652844,0.09585780703641236
jev,jev,Jev,Jordan,Obedience,0.607,400,A042,0.5597312929526851,0.047268707047314895,0.002234330665924877
jev,jev,Jev,Jordan,Religious faith,0.8130000000000001,400,A040,0.8033837789366194,0.00961622106338067,9.247170753980606e-05
jev,jev,Jev,Kazakhstan,"Determination, perseverance",0.757,398,A039,0.4290092516625792,0.3279907483374208,0.10757793099494131
jev,jev,Jev,Kazakhstan,Independence,0.737,398,A029,0.4269969179830793,0.3100030820169207,0.09610191085998965
jev,jev,Jev,Kazakhstan,Obedience,0.508,398,A042,0.2910510108644168,0.2169489891355832,0.047066863886951395
jev,jev,Jev,Kazakhstan,Religious faith,0.45,398,A040,0.1258227178773769,0.3241772821226231,0.10509091024441077
jev,jev,Jev,Kenya,"Determination, perseverance",0.773,404,A039,0.2685624012638231,0.5044375987361769,0.2544572910187202
jev,jev,Jev,Kenya,Independence,0.745,404,A029,0.3278041074249605,0.4171958925750395,0.17405241278148387
jev,jev,Jev,Kenya,Obedience,0.573,404,A042,0.4131121642969984,0.15988783570300158,0.025564120005790027
jev,jev,Jev,Kenya,Religious faith,0.625,404,A040,0.5639810426540285,0.061018957345971514,0.003723313155589491
jev,jev,Jev,Kosovo,"Determination, perseverance",0.757,915,A039,0.3089267119991853,0.4480732880008147,0.20076967141986102
jev,jev,Jev,Kosovo,Independence,0.74,915,A029,0.4947813223740106,0.24521867762598937,0.060132199856638896
jev,jev,Jev,Kosovo,Obedience,0.414,915,A042,0.2246574558066467,0.18934254419335328,0.03585059904161194
jev,jev,Jev,Kosovo,Religious faith,0.469,915,A040,0.3858702906051452,0.08312970939485476,0.006910548584073003
jev,jev,Jev,Kyrgyzstan,"Determination, perseverance",0.765,417,A039,0.4436478780934429,0.3213521219065571,0.10326718625384673
jev,jev,Jev,Kyrgyzstan,Independence,0.724,417,A029,0.4713388165355235,0.25266118346447647,0.06383767362966984
jev,jev,Jev,Kyrgyzstan,Obedience,0.546,417,A042,0.2804383649066095,0.26556163509339054,0.07052298203347511
jev,jev,Jev,Kyrgyzstan,Religious faith,0.581,417,A040,0.2587113517141837,0.32228864828581627,0.10386997281389858
jev,jev,Jev,Latvia,"Determination, perseverance",0.726,428,A039,0.4655230844866518,0.2604769155133482,0.06784822351534792
jev,jev,Jev,Latvia,Independence,0.757,428,A029,0.6976436848596159,0.059356315140384086,0.003523172147044589
jev,jev,Jev,Latvia,Obedience,0.33999999999999997,428,A042,0.2299356039706764,0.11006439602932358,0.01211417127329978
jev,jev,Jev,Latvia,Religious faith,0.23199999999999998,428,A040,0.1234061695735359,0.10859383042646409,0.011792620006691637
jev,jev,Jev,Lebanon,"Determination, perseverance",0.74,422,A039,0.3087499999999999,0.4312500000000001,0.18597656250000005
jev,jev,Jev,Lebanon,Independence,0.703,422,A029,0.3729166666666667,0.3300833333333333,0.10895500694444442
jev,jev,Jev,Lebanon,Obedience,0.508,422,A042,0.1362499999999999,0.37175000000000014,0.1381980625000001
jev,jev,Jev,Lebanon,Religious faith,0.715,422,A040,0.3445833333333333,0.37041666666666667,0.13720850694444445
jev,jev,Jev,Libya,"Determination, perseverance",0.723,434,A039,0.1897436025371604,0.5332563974628396,0.28436238543504594
jev,jev,Jev,Libya,Independence,0.665,434,A029,0.300523419888601,0.36447658011139905,0.1328431774497011
jev,jev,Jev,Libya,Obedience,0.602,434,A042,0.5101456206602958,0.0918543793397042,0.008437227003882277
jev,jev,Jev,Libya,Religious faith,0.775,434,A040,0.7488690190255647,0.026130980974435336,0.0006828281666863015
jev,jev,Jev,Lithuania,"Determination, perseverance",0.738,440,A039,0.3885509891437631,0.34944901085623686,0.12211461118840235
jev,jev,Jev,Lithuania,Independence,0.757,440,A029,0.748979522744297,0.008020477255702985,6.432805540924888e-05
jev,jev,Jev,Lithuania,Obedience,0.35,440,A042,0.1708376283993577,0.17916237160064227,0.03209915539756663
jev,jev,Jev,Lithuania,Religious faith,0.258,440,A040,0.1486176745265182,0.10938232547348181,0.011964493125986709
jev,jev,Jev,Luxembourg,"Determination, perseverance",0.711,442,A039,0.4354853306690627,0.27551466933093727,0.0759083330165357
jev,jev,Jev,Luxembourg,Independence,0.75,442,A029,0.5045844895007989,0.24541551049920107,0.06022877279358347
jev,jev,Jev,Luxembourg,Obedience,0.323,442,A042,0.291134089177012,0.03186591082298801,0.0010154362725786244
jev,jev,Jev,Luxembourg,Religious faith,0.192,442,A040,0.1234030019065069,0.06859699809349311,0.004705548147438697
jev,jev,Jev,Macau SAR,"Determination, perseverance",0.722,446,A039,0.3841642228739003,0.3378357771260997,0.1141330123063957
jev,jev,Jev,Macau SAR,Independence,0.73,446,A029,0.6285434995112414,0.10145650048875854,0.010293421491425462
jev,jev,Jev,Macau SAR,Obedience,0.442,446,A042,0.1016617790811339,0.3403382209188661,0.11583010461821892
jev,jev,Jev,Macau SAR,Religious faith,0.313,446,A040,0.0782013685239491,0.2347986314760509,0.05513039734302636
jev,jev,Jev,Malaysia,"Determination, perseverance",0.746,458,A039,0.3228007738325872,0.4231992261674128,0.179097585028697
jev,jev,Jev,Malaysia,Independence,0.73,458,A029,0.6848049152574259,0.045195084742574054,0.00204259568488845
jev,jev,Jev,Malaysia,Obedience,0.534,458,A042,0.2128059146784466,0.32119408532155347,0.10316564044554936
jev,jev,Jev,Malaysia,Religious faith,0.642,458,A040,0.6105790871151421,0.03142091288485793,0.0009872737665178313
jev,jev,Jev,Maldives,"Determination, perseverance",0.719,462,A039,0.287776708373436,0.431223291626564,0.18595352724124864
jev,jev,Jev,Maldives,Independence,0.694,462,A029,0.3166506256015399,0.37734937439846006,0.1423925503589092
jev,jev,Jev,Maldives,Obedience,0.512,462,A042,0.5520231213872833,0.040023121387283256,0.0016018502455812105
jev,jev,Jev,Maldives,Religious faith,0.78,462,A040,0.8950914340712224,0.11509143407122235,0.013246038196570522
jev,jev,Jev,Mali,"Determination, perseverance",0.755,466,A039,0.2444589308996088,0.5105410691003912,0.2606521832381704
jev,jev,Jev,Mali,Independence,0.64,466,A029,0.423728813559322,0.216271186440678,0.046773226084458504
jev,jev,Jev,Mali,Obedience,0.648,466,A042,0.5228161668839635,0.12518383311603654,0.015670992073623685
jev,jev,Jev,Mali,Religious faith,0.765,466,A040,0.5958279009126467,0.1691720990873533,0.028619199109621286
jev,jev,Jev,Malta,"Determination, perseverance",0.726,470,A039,0.2274896722493157,0.49851032775068427,0.24851254687409466
jev,jev,Jev,Malta,Independence,0.731,470,A029,0.3597084374877131,0.3712915625122869,0.13785742439281545
jev,jev,Jev,Malta,Obedience,0.453,470,A042,0.3028149282598229,0.1501850717401771,0.02255555577360214
jev,jev,Jev,Malta,Religious faith,0.594,470,A040,0.3671760387902542,0.2268239612097458,0.05144910937888027
jev,jev,Jev,Mexico,"Determination, perseverance",0.748,484,A039,0.2916340256593053,0.4563659743406947,0.2082699025359316
jev,jev,Jev,Mexico,Independence,0.714,484,A029,0.375861092531469,0.338138907468531,0.11433792074401175
jev,jev,Jev,Mexico,Obedience,0.55,484,A042,0.5665982056584072,0.016598205658407195,0.0002755004310787806
jev,jev,Jev,Mexico,Religious faith,0.5740000000000001,484,A040,0.3523767371015101,0.22162326289849,0.04911687065777321
jev,jev,Jev,Moldova,"Determination, perseverance",0.749,498,A039,0.260517307289575,0.488482692710425,0.2386153410776275
jev,jev,Jev,Moldova,Independence,0.735,498,A029,0.4674377591617412,0.2675622408382588,0.07158955272239041
jev,jev,Jev,Moldova,Obedience,0.45099999999999996,498,A042,0.2093994598721537,0.24160054012784626,0.05837082099006705
jev,jev,Jev,Moldova,Religious faith,0.41900000000000004,498,A040,0.4124913315829391,0.006508668417060937,4.236276456324652e-05
jev,jev,Jev,Mongolia,"Determination, perseverance",0.783,496,A039,0.415394696507849,0.36760530349215104,0.13513365915555647
jev,jev,Jev,Mongolia,Independence,0.747,496,A029,0.6002532464430371,0.14674675355696287,0.021534609679507995
jev,jev,Jev,Mongolia,Obedience,0.509,496,A042,0.3186531982466914,0.1903468017533086,0.03623190493771336
jev,jev,Jev,Mongolia,Religious faith,0.368,496,A040,0.1855626092788274,0.1824373907211726,0.03328340153314979
jev,jev,Jev,Montenegro,"Determination, perseverance",0.755,499,A039,0.4134511471592907,0.3415488528407093,0.11665561887680449
jev,jev,Jev,Montenegro,Independence,0.733,499,A029,0.4118436559454929,0.3211563440545071,0.10314139732645694
jev,jev,Jev,Montenegro,Obedience,0.438,499,A042,0.2963992761995119,0.1416007238004881,0.020050764980822117
jev,jev,Jev,Montenegro,Religious faith,0.449,499,A040,0.2620200773849775,0.1869799226150225,0.0349614914611198
jev,jev,Jev,Morocco,"Determination, perseverance",0.758,504,A039,0.2583333333333333,0.4996666666666667,0.24966677777777782
jev,jev,Jev,Morocco,Independence,0.699,504,A029,0.4697222222222222,0.22927777777777775,0.05256829938271604
jev,jev,Jev,Morocco,Obedience,0.603,504,A042,0.3880555555555555,0.2149444444444445,0.04620111419753088
jev,jev,Jev,Morocco,Religious faith,0.7929999999999999,504,A040,0.7097222222222221,0.08327777777777778,0.006935188271604939
jev,jev,Jev,Myanmar,"Determination, perseverance",0.755,104,A039,0.4341666666666666,0.3208333333333334,0.10293402777777783
jev,jev,Jev,Myanmar,Independence,0.643,104,A029,0.3708333333333333,0.2721666666666667,0.07407469444444448
jev,jev,Jev,Myanmar,Obedience,0.646,104,A042,0.5,0.14600000000000002,0.021316000000000005
jev,jev,Jev,Myanmar,Religious faith,0.706,104,A040,0.5258333333333334,0.1801666666666666,0.03246002777777775
jev,jev,Jev,Netherlands,"Determination, perseverance",0.712,528,A039,0.3382621949565669,0.37373780504343307,0.13967994691868318
jev,jev,Jev,Netherlands,Independence,0.8009999999999999,528,A029,0.5690618187662281,0.23193818123377186,0.05379531991403
jev,jev,Jev,Netherlands,Obedience,0.27,528,A042,0.2609540193490737,0.009045980650926322,8.18297659369334e-05
jev,jev,Jev,Netherlands,Religious faith,0.14200000000000002,528,A040,0.1071215181525154,0.03487848184748461,0.0012165084959853136
jev,jev,Jev,New Zealand,"Determination, perseverance",0.74,554,A039,0.4930418558354051,0.24695814416459488,0.06098832496922083
jev,jev,Jev,New Zealand,Independence,0.775,554,A029,0.5319662698256457,0.24303373017435437,0.059065394002460886
jev,jev,Jev,New Zealand,Obedience,0.34099999999999997,554,A042,0.2172805642633228,0.12371943573667718,0.015306498779001795
jev,jev,Jev,New Zealand,Religious faith,0.187,554,A040,0.1416935781717291,0.04530642182827091,0.002052671858881223
jev,jev,Jev,Nicaragua,"Determination, perseverance",0.75,558,A039,0.1583333333333333,0.5916666666666667,0.35006944444444443
jev,jev,Jev,Nicaragua,Independence,0.704,558,A029,0.2616666666666666,0.44233333333333336,0.1956587777777778
jev,jev,Jev,Nicaragua,Obedience,0.5589999999999999,558,A042,0.6308333333333334,0.07183333333333342,0.005160027777777789
jev,jev,Jev,Nicaragua,Religious faith,0.635,558,A040,0.53,0.10499999999999998,0.011024999999999997
jev,jev,Jev,Nigeria,"Determination, perseverance",0.774,566,A039,0.2888114628665209,0.48518853713347915,0.23540791656572546
jev,jev,Jev,Nigeria,Independence,0.71,566,A029,0.3479621827604564,0.3620378172395436,0.13107138111157315
jev,jev,Jev,Nigeria,Obedience,0.66,566,A042,0.6019584400207517,0.058041559979248314,0.0033688226848246797
jev,jev,Jev,Nigeria,Religious faith,0.743,566,A040,0.7259582369722399,0.01704176302776006,0.0002904216870943297
jev,jev,Jev,North Macedonia,"Determination, perseverance",0.75,807,A039,0.6817191355790427,0.06828086442095727,0.004662276446073148
jev,jev,Jev,North Macedonia,Independence,0.718,807,A029,0.6744242432590264,0.04357575674097358,0.0018988465755485045
jev,jev,Jev,North Macedonia,Obedience,0.43899999999999995,807,A042,0.6286163145477524,0.1896163145477524,0.03595434674267218
jev,jev,Jev,North Macedonia,Religious faith,0.422,807,A040,0.5864450892009255,0.16444508920092554,0.02704218736230036
jev,jev,Jev,Northern Cyprus,"Determination, perseverance",0.717,197,A039,0.4345001620390499,0.2824998379609501,0.07980615844796304
jev,jev,Jev,Northern Cyprus,Independence,0.719,197,A029,0.2446144407752789,0.47438555922472103,0.2250416588009513
jev,jev,Jev,Northern Cyprus,Obedience,0.461,197,A042,0.3240490807862748,0.1369509192137252,0.018755554273484288
jev,jev,Jev,Northern Cyprus,Religious faith,0.602,197,A040,0.3465301105876434,0.2554698894123566,0.06526486439636171
jev,jev,Jev,Northern Ireland,"Determination, perseverance",0.711,909,A039,0.3463032167318258,0.3646967832681742,0.13300374372615362
jev,jev,Jev,Northern Ireland,Independence,0.727,909,A029,0.49706726861223,0.22993273138776998,0.052869060963440385
jev,jev,Jev,Northern Ireland,Obedience,0.395,909,A042,0.3676184107714088,0.02738158922859124,0.0007497514286833039
jev,jev,Jev,Northern Ireland,Religious faith,0.40099999999999997,909,A040,0.2718047324079325,0.12919526759206745,0.016691417168185913
jev,jev,Jev,Norway,"Determination, perseverance",0.732,578,A039,0.3362897736400353,0.39571022635996467,0.15658658324585448
jev,jev,Jev,Norway,Independence,0.8320000000000001,578,A029,0.8699482348100268,0.03794823481002674,0.001440068525196925
jev,jev,Jev,Norway,Obedience,0.264,578,A042,0.2194083290094059,0.04459167099059411,0.001988417121733392
jev,jev,Jev,Norway,Religious faith,0.152,578,A040,0.0792036330799495,0.0727963669200505,0.005299311036758622
jev,jev,Jev,Pakistan,"Determination, perseverance",0.776,586,A039,0.293742678914812,0.48225732108518804,0.23257212374026215
jev,jev,Jev,Pakistan,Independence,0.67,586,A029,0.3191252997222689,0.35087470027773116,0.12311305529498767
jev,jev,Jev,Pakistan,Obedience,0.67,586,A042,0.4943591018385164,0.17564089816148365,0.030849725106972672
jev,jev,Jev,Pakistan,Religious faith,0.8230000000000001,586,A040,0.6579998490427104,0.1650001509572897,0.027225049815928392
jev,jev,Jev,Palestine,"Determination, perseverance",0.775,275,A039,0.2,0.575,0.33062499999999995
jev,jev,Jev,Palestine,Independence,0.692,275,A029,0.429,0.26299999999999996,0.06916899999999998
jev,jev,Jev,Palestine,Obedience,0.488,275,A042,0.482,0.006000000000000005,3.600000000000006e-05
jev,jev,Jev,Palestine,Religious faith,0.718,275,A040,0.762,0.04400000000000004,0.0019360000000000035
jev,jev,Jev,Peru,"Determination, perseverance",0.757,604,A039,0.209118082512179,0.547881917487821,0.3001745955101315
jev,jev,Jev,Peru,Independence,0.73,604,A029,0.2793007073818778,0.4506992926181222,0.20312985236647574
jev,jev,Jev,Peru,Obedience,0.49000000000000005,604,A042,0.4901836090662739,0.00018360906627384876,3.371228921795459e-08
jev,jev,Jev,Peru,Religious faith,0.514,604,A040,0.4021631283362026,0.11183687166379741,0.012507485863544693
jev,jev,Jev,Philippines,"Determination, perseverance",0.762,608,A039,0.2392777908333333,0.5227222091666667,0.2732385079560804
jev,jev,Jev,Philippines,Independence,0.724,608,A029,0.59357764625,0.13042235375,0.017009990357690137
jev,jev,Jev,Philippines,Obedience,0.626,608,A042,0.3705467033333333,0.2554532966666667,0.06525638677786803
jev,jev,Jev,Philippines,Religious faith,0.757,608,A040,0.5641686525,0.19283134749999997,0.037183928578665745
jev,jev,Jev,Poland,"Determination, perseverance",0.746,616,A039,0.2771229582236157,0.4688770417763843,0.2198456803049732
jev,jev,Jev,Poland,Independence,0.747,616,A029,0.3814911210776115,0.3655088789223885,0.13359674057110124
jev,jev,Jev,Poland,Obedience,0.396,616,A042,0.3388613803322846,0.05713861966771544,0.003264821857531838
jev,jev,Jev,Poland,Religious faith,0.391,616,A040,0.3874964997622637,0.0035035002377363234,1.2274513915818475e-05
jev,jev,Jev,Portugal,"Determination, perseverance",0.741,620,A039,0.3224484284611731,0.4185515715388269,0.17518541803762172
jev,jev,Jev,Portugal,Independence,0.742,620,A029,0.4142837190884863,0.32771628091151367,0.10739796077447414
jev,jev,Jev,Portugal,Obedience,0.374,620,A042,0.2716410909419572,0.10235890905804279,0.010477346263552675
jev,jev,Jev,Portugal,Religious faith,0.24,620,A040,0.1231590475125089,0.11684095248749109,0.01365180817818415
jev,jev,Jev,Puerto Rico,"Determination, perseverance",0.747,630,A039,0.2724046140195209,0.4745953859804791,0.22524078039395995
jev,jev,Jev,Puerto Rico,Independence,0.703,630,A029,0.4303460514640639,0.27265394853593605,0.07434017565223687
jev,jev,Jev,Puerto Rico,Obedience,0.521,630,A042,0.4578527062999112,0.06314729370008881,0.003987580701645277
jev,jev,Jev,Puerto Rico,Religious faith,0.581,630,A040,0.5377107364685004,0.04328926353149953,0.0018739603370996154
jev,jev,Jev,Romania,"Determination, perseverance",0.748,642,A039,0.3534636489943727,0.3945363510056273,0.15565893226483554
jev,jev,Jev,Romania,Independence,0.742,642,A029,0.4310831787286046,0.3109168212713954,0.09666926974950885
jev,jev,Jev,Romania,Obedience,0.434,642,A042,0.2377709096067277,0.1962290903932723,0.03850585591657103
jev,jev,Jev,Romania,Religious faith,0.33799999999999997,642,A040,0.6079851837191952,0.2699851837191952,0.0728919994278876
jev,jev,Jev,Russia,"Determination, perseverance",0.747,643,A039,0.4419434363336212,0.3050565636663788,0.09305950703593942
jev,jev,Jev,Russia,Independence,0.696,643,A029,0.3669835184817869,0.32901648151821306,0.10825184511062463
jev,jev,Jev,Russia,Obedience,0.509,643,A042,0.2997257419870449,0.20927425801295513,0.043795715066872916
jev,jev,Jev,Russia,Religious faith,0.265,643,A040,0.1268268678876778,0.1381731321123222,0.019091814437729247
jev,jev,Jev,Rwanda,"Determination, perseverance",0.764,646,A039,0.4697834467312333,0.2942165532687667,0.08656338021735305
jev,jev,Jev,Rwanda,Independence,0.702,646,A029,0.2796734644568525,0.4223265355431475,0.1783597026238774
jev,jev,Jev,Rwanda,Obedience,0.544,646,A042,0.6970420508702241,0.15304205087022404,0.023421869334564246
jev,jev,Jev,Rwanda,Religious faith,0.586,646,A040,0.3993205251719872,0.18667947482801278,0.03484922632206266
jev,jev,Jev,Serbia,"Determination, perseverance",0.754,688,A039,0.4463189368263509,0.3076810631736491,0.09466763663566706
jev,jev,Jev,Serbia,Independence,0.731,688,A029,0.4702980251372635,0.2607019748627365,0.06796551969733089
jev,jev,Jev,Serbia,Obedience,0.471,688,A042,0.4035704165871551,0.06742958341284488,0.004546748719229806
jev,jev,Jev,Serbia,Religious faith,0.388,688,A040,0.2445205969396049,0.1434794030603951,0.020586339102567318
jev,jev,Jev,Singapore,"Determination, perseverance",0.753,702,A039,0.4236334395142123,0.3293665604857877,0.10848233116623807
jev,jev,Jev,Singapore,Independence,0.762,702,A029,0.6388610144583757,0.12313898554162428,0.015163209760220354
jev,jev,Jev,Singapore,Obedience,0.43099999999999994,702,A042,0.2720021488708553,0.15899785112914466,0.02528031666368565
jev,jev,Jev,Singapore,Religious faith,0.23900000000000002,702,A040,0.2554350301720567,0.01643503017205669,0.0002701102167564138
jev,jev,Jev,Slovakia,"Determination, perseverance",0.738,703,A039,0.3077227039867682,0.4302772960132318,0.1851385514644583
jev,jev,Jev,Slovakia,Independence,0.748,703,A029,0.5465216706157894,0.20147832938421062,0.04059351721145247
jev,jev,Jev,Slovakia,Obedience,0.392,703,A042,0.2283072202818872,0.1636927797181128,0.0267953261318426
jev,jev,Jev,Slovakia,Religious faith,0.256,703,A040,0.2443478453556368,0.0116521546443632,0.0001357727078561549
jev,jev,Jev,Slovenia,"Determination, perseverance",0.733,705,A039,0.5622705266083308,0.17072947339166922,0.029148553084596688
jev,jev,Jev,Slovenia,Independence,0.765,705,A029,0.8017806386608812,0.036780638660881215,0.0013528153803023099
jev,jev,Jev,Slovenia,Obedience,0.312,705,A042,0.2892675403081453,0.022732459691854723,0.0005167647236417998
jev,jev,Jev,Slovenia,Religious faith,0.199,705,A040,0.1577243015693539,0.0412756984306461,0.001703683280937641
jev,jev,Jev,South Africa,"Determination, perseverance",0.747,710,A039,0.3411343467718831,0.4058656532281169,0.16472692847028605
jev,jev,Jev,South Africa,Independence,0.736,710,A029,0.611569119263724,0.12443088073627595,0.015483044080805329
jev,jev,Jev,South Africa,Obedience,0.469,710,A042,0.4199806292310428,0.04901937076895718,0.0024028987105844937
jev,jev,Jev,South Africa,Religious faith,0.39299999999999996,710,A040,0.5021808336931373,0.1091808336931373,0.011920454445928506
jev,jev,Jev,South Korea,"Determination, perseverance",0.8140000000000001,410,A039,0.4969054838362517,0.31709451616374834,0.10054893218112165
jev,jev,Jev,South Korea,Independence,0.728,410,A029,0.6195061447534546,0.10849385524654542,0.011770916626258352
jev,jev,Jev,South Korea,Obedience,0.514,410,A042,0.0910262177417239,0.4229737822582761,0.17890682047787154
jev,jev,Jev,South Korea,Religious faith,0.18,410,A040,0.1879554120732239,0.007955412073223894,6.32885812547965e-05
jev,jev,Jev,Spain,"Determination, perseverance",0.736,724,A039,0.3250584399549892,0.4109415600450108,0.16887296577222724
jev,jev,Jev,Spain,Independence,0.754,724,A029,0.4018106951293028,0.3521893048706972,0.1240373064653049
jev,jev,Jev,Spain,Obedience,0.33399999999999996,724,A042,0.345734969191082,0.011734969191082023,0.00013770950191564427
jev,jev,Jev,Spain,Religious faith,0.21400000000000002,724,A040,0.1217570010236177,0.09224299897638233,0.008508770860156872
jev,jev,Jev,Sweden,"Determination, perseverance",0.71,752,A039,0.3884370992431392,0.3215629007568608,0.1034026991431667
jev,jev,Jev,Sweden,Independence,0.827,752,A029,0.6983212659793452,0.12867873402065477,0.016558216589158417
jev,jev,Jev,Sweden,Obedience,0.246,752,A042,0.1287038778290841,0.1172961221709159,0.013758380276334428
jev,jev,Jev,Sweden,Religious faith,0.14,752,A040,0.0525743593664073,0.0874256406335927,0.007643242640194096
jev,jev,Jev,Switzerland,"Determination, perseverance",0.732,756,A039,0.4920961205806764,0.23990387941932356,0.05755387136044134
jev,jev,Jev,Switzerland,Independence,0.797,756,A029,0.6953006775769949,0.10169932242300517,0.010342752181298362
jev,jev,Jev,Switzerland,Obedience,0.302,756,A042,0.1453305363308215,0.1566694636691785,0.024545320846388042
jev,jev,Jev,Switzerland,Religious faith,0.178,756,A040,0.1129391933877924,0.06506080661220759,0.0042329085570310745
jev,jev,Jev,Taiwan ROC,"Determination, perseverance",0.755,158,A039,0.3089321544593908,0.4460678455406092,0.19897652282524078
jev,jev,Jev,Taiwan ROC,Independence,0.763,158,A029,0.7370664557818293,0.025933544218170734,0.0006725487157158167
jev,jev,Jev,Taiwan ROC,Obedience,0.42000000000000004,158,A042,0.12243334893028,0.29756665106972,0.08854591182884851
jev,jev,Jev,Taiwan ROC,Religious faith,0.20600000000000002,158,A040,0.092814631319135,0.11318536868086501,0.012810927683423338
jev,jev,Jev,Thailand,"Determination, perseverance",0.734,764,A039,0.4752445892430926,0.2587554107569074,0.06695436259597587
jev,jev,Jev,Thailand,Independence,0.689,764,A029,0.4247280793901173,0.26427192060988264,0.06983964802283611
jev,jev,Jev,Thailand,Obedience,0.605,764,A042,0.3867840244962548,0.21821597550374516,0.04761821196505111
jev,jev,Jev,Thailand,Religious faith,0.674,764,A040,0.281630397713704,0.392369602286296,0.15395390479830612
jev,jev,Jev,Trinidad and Tobago,"Determination, perseverance",0.751,780,A039,0.2605364420946665,0.4904635579053335,0.24055450163315845
jev,jev,Jev,Trinidad and Tobago,Independence,0.733,780,A029,0.5665831385903095,0.16641686140969048,0.027694571761452128
jev,jev,Jev,Trinidad and Tobago,Obedience,0.541,780,A042,0.7210843467132273,0.18008434671322726,0.032430371931129846
jev,jev,Jev,Trinidad and Tobago,Religious faith,0.509,780,A040,0.6850733350800122,0.17607333508001222,0.03100181932619826
jev,jev,Jev,Tunisia,"Determination, perseverance",0.742,788,A039,0.4367445388667689,0.3052554611332311,0.09318089655166156
jev,jev,Jev,Tunisia,Independence,0.709,788,A029,0.6043550971570116,0.10464490284298833,0.010950555691018467
jev,jev,Jev,Tunisia,Obedience,0.533,788,A042,0.5759113314210922,0.04291133142109216,0.001841382364330811
jev,jev,Jev,Tunisia,Religious faith,0.7,788,A040,0.7859372558551363,0.08593725585513634,0.007385211943911165
jev,jev,Jev,Turkey,"Determination, perseverance",0.753,792,A039,0.5413978720846859,0.21160212791531408,0.04477546053828894
jev,jev,Jev,Turkey,Independence,0.701,792,A029,0.5145633469115183,0.18643665308848167,0.034758625614834865
jev,jev,Jev,Turkey,Obedience,0.567,792,A042,0.5443285867341164,0.02267141326588351,0.0005139929794724788
jev,jev,Jev,Turkey,Religious faith,0.701,792,A040,0.5657198439318077,0.13528015606819221,0.018300720625834443
jev,jev,Jev,Ukraine,"Determination, perseverance",0.78,804,A039,0.4196442021242727,0.3603557978757273,0.12985630106265203
jev,jev,Jev,Ukraine,Independence,0.745,804,A029,0.3289616249919995,0.4160383750080005,0.17308792947929766
jev,jev,Jev,Ukraine,Obedience,0.404,804,A042,0.4087271037518402,0.004727103751840156,2.234550988066128e-05
jev,jev,Jev,Ukraine,Religious faith,0.312,804,A040,0.203964601397344,0.10803539860265601,0.011671647351234769
jev,jev,Jev,United Kingdom,"Determination, perseverance",0.726,826,A039,0.3968632311580566,0.3291367688419434,0.10833101260371486
jev,jev,Jev,United Kingdom,Independence,0.763,826,A029,0.5278747418520863,0.23512525814791374,0.055283887019123075
jev,jev,Jev,United Kingdom,Obedience,0.363,826,A042,0.3010518043081865,0.06194819569181348,0.003837578949471218
jev,jev,Jev,United Kingdom,Religious faith,0.174,826,A040,0.1304224224336411,0.04357757756635888,0.0018990052665520249
jev,jev,Jev,United States,"Determination, perseverance",0.771,840,A039,0.3819953600415022,0.3890046399584978,0.15132460990924052
jev,jev,Jev,United States,Independence,0.785,840,A029,0.5432230348939487,0.2417769651060513,0.05845610085589274
jev,jev,Jev,United States,Obedience,0.396,840,A042,0.2558408907141996,0.14015910928580044,0.019644575915788953
jev,jev,Jev,United States,Religious faith,0.292,840,A040,0.419474993108358,0.12747499310835803,0.016249873867975925
jev,jev,Jev,Uruguay,"Determination, perseverance",0.73,858,A039,0.3471268416666667,0.3828731583333333,0.1465918553721417
jev,jev,Jev,Uruguay,Independence,0.736,858,A029,0.4700110906666666,0.2659889093333334,0.07075009988833626
jev,jev,Jev,Uruguay,Obedience,0.36,858,A042,0.403136712,0.04313671200000002,0.0018607759221709458
jev,jev,Jev,Uruguay,Religious faith,0.267,858,A040,0.1400232266666666,0.1269767733333334,0.016123100966144728
jev,jev,Jev,Venezuela,"Determination, perseverance",0.761,862,A039,0.2386554621848739,0.5223445378151261,0.27284381618529774
jev,jev,Jev,Venezuela,Independence,0.713,862,A029,0.3546218487394958,0.35837815126050415,0.1284348993008968
jev,jev,Jev,Venezuela,Obedience,0.507,862,A042,0.6899159663865546,0.1829159663865546,0.03345825075912717
jev,jev,Jev,Venezuela,Religious faith,0.5469999999999999,862,A040,0.3084033613445378,0.23859663865546216,0.056928355977685176
jev,jev,Jev,Vietnam,"Determination, perseverance",0.77,704,A039,0.5381256967670012,0.23187430323299885,0.0537656924997887
jev,jev,Jev,Vietnam,Independence,0.715,704,A029,0.5045721850613155,0.21042781493868445,0.044279865299869235
jev,jev,Jev,Vietnam,Obedience,0.614,704,A042,0.4352828874024526,0.1787171125975474,0.03193980633520444
jev,jev,Jev,Vietnam,Religious faith,0.43200000000000005,704,A040,0.0554347826086956,0.37656521739130444,0.14180136294896037
jev,jev,Jev,Yemen,"Determination, perseverance",0.757,887,A039,0.305,0.452,0.204304
jev,jev,Jev,Yemen,Independence,0.621,887,A029,0.306,0.315,0.09922500000000001
jev,jev,Jev,Yemen,Obedience,0.689,887,A042,0.7,0.01100000000000001,0.00012100000000000022
jev,jev,Jev,Yemen,Religious faith,0.853,887,A040,0.845,0.008000000000000007,6.400000000000012e-05
jev,jev,Jev,Zambia,"Determination, perseverance",0.764,894,A039,0.384,0.38,0.1444
jev,jev,Jev,Zambia,Independence,0.72,894,A029,0.5473333333333333,0.17266666666666663,0.029813777777777765
jev,jev,Jev,Zambia,Obedience,0.585,894,A042,0.678,0.09300000000000008,0.008649000000000016
jev,jev,Jev,Zambia,Religious faith,0.627,894,A040,0.6093333333333333,0.01766666666666672,0.000312111111111113
jev,jev,Jev,Zimbabwe,"Determination, perseverance",0.771,716,A039,0.3886759801669777,0.38232401983302233,0.14617165614128125
jev,jev,Jev,Zimbabwe,Independence,0.714,716,A029,0.3722472887888142,0.3417527112111858,0.11679491562019614
jev,jev,Jev,Zimbabwe,Obedience,0.583,716,A042,0.6375127004660303,0.054512700466030295,0.0029716345120991395
jev,jev,Jev,Zimbabwe,Religious faith,0.593,716,A040,0.5722929936384418,0.0207070063615582,0.00042878011245761177
openai,gpt4o_anchor,GPT-4o historical-generation anchor,Albania,"Determination, perseverance",0.9999815004404393,8,A039,0.3652805803897671,0.6347009200506722,0.40284525791316983
openai,gpt4o_anchor,GPT-4o historical-generation anchor,Albania,Independence,0.9996132808381433,8,A029,0.2428615937092713,0.756751687128872,0.5726731159723941
openai,gpt4o_anchor,GPT-4o historical-generation anchor,Albania,Obedience,0.08893336954179441,8,A042,0.2384270118611961,0.1494936423194017,0.022348349093921215
openai,gpt4o_anchor,GPT-4o historical-generation anchor,Albania,Religious faith,0.4659350948267346,8,A040,0.2040849416150983,0.2618501532116363,0.0685655027369574
openai,gpt4o_anchor,GPT-4o historical-generation anchor,Algeria,"Determination, perseverance",0.9999658308151045,12,A039,0.3516666666666667,0.6482991641484378,0.4202918062355631
openai,gpt4o_anchor,GPT-4o historical-generation anchor,Algeria,Independence,0.9851846830620754,12,A029,0.3125,0.6726846830620754,0.45250468282632483
openai,gpt4o_anchor,GPT-4o historical-generation anchor,Algeria,Obedience,0.630672017988473,12,A042,0.4791666666666667,0.15150535132180637,0.022953871479143975
openai,gpt4o_anchor,GPT-4o historical-generation anchor,Algeria,Religious faith,0.9999277046645835,12,A040,0.6466666666666666,0.35326103799791686,0.12479336096736567
openai,gpt4o_anchor,GPT-4o historical-generation anchor,Andorra,"Determination, perseverance",0.9999868845720835,20,A039,0.3591099475230158,0.6408769370490677,0.41072324844139463
openai,gpt4o_anchor,GPT-4o historical-generation anchor,Andorra,Independence,0.9999396990953903,20,A029,0.4764349566075136,0.5235047424878767,0.2740572154072981
openai,gpt4o_anchor,GPT-4o historical-generation anchor,Andorra,Obedience,0.002522321784399113,20,A042,0.3714956860643547,0.3689733642799556,0.1361413435480688
openai,gpt4o_anchor,GPT-4o historical-generation anchor,Andorra,Religious faith,0.013802832091648004,20,A040,0.0861592876755614,0.07235645558391339,0.005235456664666831
openai,gpt4o_anchor,GPT-4o historical-generation anchor,Argentina,"Determination, perseverance",0.9999823327978339,32,A039,0.2580928727716174,0.7418894600262165,0.5503999708979911
openai,gpt4o_anchor,GPT-4o historical-generation anchor,Argentina,Independence,0.999919968380129,32,A029,0.3963612224370594,0.6035587459430696,0.3642831598043708
openai,gpt4o_anchor,GPT-4o historical-generation anchor,Argentina,Obedience,0.00810839993526845,32,A042,0.3892321792456598,0.3811237793103913,0.14525533515583586
openai,gpt4o_anchor,GPT-4o historical-generation anchor,Argentina,Religious faith,0.0754112191852924,32,A040,0.2426343360823389,0.1672231168970465,0.02796357082476328
openai,gpt4o_anchor,GPT-4o historical-generation anchor,Armenia,"Determination, perseverance",0.9999858217968682,51,A039,0.3569953921389652,0.642990429657903,0.41343669263165467
openai,gpt4o_anchor,GPT-4o historical-generation anchor,Armenia,Independence,0.9991159180855387,51,A029,0.2574912216222862,0.7416246964632525,0.5500071904042113
openai,gpt4o_anchor,GPT-4o historical-generation anchor,Armenia,Obedience,0.09946336600906419,51,A042,0.2074369731546748,0.1079736071456106,0.011658299840034653
openai,gpt4o_anchor,GPT-4o historical-generation anchor,Armenia,Religious faith,0.5287772210166113,51,A040,0.2737350320827776,0.2550421889338337,0.06504651813616132
openai,gpt4o_anchor,GPT-4o historical-generation anchor,Australia,"Determination, perseverance",0.9999949522294171,36,A039,0.4743878316830888,0.5256071205463284,0.2762628451690026
openai,gpt4o_anchor,GPT-4o historical-generation anchor,Australia,Independence,0.9999835280198089,36,A029,0.6015932610325972,0.3983902669872117,0.1587148048301418
openai,gpt4o_anchor,GPT-4o historical-generation anchor,Australia,Obedience,0.0006051188005547039,36,A042,0.2866620089344395,0.2860568901338848,0.08182854439306944
openai,gpt4o_anchor,GPT-4o historical-generation anchor,Australia,Religious faith,0.00024968760190732504,36,A040,0.1645419308578427,0.16429224325593536,0.026991941194067438
openai,gpt4o_anchor,GPT-4o historical-generation anchor,Austria,"Determination, perseverance",0.9999859133601946,40,A039,0.3659028042792029,0.6340831090809917,0.4020613892218169
openai,gpt4o_anchor,GPT-4o historical-generation anchor,Austria,Independence,0.9999772081053564,40,A029,0.671069305691363,0.32890790241399337,0.10818040827037298
openai,gpt4o_anchor,GPT-4o historical-generation anchor,Austria,Obedience,0.0006710332629607165,40,A042,0.1452624938605067,0.14459146059754596,0.020906690477731686
openai,gpt4o_anchor,GPT-4o historical-generation anchor,Austria,Religious faith,0.0008576805446200399,40,A040,0.1491420213253578,0.14828434078073777,0.02198824572077797
openai,gpt4o_anchor,GPT-4o historical-generation anchor,Azerbaijan,"Determination, perseverance",0.9999772496052464,31,A039,0.3301243365521471,0.6698529130530992,0.4487029251257229
openai,gpt4o_anchor,GPT-4o historical-generation anchor,Azerbaijan,Independence,0.9974604521025153,31,A029,0.5918345474268473,0.40562590467566806,0.16453237454395414
openai,gpt4o_anchor,GPT-4o historical-generation anchor,Azerbaijan,Obedience,0.47655185035834896,31,A042,0.0763927128435337,0.40015913751481524,0.1601273353366008
openai,gpt4o_anchor,GPT-4o historical-generation anchor,Azerbaijan,Religious faith,0.9409131434417224,31,A040,0.1662229064708945,0.774690236970828,0.6001449632579176
openai,gpt4o_anchor,GPT-4o historical-generation anchor,Bangladesh,"Determination, perseverance",0.9999758008448859,50,A039,0.1125,0.8874758008448859,0.7876132970852715
openai,gpt4o_anchor,GPT-4o historical-generation anchor,Bangladesh,Independence,0.9095567072518419,50,A029,0.3283333333333333,0.5812233739185086,0.3378206103892145
openai,gpt4o_anchor,GPT-4o historical-generation anchor,Bangladesh,Obedience,0.6970107414218358,50,A042,0.1483333333333333,0.5486774080885025,0.30104689814671715
openai,gpt4o_anchor,GPT-4o historical-generation anchor,Bangladesh,Religious faith,0.9998486921461339,50,A040,0.8491666666666666,0.1506820254794673,0.02270507280259483
openai,gpt4o_anchor,GPT-4o historical-generation anchor,Belarus,"Determination, perseverance",0.999985656060621,112,A039,0.3821828644894269,0.6178027915711941,0.38168028927316033
openai,gpt4o_anchor,GPT-4o historical-generation anchor,Belarus,Independence,0.9999078227722761,112,A029,0.3099289724956169,0.6899788502766592,0.47607081382910044
openai,gpt4o_anchor,GPT-4o historical-generation anchor,Belarus,Obedience,0.054431707430674256,112,A042,0.3587893978327465,0.3043576904020722,0.09263360370688364
openai,gpt4o_anchor,GPT-4o historical-generation anchor,Belarus,Religious faith,0.004539976363633562,112,A040,0.1210142539194861,0.11647427755585255,0.013566257332157775
openai,gpt4o_anchor,GPT-4o historical-generation anchor,Belgium,"Determination, perseverance",0.9999867538153199,56,A039,0.3289976408659291,0.6709891129493908,0.45022638969661033
openai,gpt4o_anchor,GPT-4o historical-generation anchor,Belgium,Independence,0.9999739608980986,56,A029,0.3191954595105258,0.6807785013875729,0.4634593679515096
openai,gpt4o_anchor,GPT-4o historical-generation anchor,Belgium,Obedience,0.00019302277786750695,56,A042,0.3762157175485958,0.3760226947707283,0.14139306698264031
openai,gpt4o_anchor,GPT-4o historical-generation anchor,Belgium,Religious faith,0.00022553340712112247,56,A040,0.0991069058741015,0.09888137246698037,0.009777525820953703
openai,gpt4o_anchor,GPT-4o historical-generation anchor,Bolivia,"Determination, perseverance",0.9999812552313697,68,A039,0.1879553181155901,0.8120259371157796,0.6593861225487601
openai,gpt4o_anchor,GPT-4o historical-generation anchor,Bolivia,Independence,0.9990448980446256,68,A029,0.2180670228266148,0.7809778752180108,0.6099264415800388
openai,gpt4o_anchor,GPT-4o historical-generation anchor,Bolivia,Obedience,0.30371674367448637,68,A042,0.4730451675570665,0.16932842388258013,0.02867211513455873
openai,gpt4o_anchor,GPT-4o historical-generation anchor,Bolivia,Religious faith,0.8967580437737703,68,A040,0.416221466731423,0.4805365770423473,0.2309154018755758
openai,gpt4o_anchor,GPT-4o historical-generation anchor,Bosnia Herzegovina,"Determination, perseverance",0.9999703741666712,70,A039,0.392363676210834,0.6076066979558372,0.369185899400796
openai,gpt4o_anchor,GPT-4o historical-generation anchor,Bosnia Herzegovina,Independence,0.9994230998738622,70,A029,0.3300326583430539,0.6693904415308083,0.44808356321281045
openai,gpt4o_anchor,GPT-4o historical-generation anchor,Bosnia Herzegovina,Obedience,0.02709129118897864,70,A042,0.3691041221344696,0.34201283094549095,0.11697277653134898
openai,gpt4o_anchor,GPT-4o historical-generation anchor,Bosnia Herzegovina,Religious faith,0.4414765427530334,70,A040,0.3965337086056415,0.044942834147391864,0.002019858341199972
openai,gpt4o_anchor,GPT-4o historical-generation anchor,Brazil,"Determination, perseverance",0.9999902175386749,76,A039,0.2769372760047663,0.7230529415339086,0.5228055562608379
openai,gpt4o_anchor,GPT-4o historical-generation anchor,Brazil,Independence,0.999885619697579,76,A029,0.3097738000361021,0.6901118196614769,0.47625432363647485
openai,gpt4o_anchor,GPT-4o historical-generation anchor,Brazil,Obedience,0.032750758524795996,76,A042,0.503386834538473,0.470636076013677,0.22149831604555156
openai,gpt4o_anchor,GPT-4o historical-generation anchor,Brazil,Religious faith,0.36766218845161297,76,A040,0.472809057914825,0.10514686946321206,0.011055864157913755
openai,gpt4o_anchor,GPT-4o historical-generation anchor,Bulgaria,"Determination, perseverance",0.999985838150328,100,A039,0.6317208501056357,0.3682649880446923,0.13561910141955738
openai,gpt4o_anchor,GPT-4o historical-generation anchor,Bulgaria,Independence,0.9999603896193158,100,A029,0.4330868784341937,0.5668735111851221,0.3213455776833487
openai,gpt4o_anchor,GPT-4o historical-generation anchor,Bulgaria,Obedience,0.0038906912260928696,100,A042,0.2153945262522891,0.21150383502619624,0.04473387223078844
openai,gpt4o_anchor,GPT-4o historical-generation anchor,Bulgaria,Religious faith,0.0011938238261916152,100,A040,0.1965507422487707,0.19535691842257907,0.03816432557556621
openai,gpt4o_anchor,GPT-4o historical-generation anchor,Burkina Faso,"Determination, perseverance",0.9999801150214834,854,A039,0.2711864406779661,0.7287936743435173,0.5311402197631248
openai,gpt4o_anchor,GPT-4o historical-generation anchor,Burkina Faso,Independence,0.9362695463730265,854,A029,0.3116036505867014,0.6246658957863251,0.390207481358532
openai,gpt4o_anchor,GPT-4o historical-generation anchor,Burkina Faso,Obedience,0.8786811847360928,854,A042,0.7046936114732725,0.17398757326282033,0.030271675649885272
openai,gpt4o_anchor,GPT-4o historical-generation anchor,Burkina Faso,Religious faith,0.9995082790061085,854,A040,0.6805736636245111,0.3189346153815974,0.10171928888860746
openai,gpt4o_anchor,GPT-4o historical-generation anchor,Canada,"Determination, perseverance",0.9999927602661225,124,A039,0.4849171087419086,0.5150756515242139,0.2653029267930934
openai,gpt4o_anchor,GPT-4o historical-generation anchor,Canada,Independence,0.9999839810893854,124,A029,0.5372817930466792,0.46270218804270613,0.21409331481950777
openai,gpt4o_anchor,GPT-4o historical-generation anchor,Canada,Obedience,0.00020143812261656365,124,A042,0.2234402534616993,0.22323881533908274,0.049835568673997084
openai,gpt4o_anchor,GPT-4o historical-generation anchor,Canada,Religious faith,0.0001722839893831593,124,A040,0.2141490303697361,0.21397674638035294,0.04578604799152188
openai,gpt4o_anchor,GPT-4o historical-generation anchor,Chile,"Determination, perseverance",0.9999909306979429,152,A039,0.4443286221672506,0.5556623085306922,0.30876060112165815
openai,gpt4o_anchor,GPT-4o historical-generation anchor,Chile,Independence,0.9998854413789457,152,A029,0.3966168283893034,0.6032686129896423,0.3639330194184468
openai,gpt4o_anchor,GPT-4o historical-generation anchor,Chile,Obedience,0.011558350008783634,152,A042,0.4484067036215664,0.4368483536127828,0.19083648405419892
openai,gpt4o_anchor,GPT-4o historical-generation anchor,Chile,Religious faith,0.03721385642395381,152,A040,0.2582230282894098,0.221009171865456,0.04884505404865466
openai,gpt4o_anchor,GPT-4o historical-generation anchor,China,"Determination, perseverance",0.9999940204851467,156,A039,0.235233333657164,0.7647606868279827,0.5848589081176079
openai,gpt4o_anchor,GPT-4o historical-generation anchor,China,Independence,0.9966097925411942,156,A029,0.7269954314378876,0.2696143611033066,0.07269190371314421
openai,gpt4o_anchor,GPT-4o historical-generation anchor,China,Obedience,0.9363011320581519,156,A042,0.089893656997188,0.8464074750609639,0.7164056138390763
openai,gpt4o_anchor,GPT-4o historical-generation anchor,China,Religious faith,4.8718456851365945e-05,156,A040,0.015741439678348,0.015692721221496633,0.0002462614993356108
openai,gpt4o_anchor,GPT-4o historical-generation anchor,Colombia,"Determination, perseverance",0.9999910994343072,170,A039,0.2030607472154521,0.7969303522188551,0.6350979862876684
openai,gpt4o_anchor,GPT-4o historical-generation anchor,Colombia,Independence,0.9997918916586037,170,A029,0.3291506390708942,0.6706412525877095,0.4497596896724119
openai,gpt4o_anchor,GPT-4o historical-generation anchor,Colombia,Obedience,0.0758543831614053,170,A042,0.5802094615172765,0.5043550783558712,0.25437404506335703
openai,gpt4o_anchor,GPT-4o historical-generation anchor,Colombia,Religious faith,0.7212807171645943,170,A040,0.5155489216613618,0.2057317955032325,0.04232557168098388
openai,gpt4o_anchor,GPT-4o historical-generation anchor,Croatia,"Determination, perseverance",0.9999838636510274,191,A039,0.3742125562089616,0.6257713074420659,0.39158972921775254
openai,gpt4o_anchor,GPT-4o historical-generation anchor,Croatia,Independence,0.9999515546328024,191,A029,0.3898687084069787,0.6100828462258236,0.372201079259002
openai,gpt4o_anchor,GPT-4o historical-generation anchor,Croatia,Obedience,0.002488223054373122,191,A042,0.3404291494317807,0.3379409263774076,0.11420406972082041
openai,gpt4o_anchor,GPT-4o historical-generation anchor,Croatia,Religious faith,0.03702290912706481,191,A040,0.3593080906548163,0.3222851815277515,0.10386773823237573
openai,gpt4o_anchor,GPT-4o historical-generation anchor,Cyprus,"Determination, perseverance",0.9999815194586604,196,A039,0.4039125019326331,0.5960690175260273,0.3552982736544434
openai,gpt4o_anchor,GPT-4o historical-generation anchor,Cyprus,Independence,0.9996145621340492,196,A029,0.4145578666280715,0.5850566955059777,0.3422913369563743
openai,gpt4o_anchor,GPT-4o historical-generation anchor,Cyprus,Obedience,0.012343870240039986,196,A042,0.4247138281360866,0.41236995789604663,0.17004898217518727
openai,gpt4o_anchor,GPT-4o historical-generation anchor,Cyprus,Religious faith,0.35412268414225345,196,A040,0.4591399079107787,0.10501722376852524,0.011028617288048503
openai,gpt4o_anchor,GPT-4o historical-generation anchor,Czechia,"Determination, perseverance",0.9999847635455655,203,A039,0.4286273184724737,0.5713574450730918,0.3264493300404511
openai,gpt4o_anchor,GPT-4o historical-generation anchor,Czechia,Independence,0.9999722459224418,203,A029,0.5872721428277091,0.4127001030947327,0.170321375094403
openai,gpt4o_anchor,GPT-4o historical-generation anchor,Czechia,Obedience,0.0007760448063502454,203,A042,0.3038739586370522,0.30309791383070195,0.09186834536852362
openai,gpt4o_anchor,GPT-4o historical-generation anchor,Czechia,Religious faith,5.794588078729926e-05,203,A040,0.097375089188878,0.0973171433080907,0.009470626381647463
openai,gpt4o_anchor,GPT-4o historical-generation anchor,Denmark,"Determination, perseverance",0.9999371509091596,208,A039,0.2744326459822738,0.7255045049268858,0.5263567866692056
openai,gpt4o_anchor,GPT-4o historical-generation anchor,Denmark,Independence,0.9999823132743118,208,A029,0.777937164330711,0.22204514894360072,0.04930404816938583
openai,gpt4o_anchor,GPT-4o historical-generation anchor,Denmark,Obedience,5.5464905342762736e-05,208,A042,0.1296931603939352,0.12963769548859244,0.01680593209159302
openai,gpt4o_anchor,GPT-4o historical-generation anchor,Denmark,Religious faith,1.4351410107541236e-05,208,A040,0.0606000559932523,0.06058570458314476,0.003670627599836088
openai,gpt4o_anchor,GPT-4o historical-generation anchor,Ecuador,"Determination, perseverance",0.9999779147808256,218,A039,0.2172885468663339,0.7826893679144917,0.6126026466463866
openai,gpt4o_anchor,GPT-4o historical-generation anchor,Ecuador,Independence,0.99930616867715,218,A029,0.3105213533000555,0.6887848153770946,0.47442452189405826
openai,gpt4o_anchor,GPT-4o historical-generation anchor,Ecuador,Obedience,0.2640591141818489,218,A042,0.6115855518580144,0.34752643767616553,0.12077462488388577
openai,gpt4o_anchor,GPT-4o historical-generation anchor,Ecuador,Religious faith,0.868731740804655,218,A040,0.486258319467554,0.382473421337101,0.14628591802930757
openai,gpt4o_anchor,GPT-4o historical-generation anchor,Estonia,"Determination, perseverance",0.9999855312222217,233,A039,0.5643670914163214,0.4356184398059003,0.1897634250989268
openai,gpt4o_anchor,GPT-4o historical-generation anchor,Estonia,Independence,0.9999887246984587,233,A029,0.3603541117330249,0.6396346129654338,0.40913243810344024
openai,gpt4o_anchor,GPT-4o historical-generation anchor,Estonia,Obedience,0.000459841275909817,233,A042,0.3650474908910365,0.3645876496151267,0.1329241542518824
openai,gpt4o_anchor,GPT-4o historical-generation anchor,Estonia,Religious faith,2.4168517128959754e-05,233,A040,0.0954000610678794,0.09537589255075045,0.009096560879852295
openai,gpt4o_anchor,GPT-4o historical-generation anchor,Ethiopia,"Determination, perseverance",0.9999723857904522,231,A039,0.2572113821138211,0.7427610036766311,0.5516939085827164
openai,gpt4o_anchor,GPT-4o historical-generation anchor,Ethiopia,Independence,0.9252230275707489,231,A029,0.5866504065040651,0.33857262106668384,0.11463141973596429
openai,gpt4o_anchor,GPT-4o historical-generation anchor,Ethiopia,Obedience,0.9209486508448075,231,A042,0.452390243902439,0.4685584069423685,0.2195469807163702
openai,gpt4o_anchor,GPT-4o historical-generation anchor,Ethiopia,Religious faith,0.9999358827721,231,A040,0.5237398373983739,0.47619604537372606,0.22676267362957578
openai,gpt4o_anchor,GPT-4o historical-generation anchor,Finland,"Determination, perseverance",0.9999879836225208,246,A039,0.5772514114655252,0.42273657215699567,0.1787062094390468
openai,gpt4o_anchor,GPT-4o historical-generation anchor,Finland,Independence,0.9999929275320223,246,A029,0.5515912129934701,0.44840171453855215,0.2010640976011132
openai,gpt4o_anchor,GPT-4o historical-generation anchor,Finland,Obedience,0.00015318816612279397,246,A042,0.2534617502540383,0.25330856208791547,0.06416522762704732
openai,gpt4o_anchor,GPT-4o historical-generation anchor,Finland,Religious faith,4.452011831463855e-05,246,A040,0.0953819211211778,0.09533740100286316,0.009089220029980733
openai,gpt4o_anchor,GPT-4o historical-generation anchor,France,"Determination, perseverance",0.9999860325926055,250,A039,0.4787467534038626,0.521239279188743,0.2716903861692004
openai,gpt4o_anchor,GPT-4o historical-generation anchor,France,Independence,0.9999789299643519,250,A029,0.3349855694647715,0.6649933604995804,0.4422161695085248
openai,gpt4o_anchor,GPT-4o historical-generation anchor,France,Obedience,0.00021776257219835844,250,A042,0.3161637366446381,0.31594597407243974,0.09982185853258277
openai,gpt4o_anchor,GPT-4o historical-generation anchor,France,Religious faith,0.00011457389602198561,250,A040,0.0834361630302394,0.08332158913421742,0.0069424872158513375
openai,gpt4o_anchor,GPT-4o historical-generation anchor,Georgia,"Determination, perseverance",0.9999884153461611,268,A039,0.2395159532744292,0.7604724620717319,0.5783183655694417
openai,gpt4o_anchor,GPT-4o historical-generation anchor,Georgia,Independence,0.999831316289516,268,A029,0.5439009922798554,0.4559303240096606,0.2078724603515541
openai,gpt4o_anchor,GPT-4o historical-generation anchor,Georgia,Obedience,0.059740589597400764,268,A042,0.1775314650103238,0.11779087541292303,0.013874690330542755
openai,gpt4o_anchor,GPT-4o historical-generation anchor,Georgia,Religious faith,0.871092836816362,268,A040,0.6210446143105564,0.2500482225058056,0.06252411357831288
openai,gpt4o_anchor,GPT-4o historical-generation anchor,Germany,"Determination, perseverance",0.9999929697303923,276,A039,0.4800334783352366,0.5199594913951557,0.27035787269190903
openai,gpt4o_anchor,GPT-4o historical-generation anchor,Germany,Independence,0.9999912674842972,276,A029,0.7294525034979902,0.27053876398630705,0.07319122281923875
openai,gpt4o_anchor,GPT-4o historical-generation anchor,Germany,Obedience,0.0001445938141840119,276,A042,0.1265919535911627,0.12644735977697869,0.01598893479456869
openai,gpt4o_anchor,GPT-4o historical-generation anchor,Germany,Religious faith,9.363068949419425e-05,276,A040,0.1029733727482417,0.1028797420587475,0.01058424132607442
openai,gpt4o_anchor,GPT-4o historical-generation anchor,Ghana,"Determination, perseverance",0.9999869727172565,288,A039,0.4460997337838986,0.5538872389333578,0.3067910734532186
openai,gpt4o_anchor,GPT-4o historical-generation anchor,Ghana,Independence,0.9812422733935635,288,A029,0.3299190126422606,0.6513232607513029,0.42422198999570965
openai,gpt4o_anchor,GPT-4o historical-generation anchor,Ghana,Obedience,0.9200550907419359,288,A042,0.7772151362548774,0.14283995448705855,0.02040325259786496
openai,gpt4o_anchor,GPT-4o historical-generation anchor,Ghana,Religious faith,0.9998210827464794,288,A040,0.7162042995585121,0.28361678318796735,0.08043847970589048
openai,gpt4o_anchor,GPT-4o historical-generation anchor,Greece,"Determination, perseverance",0.9999896639343977,300,A039,0.5199707226799449,0.48001894125445277,0.23041818396304578
openai,gpt4o_anchor,GPT-4o historical-generation anchor,Greece,Independence,0.9998362906635574,300,A029,0.4237523685279536,0.5760839221356038,0.3318726853431404
openai,gpt4o_anchor,GPT-4o historical-generation anchor,Greece,Obedience,0.004610031774855758,300,A042,0.2487410261326255,0.24413099435776975,0.0595999424061134
openai,gpt4o_anchor,GPT-4o historical-generation anchor,Greece,Religious faith,0.29025391517871124,300,A040,0.3786111091563742,0.08835719397766295,0.007806993727606358
openai,gpt4o_anchor,GPT-4o historical-generation anchor,Guatemala,"Determination, perseverance",0.9999843124579293,320,A039,0.5751173708920188,0.42486694156591054,0.18051191803557085
openai,gpt4o_anchor,GPT-4o historical-generation anchor,Guatemala,Independence,0.9963479844453665,320,A029,0.6751863684771033,0.3211616159682632,0.10314478357134617
openai,gpt4o_anchor,GPT-4o historical-generation anchor,Guatemala,Obedience,0.4732472754957957,320,A042,0.762993762993763,0.2897464874979673,0.08395302701740971
openai,gpt4o_anchor,GPT-4o historical-generation anchor,Guatemala,Religious faith,0.9518501702941696,320,A040,0.6485042735042735,0.3033458967898961,0.0920187330992663
openai,gpt4o_anchor,GPT-4o historical-generation anchor,Haiti,"Determination, perseverance",0.9999874219858231,332,A039,0.3152882205513784,0.6846992014344447,0.4688129964449663
openai,gpt4o_anchor,GPT-4o historical-generation anchor,Haiti,Independence,0.9979069658746184,332,A029,0.1684210526315789,0.8294859132430394,0.6880468802686391
openai,gpt4o_anchor,GPT-4o historical-generation anchor,Haiti,Obedience,0.754381629227325,332,A042,0.8431077694235589,0.08872614019623393,0.007872327954121757
openai,gpt4o_anchor,GPT-4o historical-generation anchor,Haiti,Religious faith,0.9998374896581093,332,A040,0.1233082706766917,0.8765292189814176,0.7683034717281738
openai,gpt4o_anchor,GPT-4o historical-generation anchor,Hong Kong SAR,"Determination, perseverance",0.9999899771446124,344,A039,0.2984113330611568,0.7015786440834555,0.4922125938339799
openai,gpt4o_anchor,GPT-4o historical-generation anchor,Hong Kong SAR,Independence,0.999840933794375,344,A029,0.5087404444305111,0.49110048936386386,0.24117969065342656
openai,gpt4o_anchor,GPT-4o historical-generation anchor,Hong Kong SAR,Obedience,0.10694526436351755,344,A042,0.1000528907289309,0.006892373634586654,4.7504814318745245e-05
openai,gpt4o_anchor,GPT-4o historical-generation anchor,Hong Kong SAR,Religious faith,0.00032705341298124247,344,A040,0.0685454774402424,0.06821842402726117,0.004653753376763203
openai,gpt4o_anchor,GPT-4o historical-generation anchor,Hungary,"Determination, perseverance",0.9999881710173705,348,A039,0.3320424661447824,0.6679457048725881,0.44615146465773853
openai,gpt4o_anchor,GPT-4o historical-generation anchor,Hungary,Independence,0.9999333642276621,348,A029,0.7891011739763805,0.21083219025128164,0.04445021244615262
openai,gpt4o_anchor,GPT-4o historical-generation anchor,Hungary,Obedience,0.00279923037963912,348,A042,0.301159742004043,0.29836051162440386,0.08901899489677603
openai,gpt4o_anchor,GPT-4o historical-generation anchor,Hungary,Religious faith,0.0031811937310312712,348,A040,0.1744066876554455,0.17122549392441425,0.02931816976965962
openai,gpt4o_anchor,GPT-4o historical-generation anchor,Iceland,"Determination, perseverance",0.9999791791849424,352,A039,0.2997605204943331,0.7002186586906093,0.490306169978476
openai,gpt4o_anchor,GPT-4o historical-generation anchor,Iceland,Independence,0.9999875008582029,352,A029,0.8172119331174128,0.18277556774079007,0.03340690816296814
openai,gpt4o_anchor,GPT-4o historical-generation anchor,Iceland,Obedience,0.00021440154991611416,352,A042,0.1167634655672261,0.11654906401730998,0.01358368432331102
openai,gpt4o_anchor,GPT-4o historical-generation anchor,Iceland,Religious faith,6.567549311087586e-05,352,A040,0.0621615414706985,0.06209586597758763,0.003855896571506525
openai,gpt4o_anchor,GPT-4o historical-generation anchor,India,"Determination, perseverance",0.9999935086066426,356,A039,0.6271400837099841,0.3728534248966585,0.13901967645716817
openai,gpt4o_anchor,GPT-4o historical-generation anchor,India,Independence,0.9992878378570733,356,A029,0.7836952661481913,0.21559257170888202,0.04648015697604944
openai,gpt4o_anchor,GPT-4o historical-generation anchor,India,Obedience,0.31867244770873104,356,A042,0.7288453615271815,0.41017291381845045,0.16824181923031797
openai,gpt4o_anchor,GPT-4o historical-generation anchor,India,Religious faith,0.34078027363252883,356,A040,0.6217965073373073,0.28101623370477846,0.07897012360561867
openai,gpt4o_anchor,GPT-4o historical-generation anchor,Indonesia,"Determination, perseverance",0.9999631422882679,360,A039,0.3223224801602533,0.6776406621280147,0.4591968669692941
openai,gpt4o_anchor,GPT-4o historical-generation anchor,Indonesia,Independence,0.9916522010026878,360,A029,0.6817504569820447,0.3099017440206431,0.0960390909470362
openai,gpt4o_anchor,GPT-4o historical-generation anchor,Indonesia,Obedience,0.8211674005157421,360,A042,0.4280486550674803,0.3931187454482618,0.15454234802281527
openai,gpt4o_anchor,GPT-4o historical-generation anchor,Indonesia,Religious faith,0.9999202556298622,360,A040,0.828948162684823,0.17097209294503923,0.029231456566007133
openai,gpt4o_anchor,GPT-4o historical-generation anchor,Iran,"Determination, perseverance",0.9999524079257949,364,A039,0.4371508264602348,0.56280158146556,0.3167456201001354
openai,gpt4o_anchor,GPT-4o historical-generation anchor,Iran,Independence,0.8981272448878898,364,A029,0.4823009115188152,0.41582633336907454,0.1729115395231687
openai,gpt4o_anchor,GPT-4o historical-generation anchor,Iran,Obedience,0.49407098253919524,364,A042,0.3334273842854366,0.16064359825375862,0.025806365659915002
openai,gpt4o_anchor,GPT-4o historical-generation anchor,Iran,Religious faith,0.9996165628420343,364,A040,0.6296578671495283,0.36995869569250595,0.13686943651850023
openai,gpt4o_anchor,GPT-4o historical-generation anchor,Iraq,"Determination, perseverance",0.9999309192223033,368,A039,0.2151903615944711,0.7847405576278321,0.615817742786041
openai,gpt4o_anchor,GPT-4o historical-generation anchor,Iraq,Independence,0.8130183150572116,368,A029,0.264593977539183,0.5484243375180285,0.3007692539820885
openai,gpt4o_anchor,GPT-4o historical-generation anchor,Iraq,Obedience,0.8938363079858169,368,A042,0.6611440207330618,0.23269228725275515,0.05414570054691872
openai,gpt4o_anchor,GPT-4o historical-generation anchor,Iraq,Religious faith,0.9999839178367844,368,A040,0.757543296721379,0.24244062111540543,0.05877745476682357
openai,gpt4o_anchor,GPT-4o historical-generation anchor,Ireland,"Determination, perseverance",0.9999846995825499,372,A039,0.4462160593706977,0.5537686402118522,0.3066597068820838
openai,gpt4o_anchor,GPT-4o historical-generation anchor,Ireland,Independence,0.999960775540484,372,A029,0.622634388739017,0.377326386801467,0.1423752021766503
openai,gpt4o_anchor,GPT-4o historical-generation anchor,Ireland,Obedience,0.0019022660434777384,372,A042,0.5714207213414515,0.5695184552979737,0.3243512709249901
openai,gpt4o_anchor,GPT-4o historical-generation anchor,Ireland,Religious faith,0.021329696555910358,372,A040,0.3956115371461453,0.3742818405902349,0.140086896195614
openai,gpt4o_anchor,GPT-4o historical-generation anchor,Italy,"Determination, perseverance",0.9999886088557417,380,A039,0.3867994818692267,0.6131891269865151,0.3760009054544845
openai,gpt4o_anchor,GPT-4o historical-generation anchor,Italy,Independence,0.9999043784331889,380,A029,0.4630106172241035,0.5368937612090854,0.2882549108252384
openai,gpt4o_anchor,GPT-4o historical-generation anchor,Italy,Obedience,0.0021609110692963106,380,A042,0.2724667647114475,0.27030585364215115,0.07306525451321204
openai,gpt4o_anchor,GPT-4o historical-generation anchor,Italy,Religious faith,0.11623404543936991,380,A040,0.3021798922808346,0.18594584684146467,0.03457585795758944
openai,gpt4o_anchor,GPT-4o historical-generation anchor,Japan,"Determination, perseverance",0.9999874157423896,392,A039,0.6609894988436414,0.33899791689874814,0.11491958766169055
openai,gpt4o_anchor,GPT-4o historical-generation anchor,Japan,Independence,0.9949929712080314,392,A029,0.6931946756433846,0.3017982955646469,0.09108221120572596
openai,gpt4o_anchor,GPT-4o historical-generation anchor,Japan,Obedience,0.09415631179798309,392,A042,0.0426569316359979,0.05149938016198519,0.0026521861570686736
openai,gpt4o_anchor,GPT-4o historical-generation anchor,Japan,Religious faith,4.693812900883747e-05,392,A040,0.0479338135265087,0.04788687539749987,0.0022931528353356784
openai,gpt4o_anchor,GPT-4o historical-generation anchor,Jordan,"Determination, perseverance",0.9999630908500899,400,A039,0.2568815891901823,0.7430815016599077,0.5521701181091434
openai,gpt4o_anchor,GPT-4o historical-generation anchor,Jordan,Independence,0.97777309215984,400,A029,0.3823908802434715,0.5953822119163685,0.3544799782664276
openai,gpt4o_anchor,GPT-4o historical-generation anchor,Jordan,Obedience,0.7471858064332662,400,A042,0.5597312929526851,0.18745451348058106,0.035139194624241345
openai,gpt4o_anchor,GPT-4o historical-generation anchor,Jordan,Religious faith,0.9999882071040481,400,A040,0.8033837789366194,0.19660442816742874,0.03865330117504165
openai,gpt4o_anchor,GPT-4o historical-generation anchor,Kazakhstan,"Determination, perseverance",0.9999626384269222,398,A039,0.4290092516625792,0.570953386764343,0.32598776985767347
openai,gpt4o_anchor,GPT-4o historical-generation anchor,Kazakhstan,Independence,0.9996845351531103,398,A029,0.4269969179830793,0.572687617170031,0.327971106859888
openai,gpt4o_anchor,GPT-4o historical-generation anchor,Kazakhstan,Obedience,0.16587204695321217,398,A042,0.2910510108644168,0.12517896391120464,0.015669773005882674
openai,gpt4o_anchor,GPT-4o historical-generation anchor,Kazakhstan,Religious faith,0.5489321677505151,398,A040,0.1258227178773769,0.42310944987313825,0.17902160657194968
openai,gpt4o_anchor,GPT-4o historical-generation anchor,Kenya,"Determination, perseverance",0.9999871523732768,404,A039,0.2685624012638231,0.7314247511094538,0.5349821665355264
openai,gpt4o_anchor,GPT-4o historical-generation anchor,Kenya,Independence,0.9984272335105912,404,A029,0.3278041074249605,0.6706231260856306,0.44973537724086354
openai,gpt4o_anchor,GPT-4o historical-generation anchor,Kenya,Obedience,0.7917397564416323,404,A042,0.4131121642969984,0.37862759214463393,0.14335885353324326
openai,gpt4o_anchor,GPT-4o historical-generation anchor,Kenya,Religious faith,0.9963765660114918,404,A040,0.5639810426540285,0.43239552335746334,0.18696588861957464
openai,gpt4o_anchor,GPT-4o historical-generation anchor,Kosovo,"Determination, perseverance",0.999980358224762,915,A039,0.3089267119991853,0.6910536462255766,0.47755514196166443
openai,gpt4o_anchor,GPT-4o historical-generation anchor,Kosovo,Independence,0.9997297449370744,915,A029,0.4947813223740106,0.5049484225630638,0.2549729094489265
openai,gpt4o_anchor,GPT-4o historical-generation anchor,Kosovo,Obedience,0.04878017542154853,915,A042,0.2246574558066467,0.17587728038509817,0.03093281775565844
openai,gpt4o_anchor,GPT-4o historical-generation anchor,Kosovo,Religious faith,0.6872487402042717,915,A040,0.3858702906051452,0.3013784495991265,0.09082896988277324
openai,gpt4o_anchor,GPT-4o historical-generation anchor,Kyrgyzstan,"Determination, perseverance",0.9999815429978837,417,A039,0.4436478780934429,0.5563336649044408,0.30950714670600665
openai,gpt4o_anchor,GPT-4o historical-generation anchor,Kyrgyzstan,Independence,0.9996515934425003,417,A029,0.4713388165355235,0.5283127769069769,0.2791143902431611
openai,gpt4o_anchor,GPT-4o historical-generation anchor,Kyrgyzstan,Obedience,0.3792171591568691,417,A042,0.2804383649066095,0.0987787942502596,0.009757250193535117
openai,gpt4o_anchor,GPT-4o historical-generation anchor,Kyrgyzstan,Religious faith,0.9385764694193899,417,A040,0.2587113517141837,0.6798651177052062,0.4622165782723139
openai,gpt4o_anchor,GPT-4o historical-generation anchor,Latvia,"Determination, perseverance",0.999983011523183,428,A039,0.4655230844866518,0.5344599270365312,0.2856474136078943
openai,gpt4o_anchor,GPT-4o historical-generation anchor,Latvia,Independence,0.9999742486071203,428,A029,0.6976436848596159,0.30233056374750433,0.09140376977588378
openai,gpt4o_anchor,GPT-4o historical-generation anchor,Latvia,Obedience,0.001438500352452683,428,A042,0.2299356039706764,0.2284971036182237,0.05221092636191726
openai,gpt4o_anchor,GPT-4o historical-generation anchor,Latvia,Religious faith,0.0003034680496927916,428,A040,0.1234061695735359,0.1231027015238431,0.015154275122468404
openai,gpt4o_anchor,GPT-4o historical-generation anchor,Lebanon,"Determination, perseverance",0.999958702701987,422,A039,0.3087499999999999,0.6912087027019871,0.477769470690964
openai,gpt4o_anchor,GPT-4o historical-generation anchor,Lebanon,Independence,0.9946925716435461,422,A029,0.3729166666666667,0.6217759049768794,0.38660527600981737
openai,gpt4o_anchor,GPT-4o historical-generation anchor,Lebanon,Obedience,0.2897049819194305,422,A042,0.1362499999999999,0.1534549819194306,0.023548431475892775
openai,gpt4o_anchor,GPT-4o historical-generation anchor,Lebanon,Religious faith,0.9994656508214174,422,A040,0.3445833333333333,0.654882317488084,0.42887084975856365
openai,gpt4o_anchor,GPT-4o historical-generation anchor,Libya,"Determination, perseverance",0.9999221029081321,434,A039,0.1897436025371604,0.8101785003709717,0.6563892024633566
openai,gpt4o_anchor,GPT-4o historical-generation anchor,Libya,Independence,0.8961950468908476,434,A029,0.300523419888601,0.5956716270022466,0.35482468721550364
openai,gpt4o_anchor,GPT-4o historical-generation anchor,Libya,Obedience,0.9013023836008621,434,A042,0.5101456206602958,0.39115676294056634,0.1530036131941424
openai,gpt4o_anchor,GPT-4o historical-generation anchor,Libya,Religious faith,0.9999957584577179,434,A040,0.7488690190255647,0.25112673943215325,0.06306463925782459
openai,gpt4o_anchor,GPT-4o historical-generation anchor,Lithuania,"Determination, perseverance",0.9999905360165139,440,A039,0.3885509891437631,0.6114395468727507,0.3738583194799547
openai,gpt4o_anchor,GPT-4o historical-generation anchor,Lithuania,Independence,0.9999780752924508,440,A029,0.748979522744297,0.25099855254815373,0.06300027338126829
openai,gpt4o_anchor,GPT-4o historical-generation anchor,Lithuania,Obedience,0.0018679794970937456,440,A042,0.1708376283993577,0.16896964890226396,0.028550742250154353
openai,gpt4o_anchor,GPT-4o historical-generation anchor,Lithuania,Religious faith,0.0010341607843688716,440,A040,0.1486176745265182,0.1475835137421493,0.021780893528479176
openai,gpt4o_anchor,GPT-4o historical-generation anchor,Luxembourg,"Determination, perseverance",0.9999755419886126,442,A039,0.4354853306690627,0.5644902113195499,0.3186491986755901
openai,gpt4o_anchor,GPT-4o historical-generation anchor,Luxembourg,Independence,0.9999506354552192,442,A029,0.5045844895007989,0.4953661459544203,0.24538761855773603
openai,gpt4o_anchor,GPT-4o historical-generation anchor,Luxembourg,Obedience,0.001057908308178979,442,A042,0.291134089177012,0.290076180868833,0.08414419070744793
openai,gpt4o_anchor,GPT-4o historical-generation anchor,Luxembourg,Religious faith,0.0013918687832842225,442,A040,0.1234030019065069,0.12201113312322268,0.014886716606012766
openai,gpt4o_anchor,GPT-4o historical-generation anchor,Macau SAR,"Determination, perseverance",0.9999800918215133,446,A039,0.3841642228739003,0.615815868947613,0.37922918444770365
openai,gpt4o_anchor,GPT-4o historical-generation anchor,Macau SAR,Independence,0.9998207786012964,446,A029,0.6285434995112414,0.3712772790900549,0.13784681796851453
openai,gpt4o_anchor,GPT-4o historical-generation anchor,Macau SAR,Obedience,0.04610762984981011,446,A042,0.1016617790811339,0.05555414923132379,0.0030862634968161938
openai,gpt4o_anchor,GPT-4o historical-generation anchor,Macau SAR,Religious faith,0.003665985861352279,446,A040,0.0782013685239491,0.07453538266259682,0.005555523268659739
openai,gpt4o_anchor,GPT-4o historical-generation anchor,Malaysia,"Determination, perseverance",0.9999873948340248,458,A039,0.3228007738325872,0.6771866210014376,0.45858171966334466
openai,gpt4o_anchor,GPT-4o historical-generation anchor,Malaysia,Independence,0.9993305213518658,458,A029,0.6848049152574259,0.3145256060944399,0.09892635688907478
openai,gpt4o_anchor,GPT-4o historical-generation anchor,Malaysia,Obedience,0.34807363846329065,458,A042,0.2128059146784466,0.13526772378484406,0.018297357097932867
openai,gpt4o_anchor,GPT-4o historical-generation anchor,Malaysia,Religious faith,0.9966018028806234,458,A040,0.6105790871151421,0.3860227157654813,0.14901353708695758
openai,gpt4o_anchor,GPT-4o historical-generation anchor,Maldives,"Determination, perseverance",0.999972264639261,462,A039,0.287776708373436,0.7121955562658251,0.507222510364788
openai,gpt4o_anchor,GPT-4o historical-generation anchor,Maldives,Independence,0.9986633569878041,462,A029,0.3166506256015399,0.6820127313862642,0.4651413657729525
openai,gpt4o_anchor,GPT-4o historical-generation anchor,Maldives,Obedience,0.1870200127289517,462,A042,0.5520231213872833,0.3650031086583316,0.1332272693302458
openai,gpt4o_anchor,GPT-4o historical-generation anchor,Maldives,Religious faith,0.999776968535925,462,A040,0.8950914340712224,0.10468553446470263,0.010959061126160442
openai,gpt4o_anchor,GPT-4o historical-generation anchor,Mali,"Determination, perseverance",0.9999489024932199,466,A039,0.2444589308996088,0.7554899715936111,0.5707650971785153
openai,gpt4o_anchor,GPT-4o historical-generation anchor,Mali,Independence,0.9371662233966017,466,A029,0.423728813559322,0.5134374098372797,0.26361797382041474
openai,gpt4o_anchor,GPT-4o historical-generation anchor,Mali,Obedience,0.9208831715743571,466,A042,0.5228161668839635,0.3980670046903936,0.15845734022318184
openai,gpt4o_anchor,GPT-4o historical-generation anchor,Mali,Religious faith,0.9996234413057102,466,A040,0.5958279009126467,0.40379554039306353,0.1630508384413262
openai,gpt4o_anchor,GPT-4o historical-generation anchor,Malta,"Determination, perseverance",0.999977712713964,470,A039,0.2274896722493157,0.7724880404646483,0.596737772660912
openai,gpt4o_anchor,GPT-4o historical-generation anchor,Malta,Independence,0.9998159601740513,470,A029,0.3597084374877131,0.6401075226863382,0.40973764059964096
openai,gpt4o_anchor,GPT-4o historical-generation anchor,Malta,Obedience,0.0061756905490926205,470,A042,0.3028149282598229,0.2966392377107303,0.08799483734960316
openai,gpt4o_anchor,GPT-4o historical-generation anchor,Malta,Religious faith,0.34629444578027063,470,A040,0.3671760387902542,0.020881593009983546,0.00043604092663459366
openai,gpt4o_anchor,GPT-4o historical-generation anchor,Mexico,"Determination, perseverance",0.9999823450434604,484,A039,0.2916340256593053,0.7083483193841551,0.501757341574357
openai,gpt4o_anchor,GPT-4o historical-generation anchor,Mexico,Independence,0.9788970872927578,484,A029,0.375861092531469,0.6030359947612889,0.36365241097773726
openai,gpt4o_anchor,GPT-4o historical-generation anchor,Mexico,Obedience,0.27270392993793036,484,A042,0.5665982056584072,0.2938942757204769,0.08637384530126369
openai,gpt4o_anchor,GPT-4o historical-generation anchor,Mexico,Religious faith,0.7625068176933255,484,A040,0.3523767371015101,0.41013008059181544,0.16820668300624902
openai,gpt4o_anchor,GPT-4o historical-generation anchor,Moldova,"Determination, perseverance",0.9999838139337026,498,A039,0.260517307289575,0.7394665066441276,0.5468107144484696
openai,gpt4o_anchor,GPT-4o historical-generation anchor,Moldova,Independence,0.999739256454475,498,A029,0.4674377591617412,0.5323014972927338,0.2833448840200863
openai,gpt4o_anchor,GPT-4o historical-generation anchor,Moldova,Obedience,0.04226712904473901,498,A042,0.2093994598721537,0.1671323308274147,0.02793321600780439
openai,gpt4o_anchor,GPT-4o historical-generation anchor,Moldova,Religious faith,0.18341372680634485,498,A040,0.4124913315829391,0.22907760477659425,0.05247654901018152
openai,gpt4o_anchor,GPT-4o historical-generation anchor,Mongolia,"Determination, perseverance",0.9999904727210593,496,A039,0.415394696507849,0.5845957762132103,0.3417522215663259
openai,gpt4o_anchor,GPT-4o historical-generation anchor,Mongolia,Independence,0.9998879750044212,496,A029,0.6002532464430371,0.39963472856138404,0.1597079162723311
openai,gpt4o_anchor,GPT-4o historical-generation anchor,Mongolia,Obedience,0.16367480924723282,496,A042,0.3186531982466914,0.1549783889994586,0.02401830105686751
openai,gpt4o_anchor,GPT-4o historical-generation anchor,Mongolia,Religious faith,0.029051557030987375,496,A040,0.1855626092788274,0.15651105224784,0.024495709475726105
openai,gpt4o_anchor,GPT-4o historical-generation anchor,Montenegro,"Determination, perseverance",0.9999744874802247,499,A039,0.4134511471592907,0.586523340320934,0.34400962874122615
openai,gpt4o_anchor,GPT-4o historical-generation anchor,Montenegro,Independence,0.9998935558045984,499,A029,0.4118436559454929,0.5880498998591055,0.345802684724304
openai,gpt4o_anchor,GPT-4o historical-generation anchor,Montenegro,Obedience,0.02248444826589894,499,A042,0.2963992761995119,0.27391482793361294,0.07502933296190079
openai,gpt4o_anchor,GPT-4o historical-generation anchor,Montenegro,Religious faith,0.16976115645770812,499,A040,0.2620200773849775,0.0922589209272694,0.008511708490664146
openai,gpt4o_anchor,GPT-4o historical-generation anchor,Morocco,"Determination, perseverance",0.999963002918942,504,A039,0.2583333333333333,0.7416296695856087,0.5500145668096592
openai,gpt4o_anchor,GPT-4o historical-generation anchor,Morocco,Independence,0.9853700789758216,504,A029,0.4697222222222222,0.5156478567535994,0.26589271217458055
openai,gpt4o_anchor,GPT-4o historical-generation anchor,Morocco,Obedience,0.7559902586716872,504,A042,0.3880555555555555,0.36793470311613174,0.135375945757156
openai,gpt4o_anchor,GPT-4o historical-generation anchor,Morocco,Religious faith,0.9999617272877313,504,A040,0.7097222222222221,0.2902395050655091,0.08423897030067169
openai,gpt4o_anchor,GPT-4o historical-generation anchor,Myanmar,"Determination, perseverance",0.9999822336411418,104,A039,0.4341666666666666,0.5658155669744752,0.32014725583064685
openai,gpt4o_anchor,GPT-4o historical-generation anchor,Myanmar,Independence,0.9794121433030816,104,A029,0.3708333333333333,0.6085788099697482,0.3703681679441949
openai,gpt4o_anchor,GPT-4o historical-generation anchor,Myanmar,Obedience,0.9767060799011125,104,A042,0.5,0.47670607990111247,0.22724868661468584
openai,gpt4o_anchor,GPT-4o historical-generation anchor,Myanmar,Religious faith,0.9980065212206422,104,A040,0.5258333333333334,0.4721731878873088,0.22294751935966378
openai,gpt4o_anchor,GPT-4o historical-generation anchor,Netherlands,"Determination, perseverance",0.9999891105050285,528,A039,0.3382621949565669,0.6617269155484615,0.4378825107612807
openai,gpt4o_anchor,GPT-4o historical-generation anchor,Netherlands,Independence,0.9999951516983309,528,A029,0.5690618187662281,0.4309333329321028,0.18570353743197054
openai,gpt4o_anchor,GPT-4o historical-generation anchor,Netherlands,Obedience,3.182417940962526e-05,528,A042,0.2609540193490737,0.2609221951696641,0.06808039193215627
openai,gpt4o_anchor,GPT-4o historical-generation anchor,Netherlands,Religious faith,1.6666080592906426e-05,528,A040,0.1071215181525154,0.1071048520719225,0.0114714493373484
openai,gpt4o_anchor,GPT-4o historical-generation anchor,New Zealand,"Determination, perseverance",0.9999931597946322,554,A039,0.4930418558354051,0.506951303959227,0.2569996245859606
openai,gpt4o_anchor,GPT-4o historical-generation anchor,New Zealand,Independence,0.999982484726295,554,A029,0.5319662698256457,0.4680162149006494,0.2190391774099308
openai,gpt4o_anchor,GPT-4o historical-generation anchor,New Zealand,Obedience,0.000675344512006822,554,A042,0.2172805642633228,0.21660521975131597,0.046917821223515885
openai,gpt4o_anchor,GPT-4o historical-generation anchor,New Zealand,Religious faith,0.00021157190972870523,554,A040,0.1416935781717291,0.1414820062620004,0.020017158095920716
openai,gpt4o_anchor,GPT-4o historical-generation anchor,Nicaragua,"Determination, perseverance",0.99997322590572,558,A039,0.1583333333333333,0.8416398925723867,0.7083577087692586
openai,gpt4o_anchor,GPT-4o historical-generation anchor,Nicaragua,Independence,0.9981489539795707,558,A029,0.2616666666666666,0.7364822873129041,0.5424061595256471
openai,gpt4o_anchor,GPT-4o historical-generation anchor,Nicaragua,Obedience,0.36745584191182823,558,A042,0.6308333333333334,0.2633774914215051,0.06936770298748501
openai,gpt4o_anchor,GPT-4o historical-generation anchor,Nicaragua,Religious faith,0.9611069713680307,558,A040,0.53,0.43110697136803067,0.18585322076211602
openai,gpt4o_anchor,GPT-4o historical-generation anchor,Nigeria,"Determination, perseverance",0.999987457275663,566,A039,0.2888114628665209,0.711175994409142,0.505771295023832
openai,gpt4o_anchor,GPT-4o historical-generation anchor,Nigeria,Independence,0.9734763115484654,566,A029,0.3479621827604564,0.625514128788009,0.39126792531342197
openai,gpt4o_anchor,GPT-4o historical-generation anchor,Nigeria,Obedience,0.9586813812319926,566,A042,0.6019584400207517,0.35672294121124093,0.12725125678639845
openai,gpt4o_anchor,GPT-4o historical-generation anchor,Nigeria,Religious faith,0.9998614440807934,566,A040,0.7259582369722399,0.2739032071085534,0.07502296686435111
openai,gpt4o_anchor,GPT-4o historical-generation anchor,North Macedonia,"Determination, perseverance",0.9999861739771505,807,A039,0.6817191355790427,0.31826703839810777,0.10129390773070261
openai,gpt4o_anchor,GPT-4o historical-generation anchor,North Macedonia,Independence,0.999806986371507,807,A029,0.6744242432590264,0.3253827431124806,0.10587392951540255
openai,gpt4o_anchor,GPT-4o historical-generation anchor,North Macedonia,Obedience,0.02083230178994936,807,A042,0.6286163145477524,0.607784012757803,0.36940140616397726
openai,gpt4o_anchor,GPT-4o historical-generation anchor,North Macedonia,Religious faith,0.20560151828221684,807,A040,0.5864450892009255,0.3808435709187087,0.1450418255101135
openai,gpt4o_anchor,GPT-4o historical-generation anchor,Northern Cyprus,"Determination, perseverance",0.9999697456571559,197,A039,0.4345001620390499,0.5654695836181061,0.3197558499972342
openai,gpt4o_anchor,GPT-4o historical-generation anchor,Northern Cyprus,Independence,0.9997583443629571,197,A029,0.2446144407752789,0.7551439035876781,0.5702423151256365
openai,gpt4o_anchor,GPT-4o historical-generation anchor,Northern Cyprus,Obedience,0.0396148658626771,197,A042,0.3240490807862748,0.2844342149235977,0.08090282261920338
openai,gpt4o_anchor,GPT-4o historical-generation anchor,Northern Cyprus,Religious faith,0.5506160492576023,197,A040,0.3465301105876434,0.20408593866995894,0.04165107036279824
openai,gpt4o_anchor,GPT-4o historical-generation anchor,Northern Ireland,"Determination, perseverance",0.9999915056582678,909,A039,0.3463032167318258,0.6536882889264419,0.4273083790795794
openai,gpt4o_anchor,GPT-4o historical-generation anchor,Northern Ireland,Independence,0.9997934355443325,909,A029,0.49706726861223,0.5027261669321026,0.25273359891824426
openai,gpt4o_anchor,GPT-4o historical-generation anchor,Northern Ireland,Obedience,0.007014183244930579,909,A042,0.3676184107714088,0.3606042275264782,0.13003540890996806
openai,gpt4o_anchor,GPT-4o historical-generation anchor,Northern Ireland,Religious faith,0.34380273801137234,909,A040,0.2718047324079325,0.07199800560343983,0.005183712810872953
openai,gpt4o_anchor,GPT-4o historical-generation anchor,Norway,"Determination, perseverance",0.999975519186813,578,A039,0.3362897736400353,0.6636857455467777,0.44047876884198217
openai,gpt4o_anchor,GPT-4o historical-generation anchor,Norway,Independence,0.9999807848266663,578,A029,0.8699482348100268,0.1300325500166395,0.016908464063829853
openai,gpt4o_anchor,GPT-4o historical-generation anchor,Norway,Obedience,9.164209508260543e-05,578,A042,0.2194083290094059,0.2193166869143233,0.04809980915907531
openai,gpt4o_anchor,GPT-4o historical-generation anchor,Norway,Religious faith,7.871733634056082e-05,578,A040,0.0792036330799495,0.07912491574360894,0.006260752291433214
openai,gpt4o_anchor,GPT-4o historical-generation anchor,Pakistan,"Determination, perseverance",0.9999296958150807,586,A039,0.293742678914812,0.7061870169002687,0.49870010283850047
openai,gpt4o_anchor,GPT-4o historical-generation anchor,Pakistan,Independence,0.8247433582718688,586,A029,0.3191252997222689,0.5056180585496,0.25564962113146666
openai,gpt4o_anchor,GPT-4o historical-generation anchor,Pakistan,Obedience,0.8643701831664083,586,A042,0.4943591018385164,0.37001108132789196,0.13690820030543588
openai,gpt4o_anchor,GPT-4o historical-generation anchor,Pakistan,Religious faith,0.9999880487490215,586,A040,0.6579998490427104,0.3419881997063111,0.11695592873836373
openai,gpt4o_anchor,GPT-4o historical-generation anchor,Palestine,"Determination, perseverance",0.9999680467143731,275,A039,0.2,0.799968046714373,0.6399488757640094
openai,gpt4o_anchor,GPT-4o historical-generation anchor,Palestine,Independence,0.8919333750129803,275,A029,0.429,0.4629333750129803,0.21430730970090867
openai,gpt4o_anchor,GPT-4o historical-generation anchor,Palestine,Obedience,0.6567247699517508,275,A042,0.482,0.1747247699517508,0.030528745234692237
openai,gpt4o_anchor,GPT-4o historical-generation anchor,Palestine,Religious faith,0.9999787288969986,275,A040,0.762,0.23797872889699856,0.05663387540743114
openai,gpt4o_anchor,GPT-4o historical-generation anchor,Peru,"Determination, perseverance",0.9999847346725825,604,A039,0.209118082512179,0.7908666521604035,0.6254700614994047
openai,gpt4o_anchor,GPT-4o historical-generation anchor,Peru,Independence,0.9993772385661851,604,A029,0.2793007073818778,0.7200765311843074,0.5185102107624248
openai,gpt4o_anchor,GPT-4o historical-generation anchor,Peru,Obedience,0.17127619535723396,604,A042,0.4901836090662739,0.31890741370903997,0.10170193851858877
openai,gpt4o_anchor,GPT-4o historical-generation anchor,Peru,Religious faith,0.8194741457990732,604,A040,0.4021631283362026,0.4173110174628706,0.17414848529589627
openai,gpt4o_anchor,GPT-4o historical-generation anchor,Philippines,"Determination, perseverance",0.9999907829329899,608,A039,0.2392777908333333,0.7607129920996566,0.5786842563492122
openai,gpt4o_anchor,GPT-4o historical-generation anchor,Philippines,Independence,0.9984285919596623,608,A029,0.59357764625,0.4048509457096623,0.16390428824200792
openai,gpt4o_anchor,GPT-4o historical-generation anchor,Philippines,Obedience,0.7391555570522048,608,A042,0.3705467033333333,0.36860885371887153,0.13587248703994043
openai,gpt4o_anchor,GPT-4o historical-generation anchor,Philippines,Religious faith,0.9955378511005438,608,A040,0.5641686525,0.4313691986005438,0.1860793855012754
openai,gpt4o_anchor,GPT-4o historical-generation anchor,Poland,"Determination, perseverance",0.9999751432768376,616,A039,0.2771229582236157,0.7228521850532219,0.5225152814362174
openai,gpt4o_anchor,GPT-4o historical-generation anchor,Poland,Independence,0.9999174743177323,616,A029,0.3814911210776115,0.6184263532401207,0.3824511543818746
openai,gpt4o_anchor,GPT-4o historical-generation anchor,Poland,Obedience,0.0027881550323132593,616,A042,0.3388613803322846,0.3360732252999713,0.11294521276352527
openai,gpt4o_anchor,GPT-4o historical-generation anchor,Poland,Religious faith,0.03418628491388297,616,A040,0.3874964997622637,0.3533102148483807,0.12482810791620894
openai,gpt4o_anchor,GPT-4o historical-generation anchor,Portugal,"Determination, perseverance",0.9999869971505092,620,A039,0.3224484284611731,0.677538568689336,0.45905851206159415
openai,gpt4o_anchor,GPT-4o historical-generation anchor,Portugal,Independence,0.9999317918533827,620,A029,0.4142837190884863,0.5856480727648963,0.34298366513323725
openai,gpt4o_anchor,GPT-4o historical-generation anchor,Portugal,Obedience,0.0017212866577630277,620,A042,0.2716410909419572,0.26991980428419415,0.07285670074481768
openai,gpt4o_anchor,GPT-4o historical-generation anchor,Portugal,Religious faith,0.005807504206961769,620,A040,0.1231590475125089,0.11735154330554713,0.013771384716193704
openai,gpt4o_anchor,GPT-4o historical-generation anchor,Puerto Rico,"Determination, perseverance",0.9999883476199722,630,A039,0.2724046140195209,0.7275837336004514,0.5293780893999726
openai,gpt4o_anchor,GPT-4o historical-generation anchor,Puerto Rico,Independence,0.9980898219020146,630,A029,0.4303460514640639,0.5677437704379507,0.3223329888711004
openai,gpt4o_anchor,GPT-4o historical-generation anchor,Puerto Rico,Obedience,0.1267594612913951,630,A042,0.4578527062999112,0.3310932450085161,0.10962273689026927
openai,gpt4o_anchor,GPT-4o historical-generation anchor,Puerto Rico,Religious faith,0.9681773633594375,630,A040,0.5377107364685004,0.43046662689093707,0.18530151686686122
openai,gpt4o_anchor,GPT-4o historical-generation anchor,Romania,"Determination, perseverance",0.9999891852081868,642,A039,0.3534636489943727,0.646525536213814,0.41799526897655975
openai,gpt4o_anchor,GPT-4o historical-generation anchor,Romania,Independence,0.9999033592416616,642,A029,0.4310831787286046,0.568820180513057,0.3235563977589068
openai,gpt4o_anchor,GPT-4o historical-generation anchor,Romania,Obedience,0.013707568744517316,642,A042,0.2377709096067277,0.2240633408622104,0.05020438071833508
openai,gpt4o_anchor,GPT-4o historical-generation anchor,Romania,Religious faith,0.08286184176252658,642,A040,0.6079851837191952,0.5251233419566687,0.2757545242677404
openai,gpt4o_anchor,GPT-4o historical-generation anchor,Russia,"Determination, perseverance",0.9999855430065168,643,A039,0.4419434363336212,0.5580421066728956,0.31141099281992335
openai,gpt4o_anchor,GPT-4o historical-generation anchor,Russia,Independence,0.9999261114261337,643,A029,0.3669835184817869,0.6329425929443468,0.40061632596311314
openai,gpt4o_anchor,GPT-4o historical-generation anchor,Russia,Obedience,0.1437251528232269,643,A042,0.2997257419870449,0.15600058916381798,0.024336183819458325
openai,gpt4o_anchor,GPT-4o historical-generation anchor,Russia,Religious faith,0.0068034860855466115,643,A040,0.1268268678876778,0.1200233818021312,0.014405612179220158
openai,gpt4o_anchor,GPT-4o historical-generation anchor,Rwanda,"Determination, perseverance",0.9999799490473226,646,A039,0.4697834467312333,0.5301965023160893,0.28110833106821487
openai,gpt4o_anchor,GPT-4o historical-generation anchor,Rwanda,Independence,0.9865036604789813,646,A029,0.2796734644568525,0.7068301960221288,0.49960892600868106
openai,gpt4o_anchor,GPT-4o historical-generation anchor,Rwanda,Obedience,0.8166547695315225,646,A042,0.6970420508702241,0.11961271866129841,0.014307202465546925
openai,gpt4o_anchor,GPT-4o historical-generation anchor,Rwanda,Religious faith,0.9960937147147095,646,A040,0.3993205251719872,0.5967731895427224,0.3561382397569941
openai,gpt4o_anchor,GPT-4o historical-generation anchor,Serbia,"Determination, perseverance",0.9999828933850472,688,A039,0.4463189368263509,0.5536639565586963,0.3065437767922299
openai,gpt4o_anchor,GPT-4o historical-generation anchor,Serbia,Independence,0.999870467763223,688,A029,0.4702980251372635,0.5295724426259595,0.2804469719888251
openai,gpt4o_anchor,GPT-4o historical-generation anchor,Serbia,Obedience,0.015544656946628021,688,A042,0.4035704165871551,0.38802575964052705,0.15056399014460806
openai,gpt4o_anchor,GPT-4o historical-generation anchor,Serbia,Religious faith,0.08975600281080118,688,A040,0.2445205969396049,0.15476459412880372,0.023952079595853347
openai,gpt4o_anchor,GPT-4o historical-generation anchor,Singapore,"Determination, perseverance",0.9999901532785275,702,A039,0.4236334395142123,0.5763567137643152,0.33218706150120075
openai,gpt4o_anchor,GPT-4o historical-generation anchor,Singapore,Independence,0.9998295018035485,702,A029,0.6388610144583757,0.36096848734517273,0.13029824885626212
openai,gpt4o_anchor,GPT-4o historical-generation anchor,Singapore,Obedience,0.045574173301115295,702,A042,0.2720021488708553,0.22642797556973998,0.05126962812061077
openai,gpt4o_anchor,GPT-4o historical-generation anchor,Singapore,Religious faith,0.006742520030993354,702,A040,0.2554350301720567,0.24869251014106336,0.0618479646002629
openai,gpt4o_anchor,GPT-4o historical-generation anchor,Slovakia,"Determination, perseverance",0.9999849656105253,703,A039,0.3077227039867682,0.692262261623757,0.47922703886843904
openai,gpt4o_anchor,GPT-4o historical-generation anchor,Slovakia,Independence,0.9999421935085726,703,A029,0.5465216706157894,0.45342052289278323,0.20559017058036497
openai,gpt4o_anchor,GPT-4o historical-generation anchor,Slovakia,Obedience,0.003837834279570748,703,A042,0.2283072202818872,0.22446938600231647,0.05038650525225695
openai,gpt4o_anchor,GPT-4o historical-generation anchor,Slovakia,Religious faith,0.003411450571647745,703,A040,0.2443478453556368,0.24093639478398907,0.058050346331506235
openai,gpt4o_anchor,GPT-4o historical-generation anchor,Slovenia,"Determination, perseverance",0.999985795589539,705,A039,0.5622705266083308,0.43771526898120827,0.19159465669929152
openai,gpt4o_anchor,GPT-4o historical-generation anchor,Slovenia,Independence,0.99995873996686,705,A029,0.8017806386608812,0.1981781013059788,0.039274559837242796
openai,gpt4o_anchor,GPT-4o historical-generation anchor,Slovenia,Obedience,0.0013814054027950448,705,A042,0.2892675403081453,0.28788613490535025,0.08287842667074152
openai,gpt4o_anchor,GPT-4o historical-generation anchor,Slovenia,Religious faith,0.0006280967309828264,705,A040,0.1577243015693539,0.15709620483837108,0.024679217574619446
openai,gpt4o_anchor,GPT-4o historical-generation anchor,South Africa,"Determination, perseverance",0.9999894828393424,710,A039,0.3411343467718831,0.6588551360674593,0.43409009032247026
openai,gpt4o_anchor,GPT-4o historical-generation anchor,South Africa,Independence,0.9998930871545937,710,A029,0.611569119263724,0.38832396789086965,0.15079550403850916
openai,gpt4o_anchor,GPT-4o historical-generation anchor,South Africa,Obedience,0.027310933098104506,710,A042,0.4199806292310428,0.3926696961329383,0.1541894902611341
openai,gpt4o_anchor,GPT-4o historical-generation anchor,South Africa,Religious faith,0.5046089098851751,710,A040,0.5021808336931373,0.002428076192037887,5.895553994341205e-06
openai,gpt4o_anchor,GPT-4o historical-generation anchor,South Korea,"Determination, perseverance",0.9999931108160649,410,A039,0.4969054838362517,0.5030876269798132,0.2530971604201797
openai,gpt4o_anchor,GPT-4o historical-generation anchor,South Korea,Independence,0.9836449260633788,410,A029,0.6195061447534546,0.3641387813099243,0.13259705205387687
openai,gpt4o_anchor,GPT-4o historical-generation anchor,South Korea,Obedience,0.7307020832586317,410,A042,0.0910262177417239,0.6396758655169078,0.40918521292480514
openai,gpt4o_anchor,GPT-4o historical-generation anchor,South Korea,Religious faith,0.0031400806439961363,410,A040,0.1879554120732239,0.18481533142922776,0.034156706731295304
openai,gpt4o_anchor,GPT-4o historical-generation anchor,Spain,"Determination, perseverance",0.9999881798549184,724,A039,0.3250584399549892,0.6749297398999292,0.4555301538013861
openai,gpt4o_anchor,GPT-4o historical-generation anchor,Spain,Independence,0.9999308303026726,724,A029,0.4018106951293028,0.5981201351733698,0.35774769609981016
openai,gpt4o_anchor,GPT-4o historical-generation anchor,Spain,Obedience,0.0007071602249581225,724,A042,0.345734969191082,0.34502780896612384,0.11904418895996405
openai,gpt4o_anchor,GPT-4o historical-generation anchor,Spain,Religious faith,0.0014066886507584958,724,A040,0.1217570010236177,0.1203503123728592,0.014484197688244787
openai,gpt4o_anchor,GPT-4o historical-generation anchor,Sweden,"Determination, perseverance",0.9999656273396468,752,A039,0.3884370992431392,0.6115285280965076,0.3739671406758811
openai,gpt4o_anchor,GPT-4o historical-generation anchor,Sweden,Independence,0.9999926303667002,752,A029,0.6983212659793452,0.301671364387355,0.0910056120913283
openai,gpt4o_anchor,GPT-4o historical-generation anchor,Sweden,Obedience,5.6031569440084136e-05,752,A042,0.1287038778290841,0.128647846259644,0.016550268347245
openai,gpt4o_anchor,GPT-4o historical-generation anchor,Sweden,Religious faith,1.2913374862277217e-05,752,A040,0.0525743593664073,0.052561445991545025,0.0027627056047221047
openai,gpt4o_anchor,GPT-4o historical-generation anchor,Switzerland,"Determination, perseverance",0.99998975804374,756,A039,0.4920961205806764,0.5078936374630636,0.25795594697546187
openai,gpt4o_anchor,GPT-4o historical-generation anchor,Switzerland,Independence,0.9999889267540596,756,A029,0.6953006775769949,0.3046882491770647,0.09283492918658508
openai,gpt4o_anchor,GPT-4o historical-generation anchor,Switzerland,Obedience,0.00031102326659098714,756,A042,0.1453305363308215,0.1450195130642305,0.02103065916938652
openai,gpt4o_anchor,GPT-4o historical-generation anchor,Switzerland,Religious faith,0.00037412798568631033,756,A040,0.1129391933877924,0.11256506540210609,0.012670893948980421
openai,gpt4o_anchor,GPT-4o historical-generation anchor,Taiwan ROC,"Determination, perseverance",0.9999892224277879,158,A039,0.3089321544593908,0.691057067968397,0.4775598711890777
openai,gpt4o_anchor,GPT-4o historical-generation anchor,Taiwan ROC,Independence,0.9997103453202625,158,A029,0.7370664557818293,0.2626438895384332,0.0689818127118767
openai,gpt4o_anchor,GPT-4o historical-generation anchor,Taiwan ROC,Obedience,0.12015235221849725,158,A042,0.12243334893028,0.002280996711782751,5.202945999163723e-06
openai,gpt4o_anchor,GPT-4o historical-generation anchor,Taiwan ROC,Religious faith,0.00023907429709738213,158,A040,0.092814631319135,0.09257555702203762,0.00857023375794054
openai,gpt4o_anchor,GPT-4o historical-generation anchor,Thailand,"Determination, perseverance",0.9999860442087745,764,A039,0.4752445892430926,0.5247414549656819,0.27535359455950076
openai,gpt4o_anchor,GPT-4o historical-generation anchor,Thailand,Independence,0.9673220049009925,764,A029,0.4247280793901173,0.5425939255108752,0.29440816800130115
openai,gpt4o_anchor,GPT-4o historical-generation anchor,Thailand,Obedience,0.7299477558557299,764,A042,0.3867840244962548,0.3431637313594751,0.11776134652055799
openai,gpt4o_anchor,GPT-4o historical-generation anchor,Thailand,Religious faith,0.8742793525156648,764,A040,0.281630397713704,0.5926489548019608,0.35123278362785654
openai,gpt4o_anchor,GPT-4o historical-generation anchor,Trinidad and Tobago,"Determination, perseverance",0.9999917994192498,780,A039,0.2605364420946665,0.7394553573245832,0.5467942254760271
openai,gpt4o_anchor,GPT-4o historical-generation anchor,Trinidad and Tobago,Independence,0.9997684424369997,780,A029,0.5665831385903095,0.4331853038466902,0.1876495074687493
openai,gpt4o_anchor,GPT-4o historical-generation anchor,Trinidad and Tobago,Obedience,0.09622952460243948,780,A042,0.7210843467132273,0.6248548221107878,0.3904435487151043
openai,gpt4o_anchor,GPT-4o historical-generation anchor,Trinidad and Tobago,Religious faith,0.908898086934372,780,A040,0.6850733350800122,0.2238247518543598,0.05009751954266574
openai,gpt4o_anchor,GPT-4o historical-generation anchor,Tunisia,"Determination, perseverance",0.9999674795316571,788,A039,0.4367445388667689,0.5632229406648882,0.3172200808912042
openai,gpt4o_anchor,GPT-4o historical-generation anchor,Tunisia,Independence,0.9940670795177773,788,A029,0.6043550971570116,0.38971198236076565,0.15187542919555772
openai,gpt4o_anchor,GPT-4o historical-generation anchor,Tunisia,Obedience,0.326282488156867,788,A042,0.5759113314210922,0.2496288432642252,0.06231455938943511
openai,gpt4o_anchor,GPT-4o historical-generation anchor,Tunisia,Religious faith,0.999564103244369,788,A040,0.7859372558551363,0.21362684738923265,0.0456364299254625
openai,gpt4o_anchor,GPT-4o historical-generation anchor,Turkey,"Determination, perseverance",0.9999679620180381,792,A039,0.5413978720846859,0.45857008993335213,0.21028652738148265
openai,gpt4o_anchor,GPT-4o historical-generation anchor,Turkey,Independence,0.9927547569221197,792,A029,0.5145633469115183,0.4781914100106014,0.2286670246079271
openai,gpt4o_anchor,GPT-4o historical-generation anchor,Turkey,Obedience,0.2336949033883619,792,A042,0.5443285867341164,0.31063368334575453,0.0964932852289505
openai,gpt4o_anchor,GPT-4o historical-generation anchor,Turkey,Religious faith,0.9468297578331297,792,A040,0.5657198439318077,0.381109913901322,0.14524476647387305
openai,gpt4o_anchor,GPT-4o historical-generation anchor,Ukraine,"Determination, perseverance",0.9999899765847653,804,A039,0.4196442021242727,0.5803457744604925,0.33680121793414886
openai,gpt4o_anchor,GPT-4o historical-generation anchor,Ukraine,Independence,0.9999716882552774,804,A029,0.3289616249919995,0.6710100632632778,0.4502545050005881
openai,gpt4o_anchor,GPT-4o historical-generation anchor,Ukraine,Obedience,0.004019946246264136,804,A042,0.4087271037518402,0.40470715750557607,0.16378788333624314
openai,gpt4o_anchor,GPT-4o historical-generation anchor,Ukraine,Religious faith,0.017436187923443532,804,A040,0.203964601397344,0.18652841347390045,0.034792849033090364
openai,gpt4o_anchor,GPT-4o historical-generation anchor,United Kingdom,"Determination, perseverance",0.9999934496669237,826,A039,0.3968632311580566,0.6031302185088672,0.36376606047855387
openai,gpt4o_anchor,GPT-4o historical-generation anchor,United Kingdom,Independence,0.999963513929847,826,A029,0.5278747418520863,0.4720887720777607,0.22286780872188786
openai,gpt4o_anchor,GPT-4o historical-generation anchor,United Kingdom,Obedience,0.0007700508307551684,826,A042,0.3010518043081865,0.30028175347743136,0.09016913147148085
openai,gpt4o_anchor,GPT-4o historical-generation anchor,United Kingdom,Religious faith,0.0004034279889027906,826,A040,0.1304224224336411,0.13001899444473833,0.016904938916420895
openai,gpt4o_anchor,GPT-4o historical-generation anchor,United States,"Determination, perseverance",0.9999963536801701,840,A039,0.3819953600415022,0.6180009936386679,0.3819252281383808
openai,gpt4o_anchor,GPT-4o historical-generation anchor,United States,Independence,0.9999812902174672,840,A029,0.5432230348939487,0.45675825532351844,0.20862810380618446
openai,gpt4o_anchor,GPT-4o historical-generation anchor,United States,Obedience,0.002453813006546528,840,A042,0.2558408907141996,0.25338707770765306,0.06420501114922421
openai,gpt4o_anchor,GPT-4o historical-generation anchor,United States,Religious faith,0.007108006749341912,840,A040,0.419474993108358,0.4123669863590161,0.17004653143881696
openai,gpt4o_anchor,GPT-4o historical-generation anchor,Uruguay,"Determination, perseverance",0.9999859018445925,858,A039,0.3471268416666667,0.6528590601779258,0.42622495245640457
openai,gpt4o_anchor,GPT-4o historical-generation anchor,Uruguay,Independence,0.9999081444558243,858,A029,0.4700110906666666,0.5298970537891577,0.28079088761442955
openai,gpt4o_anchor,GPT-4o historical-generation anchor,Uruguay,Obedience,0.0055306908897180375,858,A042,0.403136712,0.397606021110282,0.15809054802315
openai,gpt4o_anchor,GPT-4o historical-generation anchor,Uruguay,Religious faith,0.01866997180772511,858,A040,0.1400232266666666,0.1213532548589415,0.014726612464859207
openai,gpt4o_anchor,GPT-4o historical-generation anchor,Venezuela,"Determination, perseverance",0.9999874730303263,862,A039,0.2386554621848739,0.7613320108454524,0.5796264307379801
openai,gpt4o_anchor,GPT-4o historical-generation anchor,Venezuela,Independence,0.9995073563462424,862,A029,0.3546218487394958,0.6448855076067466,0.4158773179212112
openai,gpt4o_anchor,GPT-4o historical-generation anchor,Venezuela,Obedience,0.08703381655397918,862,A042,0.6899159663865546,0.6028821498325754,0.36346688658674786
openai,gpt4o_anchor,GPT-4o historical-generation anchor,Venezuela,Religious faith,0.7051611988437141,862,A040,0.3084033613445378,0.3967578374991763,0.1574167816170228
openai,gpt4o_anchor,GPT-4o historical-generation anchor,Vietnam,"Determination, perseverance",0.9999794060101864,704,A039,0.5381256967670012,0.46185370924318525,0.2133088487416887
openai,gpt4o_anchor,GPT-4o historical-generation anchor,Vietnam,Independence,0.9817602507234426,704,A029,0.5045721850613155,0.4771880656621271,0.22770845001036255
openai,gpt4o_anchor,GPT-4o historical-generation anchor,Vietnam,Obedience,0.8044239603437514,704,A042,0.4352828874024526,0.36914107294129883,0.1362651317322533
openai,gpt4o_anchor,GPT-4o historical-generation anchor,Vietnam,Religious faith,0.036446652932723256,704,A040,0.0554347826086956,0.018988129675972347,0.00036054906859154173
openai,gpt4o_anchor,GPT-4o historical-generation anchor,Yemen,"Determination, perseverance",0.9998893602501895,887,A039,0.305,0.6948893602501895,0.4828712229889177
openai,gpt4o_anchor,GPT-4o historical-generation anchor,Yemen,Independence,0.4189943084207391,887,A029,0.306,0.1129943084207391,0.01276771373548111
openai,gpt4o_anchor,GPT-4o historical-generation anchor,Yemen,Obedience,0.9869956978401101,887,A042,0.7,0.28699569784011014,0.0823665305787318
openai,gpt4o_anchor,GPT-4o historical-generation anchor,Yemen,Religious faith,0.9999977500475646,887,A040,0.845,0.15499775004756466,0.024024302519807333
openai,gpt4o_anchor,GPT-4o historical-generation anchor,Zambia,"Determination, perseverance",0.9999839296320312,894,A039,0.384,0.6159839296320312,0.37943620156491914
openai,gpt4o_anchor,GPT-4o historical-generation anchor,Zambia,Independence,0.995338268510387,894,A029,0.5473333333333333,0.44800493517705364,0.20070842194299604
openai,gpt4o_anchor,GPT-4o historical-generation anchor,Zambia,Obedience,0.7940998738452674,894,A042,0.678,0.11609987384526732,0.013479180706886987
openai,gpt4o_anchor,GPT-4o historical-generation anchor,Zambia,Religious faith,0.9936453091876738,894,A040,0.6093333333333333,0.3843119758543405,0.1476956947850672
openai,gpt4o_anchor,GPT-4o historical-generation anchor,Zimbabwe,"Determination, perseverance",0.9999856338231883,716,A039,0.3886759801669777,0.6113096536562106,0.3736994926532762
openai,gpt4o_anchor,GPT-4o historical-generation anchor,Zimbabwe,Independence,0.9977561640570647,716,A029,0.3722472887888142,0.6255088752682505,0.3912613530393518
openai,gpt4o_anchor,GPT-4o historical-generation anchor,Zimbabwe,Obedience,0.5841461927129232,716,A042,0.6375127004660303,0.05336650775310703,0.0028479841497624325
openai,gpt4o_anchor,GPT-4o historical-generation anchor,Zimbabwe,Religious faith,0.9261741910473678,716,A040,0.5722929936384418,0.353881197408926,0.12523190187957525
openai,gpt56_sol,GPT-5.6 Sol,Albania,"Determination, perseverance",1.0,8,A039,0.3652805803897671,0.6347194196102329,0.4028687416303509
openai,gpt56_sol,GPT-5.6 Sol,Albania,Independence,0.45339746019133287,8,A029,0.2428615937092713,0.21053586648206157,0.04432535107535246
openai,gpt56_sol,GPT-5.6 Sol,Albania,Obedience,0.8600977876710194,8,A042,0.2384270118611961,0.6216707758098233,0.38647455349598764
openai,gpt56_sol,GPT-5.6 Sol,Albania,Religious faith,0.48064773404961597,8,A040,0.2040849416150983,0.27656279243451765,0.07648697815917808
openai,gpt56_sol,GPT-5.6 Sol,Algeria,"Determination, perseverance",0.9906644056781434,12,A039,0.3516666666666667,0.6389977390114767,0.4083181104617793
openai,gpt56_sol,GPT-5.6 Sol,Algeria,Independence,0.05955354936458713,12,A029,0.3125,0.2529464506354129,0.06398190688905336
openai,gpt56_sol,GPT-5.6 Sol,Algeria,Obedience,0.9759593269721887,12,A042,0.4791666666666667,0.496792660305522,0.24680294733343777
openai,gpt56_sol,GPT-5.6 Sol,Algeria,Religious faith,1.0,12,A040,0.6466666666666666,0.3533333333333334,0.12484444444444448
openai,gpt56_sol,GPT-5.6 Sol,Andorra,"Determination, perseverance",1.0,20,A039,0.3591099475230158,0.6408900524769843,0.41074005936395164
openai,gpt56_sol,GPT-5.6 Sol,Andorra,Independence,1.0,20,A029,0.4764349566075136,0.5235650433924863,0.2741203546625761
openai,gpt56_sol,GPT-5.6 Sol,Andorra,Obedience,0.0,20,A042,0.3714956860643547,0.3714956860643547,0.13800904476442558
openai,gpt56_sol,GPT-5.6 Sol,Andorra,Religious faith,0.0,20,A040,0.0861592876755614,0.0861592876755614,0.007423422852760146
openai,gpt56_sol,GPT-5.6 Sol,Argentina,"Determination, perseverance",1.0,32,A039,0.2580928727716174,0.7419071272283826,0.5504261854322715
openai,gpt56_sol,GPT-5.6 Sol,Argentina,Independence,0.9894266086017709,32,A029,0.3963612224370594,0.5930653861647115,0.35172655226669836
openai,gpt56_sol,GPT-5.6 Sol,Argentina,Obedience,0.0,32,A042,0.3892321792456598,0.3892321792456598,0.15150168936032543
openai,gpt56_sol,GPT-5.6 Sol,Argentina,Religious faith,0.0,32,A040,0.2426343360823389,0.2426343360823389,0.05887142104611738
openai,gpt56_sol,GPT-5.6 Sol,Armenia,"Determination, perseverance",1.0,51,A039,0.3569953921389652,0.6430046078610347,0.41345492573052306
openai,gpt56_sol,GPT-5.6 Sol,Armenia,Independence,0.31446656261043415,51,A029,0.2574912216222862,0.05697534098814794,0.0032461894807157303
openai,gpt56_sol,GPT-5.6 Sol,Armenia,Obedience,0.8983552693443658,51,A042,0.2074369731546748,0.690918296189691,0.4773680920096656
openai,gpt56_sol,GPT-5.6 Sol,Armenia,Religious faith,0.854124666588002,51,A040,0.2737350320827776,0.5803896345052244,0.33685212784110796
openai,gpt56_sol,GPT-5.6 Sol,Australia,"Determination, perseverance",1.0,36,A039,0.4743878316830888,0.5256121683169113,0.27626815148280504
openai,gpt56_sol,GPT-5.6 Sol,Australia,Independence,1.0,36,A029,0.6015932610325972,0.39840673896740275,0.1587279296546402
openai,gpt56_sol,GPT-5.6 Sol,Australia,Obedience,0.0,36,A042,0.2866620089344395,0.2866620089344395,0.08217510736632867
openai,gpt56_sol,GPT-5.6 Sol,Australia,Religious faith,0.0,36,A040,0.1645419308578427,0.1645419308578427,0.027074047010427083
openai,gpt56_sol,GPT-5.6 Sol,Austria,"Determination, perseverance",1.0,40,A039,0.3659028042792029,0.634097195720797,0.4020792536209788
openai,gpt56_sol,GPT-5.6 Sol,Austria,Independence,1.0,40,A029,0.671069305691363,0.328930694308637,0.10819540165836199
openai,gpt56_sol,GPT-5.6 Sol,Austria,Obedience,0.0,40,A042,0.1452624938605067,0.1452624938605067,0.021101192122573744
openai,gpt56_sol,GPT-5.6 Sol,Austria,Religious faith,0.0,40,A040,0.1491420213253578,0.1491420213253578,0.022243342525013483
openai,gpt56_sol,GPT-5.6 Sol,Azerbaijan,"Determination, perseverance",0.996124775448716,31,A039,0.3301243365521471,0.6660004388965689,0.4435565846104224
openai,gpt56_sol,GPT-5.6 Sol,Azerbaijan,Independence,0.4170091603446062,31,A029,0.5918345474268473,0.17482538708224105,0.030563915968455414
openai,gpt56_sol,GPT-5.6 Sol,Azerbaijan,Obedience,0.9436819717944499,31,A042,0.0763927128435337,0.8672892589509162,0.7521906586916295
openai,gpt56_sol,GPT-5.6 Sol,Azerbaijan,Religious faith,0.8174863070647435,31,A040,0.1662229064708945,0.6512634005938489,0.42414401695306414
openai,gpt56_sol,GPT-5.6 Sol,Bangladesh,"Determination, perseverance",0.9948151521385213,50,A039,0.1125,0.8823151521385213,0.778480027693222
openai,gpt56_sol,GPT-5.6 Sol,Bangladesh,Independence,0.08562302101845395,50,A029,0.3283333333333333,0.24271031231487936,0.05890829570398628
openai,gpt56_sol,GPT-5.6 Sol,Bangladesh,Obedience,0.9984399919221891,50,A042,0.1483333333333333,0.8501066585888558,0.7226813309771094
openai,gpt56_sol,GPT-5.6 Sol,Bangladesh,Religious faith,1.0,50,A040,0.8491666666666666,0.15083333333333337,0.022750694444444455
openai,gpt56_sol,GPT-5.6 Sol,Belarus,"Determination, perseverance",1.0,112,A039,0.3821828644894269,0.617817135510573,0.38169801293048977
openai,gpt56_sol,GPT-5.6 Sol,Belarus,Independence,0.7019590294773161,112,A029,0.3099289724956169,0.39203005698169924,0.15368756557707436
openai,gpt56_sol,GPT-5.6 Sol,Belarus,Obedience,0.5690464762015203,112,A042,0.3587893978327465,0.21025707836877378,0.044208039004172674
openai,gpt56_sol,GPT-5.6 Sol,Belarus,Religious faith,0.0,112,A040,0.1210142539194861,0.1210142539194861,0.014644449651689857
openai,gpt56_sol,GPT-5.6 Sol,Belgium,"Determination, perseverance",1.0,56,A039,0.3289976408659291,0.6710023591340709,0.4502441659634887
openai,gpt56_sol,GPT-5.6 Sol,Belgium,Independence,1.0,56,A029,0.3191954595105258,0.6808045404894743,0.4634948223510842
openai,gpt56_sol,GPT-5.6 Sol,Belgium,Obedience,0.0,56,A042,0.3762157175485958,0.3762157175485958,0.1415382661306048
openai,gpt56_sol,GPT-5.6 Sol,Belgium,Religious faith,0.0,56,A040,0.0991069058741015,0.0991069058741015,0.009822178791938013
openai,gpt56_sol,GPT-5.6 Sol,Bolivia,"Determination, perseverance",1.0,68,A039,0.1879553181155901,0.8120446818844099,0.6594165653767525
openai,gpt56_sol,GPT-5.6 Sol,Bolivia,Independence,0.1777309209866343,68,A029,0.2180670228266148,0.040336101839980515,0.0016270011116452795
openai,gpt56_sol,GPT-5.6 Sol,Bolivia,Obedience,0.932464465610262,68,A042,0.4730451675570665,0.4594192980531955,0.21106609142369087
openai,gpt56_sol,GPT-5.6 Sol,Bolivia,Religious faith,0.947109670745898,68,A040,0.416221466731423,0.530888204014475,0.28184228516171483
openai,gpt56_sol,GPT-5.6 Sol,Bosnia Herzegovina,"Determination, perseverance",0.9983975874982342,70,A039,0.392363676210834,0.6060339112874001,0.36727710163030436
openai,gpt56_sol,GPT-5.6 Sol,Bosnia Herzegovina,Independence,0.5201764289446703,70,A029,0.3300326583430539,0.1901437706016164,0.03615465349860013
openai,gpt56_sol,GPT-5.6 Sol,Bosnia Herzegovina,Obedience,0.4501181126696407,70,A042,0.3691041221344696,0.08101399053517111,0.006563266662432794
openai,gpt56_sol,GPT-5.6 Sol,Bosnia Herzegovina,Religious faith,0.8794507605941655,70,A040,0.3965337086056415,0.48291705198852397,0.23320887910128676
openai,gpt56_sol,GPT-5.6 Sol,Brazil,"Determination, perseverance",1.0,76,A039,0.2769372760047663,0.7230627239952336,0.5228197028314074
openai,gpt56_sol,GPT-5.6 Sol,Brazil,Independence,0.9124236903941771,76,A029,0.3097738000361021,0.602649890358075,0.36318689034859986
openai,gpt56_sol,GPT-5.6 Sol,Brazil,Obedience,0.43075351575992965,76,A042,0.503386834538473,0.07263331877854334,0.005275598996785497
openai,gpt56_sol,GPT-5.6 Sol,Brazil,Religious faith,0.573918480247469,76,A040,0.472809057914825,0.10110942233264403,0.010223115284440976
openai,gpt56_sol,GPT-5.6 Sol,Bulgaria,"Determination, perseverance",1.0,100,A039,0.6317208501056357,0.3682791498943643,0.13562953224691562
openai,gpt56_sol,GPT-5.6 Sol,Bulgaria,Independence,0.8344568172422987,100,A029,0.4330868784341937,0.401369938808105,0.16109782777882195
openai,gpt56_sol,GPT-5.6 Sol,Bulgaria,Obedience,0.03630284646562787,100,A042,0.2153945262522891,0.17909167978666124,0.03207382976880801
openai,gpt56_sol,GPT-5.6 Sol,Bulgaria,Religious faith,0.0,100,A040,0.1965507422487707,0.1965507422487707,0.0386321942785427
openai,gpt56_sol,GPT-5.6 Sol,Burkina Faso,"Determination, perseverance",0.9882753655219567,854,A039,0.2711864406779661,0.7170889248439907,0.5142165261339106
openai,gpt56_sol,GPT-5.6 Sol,Burkina Faso,Independence,0.0,854,A029,0.3116036505867014,0.3116036505867014,0.09709683505895911
openai,gpt56_sol,GPT-5.6 Sol,Burkina Faso,Obedience,1.0,854,A042,0.7046936114732725,0.2953063885267275,0.08720586310469855
openai,gpt56_sol,GPT-5.6 Sol,Burkina Faso,Religious faith,1.0,854,A040,0.6805736636245111,0.3194263363754889,0.10203318437026698
openai,gpt56_sol,GPT-5.6 Sol,Canada,"Determination, perseverance",1.0,124,A039,0.4849171087419086,0.5150828912580914,0.26531038486679476
openai,gpt56_sol,GPT-5.6 Sol,Canada,Independence,1.0,124,A029,0.5372817930466792,0.4627182069533208,0.21410813904609619
openai,gpt56_sol,GPT-5.6 Sol,Canada,Obedience,0.0,124,A042,0.2234402534616993,0.2234402534616993,0.04992554686702842
openai,gpt56_sol,GPT-5.6 Sol,Canada,Religious faith,0.0,124,A040,0.2141490303697361,0.2141490303697361,0.04585980720829815
openai,gpt56_sol,GPT-5.6 Sol,Chile,"Determination, perseverance",1.0,152,A039,0.4443286221672506,0.5556713778327493,0.30877068014254605
openai,gpt56_sol,GPT-5.6 Sol,Chile,Independence,0.9809805726240691,152,A029,0.3966168283893034,0.5843637442347658,0.34148098557607476
openai,gpt56_sol,GPT-5.6 Sol,Chile,Obedience,0.0,152,A042,0.4484067036215664,0.4484067036215664,0.2010685718527593
openai,gpt56_sol,GPT-5.6 Sol,Chile,Religious faith,0.0,152,A040,0.2582230282894098,0.2582230282894098,0.06667913233895333
openai,gpt56_sol,GPT-5.6 Sol,China,"Determination, perseverance",1.0,156,A039,0.235233333657164,0.764766666342836,0.5848680539491345
openai,gpt56_sol,GPT-5.6 Sol,China,Independence,0.8461602347528856,156,A029,0.7269954314378876,0.11916480331499801,0.014200250349102161
openai,gpt56_sol,GPT-5.6 Sol,China,Obedience,0.8353852236882383,156,A042,0.089893656997188,0.7454915666910503,0.5557576760074767
openai,gpt56_sol,GPT-5.6 Sol,China,Religious faith,0.0,156,A040,0.015741439678348,0.015741439678348,0.00024779292314706876
openai,gpt56_sol,GPT-5.6 Sol,Colombia,"Determination, perseverance",1.0,170,A039,0.2030607472154521,0.7969392527845479,0.6351121726287936
openai,gpt56_sol,GPT-5.6 Sol,Colombia,Independence,0.6054634530468764,170,A029,0.3291506390708942,0.27631281397598223,0.07634877116732576
openai,gpt56_sol,GPT-5.6 Sol,Colombia,Obedience,0.7082550000913035,170,A042,0.5802094615172765,0.128045538574027,0.01639565994871264
openai,gpt56_sol,GPT-5.6 Sol,Colombia,Religious faith,0.8007098445129865,170,A040,0.5155489216613618,0.28516092285162475,0.08131675192159028
openai,gpt56_sol,GPT-5.6 Sol,Croatia,"Determination, perseverance",1.0,191,A039,0.3742125562089616,0.6257874437910385,0.3916099248065221
openai,gpt56_sol,GPT-5.6 Sol,Croatia,Independence,0.9953991672951632,191,A029,0.3898687084069787,0.6055304588881845,0.36666713664133527
openai,gpt56_sol,GPT-5.6 Sol,Croatia,Obedience,0.0,191,A042,0.3404291494317807,0.3404291494317807,0.11589200578284568
openai,gpt56_sol,GPT-5.6 Sol,Croatia,Religious faith,0.0,191,A040,0.3593080906548163,0.3593080906548163,0.1291023040100097
openai,gpt56_sol,GPT-5.6 Sol,Cyprus,"Determination, perseverance",1.0,196,A039,0.4039125019326331,0.5960874980673669,0.3553203053522132
openai,gpt56_sol,GPT-5.6 Sol,Cyprus,Independence,0.788314964280297,196,A029,0.4145578666280715,0.37375709765222553,0.13969436804541524
openai,gpt56_sol,GPT-5.6 Sol,Cyprus,Obedience,0.09179473662497885,196,A042,0.4247138281360866,0.33291909151110777,0.11083512149258135
openai,gpt56_sol,GPT-5.6 Sol,Cyprus,Religious faith,0.699637907543838,196,A040,0.4591399079107787,0.24049799963305935,0.057839287827503014
openai,gpt56_sol,GPT-5.6 Sol,Czechia,"Determination, perseverance",1.0,203,A039,0.4286273184724737,0.5713726815275263,0.326466741195956
openai,gpt56_sol,GPT-5.6 Sol,Czechia,Independence,1.0,203,A029,0.5872721428277091,0.4127278571722909,0.17034428408603094
openai,gpt56_sol,GPT-5.6 Sol,Czechia,Obedience,0.0,203,A042,0.3038739586370522,0.3038739586370522,0.0923393827377529
openai,gpt56_sol,GPT-5.6 Sol,Czechia,Religious faith,0.0,203,A040,0.097375089188878,0.097375089188878,0.009481907994541945
openai,gpt56_sol,GPT-5.6 Sol,Denmark,"Determination, perseverance",0.994730458535826,208,A039,0.2744326459822738,0.7202978125535522,0.5188289387694321
openai,gpt56_sol,GPT-5.6 Sol,Denmark,Independence,1.0,208,A029,0.777937164330711,0.22206283566928897,0.049311902985485635
openai,gpt56_sol,GPT-5.6 Sol,Denmark,Obedience,0.0,208,A042,0.1296931603939352,0.1296931603939352,0.016820315852967
openai,gpt56_sol,GPT-5.6 Sol,Denmark,Religious faith,0.0,208,A040,0.0606000559932523,0.0606000559932523,0.003672366786385314
openai,gpt56_sol,GPT-5.6 Sol,Ecuador,"Determination, perseverance",1.0,218,A039,0.2172885468663339,0.7827114531336661,0.6126372188666152
openai,gpt56_sol,GPT-5.6 Sol,Ecuador,Independence,0.27655721949931333,218,A029,0.3105213533000555,0.03396413380074215,0.0011535623848347152
openai,gpt56_sol,GPT-5.6 Sol,Ecuador,Obedience,0.9975573141040536,218,A042,0.6115855518580144,0.38597176224603913,0.14897420125131294
openai,gpt56_sol,GPT-5.6 Sol,Ecuador,Religious faith,0.9219613503316286,218,A040,0.486258319467554,0.43570303086407464,0.18983713110414077
openai,gpt56_sol,GPT-5.6 Sol,Estonia,"Determination, perseverance",1.0,233,A039,0.5643670914163214,0.43563290858367865,0.1897760310410757
openai,gpt56_sol,GPT-5.6 Sol,Estonia,Independence,1.0,233,A029,0.3603541117330249,0.6396458882669751,0.4091468623768476
openai,gpt56_sol,GPT-5.6 Sol,Estonia,Obedience,0.0,233,A042,0.3650474908910365,0.3650474908910365,0.13325967060584137
openai,gpt56_sol,GPT-5.6 Sol,Estonia,Religious faith,0.0,233,A040,0.0954000610678794,0.0954000610678794,0.00910117165175512
openai,gpt56_sol,GPT-5.6 Sol,Ethiopia,"Determination, perseverance",0.9918381792033851,231,A039,0.2572113821138211,0.734626797089564,0.5396765310020715
openai,gpt56_sol,GPT-5.6 Sol,Ethiopia,Independence,0.0029641170735979234,231,A029,0.5866504065040651,0.5836862894304672,0.34068968446910713
openai,gpt56_sol,GPT-5.6 Sol,Ethiopia,Obedience,1.0,231,A042,0.452390243902439,0.547609756097561,0.2998764449732303
openai,gpt56_sol,GPT-5.6 Sol,Ethiopia,Religious faith,1.0,231,A040,0.5237398373983739,0.47626016260162607,0.2268237424813273
openai,gpt56_sol,GPT-5.6 Sol,Finland,"Determination, perseverance",1.0,246,A039,0.5772514114655252,0.42274858853447483,0.1787163691078907
openai,gpt56_sol,GPT-5.6 Sol,Finland,Independence,1.0,246,A029,0.5515912129934701,0.44840878700652986,0.20107044026466747
openai,gpt56_sol,GPT-5.6 Sol,Finland,Obedience,0.0,246,A042,0.2534617502540383,0.2534617502540383,0.06424285884184047
openai,gpt56_sol,GPT-5.6 Sol,Finland,Religious faith,0.0,246,A040,0.0953819211211778,0.0953819211211778,0.009097710876766583
openai,gpt56_sol,GPT-5.6 Sol,France,"Determination, perseverance",1.0,250,A039,0.4787467534038626,0.5212532465961375,0.2717049470870137
openai,gpt56_sol,GPT-5.6 Sol,France,Independence,1.0,250,A029,0.3349855694647715,0.6650144305352286,0.44224419282009436
openai,gpt56_sol,GPT-5.6 Sol,France,Obedience,0.0,250,A042,0.3161637366446381,0.3161637366446381,0.09995950836910007
openai,gpt56_sol,GPT-5.6 Sol,France,Religious faith,0.0,250,A040,0.0834361630302394,0.0834361630302394,0.0069615933012086885
openai,gpt56_sol,GPT-5.6 Sol,Georgia,"Determination, perseverance",1.0,268,A039,0.2395159532744292,0.7604840467255708,0.5783359853241001
openai,gpt56_sol,GPT-5.6 Sol,Georgia,Independence,0.22778207686951263,268,A029,0.5439009922798554,0.3161189154103428,0.09993116868021147
openai,gpt56_sol,GPT-5.6 Sol,Georgia,Obedience,0.870513605637319,268,A042,0.1775314650103238,0.6929821406269953,0.48022424722797263
openai,gpt56_sol,GPT-5.6 Sol,Georgia,Religious faith,0.9543141962867081,268,A040,0.6210446143105564,0.33326958197615175,0.11106861427055893
openai,gpt56_sol,GPT-5.6 Sol,Germany,"Determination, perseverance",1.0,276,A039,0.4800334783352366,0.5199665216647634,0.2703651836521529
openai,gpt56_sol,GPT-5.6 Sol,Germany,Independence,1.0,276,A029,0.7294525034979902,0.2705474965020098,0.07319594786350501
openai,gpt56_sol,GPT-5.6 Sol,Germany,Obedience,0.0,276,A042,0.1265919535911627,0.1265919535911627,0.016025522714027095
openai,gpt56_sol,GPT-5.6 Sol,Germany,Religious faith,0.0,276,A040,0.1029733727482417,0.1029733727482417,0.010603515495148326
openai,gpt56_sol,GPT-5.6 Sol,Ghana,"Determination, perseverance",1.0,288,A039,0.4460997337838986,0.5539002662161014,0.30680550491426806
openai,gpt56_sol,GPT-5.6 Sol,Ghana,Independence,0.12074050833056768,288,A029,0.3299190126422606,0.2091785043116929,0.04375564666607693
openai,gpt56_sol,GPT-5.6 Sol,Ghana,Obedience,1.0,288,A042,0.7772151362548774,0.22278486374512263,0.04963309551393286
openai,gpt56_sol,GPT-5.6 Sol,Ghana,Religious faith,1.0,288,A040,0.7162042995585121,0.28379570044148794,0.08053999958907476
openai,gpt56_sol,GPT-5.6 Sol,Greece,"Determination, perseverance",1.0,300,A039,0.5199707226799449,0.48002927732005507,0.23042810708441433
openai,gpt56_sol,GPT-5.6 Sol,Greece,Independence,0.6776614836115236,300,A029,0.4237523685279536,0.25390911508356995,0.06446983872252157
openai,gpt56_sol,GPT-5.6 Sol,Greece,Obedience,0.00642850224185526,300,A042,0.2487410261326255,0.24231252389077024,0.0587153592343151
openai,gpt56_sol,GPT-5.6 Sol,Greece,Religious faith,0.21505288556822588,300,A040,0.3786111091563742,0.1635582235881483,0.026751292503310715
openai,gpt56_sol,GPT-5.6 Sol,Guatemala,"Determination, perseverance",0.9811130568975724,320,A039,0.5751173708920188,0.4059956860055537,0.16483249705512015
openai,gpt56_sol,GPT-5.6 Sol,Guatemala,Independence,0.0716386458758264,320,A029,0.6751863684771033,0.603547722601277,0.364269853457188
openai,gpt56_sol,GPT-5.6 Sol,Guatemala,Obedience,0.9430821553992536,320,A042,0.762993762993763,0.18008839240549057,0.03243182907919395
openai,gpt56_sol,GPT-5.6 Sol,Guatemala,Religious faith,1.0,320,A040,0.6485042735042735,0.35149572649572647,0.12354924574475855
openai,gpt56_sol,GPT-5.6 Sol,Haiti,"Determination, perseverance",0.9983773363396005,332,A039,0.3152882205513784,0.6830891157882221,0.46661074010833503
openai,gpt56_sol,GPT-5.6 Sol,Haiti,Independence,0.005057212001416237,332,A029,0.1684210526315789,0.16336384063016265,0.02668774442543718
openai,gpt56_sol,GPT-5.6 Sol,Haiti,Obedience,1.0,332,A042,0.8431077694235589,0.15689223057644108,0.024615172015251156
openai,gpt56_sol,GPT-5.6 Sol,Haiti,Religious faith,1.0,332,A040,0.1233082706766917,0.8766917293233083,0.7685883882638929
openai,gpt56_sol,GPT-5.6 Sol,Hong Kong SAR,"Determination, perseverance",1.0,344,A039,0.2984113330611568,0.7015886669388431,0.492226657577023
openai,gpt56_sol,GPT-5.6 Sol,Hong Kong SAR,Independence,0.9968054909620369,344,A029,0.5087404444305111,0.4880650465315257,0.23820748964582036
openai,gpt56_sol,GPT-5.6 Sol,Hong Kong SAR,Obedience,0.06212941365923097,344,A042,0.1000528907289309,0.037923477069699923,0.0014381901130560558
openai,gpt56_sol,GPT-5.6 Sol,Hong Kong SAR,Religious faith,0.0,344,A040,0.0685454774402424,0.0685454774402424,0.00469848247751078
openai,gpt56_sol,GPT-5.6 Sol,Hungary,"Determination, perseverance",1.0,348,A039,0.3320424661447824,0.6679575338552176,0.44616726703394416
openai,gpt56_sol,GPT-5.6 Sol,Hungary,Independence,1.0,348,A029,0.7891011739763805,0.21089882602361953,0.04447831481814094
openai,gpt56_sol,GPT-5.6 Sol,Hungary,Obedience,0.0,348,A042,0.301159742004043,0.301159742004043,0.09069719020394174
openai,gpt56_sol,GPT-5.6 Sol,Hungary,Religious faith,0.0,348,A040,0.1744066876554455,0.1744066876554455,0.030417692698944128
openai,gpt56_sol,GPT-5.6 Sol,Iceland,"Determination, perseverance",1.0,352,A039,0.2997605204943331,0.7002394795056669,0.49033532865836726
openai,gpt56_sol,GPT-5.6 Sol,Iceland,Independence,1.0,352,A029,0.8172119331174128,0.1827880668825872,0.03341147739467317
openai,gpt56_sol,GPT-5.6 Sol,Iceland,Obedience,0.0,352,A042,0.1167634655672261,0.1167634655672261,0.013633706891268794
openai,gpt56_sol,GPT-5.6 Sol,Iceland,Religious faith,0.0,352,A040,0.0621615414706985,0.0621615414706985,0.0038640572380133696
openai,gpt56_sol,GPT-5.6 Sol,India,"Determination, perseverance",1.0,356,A039,0.6271400837099841,0.3728599162900159,0.13902451717579767
openai,gpt56_sol,GPT-5.6 Sol,India,Independence,0.5793899497162164,356,A029,0.7836952661481913,0.20430531643197491,0.0417406623223694
openai,gpt56_sol,GPT-5.6 Sol,India,Obedience,0.9232568922624119,356,A042,0.7288453615271815,0.19441153073523043,0.03779584328281545
openai,gpt56_sol,GPT-5.6 Sol,India,Religious faith,0.8572957228057949,356,A040,0.6217965073373073,0.23549921546848762,0.05545988048627316
openai,gpt56_sol,GPT-5.6 Sol,Indonesia,"Determination, perseverance",0.9944299554470915,360,A039,0.3223224801602533,0.6721074752868381,0.4517284583364477
openai,gpt56_sol,GPT-5.6 Sol,Indonesia,Independence,0.3287830946635273,360,A029,0.6817504569820447,0.35296736231851744,0.12458595886209156
openai,gpt56_sol,GPT-5.6 Sol,Indonesia,Obedience,0.9899750621002967,360,A042,0.4280486550674803,0.5619264070328165,0.31576128692081057
openai,gpt56_sol,GPT-5.6 Sol,Indonesia,Religious faith,1.0,360,A040,0.828948162684823,0.17105183731517704,0.02925873104889779
openai,gpt56_sol,GPT-5.6 Sol,Iran,"Determination, perseverance",1.0,364,A039,0.4371508264602348,0.5628491735397652,0.31679919215439667
openai,gpt56_sol,GPT-5.6 Sol,Iran,Independence,0.16281915518855164,364,A029,0.4823009115188152,0.31948175633026354,0.1020685926278699
openai,gpt56_sol,GPT-5.6 Sol,Iran,Obedience,0.8396758751961942,364,A042,0.3334273842854366,0.5062484909107576,0.25628753454941944
openai,gpt56_sol,GPT-5.6 Sol,Iran,Religious faith,0.9872695271570743,364,A040,0.6296578671495283,0.35761166000754596,0.12788609937335266
openai,gpt56_sol,GPT-5.6 Sol,Iraq,"Determination, perseverance",0.9676069277053919,368,A039,0.2151903615944711,0.7524165661109208,0.5661306889581497
openai,gpt56_sol,GPT-5.6 Sol,Iraq,Independence,0.011221644974738258,368,A029,0.264593977539183,0.25337233256444475,0.06419753890914759
openai,gpt56_sol,GPT-5.6 Sol,Iraq,Obedience,0.9984572510130866,368,A042,0.6611440207330618,0.3373132302800248,0.11378021532194504
openai,gpt56_sol,GPT-5.6 Sol,Iraq,Religious faith,1.0,368,A040,0.757543296721379,0.242456703278621,0.05878525296473727
openai,gpt56_sol,GPT-5.6 Sol,Ireland,"Determination, perseverance",1.0,372,A039,0.4462160593706977,0.5537839406293024,0.3066766528989187
openai,gpt56_sol,GPT-5.6 Sol,Ireland,Independence,1.0,372,A029,0.622634388739017,0.377365611260983,0.14240480456237534
openai,gpt56_sol,GPT-5.6 Sol,Ireland,Obedience,0.0,372,A042,0.5714207213414515,0.5714207213414515,0.32652164077838475
openai,gpt56_sol,GPT-5.6 Sol,Ireland,Religious faith,0.0,372,A040,0.3956115371461453,0.3956115371461453,0.15650848832313588
openai,gpt56_sol,GPT-5.6 Sol,Italy,"Determination, perseverance",1.0,380,A039,0.3867994818692267,0.6132005181307734,0.37601487543584894
openai,gpt56_sol,GPT-5.6 Sol,Italy,Independence,1.0,380,A029,0.4630106172241035,0.5369893827758965,0.28835759721403825
openai,gpt56_sol,GPT-5.6 Sol,Italy,Obedience,0.0,380,A042,0.2724667647114475,0.2724667647114475,0.07423813787232328
openai,gpt56_sol,GPT-5.6 Sol,Italy,Religious faith,0.0,380,A040,0.3021798922808346,0.3021798922808346,0.09131268729885679
openai,gpt56_sol,GPT-5.6 Sol,Japan,"Determination, perseverance",1.0,392,A039,0.6609894988436414,0.33901050115635856,0.11492811989428539
openai,gpt56_sol,GPT-5.6 Sol,Japan,Independence,0.9384172949275242,392,A029,0.6931946756433846,0.2452226192841397,0.06013413300857412
openai,gpt56_sol,GPT-5.6 Sol,Japan,Obedience,0.048208180507893605,392,A042,0.0426569316359979,0.005551248871895703,3.081636403772332e-05
openai,gpt56_sol,GPT-5.6 Sol,Japan,Religious faith,0.0,392,A040,0.0479338135265087,0.0479338135265087,0.002297650479194109
openai,gpt56_sol,GPT-5.6 Sol,Jordan,"Determination, perseverance",0.9454275389053327,400,A039,0.2568815891901823,0.6885459497151505,0.47409552486913853
openai,gpt56_sol,GPT-5.6 Sol,Jordan,Independence,0.11819331905174403,400,A029,0.3823908802434715,0.2641975611917275,0.06980035133965659
openai,gpt56_sol,GPT-5.6 Sol,Jordan,Obedience,0.9886446802960498,400,A042,0.5597312929526851,0.4289133873433647,0.1839666938423592
openai,gpt56_sol,GPT-5.6 Sol,Jordan,Religious faith,1.0,400,A040,0.8033837789366194,0.19661622106338061,0.03865793838524415
openai,gpt56_sol,GPT-5.6 Sol,Kazakhstan,"Determination, perseverance",1.0,398,A039,0.4290092516625792,0.5709907483374208,0.32603043468692783
openai,gpt56_sol,GPT-5.6 Sol,Kazakhstan,Independence,0.7354914657839141,398,A029,0.4269969179830793,0.3084945478008348,0.09516888602284154
openai,gpt56_sol,GPT-5.6 Sol,Kazakhstan,Obedience,0.7556606330487761,398,A042,0.2910510108644168,0.46460962218435925,0.21586210102629305
openai,gpt56_sol,GPT-5.6 Sol,Kazakhstan,Religious faith,0.0683807954730798,398,A040,0.1258227178773769,0.05744192240429709,0.0032995744495012878
openai,gpt56_sol,GPT-5.6 Sol,Kenya,"Determination, perseverance",1.0,404,A039,0.2685624012638231,0.731437598736177,0.5350009608449446
openai,gpt56_sol,GPT-5.6 Sol,Kenya,Independence,0.18239272226815723,404,A029,0.3278041074249605,0.1454113851568033,0.021144470933220194
openai,gpt56_sol,GPT-5.6 Sol,Kenya,Obedience,0.9962320421344973,404,A042,0.4131121642969984,0.583119877837499,0.3400287919292197
openai,gpt56_sol,GPT-5.6 Sol,Kenya,Religious faith,1.0,404,A040,0.5639810426540285,0.4360189573459715,0.19011253116506813
openai,gpt56_sol,GPT-5.6 Sol,Kosovo,"Determination, perseverance",1.0,915,A039,0.3089267119991853,0.6910732880008147,0.477582289388257
openai,gpt56_sol,GPT-5.6 Sol,Kosovo,Independence,0.4965796601073815,915,A029,0.4947813223740106,0.0017983377333709027,3.234018603265596e-06
openai,gpt56_sol,GPT-5.6 Sol,Kosovo,Obedience,0.7050388585704562,915,A042,0.2246574558066467,0.48038140276380953,0.23076629212132538
openai,gpt56_sol,GPT-5.6 Sol,Kosovo,Religious faith,0.9247386824421635,915,A040,0.3858702906051452,0.5388683918370183,0.29037914372101425
openai,gpt56_sol,GPT-5.6 Sol,Kyrgyzstan,"Determination, perseverance",1.0,417,A039,0.4436478780934429,0.556352121906557,0.3095276835499285
openai,gpt56_sol,GPT-5.6 Sol,Kyrgyzstan,Independence,0.34451621519325654,417,A029,0.4713388165355235,0.12682260134226697,0.016083972211219575
openai,gpt56_sol,GPT-5.6 Sol,Kyrgyzstan,Obedience,0.9408672664154614,417,A042,0.2804383649066095,0.6604289015088518,0.43616633394818866
openai,gpt56_sol,GPT-5.6 Sol,Kyrgyzstan,Religious faith,0.865704843696224,417,A040,0.2587113517141837,0.6069934919820403,0.3684410993085513
openai,gpt56_sol,GPT-5.6 Sol,Latvia,"Determination, perseverance",1.0,428,A039,0.4655230844866518,0.5344769155133482,0.28566557321666275
openai,gpt56_sol,GPT-5.6 Sol,Latvia,Independence,1.0,428,A029,0.6976436848596159,0.3023563151403841,0.09141934130527125
openai,gpt56_sol,GPT-5.6 Sol,Latvia,Obedience,0.0,428,A042,0.2299356039706764,0.2299356039706764,0.052870381973359734
openai,gpt56_sol,GPT-5.6 Sol,Latvia,Religious faith,0.0,428,A040,0.1234061695735359,0.1234061695735359,0.015229082688812297
openai,gpt56_sol,GPT-5.6 Sol,Lebanon,"Determination, perseverance",0.998347114400684,422,A039,0.3087499999999999,0.689597114400684,0.47554418018975014
openai,gpt56_sol,GPT-5.6 Sol,Lebanon,Independence,0.25887245201603476,422,A029,0.3729166666666667,0.11404421465063191,0.013006082895279407
openai,gpt56_sol,GPT-5.6 Sol,Lebanon,Obedience,0.7465269237221022,422,A042,0.1362499999999999,0.6102769237221023,0.37243792362771266
openai,gpt56_sol,GPT-5.6 Sol,Lebanon,Religious faith,1.0,422,A040,0.3445833333333333,0.6554166666666668,0.42957100694444456
openai,gpt56_sol,GPT-5.6 Sol,Libya,"Determination, perseverance",0.9335983470576449,434,A039,0.1897436025371604,0.7438547445204845,0.5533198809456352
openai,gpt56_sol,GPT-5.6 Sol,Libya,Independence,0.015868410770326812,434,A029,0.300523419888601,0.2846550091182742,0.08102847421612476
openai,gpt56_sol,GPT-5.6 Sol,Libya,Obedience,0.9893215322829432,434,A042,0.5101456206602958,0.4791759116226474,0.22960955427939517
openai,gpt56_sol,GPT-5.6 Sol,Libya,Religious faith,1.0,434,A040,0.7488690190255647,0.2511309809744353,0.06306676960518219
openai,gpt56_sol,GPT-5.6 Sol,Lithuania,"Determination, perseverance",1.0,440,A039,0.3885509891437631,0.6114490108562369,0.37386989287707056
openai,gpt56_sol,GPT-5.6 Sol,Lithuania,Independence,1.0,440,A029,0.748979522744297,0.251020477255703,0.0630112800016809
openai,gpt56_sol,GPT-5.6 Sol,Lithuania,Obedience,0.0,440,A042,0.1708376283993577,0.1708376283993577,0.02918549527711703
openai,gpt56_sol,GPT-5.6 Sol,Lithuania,Religious faith,0.0,440,A040,0.1486176745265182,0.1486176745265182,0.022087213181670097
openai,gpt56_sol,GPT-5.6 Sol,Luxembourg,"Determination, perseverance",1.0,442,A039,0.4354853306690627,0.5645146693309373,0.3186768118898175
openai,gpt56_sol,GPT-5.6 Sol,Luxembourg,Independence,1.0,442,A029,0.5045844895007989,0.4954155104992011,0.245436528043184
openai,gpt56_sol,GPT-5.6 Sol,Luxembourg,Obedience,0.0,442,A042,0.291134089177012,0.291134089177012,0.08475905788092837
openai,gpt56_sol,GPT-5.6 Sol,Luxembourg,Religious faith,0.0,442,A040,0.1234030019065069,0.1234030019065069,0.015228300879537344
openai,gpt56_sol,GPT-5.6 Sol,Macau SAR,"Determination, perseverance",1.0,446,A039,0.3841642228739003,0.6158357771260997,0.37925370438850714
openai,gpt56_sol,GPT-5.6 Sol,Macau SAR,Independence,0.8360063227910751,446,A029,0.6285434995112414,0.20746282327983367,0.043040823043239494
openai,gpt56_sol,GPT-5.6 Sol,Macau SAR,Obedience,0.347977947849981,446,A042,0.1016617790811339,0.2463161687688471,0.06067165499696317
openai,gpt56_sol,GPT-5.6 Sol,Macau SAR,Religious faith,0.0,446,A040,0.0782013685239491,0.0782013685239491,0.006115454039018497
openai,gpt56_sol,GPT-5.6 Sol,Malaysia,"Determination, perseverance",1.0,458,A039,0.3228007738325872,0.6771992261674128,0.4585987919217427
openai,gpt56_sol,GPT-5.6 Sol,Malaysia,Independence,0.5389046199984425,458,A029,0.6848049152574259,0.1459002952589834,0.021286896156658536
openai,gpt56_sol,GPT-5.6 Sol,Malaysia,Obedience,0.8809186213329794,458,A042,0.2128059146784466,0.6681127066545328,0.4463745887932458
openai,gpt56_sol,GPT-5.6 Sol,Malaysia,Religious faith,0.9981459030573002,458,A040,0.6105790871151421,0.38756681594215814,0.15020803681954267
openai,gpt56_sol,GPT-5.6 Sol,Maldives,"Determination, perseverance",0.8866363490891701,462,A039,0.287776708373436,0.598859640715734,0.35863286927817806
openai,gpt56_sol,GPT-5.6 Sol,Maldives,Independence,0.019073334371003694,462,A029,0.3166506256015399,0.2975772912305362,0.08855224425610338
openai,gpt56_sol,GPT-5.6 Sol,Maldives,Obedience,1.0,462,A042,0.5520231213872833,0.44797687861271673,0.20068328377159275
openai,gpt56_sol,GPT-5.6 Sol,Maldives,Religious faith,1.0,462,A040,0.8950914340712224,0.10490856592877762,0.011005807205232681
openai,gpt56_sol,GPT-5.6 Sol,Mali,"Determination, perseverance",0.9381653979454886,466,A039,0.2444589308996088,0.6937064670458798,0.4812286624212763
openai,gpt56_sol,GPT-5.6 Sol,Mali,Independence,0.0,466,A029,0.423728813559322,0.423728813559322,0.17954610744039068
openai,gpt56_sol,GPT-5.6 Sol,Mali,Obedience,1.0,466,A042,0.5228161668839635,0.4771838331160365,0.2277044105873134
openai,gpt56_sol,GPT-5.6 Sol,Mali,Religious faith,1.0,466,A040,0.5958279009126467,0.4041720990873533,0.16335508568067733
openai,gpt56_sol,GPT-5.6 Sol,Malta,"Determination, perseverance",1.0,470,A039,0.2274896722493157,0.7725103277506843,0.5967722064814697
openai,gpt56_sol,GPT-5.6 Sol,Malta,Independence,0.7885807784564196,470,A029,0.3597084374877131,0.4288723409687065,0.18393148484797847
openai,gpt56_sol,GPT-5.6 Sol,Malta,Obedience,0.10828528256740098,470,A042,0.3028149282598229,0.19452964569242193,0.03784178305321921
openai,gpt56_sol,GPT-5.6 Sol,Malta,Religious faith,0.8317588374021468,470,A040,0.3671760387902542,0.46458279861189267,0.21583717676605843
openai,gpt56_sol,GPT-5.6 Sol,Mexico,"Determination, perseverance",1.0,484,A039,0.2916340256593053,0.7083659743406947,0.5017823536036418
openai,gpt56_sol,GPT-5.6 Sol,Mexico,Independence,0.6968327852004286,484,A029,0.375861092531469,0.3209716926689596,0.10302282749477705
openai,gpt56_sol,GPT-5.6 Sol,Mexico,Obedience,0.6078163824090586,484,A042,0.5665982056584072,0.041218176750651314,0.0016989380946479326
openai,gpt56_sol,GPT-5.6 Sol,Mexico,Religious faith,0.4660896728205065,484,A040,0.3523767371015101,0.11371293571899643,0.012930631749832614
openai,gpt56_sol,GPT-5.6 Sol,Moldova,"Determination, perseverance",1.0,498,A039,0.260517307289575,0.739482692710425,0.5468346528182608
openai,gpt56_sol,GPT-5.6 Sol,Moldova,Independence,0.6838141762210708,498,A029,0.4674377591617412,0.21637641705932958,0.04681875385943293
openai,gpt56_sol,GPT-5.6 Sol,Moldova,Obedience,0.4663694430556882,498,A042,0.2093994598721537,0.25696998318353453,0.06603357225734602
openai,gpt56_sol,GPT-5.6 Sol,Moldova,Religious faith,0.44878151604455824,498,A040,0.4124913315829391,0.036290184461619135,0.0013169774882583428
openai,gpt56_sol,GPT-5.6 Sol,Mongolia,"Determination, perseverance",1.0,496,A039,0.415394696507849,0.584605303492151,0.34176336087115
openai,gpt56_sol,GPT-5.6 Sol,Mongolia,Independence,0.6052059973781853,496,A029,0.6002532464430371,0.004952750935148131,2.452974182561069e-05
openai,gpt56_sol,GPT-5.6 Sol,Mongolia,Obedience,0.6982455591638995,496,A042,0.3186531982466914,0.3795923609172081,0.14409036046669998
openai,gpt56_sol,GPT-5.6 Sol,Mongolia,Religious faith,0.0,496,A040,0.1855626092788274,0.1855626092788274,0.03443348196236676
openai,gpt56_sol,GPT-5.6 Sol,Montenegro,"Determination, perseverance",1.0,499,A039,0.4134511471592907,0.5865488528407092,0.344039556768752
openai,gpt56_sol,GPT-5.6 Sol,Montenegro,Independence,0.7077553469928736,499,A029,0.4118436559454929,0.2959116910473807,0.08756372889852047
openai,gpt56_sol,GPT-5.6 Sol,Montenegro,Obedience,0.6061595792567548,499,A042,0.2963992761995119,0.3097603030572429,0.09595144535011496
openai,gpt56_sol,GPT-5.6 Sol,Montenegro,Religious faith,0.429928054208705,499,A040,0.2620200773849775,0.1679079768237275,0.02819308868103741
openai,gpt56_sol,GPT-5.6 Sol,Morocco,"Determination, perseverance",0.9946466895032872,504,A039,0.2583333333333333,0.7363133561699539,0.5421573584742613
openai,gpt56_sol,GPT-5.6 Sol,Morocco,Independence,0.12260407883441149,504,A029,0.4697222222222222,0.3471181433878107,0.12049100546900073
openai,gpt56_sol,GPT-5.6 Sol,Morocco,Obedience,0.9499968542305968,504,A042,0.3880555555555555,0.5619412986750413,0.3157780231565919
openai,gpt56_sol,GPT-5.6 Sol,Morocco,Religious faith,1.0,504,A040,0.7097222222222221,0.29027777777777786,0.08426118827160499
openai,gpt56_sol,GPT-5.6 Sol,Myanmar,"Determination, perseverance",0.9878846521911809,104,A039,0.4341666666666666,0.5537179855245143,0.30660360749332627
openai,gpt56_sol,GPT-5.6 Sol,Myanmar,Independence,0.05586765534293185,104,A029,0.3708333333333333,0.3149656779904014,0.09920337831195324
openai,gpt56_sol,GPT-5.6 Sol,Myanmar,Obedience,1.0,104,A042,0.5,0.5,0.25
openai,gpt56_sol,GPT-5.6 Sol,Myanmar,Religious faith,0.9769483667794502,104,A040,0.5258333333333334,0.4511150334461168,0.20350477340109108
openai,gpt56_sol,GPT-5.6 Sol,Netherlands,"Determination, perseverance",1.0,528,A039,0.3382621949565669,0.661737805043433,0.4378969226237006
openai,gpt56_sol,GPT-5.6 Sol,Netherlands,Independence,1.0,528,A029,0.5690618187662281,0.4309381812337719,0.18570771604507125
openai,gpt56_sol,GPT-5.6 Sol,Netherlands,Obedience,0.0,528,A042,0.2609540193490737,0.2609540193490737,0.06809700021443672
openai,gpt56_sol,GPT-5.6 Sol,Netherlands,Religious faith,0.0,528,A040,0.1071215181525154,0.1071215181525154,0.011475019651299687
openai,gpt56_sol,GPT-5.6 Sol,New Zealand,"Determination, perseverance",1.0,554,A039,0.4930418558354051,0.506958144164595,0.25700655993481025
openai,gpt56_sol,GPT-5.6 Sol,New Zealand,Independence,1.0,554,A029,0.5319662698256457,0.46803373017435435,0.21905557258092032
openai,gpt56_sol,GPT-5.6 Sol,New Zealand,Obedience,0.0,554,A042,0.2172805642633228,0.2172805642633228,0.04721084360658794
openai,gpt56_sol,GPT-5.6 Sol,New Zealand,Religious faith,0.0,554,A040,0.1416935781717291,0.1416935781717291,0.020077070095107903
openai,gpt56_sol,GPT-5.6 Sol,Nicaragua,"Determination, perseverance",0.9915722233728462,558,A039,0.1583333333333333,0.8332388900395129,0.6942870478742795
openai,gpt56_sol,GPT-5.6 Sol,Nicaragua,Independence,0.015673014206851056,558,A029,0.2616666666666666,0.24599365245981555,0.06051287705052052
openai,gpt56_sol,GPT-5.6 Sol,Nicaragua,Obedience,1.0,558,A042,0.6308333333333334,0.36916666666666664,0.13628402777777776
openai,gpt56_sol,GPT-5.6 Sol,Nicaragua,Religious faith,1.0,558,A040,0.53,0.47,0.22089999999999999
openai,gpt56_sol,GPT-5.6 Sol,Nigeria,"Determination, perseverance",1.0,566,A039,0.2888114628665209,0.7111885371334792,0.5057891353500581
openai,gpt56_sol,GPT-5.6 Sol,Nigeria,Independence,0.260927007445716,566,A029,0.3479621827604564,0.08703517531474037,0.00757512174206759
openai,gpt56_sol,GPT-5.6 Sol,Nigeria,Obedience,1.0,566,A042,0.6019584400207517,0.3980415599792483,0.1584370834707135
openai,gpt56_sol,GPT-5.6 Sol,Nigeria,Religious faith,1.0,566,A040,0.7259582369722399,0.27404176302776007,0.075098887883363
openai,gpt56_sol,GPT-5.6 Sol,North Macedonia,"Determination, perseverance",0.9973311411078909,807,A039,0.6817191355790427,0.31561200552884816,0.09961093803394168
openai,gpt56_sol,GPT-5.6 Sol,North Macedonia,Independence,0.6101963484539742,807,A029,0.6744242432590264,0.0642278948050522,0.0041252224710888515
openai,gpt56_sol,GPT-5.6 Sol,North Macedonia,Obedience,0.36114284804325353,807,A042,0.6286163145477524,0.2674734665044988,0.07154205528393326
openai,gpt56_sol,GPT-5.6 Sol,North Macedonia,Religious faith,0.31177967042209176,807,A040,0.5864450892009255,0.27466541877883377,0.07544109227295213
openai,gpt56_sol,GPT-5.6 Sol,Northern Cyprus,"Determination, perseverance",1.0,197,A039,0.4345001620390499,0.5654998379609502,0.3197900667338609
openai,gpt56_sol,GPT-5.6 Sol,Northern Cyprus,Independence,0.5393684433537137,197,A029,0.2446144407752789,0.29475400257843476,0.08687992203600793
openai,gpt56_sol,GPT-5.6 Sol,Northern Cyprus,Obedience,0.44097635189544504,197,A042,0.3240490807862748,0.11692727110917023,0.013671986729037395
openai,gpt56_sol,GPT-5.6 Sol,Northern Cyprus,Religious faith,0.6819180834094575,197,A040,0.3465301105876434,0.3353879728218141,0.11248509231352591
openai,gpt56_sol,GPT-5.6 Sol,Northern Ireland,"Determination, perseverance",1.0,909,A039,0.3463032167318258,0.6536967832681742,0.42731948445515827
openai,gpt56_sol,GPT-5.6 Sol,Northern Ireland,Independence,1.0,909,A029,0.49706726861223,0.5029327313877701,0.2529413323011629
openai,gpt56_sol,GPT-5.6 Sol,Northern Ireland,Obedience,0.0,909,A042,0.3676184107714088,0.3676184107714088,0.13514329593809624
openai,gpt56_sol,GPT-5.6 Sol,Northern Ireland,Religious faith,0.025869390105234147,909,A040,0.2718047324079325,0.24593534230269837,0.06048419259354542
openai,gpt56_sol,GPT-5.6 Sol,Norway,"Determination, perseverance",1.0,578,A039,0.3362897736400353,0.6637102263599647,0.44051126457479556
openai,gpt56_sol,GPT-5.6 Sol,Norway,Independence,1.0,578,A029,0.8699482348100268,0.1300517651899732,0.01691346162902792
openai,gpt56_sol,GPT-5.6 Sol,Norway,Obedience,0.0,578,A042,0.2194083290094059,0.2194083290094059,0.04814001483869971
openai,gpt56_sol,GPT-5.6 Sol,Norway,Religious faith,0.0,578,A040,0.0792036330799495,0.0792036330799495,0.006273215493063271
openai,gpt56_sol,GPT-5.6 Sol,Pakistan,"Determination, perseverance",0.9678379092330669,586,A039,0.293742678914812,0.6740952303182549,0.45440437953782115
openai,gpt56_sol,GPT-5.6 Sol,Pakistan,Independence,0.1633700427351233,586,A029,0.3191252997222689,0.1557552569871456,0.024259700079131766
openai,gpt56_sol,GPT-5.6 Sol,Pakistan,Obedience,0.9912141584913602,586,A042,0.4943591018385164,0.4968550566528438,0.2468649473215006
openai,gpt56_sol,GPT-5.6 Sol,Pakistan,Religious faith,1.0,586,A040,0.6579998490427104,0.34200015095728964,0.1169641032548089
openai,gpt56_sol,GPT-5.6 Sol,Palestine,"Determination, perseverance",1.0,275,A039,0.2,0.8,0.6400000000000001
openai,gpt56_sol,GPT-5.6 Sol,Palestine,Independence,0.2170983091355862,275,A029,0.429,0.2119016908644138,0.04490232659119759
openai,gpt56_sol,GPT-5.6 Sol,Palestine,Obedience,0.8868285721352746,275,A042,0.482,0.40482857213527457,0.1638861728170852
openai,gpt56_sol,GPT-5.6 Sol,Palestine,Religious faith,1.0,275,A040,0.762,0.238,0.05664399999999999
openai,gpt56_sol,GPT-5.6 Sol,Peru,"Determination, perseverance",1.0,604,A039,0.209118082512179,0.790881917487821,0.6254942074092125
openai,gpt56_sol,GPT-5.6 Sol,Peru,Independence,0.3039786089522486,604,A029,0.2793007073818778,0.024677901570370808,0.00060899882591691
openai,gpt56_sol,GPT-5.6 Sol,Peru,Obedience,0.9967692012624466,604,A042,0.4901836090662739,0.5065855921961727,0.256628962220747
openai,gpt56_sol,GPT-5.6 Sol,Peru,Religious faith,0.8116235011982226,604,A040,0.4021631283362026,0.40946037286202,0.1676577969443044
openai,gpt56_sol,GPT-5.6 Sol,Philippines,"Determination, perseverance",0.9954726663630358,608,A039,0.2392777908333333,0.7561948755297024,0.5718306897773822
openai,gpt56_sol,GPT-5.6 Sol,Philippines,Independence,0.21980548012388282,608,A029,0.59357764625,0.3737721661261172,0.13970563217060974
openai,gpt56_sol,GPT-5.6 Sol,Philippines,Obedience,1.0,608,A042,0.3705467033333333,0.6294532966666667,0.3962114526845347
openai,gpt56_sol,GPT-5.6 Sol,Philippines,Religious faith,1.0,608,A040,0.5641686525,0.43583134749999997,0.18994896346366572
openai,gpt56_sol,GPT-5.6 Sol,Poland,"Determination, perseverance",1.0,616,A039,0.2771229582236157,0.7228770417763843,0.5225512175273765
openai,gpt56_sol,GPT-5.6 Sol,Poland,Independence,1.0,616,A029,0.3814911210776115,0.6185088789223885,0.3825532333058298
openai,gpt56_sol,GPT-5.6 Sol,Poland,Obedience,0.0,616,A042,0.3388613803322846,0.3388613803322846,0.11482703508070122
openai,gpt56_sol,GPT-5.6 Sol,Poland,Religious faith,0.033035164953002474,616,A040,0.3874964997622637,0.35446133480926123,0.12564283787476319
openai,gpt56_sol,GPT-5.6 Sol,Portugal,"Determination, perseverance",1.0,620,A039,0.3224484284611731,0.677551571538827,0.45907613209473414
openai,gpt56_sol,GPT-5.6 Sol,Portugal,Independence,0.9967647177368035,620,A029,0.4142837190884863,0.5824809986483173,0.339284113786341
openai,gpt56_sol,GPT-5.6 Sol,Portugal,Obedience,0.0,620,A042,0.2716410909419572,0.2716410909419572,0.07378888228813667
openai,gpt56_sol,GPT-5.6 Sol,Portugal,Religious faith,0.0,620,A040,0.1231590475125089,0.1231590475125089,0.015168150984188425
openai,gpt56_sol,GPT-5.6 Sol,Puerto Rico,"Determination, perseverance",1.0,630,A039,0.2724046140195209,0.7275953859804791,0.5293950457000824
openai,gpt56_sol,GPT-5.6 Sol,Puerto Rico,Independence,0.5827820470871901,630,A029,0.4303460514640639,0.15243599562312615,0.023236732761613737
openai,gpt56_sol,GPT-5.6 Sol,Puerto Rico,Obedience,0.8968419676624396,630,A042,0.4578527062999112,0.4389892613625284,0.19271157159161828
openai,gpt56_sol,GPT-5.6 Sol,Puerto Rico,Religious faith,0.9391225366056731,630,A040,0.5377107364685004,0.4014118001371727,0.1611314332893655
openai,gpt56_sol,GPT-5.6 Sol,Romania,"Determination, perseverance",1.0,642,A039,0.3534636489943727,0.6465363510056272,0.4180092531716716
openai,gpt56_sol,GPT-5.6 Sol,Romania,Independence,0.9475162221645139,642,A029,0.4310831787286046,0.5164330434359093,0.2667030883524758
openai,gpt56_sol,GPT-5.6 Sol,Romania,Obedience,0.1614464686099243,642,A042,0.2377709096067277,0.07632444099680341,0.0058254202934745255
openai,gpt56_sol,GPT-5.6 Sol,Romania,Religious faith,0.21126543382752275,642,A040,0.6079851837191952,0.39671974989167247,0.15738655995411116
openai,gpt56_sol,GPT-5.6 Sol,Russia,"Determination, perseverance",1.0,643,A039,0.4419434363336212,0.5580565636663788,0.31142712825112706
openai,gpt56_sol,GPT-5.6 Sol,Russia,Independence,0.9261988992165131,643,A029,0.3669835184817869,0.5592153807347262,0.3127218420502848
openai,gpt56_sol,GPT-5.6 Sol,Russia,Obedience,0.5654707009915293,643,A042,0.2997257419870449,0.2657449590044844,0.0706203832362951
openai,gpt56_sol,GPT-5.6 Sol,Russia,Religious faith,0.0,643,A040,0.1268268678876778,0.1268268678876778,0.016085054418198477
openai,gpt56_sol,GPT-5.6 Sol,Rwanda,"Determination, perseverance",1.0,646,A039,0.4697834467312333,0.5302165532687667,0.2811295933602109
openai,gpt56_sol,GPT-5.6 Sol,Rwanda,Independence,0.09858322585963408,646,A029,0.2796734644568525,0.1810902385972184,0.03279367451519749
openai,gpt56_sol,GPT-5.6 Sol,Rwanda,Obedience,1.0,646,A042,0.6970420508702241,0.3029579491297759,0.09178351894091989
openai,gpt56_sol,GPT-5.6 Sol,Rwanda,Religious faith,1.0,646,A040,0.3993205251719872,0.6006794748280129,0.36081583147965735
openai,gpt56_sol,GPT-5.6 Sol,Serbia,"Determination, perseverance",1.0,688,A039,0.4463189368263509,0.5536810631736491,0.30656271971710236
openai,gpt56_sol,GPT-5.6 Sol,Serbia,Independence,0.7905189904992479,688,A029,0.4702980251372635,0.3202209653619844,0.10254146665736122
openai,gpt56_sol,GPT-5.6 Sol,Serbia,Obedience,0.11055114431959205,688,A042,0.4035704165871551,0.293019272267563,0.08586029392021223
openai,gpt56_sol,GPT-5.6 Sol,Serbia,Religious faith,0.024001750977453794,688,A040,0.2445205969396049,0.2205188459621511,0.048628561424478925
openai,gpt56_sol,GPT-5.6 Sol,Singapore,"Determination, perseverance",1.0,702,A039,0.4236334395142123,0.5763665604857877,0.3321984120462172
openai,gpt56_sol,GPT-5.6 Sol,Singapore,Independence,1.0,702,A029,0.6388610144583757,0.36113898554162427,0.1304213668780335
openai,gpt56_sol,GPT-5.6 Sol,Singapore,Obedience,0.12637623711709897,702,A042,0.2720021488708553,0.1456259117537563,0.02120690617411282
openai,gpt56_sol,GPT-5.6 Sol,Singapore,Religious faith,0.0,702,A040,0.2554350301720567,0.2554350301720567,0.06524705463899952
openai,gpt56_sol,GPT-5.6 Sol,Slovakia,"Determination, perseverance",1.0,703,A039,0.3077227039867682,0.6922772960132317,0.47924785457539165
openai,gpt56_sol,GPT-5.6 Sol,Slovakia,Independence,1.0,703,A029,0.5465216706157894,0.4534783293842106,0.20564259522109463
openai,gpt56_sol,GPT-5.6 Sol,Slovakia,Obedience,0.0,703,A042,0.2283072202818872,0.2283072202818872,0.05212418683284217
openai,gpt56_sol,GPT-5.6 Sol,Slovakia,Religious faith,0.0,703,A040,0.2443478453556368,0.2443478453556368,0.059705869529942196
openai,gpt56_sol,GPT-5.6 Sol,Slovenia,"Determination, perseverance",1.0,705,A039,0.5622705266083308,0.43772947339166923,0.19160709187574806
openai,gpt56_sol,GPT-5.6 Sol,Slovenia,Independence,1.0,705,A029,0.8017806386608812,0.19821936133911877,0.03929091520968813
openai,gpt56_sol,GPT-5.6 Sol,Slovenia,Obedience,0.0,705,A042,0.2892675403081453,0.2892675403081453,0.08367570987592446
openai,gpt56_sol,GPT-5.6 Sol,Slovenia,Religious faith,0.0,705,A040,0.1577243015693539,0.1577243015693539,0.024876955305540495
openai,gpt56_sol,GPT-5.6 Sol,South Africa,"Determination, perseverance",1.0,710,A039,0.3411343467718831,0.658865653228117,0.4341039490037133
openai,gpt56_sol,GPT-5.6 Sol,South Africa,Independence,0.8297099963919236,710,A029,0.611569119263724,0.21814087712819952,0.04758544227426024
openai,gpt56_sol,GPT-5.6 Sol,South Africa,Obedience,0.5144420600197233,710,A042,0.4199806292310428,0.09446143078868047,0.008922961906644671
openai,gpt56_sol,GPT-5.6 Sol,South Africa,Religious faith,0.6581744193495677,710,A040,0.5021808336931373,0.1559935856564304,0.024333998765950087
openai,gpt56_sol,GPT-5.6 Sol,South Korea,"Determination, perseverance",1.0,410,A039,0.4969054838362517,0.5030945161637483,0.253104092194036
openai,gpt56_sol,GPT-5.6 Sol,South Korea,Independence,0.6648773355888414,410,A029,0.6195061447534546,0.045371190835386876,0.002058544957821094
openai,gpt56_sol,GPT-5.6 Sol,South Korea,Obedience,0.15415085757153055,410,A042,0.0910262177417239,0.06312463982980665,0.003984720153642812
openai,gpt56_sol,GPT-5.6 Sol,South Korea,Religious faith,0.0,410,A040,0.1879554120732239,0.1879554120732239,0.0353272369276154
openai,gpt56_sol,GPT-5.6 Sol,Spain,"Determination, perseverance",1.0,724,A039,0.3250584399549892,0.6749415600450108,0.45554610947599294
openai,gpt56_sol,GPT-5.6 Sol,Spain,Independence,1.0,724,A029,0.4018106951293028,0.5981893048706972,0.35783044446168794
openai,gpt56_sol,GPT-5.6 Sol,Spain,Obedience,0.0,724,A042,0.345734969191082,0.345734969191082,0.11953266892155841
openai,gpt56_sol,GPT-5.6 Sol,Spain,Religious faith,0.0,724,A040,0.1217570010236177,0.1217570010236177,0.01482476729826524
openai,gpt56_sol,GPT-5.6 Sol,Sweden,"Determination, perseverance",0.9875636778206359,752,A039,0.3884370992431392,0.5991265785774967,0.35895265715797736
openai,gpt56_sol,GPT-5.6 Sol,Sweden,Independence,1.0,752,A029,0.6983212659793452,0.3016787340206548,0.09101005856030499
openai,gpt56_sol,GPT-5.6 Sol,Sweden,Obedience,0.0,752,A042,0.1287038778290841,0.1287038778290841,0.016564688168243805
openai,gpt56_sol,GPT-5.6 Sol,Sweden,Religious faith,0.0,752,A040,0.0525743593664073,0.0525743593664073,0.002764063262788139
openai,gpt56_sol,GPT-5.6 Sol,Switzerland,"Determination, perseverance",1.0,756,A039,0.4920961205806764,0.5079038794193236,0.25796635072919877
openai,gpt56_sol,GPT-5.6 Sol,Switzerland,Independence,1.0,756,A029,0.6953006775769949,0.3046993224230051,0.09284167708503843
openai,gpt56_sol,GPT-5.6 Sol,Switzerland,Obedience,0.0,756,A042,0.1453305363308215,0.1453305363308215,0.021120964790204224
openai,gpt56_sol,GPT-5.6 Sol,Switzerland,Religious faith,0.0,756,A040,0.1129391933877924,0.1129391933877924,0.012755261403085172
openai,gpt56_sol,GPT-5.6 Sol,Taiwan ROC,"Determination, perseverance",1.0,158,A039,0.3089321544593908,0.6910678455406092,0.47757476714013924
openai,gpt56_sol,GPT-5.6 Sol,Taiwan ROC,Independence,0.993407568080668,158,A029,0.7370664557818293,0.2563411122988387,0.06571076585460583
openai,gpt56_sol,GPT-5.6 Sol,Taiwan ROC,Obedience,0.04521560682336504,158,A042,0.12243334893028,0.07721774210691495,0.005962579696090027
openai,gpt56_sol,GPT-5.6 Sol,Taiwan ROC,Religious faith,0.0,158,A040,0.092814631319135,0.092814631319135,0.008614555786906956
openai,gpt56_sol,GPT-5.6 Sol,Thailand,"Determination, perseverance",1.0,764,A039,0.4752445892430926,0.5247554107569075,0.27536824111865066
openai,gpt56_sol,GPT-5.6 Sol,Thailand,Independence,0.1550919333730622,764,A029,0.4247280793901173,0.2696361460170551,0.07270365123893066
openai,gpt56_sol,GPT-5.6 Sol,Thailand,Obedience,0.9673285627034869,764,A042,0.3867840244962548,0.5805445382072321,0.33703196084224835
openai,gpt56_sol,GPT-5.6 Sol,Thailand,Religious faith,0.5953626021203972,764,A040,0.281630397713704,0.31373220440669314,0.09842789608188308
openai,gpt56_sol,GPT-5.6 Sol,Trinidad and Tobago,"Determination, perseverance",1.0,780,A039,0.2605364420946665,0.7394635579053335,0.5468063534700145
openai,gpt56_sol,GPT-5.6 Sol,Trinidad and Tobago,Independence,0.6196528244830066,780,A029,0.5665831385903095,0.053069685892697116,0.0028163915607495355
openai,gpt56_sol,GPT-5.6 Sol,Trinidad and Tobago,Obedience,0.8879100970726308,780,A042,0.7210843467132273,0.1668257503594035,0.02783083098297802
openai,gpt56_sol,GPT-5.6 Sol,Trinidad and Tobago,Religious faith,0.9553283141329135,780,A040,0.6850733350800122,0.2702549790529013,0.07303775370288412
openai,gpt56_sol,GPT-5.6 Sol,Tunisia,"Determination, perseverance",1.0,788,A039,0.4367445388667689,0.5632554611332311,0.3172567144964088
openai,gpt56_sol,GPT-5.6 Sol,Tunisia,Independence,0.18570330793004966,788,A029,0.6043550971570116,0.418651789226962,0.17526932062293663
openai,gpt56_sol,GPT-5.6 Sol,Tunisia,Obedience,0.8997947204351946,788,A042,0.5759113314210922,0.3238833890141024,0.10490044967926039
openai,gpt56_sol,GPT-5.6 Sol,Tunisia,Religious faith,1.0,788,A040,0.7859372558551363,0.2140627441448637,0.04582285843082938
openai,gpt56_sol,GPT-5.6 Sol,Turkey,"Determination, perseverance",1.0,792,A039,0.5413978720846859,0.4586021279153141,0.2103159117284541
openai,gpt56_sol,GPT-5.6 Sol,Turkey,Independence,0.3437554751477871,792,A029,0.5145633469115183,0.1708078717637312,0.02917532905645524
openai,gpt56_sol,GPT-5.6 Sol,Turkey,Obedience,0.4272947535423042,792,A042,0.5443285867341164,0.11703383319181226,0.013696918111568939
openai,gpt56_sol,GPT-5.6 Sol,Turkey,Religious faith,0.8198402316491626,792,A040,0.5657198439318077,0.2541203877173549,0.06457717145361878
openai,gpt56_sol,GPT-5.6 Sol,Ukraine,"Determination, perseverance",1.0,804,A039,0.4196442021242727,0.5803557978757272,0.33681285212797196
openai,gpt56_sol,GPT-5.6 Sol,Ukraine,Independence,0.9981088278016713,804,A029,0.3289616249919995,0.6691472028096719,0.4477579790280082
openai,gpt56_sol,GPT-5.6 Sol,Ukraine,Obedience,0.10235140334651811,804,A042,0.4087271037518402,0.3063757004053221,0.09386606979885168
openai,gpt56_sol,GPT-5.6 Sol,Ukraine,Religious faith,0.0,804,A040,0.203964601397344,0.203964601397344,0.041601558623177416
openai,gpt56_sol,GPT-5.6 Sol,United Kingdom,"Determination, perseverance",1.0,826,A039,0.3968632311580566,0.6031367688419433,0.3637739619290998
openai,gpt56_sol,GPT-5.6 Sol,United Kingdom,Independence,1.0,826,A029,0.5278747418520863,0.47212525814791373,0.22290225938123417
openai,gpt56_sol,GPT-5.6 Sol,United Kingdom,Obedience,0.0,826,A042,0.3010518043081865,0.3010518043081865,0.09063218887721462
openai,gpt56_sol,GPT-5.6 Sol,United Kingdom,Religious faith,0.0,826,A040,0.1304224224336411,0.1304224224336411,0.01701000827345913
openai,gpt56_sol,GPT-5.6 Sol,United States,"Determination, perseverance",1.0,840,A039,0.3819953600415022,0.6180046399584977,0.3819297350102324
openai,gpt56_sol,GPT-5.6 Sol,United States,Independence,1.0,840,A029,0.5432230348939487,0.45677696510605126,0.20864519585149477
openai,gpt56_sol,GPT-5.6 Sol,United States,Obedience,0.0,840,A042,0.2558408907141996,0.2558408907141996,0.06545456136143502
openai,gpt56_sol,GPT-5.6 Sol,United States,Religious faith,0.0,840,A040,0.419474993108358,0.419474993108358,0.175959269843257
openai,gpt56_sol,GPT-5.6 Sol,Uruguay,"Determination, perseverance",0.9973337937611336,858,A039,0.3471268416666667,0.6502069520944669,0.4227690805519764
openai,gpt56_sol,GPT-5.6 Sol,Uruguay,Independence,0.9651756810090861,858,A029,0.4700110906666666,0.49516459034241955,0.24518797152897617
openai,gpt56_sol,GPT-5.6 Sol,Uruguay,Obedience,0.0,858,A042,0.403136712,0.403136712,0.16251920856217095
openai,gpt56_sol,GPT-5.6 Sol,Uruguay,Religious faith,0.0,858,A040,0.1400232266666666,0.1400232266666666,0.019606504006144696
openai,gpt56_sol,GPT-5.6 Sol,Venezuela,"Determination, perseverance",1.0,862,A039,0.2386554621848739,0.7613445378151261,0.5796455052609281
openai,gpt56_sol,GPT-5.6 Sol,Venezuela,Independence,0.4115878886590595,862,A029,0.3546218487394958,0.05696603991956367,0.003245129704117322
openai,gpt56_sol,GPT-5.6 Sol,Venezuela,Obedience,0.8478368333567837,862,A042,0.6899159663865546,0.1579208669702291,0.0249390002246288
openai,gpt56_sol,GPT-5.6 Sol,Venezuela,Religious faith,0.9417979839566724,862,A040,0.3084033613445378,0.6333946226121345,0.4011887479539683
openai,gpt56_sol,GPT-5.6 Sol,Vietnam,"Determination, perseverance",1.0,704,A039,0.5381256967670012,0.46187430323299883,0.21332787198696815
openai,gpt56_sol,GPT-5.6 Sol,Vietnam,Independence,0.20973361687407563,704,A029,0.5045721850613155,0.29483856818723986,0.08692978129070168
openai,gpt56_sol,GPT-5.6 Sol,Vietnam,Obedience,0.9427413056020525,704,A042,0.4352828874024526,0.5074584181995999,0.25751404620164003
openai,gpt56_sol,GPT-5.6 Sol,Vietnam,Religious faith,0.0,704,A040,0.0554347826086956,0.0554347826086956,0.0030730151228733405
openai,gpt56_sol,GPT-5.6 Sol,Yemen,"Determination, perseverance",0.7976812966437407,887,A039,0.305,0.49268129664374066,0.2427348600625576
openai,gpt56_sol,GPT-5.6 Sol,Yemen,Independence,0.0,887,A029,0.306,0.306,0.093636
openai,gpt56_sol,GPT-5.6 Sol,Yemen,Obedience,1.0,887,A042,0.7,0.30000000000000004,0.09000000000000002
openai,gpt56_sol,GPT-5.6 Sol,Yemen,Religious faith,1.0,887,A040,0.845,0.15500000000000003,0.024025000000000008
openai,gpt56_sol,GPT-5.6 Sol,Zambia,"Determination, perseverance",1.0,894,A039,0.384,0.616,0.379456
openai,gpt56_sol,GPT-5.6 Sol,Zambia,Independence,0.2436659660782697,894,A029,0.5473333333333333,0.3036673672550636,0.09221386993562168
openai,gpt56_sol,GPT-5.6 Sol,Zambia,Obedience,1.0,894,A042,0.678,0.32199999999999995,0.10368399999999997
openai,gpt56_sol,GPT-5.6 Sol,Zambia,Religious faith,1.0,894,A040,0.6093333333333333,0.3906666666666667,0.15262044444444448
openai,gpt56_sol,GPT-5.6 Sol,Zimbabwe,"Determination, perseverance",1.0,716,A039,0.3886759801669777,0.6113240198330223,0.37371705722480547
openai,gpt56_sol,GPT-5.6 Sol,Zimbabwe,Independence,0.16456474436815055,716,A029,0.3722472887888142,0.20768254442066364,0.04313203925704093
openai,gpt56_sol,GPT-5.6 Sol,Zimbabwe,Obedience,1.0,716,A042,0.6375127004660303,0.36248729953396974,0.1313970423234299
openai,gpt56_sol,GPT-5.6 Sol,Zimbabwe,Religious faith,1.0,716,A040,0.5722929936384418,0.42770700636155823,0.18293328329076602
